Date,LVL
1/4/1999,0.6668
1/5/1999,0.6657
1/6/1999,0.6649
1/7/1999,0.6627
1/8/1999,0.6654
1/11/1999,0.6586
1/12/1999,0.6601
1/13/1999,0.6676
1/14/1999,0.6659
1/15/1999,0.6617
1/18/1999,0.6625
1/19/1999,0.661
1/20/1999,0.6591
1/21/1999,0.6595
1/22/1999,0.6603
1/25/1999,0.6604
1/26/1999,0.6621
1/27/1999,0.6607
1/28/1999,0.6572
1/29/1999,0.6551
2/1/1999,0.6523
2/2/1999,0.6506
2/3/1999,0.65
2/4/1999,0.6449
2/5/1999,0.6451
2/8/1999,0.6436
2/9/1999,0.6509
2/10/1999,0.6539
2/11/1999,0.6498
2/12/1999,0.647
2/15/1999,0.6466
2/16/1999,0.6458
2/17/1999,0.6492
2/18/1999,0.6491
2/19/1999,0.6467
2/22/1999,0.6397
2/23/1999,0.6387
2/24/1999,0.6441
2/25/1999,0.6451
2/26/1999,0.6432
3/1/1999,0.6413
3/2/1999,0.6372
3/3/1999,0.6373
3/4/1999,0.6383
3/5/1999,0.6372
3/8/1999,0.6389
3/9/1999,0.6387
3/10/1999,0.6416
3/11/1999,0.6393
3/12/1999,0.6394
3/15/1999,0.6397
3/16/1999,0.6395
3/17/1999,0.6445
3/18/1999,0.6471
3/19/1999,0.6427
3/22/1999,0.6384
3/23/1999,0.6389
3/24/1999,0.6396
3/25/1999,0.6383
3/26/1999,0.6357
3/29/1999,0.6321
3/30/1999,0.6334
3/31/1999,0.6336
4/1/1999,0.6361
4/2/1999,0.6365
4/5/1999,0.635
4/6/1999,0.634
4/7/1999,0.637
4/8/1999,0.6378
4/9/1999,0.637
4/12/1999,0.6407
4/13/1999,0.6369
4/14/1999,0.6361
4/15/1999,0.6356
4/16/1999,0.6297
4/19/1999,0.6269
4/20/1999,0.6269
4/21/1999,0.6251
4/22/1999,0.6252
4/23/1999,0.6281
4/26/1999,0.6268
4/27/1999,0.6285
4/28/1999,0.6308
4/29/1999,0.6267
4/30/1999,0.6273
5/3/1999,0.6279
5/4/1999,0.6271
5/5/1999,0.6309
5/6/1999,0.6364
5/7/1999,0.6361
5/10/1999,0.6336
5/11/1999,0.6338
5/12/1999,0.6289
5/13/1999,0.627
5/14/1999,0.6305
5/17/1999,0.6312
5/18/1999,0.6314
5/19/1999,0.6298
5/20/1999,0.6316
5/21/1999,0.6281
5/24/1999,0.6291
5/25/1999,0.6318
5/26/1999,0.627
5/27/1999,0.624
5/28/1999,0.6221
5/31/1999,0.6215
6/1/1999,0.6201
6/2/1999,0.6182
6/3/1999,0.619
6/4/1999,0.616
6/7/1999,0.616
6/8/1999,0.6202
6/9/1999,0.6229
6/10/1999,0.6228
6/11/1999,0.6219
6/14/1999,0.6221
6/15/1999,0.6211
6/16/1999,0.6193
6/17/1999,0.6194
6/18/1999,0.6205
6/21/1999,0.6209
6/22/1999,0.6197
6/23/1999,0.6197
6/24/1999,0.6216
6/25/1999,0.6253
6/28/1999,0.6233
6/29/1999,0.6223
6/30/1999,0.6212
7/1/1999,0.6177
7/2/1999,0.618
7/5/1999,0.6181
7/6/1999,0.618
7/7/1999,0.6191
7/8/1999,0.6183
7/9/1999,0.6193
7/12/1999,0.616
7/13/1999,0.6186
7/14/1999,0.6186
7/15/1999,0.6182
7/16/1999,0.6188
7/19/1999,0.6161
7/20/1999,0.6256
7/21/1999,0.6284
7/22/1999,0.6289
7/23/1999,0.6274
7/26/1999,0.6352
7/27/1999,0.6325
7/28/1999,0.6309
7/29/1999,0.6325
7/30/1999,0.6322
8/2/1999,0.6299
8/3/1999,0.6311
8/4/1999,0.6346
8/5/1999,0.6361
8/6/1999,0.6344
8/9/1999,0.6338
8/10/1999,0.6346
8/11/1999,0.6315
8/12/1999,0.6311
8/13/1999,0.6315
8/16/1999,0.6256
8/17/1999,0.6248
8/18/1999,0.6239
8/19/1999,0.6224
8/20/1999,0.6224
8/23/1999,0.6254
8/24/1999,0.6227
8/25/1999,0.6187
8/26/1999,0.6197
8/27/1999,0.6202
8/30/1999,0.6198
8/31/1999,0.6221
9/1/1999,0.6238
9/2/1999,0.6257
9/3/1999,0.6273
9/6/1999,0.6238
9/7/1999,0.6238
9/8/1999,0.6241
9/9/1999,0.6217
9/10/1999,0.6184
9/13/1999,0.6085
9/14/1999,0.6101
9/15/1999,0.6081
9/16/1999,0.6076
9/17/1999,0.6091
9/20/1999,0.611
9/21/1999,0.6077
9/22/1999,0.6119
9/23/1999,0.6091
9/24/1999,0.6112
9/27/1999,0.6095
9/28/1999,0.6129
9/29/1999,0.6155
9/30/1999,0.6177
10/1/1999,0.6201
10/4/1999,0.6201
10/5/1999,0.6206
10/6/1999,0.6239
10/7/1999,0.6224
10/8/1999,0.6194
10/11/1999,0.6176
10/12/1999,0.618
10/13/1999,0.6227
10/14/1999,0.6211
10/15/1999,0.6226
10/18/1999,0.6219
10/19/1999,0.6201
10/20/1999,0.6197
10/21/1999,0.6201
10/22/1999,0.6179
10/25/1999,0.6156
10/26/1999,0.6158
10/27/1999,0.614
10/28/1999,0.6131
10/29/1999,0.6113
11/1/1999,0.6144
11/2/1999,0.6126
11/3/1999,0.6103
11/4/1999,0.6106
11/5/1999,0.607
11/8/1999,0.6091
11/9/1999,0.6087
11/10/1999,0.608
11/11/1999,0.6085
11/12/1999,0.6043
11/15/1999,0.6041
11/16/1999,0.6065
11/17/1999,0.6093
11/18/1999,0.6082
11/19/1999,0.606
11/22/1999,0.6051
11/23/1999,0.6054
11/24/1999,0.6011
11/25/1999,0.6004
11/26/1999,0.5964
11/29/1999,0.5941
11/30/1999,0.5944
12/1/1999,0.5946
12/2/1999,0.5935
12/3/1999,0.5912
12/6/1999,0.5969
12/7/1999,0.5989
12/8/1999,0.5986
12/9/1999,0.5945
12/10/1999,0.5929
12/13/1999,0.5907
12/14/1999,0.5869
12/15/1999,0.5859
12/16/1999,0.5933
12/17/1999,0.5953
12/20/1999,0.5902
12/21/1999,0.5907
12/22/1999,0.5897
12/23/1999,0.5903
12/24/1999,0.5928
12/27/1999,0.5921
12/28/1999,0.5906
12/29/1999,0.5896
12/30/1999,0.5881
1/3/2000,0.5916
1/4/2000,0.6006
1/5/2000,0.6036
1/6/2000,0.606
1/7/2000,0.6022
1/10/2000,0.5986
1/11/2000,0.6015
1/12/2000,0.6031
1/13/2000,0.6022
1/14/2000,0.598
1/17/2000,0.5917
1/18/2000,0.5909
1/19/2000,0.5923
1/20/2000,0.5912
1/21/2000,0.5908
1/24/2000,0.5885
1/25/2000,0.5875
1/26/2000,0.5882
1/27/2000,0.5856
1/28/2000,0.5833
1/31/2000,0.5829
2/1/2000,0.5805
2/2/2000,0.5812
2/3/2000,0.5828
2/4/2000,0.5881
2/7/2000,0.5849
2/8/2000,0.5888
2/9/2000,0.5899
2/10/2000,0.5863
2/11/2000,0.584
2/14/2000,0.5862
2/15/2000,0.5823
2/16/2000,0.5826
2/17/2000,0.5888
2/18/2000,0.5865
2/21/2000,0.5875
2/22/2000,0.5935
2/23/2000,0.5955
2/24/2000,0.589
2/25/2000,0.5842
2/28/2000,0.5748
2/29/2000,0.5794
3/1/2000,0.5767
3/2/2000,0.578
3/3/2000,0.5751
3/6/2000,0.5743
3/7/2000,0.5707
3/8/2000,0.5696
3/9/2000,0.5723
3/10/2000,0.5718
3/13/2000,0.575
3/14/2000,0.5711
3/15/2000,0.5722
3/16/2000,0.5736
3/17/2000,0.5742
3/20/2000,0.577
3/21/2000,0.5766
3/22/2000,0.5715
3/23/2000,0.5715
3/24/2000,0.5762
3/27/2000,0.5746
3/28/2000,0.5709
3/29/2000,0.5684
3/30/2000,0.5672
3/31/2000,0.5651
4/3/2000,0.5656
4/4/2000,0.5662
4/5/2000,0.5714
4/6/2000,0.5689
4/7/2000,0.5663
4/10/2000,0.5669
4/11/2000,0.5689
4/12/2000,0.5672
4/13/2000,0.5657
4/14/2000,0.5657
4/17/2000,0.5658
4/18/2000,0.5623
4/19/2000,0.5614
4/20/2000,0.557
4/25/2000,0.5538
4/26/2000,0.5495
4/27/2000,0.549
4/28/2000,0.5452
5/2/2000,0.5485
5/3/2000,0.5406
5/4/2000,0.5429
5/5/2000,0.5441
5/8/2000,0.5428
5/9/2000,0.544
5/10/2000,0.551
5/11/2000,0.5515
5/12/2000,0.5487
5/15/2000,0.5543
5/16/2000,0.5515
5/17/2000,0.5452
5/18/2000,0.5461
5/19/2000,0.5414
5/22/2000,0.5467
5/23/2000,0.5522
5/24/2000,0.5528
5/25/2000,0.5487
5/26/2000,0.5547
5/29/2000,0.5601
5/30/2000,0.5638
5/31/2000,0.5616
6/1/2000,0.5641
6/2/2000,0.5654
6/5/2000,0.5661
6/6/2000,0.5689
6/7/2000,0.5712
6/8/2000,0.5756
6/9/2000,0.5701
6/12/2000,0.5703
6/13/2000,0.5726
6/14/2000,0.5756
6/15/2000,0.5695
6/16/2000,0.5712
6/19/2000,0.5745
6/20/2000,0.5694
6/21/2000,0.5659
6/22/2000,0.563
6/23/2000,0.5625
6/26/2000,0.5602
6/27/2000,0.5634
6/28/2000,0.5634
6/29/2000,0.5668
6/30/2000,0.5696
7/3/2000,0.5684
7/4/2000,0.5684
7/5/2000,0.5711
7/6/2000,0.5724
7/7/2000,0.569
7/10/2000,0.5693
7/11/2000,0.5697
7/12/2000,0.5693
7/13/2000,0.5621
7/14/2000,0.5629
7/17/2000,0.5646
7/18/2000,0.5629
7/19/2000,0.5564
7/20/2000,0.5564
7/21/2000,0.5628
7/24/2000,0.562
7/25/2000,0.5668
7/26/2000,0.5662
7/27/2000,0.5656
7/28/2000,0.5602
7/31/2000,0.5598
8/1/2000,0.5606
8/2/2000,0.5553
8/3/2000,0.5498
8/4/2000,0.549
8/7/2000,0.5511
8/8/2000,0.5489
8/9/2000,0.5447
8/10/2000,0.5484
8/11/2000,0.5534
8/14/2000,0.5479
8/15/2000,0.5533
8/16/2000,0.5505
8/17/2000,0.5529
8/18/2000,0.5538
8/21/2000,0.5486
8/22/2000,0.5464
8/23/2000,0.543
8/24/2000,0.5478
8/25/2000,0.5487
8/28/2000,0.5466
8/29/2000,0.5454
8/30/2000,0.5435
8/31/2000,0.5435
9/1/2000,0.5431
9/4/2000,0.547
9/5/2000,0.5422
9/6/2000,0.5392
9/7/2000,0.5324
9/8/2000,0.5357
9/11/2000,0.53
9/12/2000,0.5318
9/13/2000,0.5343
9/14/2000,0.5374
9/15/2000,0.5341
9/18/2000,0.5291
9/19/2000,0.5299
9/20/2000,0.5253
9/21/2000,0.5276
9/22/2000,0.5452
9/25/2000,0.5406
9/26/2000,0.5393
9/27/2000,0.545
9/28/2000,0.543
9/29/2000,0.5399
10/2/2000,0.5425
10/3/2000,0.5414
10/4/2000,0.5405
10/5/2000,0.5439
10/6/2000,0.5397
10/9/2000,0.5394
10/10/2000,0.5392
10/11/2000,0.5394
10/12/2000,0.5357
10/13/2000,0.5341
10/16/2000,0.5302
10/17/2000,0.5292
10/18/2000,0.5308
10/19/2000,0.5255
10/20/2000,0.5278
10/23/2000,0.5234
10/24/2000,0.5237
10/25/2000,0.52
10/26/2000,0.5191
10/27/2000,0.5252
10/30/2000,0.5319
10/31/2000,0.5294
11/1/2000,0.5347
11/2/2000,0.5393
11/3/2000,0.5426
11/6/2000,0.5397
11/7/2000,0.5372
11/8/2000,0.536
11/9/2000,0.5346
11/10/2000,0.5416
11/13/2000,0.5388
11/14/2000,0.5371
11/15/2000,0.5387
11/16/2000,0.5377
11/17/2000,0.5362
11/20/2000,0.5339
11/21/2000,0.5344
11/22/2000,0.532
11/23/2000,0.5333
11/24/2000,0.5348
11/27/2000,0.5335
11/28/2000,0.5404
11/29/2000,0.5441
11/30/2000,0.5471
12/1/2000,0.5496
12/4/2000,0.5559
12/5/2000,0.5516
12/6/2000,0.5531
12/7/2000,0.5578
12/8/2000,0.5556
12/11/2000,0.551
12/12/2000,0.5506
12/13/2000,0.5499
12/14/2000,0.5539
12/15/2000,0.5599
12/18/2000,0.5587
12/19/2000,0.5565
12/20/2000,0.5637
12/21/2000,0.5671
12/22/2000,0.5717
12/27/2000,0.5762
12/28/2000,0.5755
12/29/2000,0.5764
1/2/2001,0.5814
1/3/2001,0.5843
1/4/2001,0.5821
1/5/2001,0.5867
1/8/2001,0.5851
1/9/2001,0.5802
1/10/2001,0.5804
1/11/2001,0.5847
1/12/2001,0.5851
1/15/2001,0.5811
1/16/2001,0.5805
1/17/2001,0.579
1/18/2001,0.5806
1/19/2001,0.5798
1/22/2001,0.5757
1/23/2001,0.5806
1/24/2001,0.575
1/25/2001,0.5684
1/26/2001,0.5718
1/29/2001,0.5707
1/30/2001,0.5707
1/31/2001,0.5753
2/1/2001,0.5798
2/2/2001,0.5799
2/5/2001,0.5805
2/6/2001,0.5759
2/7/2001,0.5765
2/8/2001,0.5714
2/9/2001,0.5728
2/12/2001,0.5754
2/13/2001,0.5742
2/14/2001,0.5688
2/15/2001,0.5642
2/16/2001,0.5653
2/19/2001,0.5707
2/20/2001,0.5644
2/21/2001,0.5676
2/22/2001,0.5632
2/23/2001,0.5632
2/26/2001,0.5644
2/27/2001,0.5673
2/28/2001,0.5719
3/1/2001,0.5731
3/2/2001,0.5769
3/5/2001,0.5744
3/6/2001,0.5728
3/7/2001,0.5752
3/8/2001,0.5752
3/9/2001,0.5771
3/12/2001,0.5741
3/13/2001,0.5716
3/14/2001,0.5709
3/15/2001,0.5674
3/16/2001,0.5621
3/19/2001,0.5643
3/20/2001,0.5661
3/21/2001,0.5656
3/22/2001,0.5612
3/23/2001,0.5621
3/26/2001,0.5625
3/27/2001,0.5634
3/28/2001,0.5586
3/29/2001,0.558
3/30/2001,0.5588
4/2/2001,0.5569
4/3/2001,0.5602
4/4/2001,0.5684
4/5/2001,0.567
4/6/2001,0.5639
4/9/2001,0.567
4/10/2001,0.5635
4/11/2001,0.5587
4/12/2001,0.5587
4/17/2001,0.5562
4/18/2001,0.5543
4/19/2001,0.5556
4/20/2001,0.5637
4/23/2001,0.5637
4/24/2001,0.5614
4/25/2001,0.5609
4/26/2001,0.5639
4/27/2001,0.5653
4/30/2001,0.5591
5/2/2001,0.5598
5/3/2001,0.5593
5/4/2001,0.5607
5/7/2001,0.56
5/8/2001,0.5582
5/9/2001,0.5567
5/10/2001,0.5576
5/11/2001,0.5538
5/14/2001,0.5526
5/15/2001,0.5534
5/16/2001,0.5561
5/17/2001,0.5549
5/18/2001,0.5532
5/21/2001,0.5518
5/22/2001,0.5486
5/23/2001,0.5432
5/24/2001,0.5442
5/25/2001,0.5435
5/28/2001,0.5436
5/29/2001,0.5416
5/30/2001,0.5419
5/31/2001,0.5377
6/1/2001,0.5379
6/4/2001,0.5399
6/5/2001,0.5375
6/6/2001,0.5419
6/7/2001,0.5383
6/8/2001,0.5381
6/11/2001,0.5402
6/12/2001,0.5389
6/13/2001,0.5427
6/14/2001,0.5395
6/15/2001,0.5458
6/18/2001,0.5436
6/19/2001,0.5427
6/20/2001,0.5414
6/21/2001,0.544
6/22/2001,0.5425
6/25/2001,0.5465
6/26/2001,0.5445
6/27/2001,0.545
6/28/2001,0.5407
6/29/2001,0.5391
7/2/2001,0.5382
7/3/2001,0.5402
7/4/2001,0.5494
7/5/2001,0.5382
7/6/2001,0.5367
7/9/2001,0.5396
7/10/2001,0.5438
7/11/2001,0.5459
7/12/2001,0.5428
7/13/2001,0.543
7/16/2001,0.5458
7/17/2001,0.5428
7/18/2001,0.5477
7/19/2001,0.5506
7/20/2001,0.5521
7/23/2001,0.5481
7/24/2001,0.5499
7/25/2001,0.5534
7/26/2001,0.5524
7/27/2001,0.5523
7/30/2001,0.5524
7/31/2001,0.552
8/1/2001,0.5547
8/2/2001,0.5534
8/3/2001,0.5547
8/6/2001,0.5552
8/7/2001,0.5551
8/8/2001,0.555
8/9/2001,0.5598
8/10/2001,0.5609
8/13/2001,0.5627
8/14/2001,0.5626
8/15/2001,0.5669
8/16/2001,0.5676
8/17/2001,0.5674
8/20/2001,0.5675
8/21/2001,0.5662
8/22/2001,0.57
8/23/2001,0.5669
8/24/2001,0.5662
8/27/2001,0.5654
8/28/2001,0.5632
8/29/2001,0.5659
8/30/2001,0.5645
8/31/2001,0.5667
9/3/2001,0.5631
9/4/2001,0.5589
9/5/2001,0.5562
9/6/2001,0.5545
9/7/2001,0.5597
9/10/2001,0.5636
9/11/2001,0.5604
9/12/2001,0.5607
9/13/2001,0.5608
9/14/2001,0.5704
9/17/2001,0.5703
9/18/2001,0.5705
9/19/2001,0.571
9/20/2001,0.5702
9/21/2001,0.5667
9/24/2001,0.5656
9/25/2001,0.5663
9/26/2001,0.5685
9/27/2001,0.5689
9/28/2001,0.5654
10/1/2001,0.5645
10/2/2001,0.5677
10/3/2001,0.5692
10/4/2001,0.5645
10/5/2001,0.5653
10/8/2001,0.5668
10/9/2001,0.5656
10/10/2001,0.5635
10/11/2001,0.561
10/12/2001,0.5604
10/15/2001,0.5623
10/16/2001,0.5612
10/17/2001,0.5599
10/18/2001,0.5597
10/19/2001,0.5592
10/22/2001,0.5583
10/23/2001,0.5557
10/24/2001,0.5568
10/25/2001,0.556
10/26/2001,0.5563
10/29/2001,0.5596
10/30/2001,0.5615
10/31/2001,0.5609
11/1/2001,0.5627
11/2/2001,0.5609
11/5/2001,0.5573
11/6/2001,0.5569
11/7/2001,0.5591
11/8/2001,0.5567
11/9/2001,0.5549
11/12/2001,0.5544
11/13/2001,0.552
11/14/2001,0.5509
11/15/2001,0.552
11/16/2001,0.5533
11/19/2001,0.552
11/20/2001,0.5534
11/21/2001,0.5519
11/22/2001,0.5526
11/23/2001,0.553
11/26/2001,0.5541
11/27/2001,0.5527
11/28/2001,0.5541
11/29/2001,0.5555
11/30/2001,0.5569
12/3/2001,0.5583
12/4/2001,0.5578
12/5/2001,0.5585
12/6/2001,0.5565
12/7/2001,0.5581
12/10/2001,0.5557
12/11/2001,0.558
12/12/2001,0.559
12/13/2001,0.5605
12/14/2001,0.5631
12/17/2001,0.5643
12/18/2001,0.5628
12/19/2001,0.5615
12/20/2001,0.5617
12/21/2001,0.5611
12/24/2001,0.555
12/27/2001,0.5568
12/28/2001,0.5563
1/2/2002,0.5665
1/3/2002,0.5664
1/4/2002,0.5628
1/7/2002,0.5615
1/8/2002,0.5628
1/9/2002,0.5638
1/10/2002,0.5632
1/11/2002,0.5693
1/14/2002,0.5641
1/15/2002,0.5637
1/16/2002,0.5597
1/17/2002,0.56
1/18/2002,0.561
1/21/2002,0.5632
1/22/2002,0.5639
1/23/2002,0.5654
1/24/2002,0.5619
1/25/2002,0.5575
1/28/2002,0.5537
1/29/2002,0.5577
1/30/2002,0.5575
1/31/2002,0.5554
2/1/2002,0.5546
2/4/2002,0.5573
2/5/2002,0.5593
2/6/2002,0.5583
2/7/2002,0.5577
2/8/2002,0.5613
2/11/2002,0.5635
2/12/2002,0.561
2/13/2002,0.5585
2/14/2002,0.5564
2/15/2002,0.557
2/18/2002,0.5577
2/19/2002,0.5569
2/20/2002,0.5589
2/21/2002,0.5573
2/22/2002,0.5587
2/25/2002,0.5581
2/26/2002,0.5567
2/27/2002,0.5557
2/28/2002,0.5555
3/1/2002,0.555
3/4/2002,0.5533
3/5/2002,0.5542
3/6/2002,0.5552
3/7/2002,0.5564
3/8/2002,0.5567
3/11/2002,0.5548
3/12/2002,0.5549
3/13/2002,0.5555
3/14/2002,0.5578
3/15/2002,0.5601
3/18/2002,0.5582
3/19/2002,0.5597
3/20/2002,0.5588
3/21/2002,0.5591
3/22/2002,0.5581
3/25/2002,0.5567
3/26/2002,0.5556
3/27/2002,0.5563
3/28/2002,0.5548
4/2/2002,0.558
4/3/2002,0.559
4/4/2002,0.5592
4/5/2002,0.5578
4/8/2002,0.5572
4/9/2002,0.5567
4/10/2002,0.557
4/11/2002,0.5576
4/12/2002,0.5585
4/15/2002,0.5579
4/16/2002,0.5574
4/17/2002,0.5604
4/18/2002,0.5611
4/19/2002,0.5609
4/22/2002,0.5606
4/23/2002,0.5602
4/24/2002,0.5608
4/25/2002,0.5641
4/26/2002,0.5639
4/29/2002,0.5663
4/30/2002,0.5648
5/2/2002,0.5656
5/3/2002,0.5672
5/6/2002,0.57
5/7/2002,0.5697
5/8/2002,0.5685
5/9/2002,0.5674
5/10/2002,0.5688
5/13/2002,0.5689
5/14/2002,0.5672
5/15/2002,0.5657
5/16/2002,0.5699
5/17/2002,0.5705
5/20/2002,0.5721
5/21/2002,0.5731
5/22/2002,0.5752
5/23/2002,0.5733
5/24/2002,0.572
5/27/2002,0.5722
5/28/2002,0.5764
5/29/2002,0.5791
5/30/2002,0.5809
5/31/2002,0.5815
6/3/2002,0.5782
6/4/2002,0.5811
6/5/2002,0.5795
6/6/2002,0.5797
6/7/2002,0.5821
6/10/2002,0.5821
6/11/2002,0.5801
6/12/2002,0.5815
6/13/2002,0.5794
6/14/2002,0.5814
6/17/2002,0.5793
6/18/2002,0.5813
6/19/2002,0.5839
6/20/2002,0.5849
6/21/2002,0.5861
6/24/2002,0.5906
6/25/2002,0.5884
6/26/2002,0.5942
6/27/2002,0.5922
6/28/2002,0.5989
7/1/2002,0.5969
7/2/2002,0.5942
7/3/2002,0.5919
7/4/2002,0.5922
7/5/2002,0.5898
7/8/2002,0.5926
7/9/2002,0.5965
7/10/2002,0.5948
7/11/2002,0.5918
7/12/2002,0.5925
7/15/2002,0.5975
7/16/2002,0.6012
7/17/2002,0.5994
7/18/2002,0.5996
7/19/2002,0.6026
7/22/2002,0.6005
7/23/2002,0.5932
7/24/2002,0.5929
7/25/2002,0.5977
7/26/2002,0.5978
7/29/2002,0.5915
7/30/2002,0.5921
7/31/2002,0.5906
8/1/2002,0.5895
8/2/2002,0.5929
8/5/2002,0.5918
8/6/2002,0.588
8/7/2002,0.5884
8/8/2002,0.5882
8/9/2002,0.5893
8/12/2002,0.5907
8/13/2002,0.5913
8/14/2002,0.5918
8/15/2002,0.5886
8/16/2002,0.589
8/19/2002,0.5884
8/20/2002,0.5888
8/21/2002,0.5883
8/22/2002,0.5889
8/23/2002,0.5878
8/26/2002,0.5883
8/27/2002,0.5903
8/28/2002,0.5917
8/29/2002,0.5918
8/30/2002,0.5907
9/2/2002,0.5903
9/3/2002,0.593
9/4/2002,0.5949
9/5/2002,0.5954
9/6/2002,0.5932
9/9/2002,0.5892
9/10/2002,0.5876
9/11/2002,0.587
9/12/2002,0.5878
9/13/2002,0.5906
9/16/2002,0.5874
9/17/2002,0.5868
9/18/2002,0.5887
9/19/2002,0.5919
9/20/2002,0.592
9/23/2002,0.594
9/24/2002,0.5949
9/25/2002,0.5922
9/26/2002,0.5926
9/27/2002,0.5922
9/30/2002,0.5941
10/1/2002,0.5951
10/2/2002,0.5945
10/3/2002,0.5961
10/4/2002,0.5947
10/7/2002,0.593
10/8/2002,0.5944
10/9/2002,0.5958
10/10/2002,0.5976
10/11/2002,0.5973
10/14/2002,0.5983
10/15/2002,0.5959
10/16/2002,0.5957
10/17/2002,0.5932
10/18/2002,0.5939
10/21/2002,0.5942
10/22/2002,0.5959
10/23/2002,0.5955
10/24/2002,0.5937
10/25/2002,0.5945
10/28/2002,0.5941
10/29/2002,0.5956
10/30/2002,0.5955
10/31/2002,0.597
11/1/2002,0.601
11/4/2002,0.6005
11/5/2002,0.6032
11/6/2002,0.6007
11/7/2002,0.6017
11/8/2002,0.604
11/11/2002,0.6039
11/12/2002,0.6024
11/13/2002,0.6022
11/14/2002,0.603
11/15/2002,0.601
11/18/2002,0.6028
11/19/2002,0.6046
11/20/2002,0.6018
11/21/2002,0.6021
11/22/2002,0.6016
11/25/2002,0.5975
11/26/2002,0.5972
11/27/2002,0.5983
11/28/2002,0.5982
11/29/2002,0.5984
12/2/2002,0.5976
12/3/2002,0.6001
12/4/2002,0.6016
12/5/2002,0.6009
12/6/2002,0.6009
12/9/2002,0.6021
12/10/2002,0.6008
12/11/2002,0.5999
12/12/2002,0.6044
12/13/2002,0.6063
12/16/2002,0.6054
12/17/2002,0.6091
12/18/2002,0.6074
12/19/2002,0.6072
12/20/2002,0.6061
12/23/2002,0.6049
12/24/2002,0.6067
12/27/2002,0.6098
12/30/2002,0.6123
12/31/2002,0.614
1/2/2003,0.6134
1/3/2003,0.6114
1/6/2003,0.6154
1/7/2003,0.6134
1/8/2003,0.6126
1/9/2003,0.6168
1/10/2003,0.6172
1/13/2003,0.619
1/14/2003,0.619
1/15/2003,0.616
1/16/2003,0.6171
1/17/2003,0.6206
1/20/2003,0.6219
1/21/2003,0.621
1/22/2003,0.6227
1/23/2003,0.6238
1/24/2003,0.6237
1/27/2003,0.6267
1/28/2003,0.6244
1/29/2003,0.6262
1/30/2003,0.6218
1/31/2003,0.6255
2/3/2003,0.6224
2/4/2003,0.6256
2/5/2003,0.6274
2/6/2003,0.6241
2/7/2003,0.6235
2/10/2003,0.6241
2/11/2003,0.6213
2/12/2003,0.6222
2/13/2003,0.623
2/14/2003,0.6246
2/17/2003,0.6218
2/18/2003,0.6207
2/19/2003,0.6208
2/20/2003,0.6227
2/21/2003,0.6227
2/24/2003,0.6219
2/25/2003,0.6232
2/26/2003,0.6221
2/27/2003,0.6242
2/28/2003,0.6238
3/3/2003,0.6242
3/4/2003,0.6284
3/5/2003,0.6295
3/6/2003,0.629
3/7/2003,0.6311
3/10/2003,0.6315
3/11/2003,0.6341
3/12/2003,0.6326
3/13/2003,0.6278
3/14/2003,0.6248
3/17/2003,0.6254
3/18/2003,0.6183
3/19/2003,0.6175
3/20/2003,0.6186
3/21/2003,0.6183
3/24/2003,0.6202
3/25/2003,0.622
3/26/2003,0.6216
3/27/2003,0.6234
3/28/2003,0.6242
3/31/2003,0.6292
4/1/2003,0.6293
4/2/2003,0.6274
4/3/2003,0.6231
4/4/2003,0.6239
4/7/2003,0.6198
4/8/2003,0.622
4/9/2003,0.625
4/10/2003,0.6272
4/11/2003,0.6248
4/14/2003,0.6249
4/15/2003,0.6264
4/16/2003,0.628
4/17/2003,0.6313
4/22/2003,0.6342
4/23/2003,0.6326
4/24/2003,0.6343
4/25/2003,0.6334
4/28/2003,0.6344
4/29/2003,0.632
4/30/2003,0.6374
5/2/2003,0.6405
5/5/2003,0.64
5/6/2003,0.644
5/7/2003,0.6465
5/8/2003,0.6458
5/9/2003,0.6486
5/12/2003,0.652
5/13/2003,0.6492
5/14/2003,0.6481
5/15/2003,0.6454
5/16/2003,0.647
5/19/2003,0.6523
5/20/2003,0.6529
5/21/2003,0.6543
5/22/2003,0.6554
5/23/2003,0.6579
5/26/2003,0.6586
5/27/2003,0.6614
5/28/2003,0.6572
5/29/2003,0.6582
5/30/2003,0.661
6/2/2003,0.656
6/3/2003,0.6578
6/4/2003,0.6563
6/5/2003,0.6593
6/6/2003,0.6608
6/9/2003,0.6579
6/10/2003,0.657
6/11/2003,0.6578
6/12/2003,0.6567
6/13/2003,0.6581
6/16/2003,0.6621
6/17/2003,0.6603
6/18/2003,0.6563
6/19/2003,0.6542
6/20/2003,0.6534
6/23/2003,0.6493
6/24/2003,0.65
6/25/2003,0.6487
6/26/2003,0.6452
6/27/2003,0.6476
6/30/2003,0.6489
7/1/2003,0.6532
7/2/2003,0.652
7/3/2003,0.6477
7/4/2003,0.6474
7/7/2003,0.6444
7/8/2003,0.6452
7/9/2003,0.6468
7/10/2003,0.645
7/11/2003,0.6431
7/14/2003,0.6436
7/15/2003,0.6453
7/16/2003,0.6405
7/17/2003,0.6437
7/18/2003,0.6427
7/21/2003,0.6454
7/22/2003,0.6473
7/23/2003,0.6492
7/24/2003,0.6517
7/25/2003,0.6519
7/28/2003,0.6522
7/29/2003,0.6518
7/30/2003,0.6504
7/31/2003,0.647
8/1/2003,0.6424
8/4/2003,0.6471
8/5/2003,0.6484
8/6/2003,0.6502
8/7/2003,0.6489
8/8/2003,0.6469
8/11/2003,0.6456
8/12/2003,0.6463
8/13/2003,0.6455
8/14/2003,0.6449
8/15/2003,0.6436
8/18/2003,0.6425
8/19/2003,0.6376
8/20/2003,0.6383
8/21/2003,0.6338
8/22/2003,0.629
8/25/2003,0.6285
8/26/2003,0.6271
8/27/2003,0.6302
8/28/2003,0.6274
8/29/2003,0.6299
9/1/2003,0.6316
9/2/2003,0.6277
9/3/2003,0.625
9/4/2003,0.6264
9/5/2003,0.6301
9/8/2003,0.6353
9/9/2003,0.637
9/10/2003,0.6385
9/11/2003,0.6403
9/12/2003,0.6387
9/15/2003,0.6424
9/16/2003,0.6406
9/17/2003,0.6398
9/18/2003,0.6421
9/19/2003,0.6412
9/22/2003,0.6438
9/23/2003,0.6431
9/24/2003,0.6429
9/25/2003,0.6441
9/26/2003,0.6436
9/29/2003,0.6406
9/30/2003,0.6482
10/1/2003,0.6495
10/2/2003,0.6496
10/3/2003,0.6495
10/6/2003,0.6459
10/7/2003,0.6519
10/8/2003,0.6523
10/9/2003,0.6521
10/10/2003,0.6514
10/13/2003,0.6473
10/14/2003,0.6463
10/15/2003,0.6466
10/16/2003,0.6447
10/17/2003,0.6435
10/20/2003,0.6455
10/21/2003,0.6459
10/22/2003,0.6474
10/23/2003,0.651
10/24/2003,0.6506
10/27/2003,0.6495
10/28/2003,0.6479
10/29/2003,0.6475
10/30/2003,0.6491
10/31/2003,0.6457
11/3/2003,0.6452
11/4/2003,0.6411
11/5/2003,0.641
11/6/2003,0.6401
11/7/2003,0.6398
11/10/2003,0.64
11/11/2003,0.6406
11/12/2003,0.6448
11/13/2003,0.6467
11/14/2003,0.648
11/17/2003,0.6496
11/18/2003,0.6487
11/19/2003,0.6532
11/20/2003,0.6529
11/21/2003,0.6522
11/24/2003,0.6501
11/25/2003,0.6491
11/26/2003,0.6506
11/27/2003,0.6529
11/28/2003,0.6555
12/1/2003,0.6559
12/2/2003,0.6547
12/3/2003,0.6581
12/4/2003,0.6571
12/5/2003,0.6576
12/8/2003,0.6612
12/9/2003,0.6619
12/10/2003,0.6618
12/11/2003,0.66
12/12/2003,0.6618
12/15/2003,0.6615
12/16/2003,0.6653
12/17/2003,0.6649
12/18/2003,0.6661
12/19/2003,0.6668
12/22/2003,0.6673
12/23/2003,0.6664
12/24/2003,0.6665
12/29/2003,0.6689
12/30/2003,0.6685
12/31/2003,0.6725
1/2/2004,0.6715
1/5/2004,0.6727
1/6/2004,0.6754
1/7/2004,0.6731
1/8/2004,0.6716
1/9/2004,0.6747
1/12/2004,0.6769
1/13/2004,0.6744
1/14/2004,0.6725
1/15/2004,0.6717
1/16/2004,0.667
1/19/2004,0.6648
1/20/2004,0.6692
1/21/2004,0.6711
1/22/2004,0.6733
1/23/2004,0.6724
1/26/2004,0.6694
1/27/2004,0.6675
1/28/2004,0.6682
1/29/2004,0.6653
1/30/2004,0.6627
2/2/2004,0.6648
2/3/2004,0.6682
2/4/2004,0.6664
2/5/2004,0.6686
2/6/2004,0.6674
2/9/2004,0.6725
2/10/2004,0.6727
2/11/2004,0.6699
2/12/2004,0.673
2/13/2004,0.6739
2/16/2004,0.6714
2/17/2004,0.6746
2/18/2004,0.6736
2/19/2004,0.6709
2/20/2004,0.6703
2/23/2004,0.669
2/24/2004,0.6693
2/25/2004,0.6699
2/26/2004,0.6654
2/27/2004,0.6648
3/1/2004,0.6658
3/2/2004,0.6639
3/3/2004,0.6569
3/4/2004,0.6578
3/5/2004,0.6594
3/8/2004,0.6646
3/9/2004,0.6645
3/10/2004,0.6628
3/11/2004,0.6622
3/12/2004,0.6625
3/15/2004,0.6632
3/16/2004,0.6635
3/17/2004,0.6596
3/18/2004,0.6584
3/19/2004,0.6608
3/22/2004,0.6606
3/23/2004,0.6579
3/24/2004,0.6552
3/25/2004,0.6542
3/26/2004,0.6546
3/29/2004,0.6526
3/30/2004,0.6549
3/31/2004,0.654
4/1/2004,0.6568
4/2/2004,0.6569
4/5/2004,0.6497
4/6/2004,0.6512
4/7/2004,0.6513
4/8/2004,0.6514
4/13/2004,0.6471
4/14/2004,0.6482
4/15/2004,0.6492
4/16/2004,0.6498
4/19/2004,0.6522
4/20/2004,0.6486
4/21/2004,0.6479
4/22/2004,0.6492
4/23/2004,0.6489
4/26/2004,0.647
4/27/2004,0.6488
4/28/2004,0.6495
4/29/2004,0.6487
4/30/2004,0.6522
5/3/2004,0.6523
5/4/2004,0.6553
5/5/2004,0.6565
5/6/2004,0.6566
5/7/2004,0.6558
5/10/2004,0.6516
5/11/2004,0.652
5/12/2004,0.654
5/13/2004,0.6539
5/14/2004,0.6522
5/17/2004,0.6586
5/18/2004,0.658
5/19/2004,0.6564
5/20/2004,0.6546
5/21/2004,0.6565
5/24/2004,0.6545
5/25/2004,0.6574
5/26/2004,0.6574
5/27/2004,0.6585
5/28/2004,0.6604
5/31/2004,0.6576
6/1/2004,0.6592
6/2/2004,0.661
6/3/2004,0.6625
6/4/2004,0.661
6/7/2004,0.6638
6/8/2004,0.6623
6/9/2004,0.6568
6/10/2004,0.6536
6/11/2004,0.6525
6/14/2004,0.6543
6/15/2004,0.6553
6/16/2004,0.6538
6/17/2004,0.6526
6/18/2004,0.6519
6/21/2004,0.6539
6/22/2004,0.6541
6/23/2004,0.6542
6/24/2004,0.6547
6/25/2004,0.6552
6/28/2004,0.6569
6/29/2004,0.6564
6/30/2004,0.657
7/1/2004,0.6563
7/2/2004,0.6568
7/5/2004,0.6607
7/6/2004,0.6614
7/7/2004,0.6625
7/8/2004,0.6618
7/9/2004,0.6621
7/12/2004,0.6623
7/13/2004,0.6616
7/14/2004,0.6624
7/15/2004,0.6627
7/16/2004,0.662
7/19/2004,0.6623
7/20/2004,0.6624
7/21/2004,0.6601
7/22/2004,0.6596
7/23/2004,0.6574
7/26/2004,0.6562
7/27/2004,0.6566
7/28/2004,0.6541
7/29/2004,0.6547
7/30/2004,0.6545
8/2/2004,0.6544
8/3/2004,0.6532
8/4/2004,0.6527
8/5/2004,0.6542
8/6/2004,0.655
8/9/2004,0.6601
8/10/2004,0.6613
8/11/2004,0.6605
8/12/2004,0.661
8/13/2004,0.6605
8/16/2004,0.6632
8/17/2004,0.6633
8/18/2004,0.663
8/19/2004,0.6637
8/20/2004,0.6615
8/23/2004,0.6602
8/24/2004,0.6579
8/25/2004,0.6569
8/26/2004,0.657
8/27/2004,0.656
8/30/2004,0.6554
8/31/2004,0.6576
9/1/2004,0.659
9/2/2004,0.6592
9/3/2004,0.659
9/6/2004,0.6565
9/7/2004,0.6575
9/8/2004,0.6555
9/9/2004,0.6599
9/10/2004,0.6611
9/13/2004,0.6613
9/14/2004,0.6614
9/15/2004,0.6613
9/16/2004,0.6586
9/17/2004,0.6605
9/20/2004,0.6579
9/21/2004,0.6622
9/22/2004,0.6621
9/23/2004,0.6641
9/24/2004,0.6637
9/27/2004,0.6623
9/28/2004,0.6656
9/29/2004,0.665
9/30/2004,0.6677
10/1/2004,0.6675
10/4/2004,0.6648
10/5/2004,0.6656
10/6/2004,0.6652
10/7/2004,0.6652
10/8/2004,0.6649
10/11/2004,0.6668
10/12/2004,0.6641
10/13/2004,0.6633
10/14/2004,0.6658
10/15/2004,0.6667
10/18/2004,0.6686
10/19/2004,0.6689
10/20/2004,0.6714
10/21/2004,0.6712
10/22/2004,0.6713
10/25/2004,0.6761
10/26/2004,0.6761
10/27/2004,0.6763
10/28/2004,0.6743
10/29/2004,0.6748
11/1/2004,0.6757
11/2/2004,0.6737
11/3/2004,0.6752
11/4/2004,0.6786
11/5/2004,0.6782
11/8/2004,0.6789
11/9/2004,0.6788
11/10/2004,0.6806
11/11/2004,0.6791
11/12/2004,0.6791
11/15/2004,0.6792
11/16/2004,0.6797
11/17/2004,0.6811
11/18/2004,0.6812
11/19/2004,0.6805
11/22/2004,0.6809
11/23/2004,0.6809
11/24/2004,0.6824
11/25/2004,0.6844
11/26/2004,0.6849
11/29/2004,0.6858
11/30/2004,0.6872
12/1/2004,0.6862
12/2/2004,0.6854
12/3/2004,0.6858
12/6/2004,0.689
12/7/2004,0.6898
12/8/2004,0.6877
12/9/2004,0.6876
12/10/2004,0.686
12/13/2004,0.6869
12/14/2004,0.6883
12/15/2004,0.6891
12/16/2004,0.6886
12/17/2004,0.6849
12/20/2004,0.688
12/21/2004,0.6893
12/22/2004,0.6895
12/23/2004,0.6916
12/24/2004,0.6936
12/27/2004,0.6936
12/28/2004,0.696
12/29/2004,0.6967
12/30/2004,0.698
12/31/2004,0.6979
1/3/2005,0.6964
1/4/2005,0.6965
1/5/2005,0.6965
1/6/2005,0.697
1/7/2005,0.6968
1/10/2005,0.6969
1/11/2005,0.6966
1/12/2005,0.6964
1/13/2005,0.6965
1/14/2005,0.6964
1/17/2005,0.696
1/18/2005,0.696
1/19/2005,0.6961
1/20/2005,0.696
1/21/2005,0.6962
1/24/2005,0.6961
1/25/2005,0.6961
1/26/2005,0.6961
1/27/2005,0.6961
1/28/2005,0.6962
1/31/2005,0.6961
2/1/2005,0.6961
2/2/2005,0.696
2/3/2005,0.6962
2/4/2005,0.696
2/7/2005,0.6961
2/8/2005,0.696
2/9/2005,0.6962
2/10/2005,0.696
2/11/2005,0.6959
2/14/2005,0.696
2/15/2005,0.696
2/16/2005,0.696
2/17/2005,0.6961
2/18/2005,0.696
2/21/2005,0.6961
2/22/2005,0.696
2/23/2005,0.696
2/24/2005,0.6961
2/25/2005,0.6961
2/28/2005,0.6961
3/1/2005,0.6961
3/2/2005,0.6961
3/3/2005,0.6962
3/4/2005,0.6964
3/7/2005,0.6963
3/8/2005,0.6963
3/9/2005,0.696
3/10/2005,0.6962
3/11/2005,0.696
3/14/2005,0.696
3/15/2005,0.6959
3/16/2005,0.6961
3/17/2005,0.6961
3/18/2005,0.6962
3/21/2005,0.6962
3/22/2005,0.6961
3/23/2005,0.6961
3/24/2005,0.696
3/29/2005,0.696
3/30/2005,0.6959
3/31/2005,0.696
4/1/2005,0.696
4/4/2005,0.6961
4/5/2005,0.6961
4/6/2005,0.6961
4/7/2005,0.6962
4/8/2005,0.6963
4/11/2005,0.6961
4/12/2005,0.696
4/13/2005,0.696
4/14/2005,0.6959
4/15/2005,0.6959
4/18/2005,0.6959
4/19/2005,0.696
4/20/2005,0.6959
4/21/2005,0.6961
4/22/2005,0.6959
4/25/2005,0.6962
4/26/2005,0.6962
4/27/2005,0.6961
4/28/2005,0.6961
4/29/2005,0.6961
5/2/2005,0.6961
5/3/2005,0.6961
5/4/2005,0.6961
5/5/2005,0.6958
5/6/2005,0.6959
5/9/2005,0.6962
5/10/2005,0.696
5/11/2005,0.696
5/12/2005,0.6959
5/13/2005,0.6961
5/16/2005,0.6961
5/17/2005,0.696
5/18/2005,0.6961
5/19/2005,0.6963
5/20/2005,0.696
5/23/2005,0.6962
5/24/2005,0.696
5/25/2005,0.696
5/26/2005,0.6959
5/27/2005,0.6962
5/30/2005,0.696
5/31/2005,0.696
6/1/2005,0.696
6/2/2005,0.696
6/3/2005,0.6959
6/6/2005,0.6959
6/7/2005,0.696
6/8/2005,0.6962
6/9/2005,0.696
6/10/2005,0.696
6/13/2005,0.6958
6/14/2005,0.6959
6/15/2005,0.696
6/16/2005,0.6959
6/17/2005,0.6962
6/20/2005,0.6959
6/21/2005,0.6959
6/22/2005,0.696
6/23/2005,0.6961
6/24/2005,0.6961
6/27/2005,0.6962
6/28/2005,0.696
6/29/2005,0.6963
6/30/2005,0.6961
7/1/2005,0.6962
7/4/2005,0.6961
7/5/2005,0.696
7/6/2005,0.6959
7/7/2005,0.696
7/8/2005,0.6959
7/11/2005,0.6961
7/12/2005,0.6958
7/13/2005,0.6962
7/14/2005,0.696
7/15/2005,0.696
7/18/2005,0.6961
7/19/2005,0.696
7/20/2005,0.696
7/21/2005,0.696
7/22/2005,0.696
7/25/2005,0.6961
7/26/2005,0.6963
7/27/2005,0.6963
7/28/2005,0.6961
7/29/2005,0.696
8/1/2005,0.696
8/2/2005,0.6961
8/3/2005,0.6961
8/4/2005,0.6961
8/5/2005,0.696
8/8/2005,0.696
8/9/2005,0.696
8/10/2005,0.696
8/11/2005,0.696
8/12/2005,0.6959
8/15/2005,0.696
8/16/2005,0.696
8/17/2005,0.696
8/18/2005,0.6961
8/19/2005,0.696
8/22/2005,0.696
8/23/2005,0.6961
8/24/2005,0.696
8/25/2005,0.6961
8/26/2005,0.696
8/29/2005,0.6961
8/30/2005,0.6961
8/31/2005,0.696
9/1/2005,0.696
9/2/2005,0.6961
9/5/2005,0.6962
9/6/2005,0.6961
9/7/2005,0.6962
9/8/2005,0.6962
9/9/2005,0.6962
9/12/2005,0.6961
9/13/2005,0.6961
9/14/2005,0.6959
9/15/2005,0.6959
9/16/2005,0.696
9/19/2005,0.696
9/20/2005,0.6959
9/21/2005,0.696
9/22/2005,0.6961
9/23/2005,0.6961
9/26/2005,0.696
9/27/2005,0.696
9/28/2005,0.696
9/29/2005,0.6961
9/30/2005,0.696
10/3/2005,0.6961
10/4/2005,0.6965
10/5/2005,0.6964
10/6/2005,0.6963
10/7/2005,0.6977
10/10/2005,0.6969
10/11/2005,0.6968
10/12/2005,0.6968
10/13/2005,0.6969
10/14/2005,0.6969
10/17/2005,0.6965
10/18/2005,0.6963
10/19/2005,0.6962
10/20/2005,0.6962
10/21/2005,0.6962
10/24/2005,0.6964
10/25/2005,0.6963
10/26/2005,0.6964
10/27/2005,0.6964
10/28/2005,0.6964
10/31/2005,0.6963
11/1/2005,0.6963
11/2/2005,0.6965
11/3/2005,0.6965
11/4/2005,0.6964
11/7/2005,0.6965
11/8/2005,0.6966
11/9/2005,0.6964
11/10/2005,0.6964
11/11/2005,0.6965
11/14/2005,0.6966
11/15/2005,0.6964
11/16/2005,0.6964
11/17/2005,0.696
11/18/2005,0.6961
11/21/2005,0.696
11/22/2005,0.696
11/23/2005,0.6961
11/24/2005,0.6961
11/25/2005,0.6961
11/28/2005,0.6962
11/29/2005,0.6961
11/30/2005,0.6963
12/1/2005,0.6965
12/2/2005,0.6965
12/5/2005,0.6967
12/6/2005,0.6971
12/7/2005,0.6971
12/8/2005,0.698
12/9/2005,0.6978
12/12/2005,0.697
12/13/2005,0.697
12/14/2005,0.6968
12/15/2005,0.6964
12/16/2005,0.6966
12/19/2005,0.6965
12/20/2005,0.6965
12/21/2005,0.6965
12/22/2005,0.6965
12/23/2005,0.6964
12/27/2005,0.6962
12/28/2005,0.6964
12/29/2005,0.6966
12/30/2005,0.6962
1/2/2006,0.6962
1/3/2006,0.6961
1/4/2006,0.6961
1/5/2006,0.696
1/6/2006,0.6961
1/9/2006,0.696
1/10/2006,0.6961
1/11/2006,0.6962
1/12/2006,0.696
1/13/2006,0.696
1/16/2006,0.6959
1/17/2006,0.696
1/18/2006,0.696
1/19/2006,0.696
1/20/2006,0.696
1/23/2006,0.696
1/24/2006,0.696
1/25/2006,0.6961
1/26/2006,0.6961
1/27/2006,0.696
1/30/2006,0.6961
1/31/2006,0.696
2/1/2006,0.696
2/2/2006,0.696
2/3/2006,0.696
2/6/2006,0.6961
2/7/2006,0.6961
2/8/2006,0.6961
2/9/2006,0.6961
2/10/2006,0.6961
2/13/2006,0.696
2/14/2006,0.6961
2/15/2006,0.696
2/16/2006,0.6961
2/17/2006,0.696
2/20/2006,0.6961
2/21/2006,0.6961
2/22/2006,0.6961
2/23/2006,0.6962
2/24/2006,0.696
2/27/2006,0.6962
2/28/2006,0.6962
3/1/2006,0.6962
3/2/2006,0.6961
3/3/2006,0.696
3/6/2006,0.6961
3/7/2006,0.6962
3/8/2006,0.696
3/9/2006,0.696
3/10/2006,0.696
3/13/2006,0.6961
3/14/2006,0.696
3/15/2006,0.696
3/16/2006,0.696
3/17/2006,0.6961
3/20/2006,0.696
3/21/2006,0.696
3/22/2006,0.6961
3/23/2006,0.696
3/24/2006,0.6961
3/27/2006,0.696
3/28/2006,0.6961
3/29/2006,0.696
3/30/2006,0.696
3/31/2006,0.6961
4/3/2006,0.6961
4/4/2006,0.696
4/5/2006,0.696
4/6/2006,0.696
4/7/2006,0.696
4/10/2006,0.6961
4/11/2006,0.696
4/12/2006,0.6961
4/13/2006,0.6961
4/18/2006,0.696
4/19/2006,0.696
4/20/2006,0.696
4/21/2006,0.6961
4/24/2006,0.696
4/25/2006,0.6961
4/26/2006,0.696
4/27/2006,0.6961
4/28/2006,0.6961
5/2/2006,0.6959
5/3/2006,0.6961
5/4/2006,0.6962
5/5/2006,0.696
5/8/2006,0.696
5/9/2006,0.696
5/10/2006,0.6962
5/11/2006,0.6963
5/12/2006,0.696
5/15/2006,0.696
5/16/2006,0.696
5/17/2006,0.696
5/18/2006,0.696
5/19/2006,0.6961
5/22/2006,0.696
5/23/2006,0.696
5/24/2006,0.696
5/25/2006,0.696
5/26/2006,0.6961
5/29/2006,0.696
5/30/2006,0.6959
5/31/2006,0.696
6/1/2006,0.696
6/2/2006,0.696
6/5/2006,0.696
6/6/2006,0.696
6/7/2006,0.6961
6/8/2006,0.696
6/9/2006,0.6961
6/12/2006,0.6961
6/13/2006,0.6961
6/14/2006,0.6961
6/15/2006,0.696
6/16/2006,0.696
6/19/2006,0.6961
6/20/2006,0.6961
6/21/2006,0.6959
6/22/2006,0.696
6/23/2006,0.696
6/26/2006,0.696
6/27/2006,0.696
6/28/2006,0.696
6/29/2006,0.696
6/30/2006,0.6961
7/3/2006,0.696
7/4/2006,0.696
7/5/2006,0.6961
7/6/2006,0.696
7/7/2006,0.6961
7/10/2006,0.696
7/11/2006,0.6959
7/12/2006,0.6961
7/13/2006,0.696
7/14/2006,0.696
7/17/2006,0.6961
7/18/2006,0.696
7/19/2006,0.696
7/20/2006,0.696
7/21/2006,0.696
7/24/2006,0.696
7/25/2006,0.6959
7/26/2006,0.6961
7/27/2006,0.696
7/28/2006,0.696
7/31/2006,0.696
8/1/2006,0.696
8/2/2006,0.6961
8/3/2006,0.696
8/4/2006,0.6959
8/7/2006,0.696
8/8/2006,0.696
8/9/2006,0.696
8/10/2006,0.6961
8/11/2006,0.696
8/14/2006,0.6959
8/15/2006,0.696
8/16/2006,0.6959
8/17/2006,0.6959
8/18/2006,0.696
8/21/2006,0.6959
8/22/2006,0.696
8/23/2006,0.6959
8/24/2006,0.6959
8/25/2006,0.696
8/28/2006,0.696
8/29/2006,0.696
8/30/2006,0.696
8/31/2006,0.696
9/1/2006,0.6961
9/4/2006,0.6961
9/5/2006,0.6962
9/6/2006,0.696
9/7/2006,0.6961
9/8/2006,0.6961
9/11/2006,0.6961
9/12/2006,0.6961
9/13/2006,0.6959
9/14/2006,0.696
9/15/2006,0.6961
9/18/2006,0.696
9/19/2006,0.6961
9/20/2006,0.696
9/21/2006,0.696
9/22/2006,0.6961
9/25/2006,0.6961
9/26/2006,0.696
9/27/2006,0.696
9/28/2006,0.696
9/29/2006,0.696
10/2/2006,0.696
10/3/2006,0.6961
10/4/2006,0.6961
10/5/2006,0.6961
10/6/2006,0.6961
10/9/2006,0.6961
10/10/2006,0.6961
10/11/2006,0.696
10/12/2006,0.6961
10/13/2006,0.696
10/16/2006,0.696
10/17/2006,0.696
10/18/2006,0.6961
10/19/2006,0.6961
10/20/2006,0.696
10/23/2006,0.696
10/24/2006,0.696
10/25/2006,0.6961
10/26/2006,0.6961
10/27/2006,0.6961
10/30/2006,0.6962
10/31/2006,0.6961
11/1/2006,0.6963
11/2/2006,0.6962
11/3/2006,0.6962
11/6/2006,0.6962
11/7/2006,0.696
11/8/2006,0.6962
11/9/2006,0.6962
11/10/2006,0.6962
11/13/2006,0.696
11/14/2006,0.6963
11/15/2006,0.6965
11/16/2006,0.6977
11/17/2006,0.698
11/20/2006,0.698
11/21/2006,0.6979
11/22/2006,0.6974
11/23/2006,0.6974
11/24/2006,0.6976
11/27/2006,0.6977
11/28/2006,0.6978
11/29/2006,0.6978
11/30/2006,0.6978
12/1/2006,0.6978
12/4/2006,0.6978
12/5/2006,0.698
12/6/2006,0.6984
12/7/2006,0.6986
12/8/2006,0.6985
12/11/2006,0.6979
12/12/2006,0.697
12/13/2006,0.6973
12/14/2006,0.6974
12/15/2006,0.6973
12/18/2006,0.6974
12/19/2006,0.6974
12/20/2006,0.6974
12/21/2006,0.6977
12/22/2006,0.6975
12/27/2006,0.6971
12/28/2006,0.6972
12/29/2006,0.6972
1/2/2007,0.6984
1/3/2007,0.6982
1/4/2007,0.6977
1/5/2007,0.6979
1/8/2007,0.698
1/9/2007,0.6979
1/10/2007,0.698
1/11/2007,0.6979
1/12/2007,0.6977
1/15/2007,0.6976
1/16/2007,0.6975
1/17/2007,0.6975
1/18/2007,0.6975
1/19/2007,0.6976
1/22/2007,0.6976
1/23/2007,0.6975
1/24/2007,0.6974
1/25/2007,0.6975
1/26/2007,0.697
1/29/2007,0.6965
1/30/2007,0.6965
1/31/2007,0.6963
2/1/2007,0.6964
2/2/2007,0.6963
2/5/2007,0.6965
2/6/2007,0.6964
2/7/2007,0.6964
2/8/2007,0.6965
2/9/2007,0.6965
2/12/2007,0.6965
2/13/2007,0.6965
2/14/2007,0.6967
2/15/2007,0.6969
2/16/2007,0.6969
2/19/2007,0.7047
2/20/2007,0.7074
2/21/2007,0.708
2/22/2007,0.7057
2/23/2007,0.7062
2/26/2007,0.7058
2/27/2007,0.7044
2/28/2007,0.7061
3/1/2007,0.7068
3/2/2007,0.708
3/5/2007,0.7063
3/6/2007,0.7078
3/7/2007,0.7087
3/8/2007,0.7088
3/9/2007,0.7079
3/12/2007,0.7078
3/13/2007,0.7081
3/14/2007,0.7083
3/15/2007,0.7096
3/16/2007,0.7098
3/19/2007,0.7095
3/20/2007,0.7095
3/21/2007,0.7095
3/22/2007,0.7094
3/23/2007,0.7096
3/26/2007,0.7096
3/27/2007,0.7097
3/28/2007,0.7097
3/29/2007,0.7096
3/30/2007,0.7097
4/2/2007,0.7082
4/3/2007,0.7084
4/4/2007,0.7083
4/5/2007,0.7075
4/10/2007,0.7058
4/11/2007,0.7055
4/12/2007,0.7059
4/13/2007,0.7058
4/16/2007,0.7031
4/17/2007,0.7033
4/18/2007,0.704
4/19/2007,0.7042
4/20/2007,0.7029
4/23/2007,0.7016
4/24/2007,0.6995
4/25/2007,0.7
4/26/2007,0.6979
4/27/2007,0.698
4/30/2007,0.6978
5/2/2007,0.6987
5/3/2007,0.6969
5/4/2007,0.6967
5/7/2007,0.6966
5/8/2007,0.6967
5/9/2007,0.6968
5/10/2007,0.6967
5/11/2007,0.6964
5/14/2007,0.6963
5/15/2007,0.6962
5/16/2007,0.6964
5/17/2007,0.6963
5/18/2007,0.6962
5/21/2007,0.6962
5/22/2007,0.6962
5/23/2007,0.6963
5/24/2007,0.6962
5/25/2007,0.6961
5/28/2007,0.6962
5/29/2007,0.6962
5/30/2007,0.6963
5/31/2007,0.6962
6/1/2007,0.6961
6/4/2007,0.6962
6/5/2007,0.6965
6/6/2007,0.6964
6/7/2007,0.6964
6/8/2007,0.6967
6/11/2007,0.6965
6/12/2007,0.6959
6/13/2007,0.6963
6/14/2007,0.6964
6/15/2007,0.6963
6/18/2007,0.6963
6/19/2007,0.6962
6/20/2007,0.696
6/21/2007,0.6962
6/22/2007,0.6962
6/25/2007,0.6962
6/26/2007,0.6962
6/27/2007,0.6962
6/28/2007,0.6962
6/29/2007,0.6963
7/2/2007,0.6966
7/3/2007,0.6962
7/4/2007,0.6962
7/5/2007,0.6963
7/6/2007,0.698
7/9/2007,0.6977
7/10/2007,0.6972
7/11/2007,0.6966
7/12/2007,0.6971
7/13/2007,0.6969
7/16/2007,0.6974
7/17/2007,0.6973
7/18/2007,0.6969
7/19/2007,0.6969
7/20/2007,0.6978
7/23/2007,0.697
7/24/2007,0.6971
7/25/2007,0.6966
7/26/2007,0.6969
7/27/2007,0.6968
7/30/2007,0.6966
7/31/2007,0.6967
8/1/2007,0.6967
8/2/2007,0.6968
8/3/2007,0.6969
8/6/2007,0.6968
8/7/2007,0.6965
8/8/2007,0.6964
8/9/2007,0.6977
8/10/2007,0.6982
8/13/2007,0.7013
8/14/2007,0.6991
8/15/2007,0.6975
8/16/2007,0.6968
8/17/2007,0.6975
8/20/2007,0.6977
8/21/2007,0.6965
8/22/2007,0.6969
8/23/2007,0.6977
8/24/2007,0.698
8/27/2007,0.6991
8/28/2007,0.7013
8/29/2007,0.6984
8/30/2007,0.6974
8/31/2007,0.698
9/3/2007,0.6981
9/4/2007,0.6971
9/5/2007,0.6987
9/6/2007,0.6991
9/7/2007,0.6984
9/10/2007,0.6985
9/11/2007,0.7004
9/12/2007,0.7007
9/13/2007,0.702
9/14/2007,0.702
9/17/2007,0.7019
9/18/2007,0.7021
9/19/2007,0.7039
9/20/2007,0.7074
9/21/2007,0.7059
9/24/2007,0.7044
9/25/2007,0.7058
9/26/2007,0.706
9/27/2007,0.7048
9/28/2007,0.7038
10/1/2007,0.704
10/2/2007,0.7036
10/3/2007,0.7032
10/4/2007,0.7037
10/5/2007,0.7043
10/8/2007,0.7049
10/9/2007,0.7049
10/10/2007,0.7036
10/11/2007,0.7041
10/12/2007,0.7029
10/15/2007,0.7031
10/16/2007,0.703
10/17/2007,0.7029
10/18/2007,0.702
10/19/2007,0.7017
10/22/2007,0.7014
10/23/2007,0.7018
10/24/2007,0.7023
10/25/2007,0.7029
10/26/2007,0.7021
10/29/2007,0.7022
10/30/2007,0.7026
10/31/2007,0.7022
11/1/2007,0.7025
11/2/2007,0.7024
11/5/2007,0.7027
11/6/2007,0.7024
11/7/2007,0.7021
11/8/2007,0.7017
11/9/2007,0.7018
11/12/2007,0.7024
11/13/2007,0.7023
11/14/2007,0.7016
11/15/2007,0.7001
11/16/2007,0.6993
11/19/2007,0.6993
11/20/2007,0.6992
11/21/2007,0.6985
11/22/2007,0.6992
11/23/2007,0.6987
11/26/2007,0.6989
11/27/2007,0.6985
11/28/2007,0.6984
11/29/2007,0.6988
11/30/2007,0.7005
12/3/2007,0.7007
12/4/2007,0.7004
12/5/2007,0.699
12/6/2007,0.6989
12/7/2007,0.6978
12/10/2007,0.6979
12/11/2007,0.6976
12/12/2007,0.6973
12/13/2007,0.6969
12/14/2007,0.6967
12/17/2007,0.6966
12/18/2007,0.6964
12/19/2007,0.6966
12/20/2007,0.6969
12/21/2007,0.6968
12/24/2007,0.6968
12/27/2007,0.6967
12/28/2007,0.697
12/31/2007,0.6964
1/2/2008,0.6988
1/3/2008,0.6987
1/4/2008,0.6985
1/7/2008,0.6984
1/8/2008,0.6977
1/9/2008,0.6974
1/10/2008,0.6987
1/11/2008,0.699
1/14/2008,0.699
1/15/2008,0.6984
1/16/2008,0.6979
1/17/2008,0.6985
1/18/2008,0.6988
1/21/2008,0.6981
1/22/2008,0.6982
1/23/2008,0.6983
1/24/2008,0.6978
1/25/2008,0.6976
1/28/2008,0.6975
1/29/2008,0.6975
1/30/2008,0.6977
1/31/2008,0.6978
2/1/2008,0.6975
2/4/2008,0.698
2/5/2008,0.697
2/6/2008,0.6963
2/7/2008,0.6964
2/8/2008,0.6963
2/11/2008,0.6968
2/12/2008,0.6967
2/13/2008,0.6964
2/14/2008,0.6963
2/15/2008,0.6965
2/18/2008,0.6968
2/19/2008,0.6967
2/20/2008,0.6964
2/21/2008,0.6964
2/22/2008,0.6965
2/25/2008,0.6966
2/26/2008,0.6965
2/27/2008,0.6965
2/28/2008,0.6969
2/29/2008,0.697
3/3/2008,0.697
3/4/2008,0.6975
3/5/2008,0.6971
3/6/2008,0.6966
3/7/2008,0.6965
3/10/2008,0.6967
3/11/2008,0.6969
3/12/2008,0.697
3/13/2008,0.697
3/14/2008,0.6975
3/17/2008,0.6971
3/18/2008,0.6971
3/19/2008,0.6965
3/20/2008,0.6963
3/25/2008,0.6965
3/26/2008,0.6967
3/27/2008,0.6966
3/28/2008,0.6979
3/31/2008,0.6982
4/1/2008,0.698
4/2/2008,0.6977
4/3/2008,0.6973
4/4/2008,0.6972
4/7/2008,0.6971
4/8/2008,0.6962
4/9/2008,0.6969
4/10/2008,0.6967
4/11/2008,0.6966
4/14/2008,0.6969
4/15/2008,0.6971
4/16/2008,0.6972
4/17/2008,0.6971
4/18/2008,0.6973
4/21/2008,0.6971
4/22/2008,0.6974
4/23/2008,0.698
4/24/2008,0.6987
4/25/2008,0.6979
4/28/2008,0.698
4/29/2008,0.6983
4/30/2008,0.6983
5/2/2008,0.6985
5/5/2008,0.6985
5/6/2008,0.6977
5/7/2008,0.6977
5/8/2008,0.6975
5/9/2008,0.6979
5/12/2008,0.6975
5/13/2008,0.6975
5/14/2008,0.6978
5/15/2008,0.6981
5/16/2008,0.6985
5/19/2008,0.6985
5/20/2008,0.698
5/21/2008,0.6985
5/22/2008,0.6993
5/23/2008,0.6988
5/26/2008,0.6987
5/27/2008,0.6997
5/28/2008,0.7012
5/29/2008,0.701
5/30/2008,0.7013
6/2/2008,0.7025
6/3/2008,0.7031
6/4/2008,0.7006
6/5/2008,0.7009
6/6/2008,0.7016
6/9/2008,0.7028
6/10/2008,0.7027
6/11/2008,0.7022
6/12/2008,0.7023
6/13/2008,0.706
6/16/2008,0.7061
6/17/2008,0.7058
6/18/2008,0.7044
6/19/2008,0.704
6/20/2008,0.7028
6/23/2008,0.7025
6/24/2008,0.7025
6/25/2008,0.7024
6/26/2008,0.7029
6/27/2008,0.7044
6/30/2008,0.7047
7/1/2008,0.7051
7/2/2008,0.7048
7/3/2008,0.7046
7/4/2008,0.705
7/7/2008,0.7039
7/8/2008,0.7034
7/9/2008,0.7029
7/10/2008,0.7025
7/11/2008,0.7026
7/14/2008,0.7028
7/15/2008,0.7026
7/16/2008,0.7029
7/17/2008,0.7027
7/18/2008,0.703
7/21/2008,0.7032
7/22/2008,0.7034
7/23/2008,0.7029
7/24/2008,0.7035
7/25/2008,0.7032
7/28/2008,0.7033
7/29/2008,0.7035
7/30/2008,0.7042
7/31/2008,0.7043
8/1/2008,0.7052
8/4/2008,0.7051
8/5/2008,0.7049
8/6/2008,0.7049
8/7/2008,0.7051
8/8/2008,0.7048
8/11/2008,0.7044
8/12/2008,0.7042
8/13/2008,0.7036
8/14/2008,0.7035
8/15/2008,0.7032
8/18/2008,0.7033
8/19/2008,0.7032
8/20/2008,0.7032
8/21/2008,0.7032
8/22/2008,0.7033
8/25/2008,0.7035
8/26/2008,0.7037
8/27/2008,0.7035
8/28/2008,0.7035
8/29/2008,0.7035
9/1/2008,0.7037
9/2/2008,0.7038
9/3/2008,0.7036
9/4/2008,0.7042
9/5/2008,0.7041
9/8/2008,0.7039
9/9/2008,0.704
9/10/2008,0.7045
9/11/2008,0.705
9/12/2008,0.7044
9/15/2008,0.7046
9/16/2008,0.7054
9/17/2008,0.7059
9/18/2008,0.7077
9/19/2008,0.7084
9/22/2008,0.708
9/23/2008,0.708
9/24/2008,0.7083
9/25/2008,0.7085
9/26/2008,0.7082
9/29/2008,0.7086
9/30/2008,0.7086
10/1/2008,0.7091
10/2/2008,0.7097
10/3/2008,0.7096
10/6/2008,0.7095
10/7/2008,0.7093
10/8/2008,0.7095
10/9/2008,0.7094
10/10/2008,0.7093
10/13/2008,0.7092
10/14/2008,0.709
10/15/2008,0.7082
10/16/2008,0.7086
10/17/2008,0.7093
10/20/2008,0.7091
10/21/2008,0.7093
10/22/2008,0.7095
10/23/2008,0.7097
10/24/2008,0.7097
10/27/2008,0.7093
10/28/2008,0.7096
10/29/2008,0.7095
10/30/2008,0.7093
10/31/2008,0.7095
11/3/2008,0.7092
11/4/2008,0.7092
11/5/2008,0.7089
11/6/2008,0.7081
11/7/2008,0.7091
11/10/2008,0.7094
11/11/2008,0.7092
11/12/2008,0.7091
11/13/2008,0.7094
11/14/2008,0.7093
11/17/2008,0.7093
11/18/2008,0.7093
11/19/2008,0.7094
11/20/2008,0.7093
11/21/2008,0.7093
11/24/2008,0.7092
11/25/2008,0.7093
11/26/2008,0.7093
11/27/2008,0.7095
11/28/2008,0.7095
12/1/2008,0.7092
12/2/2008,0.7093
12/3/2008,0.7093
12/4/2008,0.7094
12/5/2008,0.7093
12/8/2008,0.7093
12/9/2008,0.7091
12/10/2008,0.7092
12/11/2008,0.7092
12/12/2008,0.7095
12/15/2008,0.7092
12/16/2008,0.7086
12/17/2008,0.7087
12/18/2008,0.7088
12/19/2008,0.7081
12/22/2008,0.7053
12/23/2008,0.7058
12/24/2008,0.7061
12/29/2008,0.7061
12/30/2008,0.7079
12/31/2008,0.7083
1/2/2009,0.7083
1/5/2009,0.707
1/6/2009,0.707
1/7/2009,0.7069
1/8/2009,0.7069
1/9/2009,0.7066
1/12/2009,0.7058
1/13/2009,0.7051
1/14/2009,0.705
1/15/2009,0.7043
1/16/2009,0.7039
1/19/2009,0.7035
1/20/2009,0.7033
1/21/2009,0.7028
1/22/2009,0.7034
1/23/2009,0.7042
1/26/2009,0.704
1/27/2009,0.703
1/28/2009,0.7019
1/29/2009,0.6988
1/30/2009,0.6992
2/2/2009,0.6987
2/3/2009,0.7014
2/4/2009,0.702
2/5/2009,0.7032
2/6/2009,0.7035
2/9/2009,0.703
2/10/2009,0.7031
2/11/2009,0.7046
2/12/2009,0.7066
2/13/2009,0.7071
2/16/2009,0.7084
2/17/2009,0.7076
2/18/2009,0.7073
2/19/2009,0.7068
2/20/2009,0.7063
2/23/2009,0.707
2/24/2009,0.7071
2/25/2009,0.7093
2/26/2009,0.7094
2/27/2009,0.7095
3/2/2009,0.7095
3/3/2009,0.7087
3/4/2009,0.7075
3/5/2009,0.7071
3/6/2009,0.7076
3/9/2009,0.7073
3/10/2009,0.7071
3/11/2009,0.7074
3/12/2009,0.707
3/13/2009,0.7072
3/16/2009,0.7075
3/17/2009,0.7075
3/18/2009,0.7075
3/19/2009,0.708
3/20/2009,0.7083
3/23/2009,0.7093
3/24/2009,0.7097
3/25/2009,0.7095
3/26/2009,0.7095
3/27/2009,0.7096
3/30/2009,0.7096
3/31/2009,0.7096
4/1/2009,0.7092
4/2/2009,0.7094
4/3/2009,0.7095
4/6/2009,0.7092
4/7/2009,0.7094
4/8/2009,0.7093
4/9/2009,0.7093
4/14/2009,0.7092
4/15/2009,0.7092
4/16/2009,0.7095
4/17/2009,0.7092
4/20/2009,0.7092
4/21/2009,0.7093
4/22/2009,0.7094
4/23/2009,0.7092
4/24/2009,0.7092
4/27/2009,0.7093
4/28/2009,0.7093
4/29/2009,0.7092
4/30/2009,0.7093
5/4/2009,0.7092
5/5/2009,0.7094
5/6/2009,0.7093
5/7/2009,0.7091
5/8/2009,0.7091
5/11/2009,0.7092
5/12/2009,0.7091
5/13/2009,0.7093
5/14/2009,0.7093
5/15/2009,0.7095
5/18/2009,0.7091
5/19/2009,0.7091
5/20/2009,0.709
5/21/2009,0.709
5/22/2009,0.709
5/25/2009,0.709
5/26/2009,0.7091
5/27/2009,0.7091
5/28/2009,0.7093
5/29/2009,0.7093
6/1/2009,0.7093
6/2/2009,0.7095
6/3/2009,0.7093
6/4/2009,0.7093
6/5/2009,0.7094
6/8/2009,0.706
6/9/2009,0.6995
6/10/2009,0.6995
6/11/2009,0.6975
6/12/2009,0.6966
6/15/2009,0.7035
6/16/2009,0.7
6/17/2009,0.6985
6/18/2009,0.698
6/19/2009,0.6975
6/22/2009,0.697
6/23/2009,0.697
6/24/2009,0.697
6/25/2009,0.6963
6/26/2009,0.699
6/29/2009,0.7007
6/30/2009,0.7036
7/1/2009,0.7024
7/2/2009,0.7005
7/3/2009,0.6975
7/6/2009,0.6969
7/7/2009,0.6971
7/8/2009,0.7
7/9/2009,0.6997
7/10/2009,0.6993
7/13/2009,0.7
7/14/2009,0.7012
7/15/2009,0.7004
7/16/2009,0.7005
7/17/2009,0.7
7/20/2009,0.7004
7/21/2009,0.7005
7/22/2009,0.702
7/23/2009,0.703
7/24/2009,0.703
7/27/2009,0.7024
7/28/2009,0.7012
7/29/2009,0.702
7/30/2009,0.7014
7/31/2009,0.7023
8/3/2009,0.7023
8/4/2009,0.7025
8/5/2009,0.7028
8/6/2009,0.7025
8/7/2009,0.7023
8/10/2009,0.7006
8/11/2009,0.7011
8/12/2009,0.701
8/13/2009,0.7008
8/14/2009,0.7
8/17/2009,0.7
8/18/2009,0.7002
8/19/2009,0.7003
8/20/2009,0.6993
8/21/2009,0.6998
8/24/2009,0.7005
8/25/2009,0.6998
8/26/2009,0.702
8/27/2009,0.7035
8/28/2009,0.7035
8/31/2009,0.7031
9/1/2009,0.703
9/2/2009,0.7028
9/3/2009,0.7027
9/4/2009,0.7023
9/7/2009,0.702
9/8/2009,0.7021
9/9/2009,0.7024
9/10/2009,0.7026
9/11/2009,0.7023
9/14/2009,0.7023
9/15/2009,0.7023
9/16/2009,0.7035
9/17/2009,0.7032
9/18/2009,0.7031
9/21/2009,0.7038
9/22/2009,0.7055
9/23/2009,0.7063
9/24/2009,0.7075
9/25/2009,0.7069
9/28/2009,0.7059
9/29/2009,0.7063
9/30/2009,0.7079
10/1/2009,0.7083
10/2/2009,0.7083
10/5/2009,0.7084
10/6/2009,0.7091
10/7/2009,0.7089
10/8/2009,0.7095
10/9/2009,0.7094
10/12/2009,0.7093
10/13/2009,0.709
10/14/2009,0.709
10/15/2009,0.7088
10/16/2009,0.7077
10/19/2009,0.708
10/20/2009,0.7078
10/21/2009,0.709
10/22/2009,0.7085
10/23/2009,0.709
10/26/2009,0.7092
10/27/2009,0.7093
10/28/2009,0.7093
10/29/2009,0.709
10/30/2009,0.7091
11/2/2009,0.7091
11/3/2009,0.7092
11/4/2009,0.709
11/5/2009,0.709
11/6/2009,0.7092
11/9/2009,0.7087
11/10/2009,0.7088
11/11/2009,0.7088
11/12/2009,0.7086
11/13/2009,0.7085
11/16/2009,0.7083
11/17/2009,0.7084
11/18/2009,0.7085
11/19/2009,0.7081
11/20/2009,0.7083
11/23/2009,0.7091
11/24/2009,0.7091
11/25/2009,0.7089
11/26/2009,0.7089
11/27/2009,0.709
11/30/2009,0.7088
12/1/2009,0.7082
12/2/2009,0.708
12/3/2009,0.7079
12/4/2009,0.7073
12/7/2009,0.7075
12/8/2009,0.7077
12/9/2009,0.7076
12/10/2009,0.7072
12/11/2009,0.7068
12/14/2009,0.7066
12/15/2009,0.7063
12/16/2009,0.7065
12/17/2009,0.7068
12/18/2009,0.7068
12/21/2009,0.707
12/22/2009,0.708
12/23/2009,0.7082
12/24/2009,0.7087
12/28/2009,0.7085
12/29/2009,0.7092
12/30/2009,0.7093
12/31/2009,0.7093
1/4/2010,0.7093
1/5/2010,0.7094
1/6/2010,0.7095
1/7/2010,0.7093
1/8/2010,0.7093
1/11/2010,0.7093
1/12/2010,0.7093
1/13/2010,0.709
1/14/2010,0.7087
1/15/2010,0.7085
1/18/2010,0.7085
1/19/2010,0.7085
1/20/2010,0.7085
1/21/2010,0.7088
1/22/2010,0.7082
1/25/2010,0.7083
1/26/2010,0.7082
1/27/2010,0.7079
1/28/2010,0.7083
1/29/2010,0.7087
2/1/2010,0.7087
2/2/2010,0.7087
2/3/2010,0.7089
2/4/2010,0.7091
2/5/2010,0.7087
2/8/2010,0.7088
2/9/2010,0.7092
2/10/2010,0.7091
2/11/2010,0.7094
2/12/2010,0.7091
2/15/2010,0.7085
2/16/2010,0.7086
2/17/2010,0.7092
2/18/2010,0.709
2/19/2010,0.7092
2/22/2010,0.7093
2/23/2010,0.7093
2/24/2010,0.7093
2/25/2010,0.7093
2/26/2010,0.7092
3/1/2010,0.7092
3/2/2010,0.7093
3/3/2010,0.7093
3/4/2010,0.7091
3/5/2010,0.7089
3/8/2010,0.7084
3/9/2010,0.7084
3/10/2010,0.708
3/11/2010,0.708
3/12/2010,0.7082
3/15/2010,0.7076
3/16/2010,0.7077
3/17/2010,0.7078
3/18/2010,0.7081
3/19/2010,0.7079
3/22/2010,0.708
3/23/2010,0.7081
3/24/2010,0.7079
3/25/2010,0.7074
3/26/2010,0.7078
3/29/2010,0.708
3/30/2010,0.7088
3/31/2010,0.7085
4/1/2010,0.7089
4/6/2010,0.7076
4/7/2010,0.707
4/8/2010,0.7068
4/9/2010,0.7064
4/12/2010,0.7065
4/13/2010,0.7066
4/14/2010,0.7082
4/15/2010,0.7082
4/16/2010,0.7081
4/19/2010,0.708
4/20/2010,0.7074
4/21/2010,0.7077
4/22/2010,0.7075
4/23/2010,0.7077
4/26/2010,0.7077
4/27/2010,0.708
4/28/2010,0.708
4/29/2010,0.7081
4/30/2010,0.7074
5/3/2010,0.7071
5/4/2010,0.7071
5/5/2010,0.7067
5/6/2010,0.7072
5/7/2010,0.7072
5/10/2010,0.7074
5/11/2010,0.7076
5/12/2010,0.7082
5/13/2010,0.7075
5/14/2010,0.7075
5/17/2010,0.7074
5/18/2010,0.7074
5/19/2010,0.7074
5/20/2010,0.7074
5/21/2010,0.7074
5/24/2010,0.7074
5/25/2010,0.7074
5/26/2010,0.7082
5/27/2010,0.7079
5/28/2010,0.708
5/31/2010,0.709
6/1/2010,0.7093
6/2/2010,0.709
6/3/2010,0.7085
6/4/2010,0.7084
6/7/2010,0.7083
6/8/2010,0.7075
6/9/2010,0.7075
6/10/2010,0.7077
6/11/2010,0.7076
6/14/2010,0.7076
6/15/2010,0.7076
6/16/2010,0.7073
6/17/2010,0.7076
6/18/2010,0.7076
6/21/2010,0.7083
6/22/2010,0.7084
6/23/2010,0.7084
6/24/2010,0.7085
6/25/2010,0.7085
6/28/2010,0.7088
6/29/2010,0.7093
6/30/2010,0.7093
7/1/2010,0.7093
7/2/2010,0.7097
7/5/2010,0.7093
7/6/2010,0.7091
7/7/2010,0.7095
7/8/2010,0.7092
7/9/2010,0.7088
7/12/2010,0.7087
7/13/2010,0.7087
7/14/2010,0.7087
7/15/2010,0.7089
7/16/2010,0.7091
7/19/2010,0.7088
7/20/2010,0.7089
7/21/2010,0.7088
7/22/2010,0.7089
7/23/2010,0.7091
7/26/2010,0.7088
7/27/2010,0.7092
7/28/2010,0.7091
7/29/2010,0.7093
7/30/2010,0.7088
8/2/2010,0.7085
8/3/2010,0.7084
8/4/2010,0.7086
8/5/2010,0.7083
8/6/2010,0.7083
8/9/2010,0.7089
8/10/2010,0.7081
8/11/2010,0.7083
8/12/2010,0.7084
8/13/2010,0.7088
8/16/2010,0.7085
8/17/2010,0.7085
8/18/2010,0.7084
8/19/2010,0.7083
8/20/2010,0.7083
8/23/2010,0.7085
8/24/2010,0.708
8/25/2010,0.7084
8/26/2010,0.7085
8/27/2010,0.7088
8/30/2010,0.7087
8/31/2010,0.7093
9/1/2010,0.7091
9/2/2010,0.7087
9/3/2010,0.7085
9/6/2010,0.7093
9/7/2010,0.7092
9/8/2010,0.709
9/9/2010,0.7088
9/10/2010,0.7088
9/13/2010,0.7088
9/14/2010,0.7088
9/15/2010,0.709
9/16/2010,0.7086
9/17/2010,0.7087
9/20/2010,0.7091
9/21/2010,0.7093
9/22/2010,0.7095
9/23/2010,0.7093
9/24/2010,0.7095
9/27/2010,0.7096
9/28/2010,0.7098
9/29/2010,0.7092
9/30/2010,0.7094
10/1/2010,0.7092
10/4/2010,0.7092
10/5/2010,0.7092
10/6/2010,0.7091
10/7/2010,0.709
10/8/2010,0.7091
10/11/2010,0.709
10/12/2010,0.7091
10/13/2010,0.7095
10/14/2010,0.7095
10/15/2010,0.7097
10/18/2010,0.7092
10/19/2010,0.7099
10/20/2010,0.7095
10/21/2010,0.7098
10/22/2010,0.7097
10/25/2010,0.7095
10/26/2010,0.7097
10/27/2010,0.7093
10/28/2010,0.7098
10/29/2010,0.7097
11/1/2010,0.7097
11/2/2010,0.7097
11/3/2010,0.7097
11/4/2010,0.7097
11/5/2010,0.7097
11/8/2010,0.7093
11/9/2010,0.7092
11/10/2010,0.7093
11/11/2010,0.7093
11/12/2010,0.7092
11/15/2010,0.7092
11/16/2010,0.7092
11/17/2010,0.7095
11/18/2010,0.7093
11/19/2010,0.7093
11/22/2010,0.7093
11/23/2010,0.7096
11/24/2010,0.7094
11/25/2010,0.7093
11/26/2010,0.7096
11/29/2010,0.7096
11/30/2010,0.7093
12/1/2010,0.7097
12/2/2010,0.7097
12/3/2010,0.7097
12/6/2010,0.7098
12/7/2010,0.7098
12/8/2010,0.7097
12/9/2010,0.7097
12/10/2010,0.7097
12/13/2010,0.7095
12/14/2010,0.7097
12/15/2010,0.7097
12/16/2010,0.7098
12/17/2010,0.7098
12/20/2010,0.7094
12/21/2010,0.7093
12/22/2010,0.7098
12/23/2010,0.7094
12/24/2010,0.7094
12/27/2010,0.7092
12/28/2010,0.7098
12/29/2010,0.7097
12/30/2010,0.7098
12/31/2010,0.7094
1/3/2011,0.7098
1/4/2011,0.7098
1/5/2011,0.7063
1/6/2011,0.7015
1/7/2011,0.7009
1/10/2011,0.7006
1/11/2011,0.7011
1/12/2011,0.7009
1/13/2011,0.7012
1/14/2011,0.7019
1/17/2011,0.7019
1/18/2011,0.702
1/19/2011,0.7029
1/20/2011,0.7029
1/21/2011,0.7035
1/24/2011,0.703
1/25/2011,0.7028
1/26/2011,0.704
1/27/2011,0.7055
1/28/2011,0.7049
1/31/2011,0.703
2/1/2011,0.7023
2/2/2011,0.7015
2/3/2011,0.7015
2/4/2011,0.7015
2/7/2011,0.7015
2/8/2011,0.7022
2/9/2011,0.7035
2/10/2011,0.7043
2/11/2011,0.704
2/14/2011,0.7058
2/15/2011,0.7059
2/16/2011,0.7053
2/17/2011,0.7044
2/18/2011,0.7045
2/21/2011,0.7041
2/22/2011,0.7045
2/23/2011,0.7045
2/24/2011,0.7037
2/25/2011,0.7048
2/28/2011,0.7045
3/1/2011,0.7045
3/2/2011,0.705
3/3/2011,0.7045
3/4/2011,0.7055
3/7/2011,0.7061
3/8/2011,0.7059
3/9/2011,0.706
3/10/2011,0.7065
3/11/2011,0.7067
3/14/2011,0.7066
3/15/2011,0.7069
3/16/2011,0.706
3/17/2011,0.707
3/18/2011,0.707
3/21/2011,0.7089
3/22/2011,0.7089
3/23/2011,0.7088
3/24/2011,0.7094
3/25/2011,0.709
3/28/2011,0.709
3/29/2011,0.7092
3/30/2011,0.7093
3/31/2011,0.7095
4/1/2011,0.7092
4/4/2011,0.7092
4/5/2011,0.7088
4/6/2011,0.709
4/7/2011,0.7093
4/8/2011,0.709
4/11/2011,0.7091
4/12/2011,0.7093
4/13/2011,0.7091
4/14/2011,0.7092
4/15/2011,0.7092
4/18/2011,0.7092
4/19/2011,0.7093
4/20/2011,0.7093
4/21/2011,0.7093
4/26/2011,0.7093
4/27/2011,0.7093
4/28/2011,0.7093
4/29/2011,0.7093
5/2/2011,0.7092
5/3/2011,0.7093
5/4/2011,0.7095
5/5/2011,0.7093
5/6/2011,0.7096
5/9/2011,0.7093
5/10/2011,0.7093
5/11/2011,0.7093
5/12/2011,0.7093
5/13/2011,0.7093
5/16/2011,0.7093
5/17/2011,0.7092
5/18/2011,0.7093
5/19/2011,0.7092
5/20/2011,0.7093
5/23/2011,0.7093
5/24/2011,0.7093
5/25/2011,0.7093
5/26/2011,0.7093
5/27/2011,0.7093
5/30/2011,0.7095
5/31/2011,0.7095
6/1/2011,0.7095
6/2/2011,0.7095
6/3/2011,0.7092
6/6/2011,0.7091
6/7/2011,0.709
6/8/2011,0.709
6/9/2011,0.7091
6/10/2011,0.7089
6/13/2011,0.7086
6/14/2011,0.7086
6/15/2011,0.7089
6/16/2011,0.709
6/17/2011,0.7093
6/20/2011,0.709
6/21/2011,0.7088
6/22/2011,0.7094
6/23/2011,0.7093
6/24/2011,0.7093
6/27/2011,0.7093
6/28/2011,0.7097
6/29/2011,0.7093
6/30/2011,0.7093
7/1/2011,0.7091
7/4/2011,0.7091
7/5/2011,0.7091
7/6/2011,0.7091
7/7/2011,0.7092
7/8/2011,0.7091
7/11/2011,0.7091
7/12/2011,0.7093
7/13/2011,0.7091
7/14/2011,0.7092
7/15/2011,0.7092
7/18/2011,0.7093
7/19/2011,0.7093
7/20/2011,0.7093
7/21/2011,0.7094
7/22/2011,0.7093
7/25/2011,0.7093
7/26/2011,0.7093
7/27/2011,0.7092
7/28/2011,0.7096
7/29/2011,0.7094
8/1/2011,0.7093
8/2/2011,0.7092
8/3/2011,0.7093
8/4/2011,0.7092
8/5/2011,0.7095
8/8/2011,0.7095
8/9/2011,0.7092
8/10/2011,0.7092
8/11/2011,0.7093
8/12/2011,0.7093
8/15/2011,0.7092
8/16/2011,0.7092
8/17/2011,0.7091
8/18/2011,0.7095
8/19/2011,0.7092
8/22/2011,0.7095
8/23/2011,0.7095
8/24/2011,0.7093
8/25/2011,0.7096
8/26/2011,0.7096
8/29/2011,0.7093
8/30/2011,0.7093
8/31/2011,0.7093
9/1/2011,0.7093
9/2/2011,0.7093
9/5/2011,0.7093
9/6/2011,0.7093
9/7/2011,0.7091
9/8/2011,0.7091
9/9/2011,0.7094
9/12/2011,0.7091
9/13/2011,0.7093
9/14/2011,0.7095
9/15/2011,0.7092
9/16/2011,0.7093
9/19/2011,0.7093
9/20/2011,0.7092
9/21/2011,0.7093
9/22/2011,0.7093
9/23/2011,0.7093
9/26/2011,0.7096
9/27/2011,0.7093
9/28/2011,0.7093
9/29/2011,0.7093
9/30/2011,0.7093
10/3/2011,0.7092
10/4/2011,0.7092
10/5/2011,0.7087
10/6/2011,0.709
10/7/2011,0.7087
10/10/2011,0.708
10/11/2011,0.7056
10/12/2011,0.7054
10/13/2011,0.7055
10/14/2011,0.7054
10/17/2011,0.7049
10/18/2011,0.7057
10/19/2011,0.7055
10/20/2011,0.7053
10/21/2011,0.7053
10/24/2011,0.7047
10/25/2011,0.704
10/26/2011,0.7043
10/27/2011,0.7043
10/28/2011,0.704
10/31/2011,0.7045
11/1/2011,0.7037
11/2/2011,0.703
11/3/2011,0.7029
11/4/2011,0.703
11/7/2011,0.7028
11/8/2011,0.7028
11/9/2011,0.7025
11/10/2011,0.7014
11/11/2011,0.7015
11/14/2011,0.7012
11/15/2011,0.7002
11/16/2011,0.7
11/17/2011,0.7031
11/18/2011,0.7045
11/21/2011,0.7038
11/22/2011,0.706
11/23/2011,0.7022
11/24/2011,0.6987
11/25/2011,0.6978
11/28/2011,0.697
11/29/2011,0.698
11/30/2011,0.6979
12/1/2011,0.6975
12/2/2011,0.6978
12/5/2011,0.6978
12/6/2011,0.6978
12/7/2011,0.6978
12/8/2011,0.6975
12/9/2011,0.6981
12/12/2011,0.6979
12/13/2011,0.697
12/14/2011,0.6973
12/15/2011,0.6973
12/16/2011,0.6975
12/19/2011,0.6973
12/20/2011,0.6969
12/21/2011,0.6965
12/22/2011,0.6965
12/23/2011,0.6965
12/27/2011,0.6974
12/28/2011,0.6972
12/29/2011,0.699
12/30/2011,0.6995
1/2/2012,0.6998
1/3/2012,0.6993
1/4/2012,0.6987
1/5/2012,0.6983
1/6/2012,0.6977
1/9/2012,0.6978
1/10/2012,0.6981
1/11/2012,0.6982
1/12/2012,0.6999
1/13/2012,0.7002
1/16/2012,0.6997
1/17/2012,0.7001
1/18/2012,0.7003
1/19/2012,0.7002
1/20/2012,0.699
1/23/2012,0.6986
1/24/2012,0.6977
1/25/2012,0.6978
1/26/2012,0.6986
1/27/2012,0.6991
1/30/2012,0.6991
1/31/2012,0.6991
2/1/2012,0.6996
2/2/2012,0.7
2/3/2012,0.6999
2/6/2012,0.6993
2/7/2012,0.699
2/8/2012,0.699
2/9/2012,0.6989
2/10/2012,0.699
2/13/2012,0.6988
2/14/2012,0.6988
2/15/2012,0.6987
2/16/2012,0.6986
2/17/2012,0.6988
2/20/2012,0.6982
2/21/2012,0.6977
2/22/2012,0.6982
2/23/2012,0.6985
2/24/2012,0.6986
2/27/2012,0.6987
2/28/2012,0.6988
2/29/2012,0.6985
3/1/2012,0.6986
3/2/2012,0.6983
3/5/2012,0.698
3/6/2012,0.6981
3/7/2012,0.6978
3/8/2012,0.6977
3/9/2012,0.6969
3/12/2012,0.6966
3/13/2012,0.6966
3/14/2012,0.6965
3/15/2012,0.6968
3/16/2012,0.697
3/19/2012,0.6968
3/20/2012,0.6966
3/21/2012,0.6969
3/22/2012,0.6968
3/23/2012,0.6969
3/26/2012,0.6968
3/27/2012,0.6984
3/28/2012,0.7005
3/29/2012,0.7007
3/30/2012,0.7003
4/2/2012,0.7009
4/3/2012,0.7007
4/4/2012,0.7002
4/5/2012,0.6995
4/10/2012,0.6993
4/11/2012,0.6992
4/12/2012,0.6989
4/13/2012,0.6985
4/16/2012,0.6988
4/17/2012,0.6989
4/18/2012,0.6988
4/19/2012,0.6985
4/20/2012,0.6985
4/23/2012,0.699
4/24/2012,0.6993
4/25/2012,0.6993
4/26/2012,0.6997
4/27/2012,0.6995
4/30/2012,0.6994
5/2/2012,0.6994
5/3/2012,0.6989
5/4/2012,0.699
5/7/2012,0.6995
5/8/2012,0.6985
5/9/2012,0.6983
5/10/2012,0.6982
5/11/2012,0.6978
5/14/2012,0.6975
5/15/2012,0.6971
5/16/2012,0.6976
5/17/2012,0.6976
5/18/2012,0.6973
5/21/2012,0.6978
5/22/2012,0.6977
5/23/2012,0.6979
5/24/2012,0.6975
5/25/2012,0.6983
5/28/2012,0.698
5/29/2012,0.6983
5/30/2012,0.6982
5/31/2012,0.6977
6/1/2012,0.698
6/4/2012,0.697
6/5/2012,0.6968
6/6/2012,0.6969
6/7/2012,0.697
6/8/2012,0.6973
6/11/2012,0.697
6/12/2012,0.6969
6/13/2012,0.6968
6/14/2012,0.6968
6/15/2012,0.6969
6/18/2012,0.6967
6/19/2012,0.6969
6/20/2012,0.6968
6/21/2012,0.697
6/22/2012,0.6969
6/25/2012,0.6964
6/26/2012,0.6965
6/27/2012,0.6965
6/28/2012,0.6965
6/29/2012,0.6967
7/2/2012,0.6967
7/3/2012,0.6968
7/4/2012,0.6964
7/5/2012,0.6959
7/6/2012,0.6963
7/9/2012,0.6962
7/10/2012,0.6962
7/11/2012,0.6962
7/12/2012,0.6962
7/13/2012,0.6961
7/16/2012,0.6961
7/17/2012,0.6962
7/18/2012,0.6959
7/19/2012,0.6959
7/20/2012,0.6962
7/23/2012,0.6962
7/24/2012,0.6962
7/25/2012,0.6963
7/26/2012,0.6963
7/27/2012,0.6966
7/30/2012,0.6965
7/31/2012,0.6961
8/1/2012,0.6967
8/2/2012,0.6969
8/3/2012,0.6965
8/6/2012,0.6963
8/7/2012,0.6962
8/8/2012,0.6963
8/9/2012,0.696
8/10/2012,0.6962
8/13/2012,0.6963
8/14/2012,0.6962
8/15/2012,0.6962
8/16/2012,0.6962
8/17/2012,0.6963
8/20/2012,0.6962
8/21/2012,0.6963
8/22/2012,0.6963
8/23/2012,0.6963
8/24/2012,0.6963
8/27/2012,0.6963
8/28/2012,0.6963
8/29/2012,0.6963
8/30/2012,0.6962
8/31/2012,0.696
9/3/2012,0.6963
9/4/2012,0.6963
9/5/2012,0.6962
9/6/2012,0.6962
9/7/2012,0.6963
9/10/2012,0.6963
9/11/2012,0.6963
9/12/2012,0.6961
9/13/2012,0.6962
9/14/2012,0.6961
9/17/2012,0.6963
9/18/2012,0.6962
9/19/2012,0.6962
9/20/2012,0.6962
9/21/2012,0.6962
9/24/2012,0.6963
9/25/2012,0.6962
9/26/2012,0.6962
9/27/2012,0.6963
9/28/2012,0.6962
10/1/2012,0.6962
10/2/2012,0.6963
10/3/2012,0.6961
10/4/2012,0.6962
10/5/2012,0.6961
10/8/2012,0.6962
10/9/2012,0.6963
10/10/2012,0.6961
10/11/2012,0.6961
10/12/2012,0.6961
10/15/2012,0.6962
10/16/2012,0.6962
10/17/2012,0.6962
10/18/2012,0.6961
10/19/2012,0.6963
10/22/2012,0.6964
10/23/2012,0.6963
10/24/2012,0.6963
10/25/2012,0.6961
10/26/2012,0.6962
10/29/2012,0.6961
10/30/2012,0.6961
10/31/2012,0.6962
11/1/2012,0.6962
11/2/2012,0.6962
11/5/2012,0.6962
11/6/2012,0.6963
11/7/2012,0.6963
11/8/2012,0.696
11/9/2012,0.6962
11/12/2012,0.6963
11/13/2012,0.6962
11/14/2012,0.6961
11/15/2012,0.6961
11/16/2012,0.6963
11/19/2012,0.6961
11/20/2012,0.6961
11/21/2012,0.6961
11/22/2012,0.6962
11/23/2012,0.6961
11/26/2012,0.6963
11/27/2012,0.6963
11/28/2012,0.6965
11/29/2012,0.6962
11/30/2012,0.6962
12/3/2012,0.6963
12/4/2012,0.6964
12/5/2012,0.6965
12/6/2012,0.6963
12/7/2012,0.6964
12/10/2012,0.6963
12/11/2012,0.6961
12/12/2012,0.6961
12/13/2012,0.6962
12/14/2012,0.6963
12/17/2012,0.6963
12/18/2012,0.6961
12/19/2012,0.6963
12/20/2012,0.6963
12/21/2012,0.6964
12/24/2012,0.6965
12/27/2012,0.6971
12/28/2012,0.6978
12/31/2012,0.6977
1/2/2013,0.6981
1/3/2013,0.6977
1/4/2013,0.6973
1/7/2013,0.6975
1/8/2013,0.6969
1/9/2013,0.6968
1/10/2013,0.6966
1/11/2013,0.6975
1/14/2013,0.6973
1/15/2013,0.6972
1/16/2013,0.6976
1/17/2013,0.6977
1/18/2013,0.6975
1/21/2013,0.6976
1/22/2013,0.6978
1/23/2013,0.6979
1/24/2013,0.6985
1/25/2013,0.6987
1/28/2013,0.6987
1/29/2013,0.6991
1/30/2013,0.6991
1/31/2013,0.6995
2/1/2013,0.7003
2/4/2013,0.7003
2/5/2013,0.6999
2/6/2013,0.6999
2/7/2013,0.6998
2/8/2013,0.6996
2/11/2013,0.6995
2/12/2013,0.6998
2/13/2013,0.6997
2/14/2013,0.6997
2/15/2013,0.6996
2/18/2013,0.6995
2/19/2013,0.6997
2/20/2013,0.6997
2/21/2013,0.6997
2/22/2013,0.6997
2/25/2013,0.6999
2/26/2013,0.6996
2/27/2013,0.7006
2/28/2013,0.7007
3/1/2013,0.7006
3/4/2013,0.7004
3/5/2013,0.701
3/6/2013,0.7008
3/7/2013,0.7005
3/8/2013,0.701
3/11/2013,0.7008
3/12/2013,0.701
3/13/2013,0.7012
3/14/2013,0.7013
3/15/2013,0.7014
3/18/2013,0.7012
3/19/2013,0.7015
3/20/2013,0.7017
3/21/2013,0.7017
3/22/2013,0.7023
3/25/2013,0.7021
3/26/2013,0.7016
3/27/2013,0.7014
3/28/2013,0.7017
4/2/2013,0.7012
4/3/2013,0.7013
4/4/2013,0.7011
4/5/2013,0.7012
4/8/2013,0.701
4/9/2013,0.7009
4/10/2013,0.7007
4/11/2013,0.7009
4/12/2013,0.7006
4/15/2013,0.7006
4/16/2013,0.7006
4/17/2013,0.7005
4/18/2013,0.7002
4/19/2013,0.7002
4/22/2013,0.7002
4/23/2013,0.7005
4/24/2013,0.7001
4/25/2013,0.7
4/26/2013,0.6999
4/29/2013,0.7
4/30/2013,0.7
5/2/2013,0.7001
5/3/2013,0.6999
5/6/2013,0.7001
5/7/2013,0.7002
5/8/2013,0.7
5/9/2013,0.7001
5/10/2013,0.6998
5/13/2013,0.6998
5/14/2013,0.6993
5/15/2013,0.6994
5/16/2013,0.6992
5/17/2013,0.6993
5/20/2013,0.6997
5/21/2013,0.6999
5/22/2013,0.7002
5/23/2013,0.7005
5/24/2013,0.7003
5/27/2013,0.7013
5/28/2013,0.7012
5/29/2013,0.7013
5/30/2013,0.7014
5/31/2013,0.7018
6/3/2013,0.7015
6/4/2013,0.7019
6/5/2013,0.7024
6/6/2013,0.7022
6/7/2013,0.7019
6/10/2013,0.7018
6/11/2013,0.702
6/12/2013,0.7019
6/13/2013,0.7019
6/14/2013,0.7017
6/17/2013,0.7017
6/18/2013,0.7016
6/19/2013,0.7016
6/20/2013,0.7014
6/21/2013,0.7016
6/24/2013,0.7016
6/25/2013,0.7019
6/26/2013,0.7023
6/27/2013,0.7021
6/28/2013,0.7024
7/1/2013,0.7022
7/2/2013,0.7017
7/3/2013,0.702
7/4/2013,0.7019
7/5/2013,0.7019
7/8/2013,0.7021
7/9/2013,0.7025
7/10/2013,0.7022
7/11/2013,0.7026
7/12/2013,0.7027
7/15/2013,0.7026
7/16/2013,0.7025
7/17/2013,0.7025
7/18/2013,0.7024
7/19/2013,0.7025
7/22/2013,0.7025
7/23/2013,0.7022
7/24/2013,0.7025
7/25/2013,0.7025
7/26/2013,0.7025
7/29/2013,0.7024
7/30/2013,0.7027
7/31/2013,0.7028
8/1/2013,0.7029
8/2/2013,0.7028
8/5/2013,0.703
8/6/2013,0.7028
8/7/2013,0.7025
8/8/2013,0.7028
8/9/2013,0.703
8/12/2013,0.7026
8/13/2013,0.7027
8/14/2013,0.7025
8/15/2013,0.7024
8/16/2013,0.7027
8/19/2013,0.7028
8/20/2013,0.7027
8/21/2013,0.7028
8/22/2013,0.7023
8/23/2013,0.7027
8/26/2013,0.7024
8/27/2013,0.7024
8/28/2013,0.7027
8/29/2013,0.7027
8/30/2013,0.7028
9/2/2013,0.7026
9/3/2013,0.7025
9/4/2013,0.7027
9/5/2013,0.7026
9/6/2013,0.7026
9/9/2013,0.7024
9/10/2013,0.7025
9/11/2013,0.7027
9/12/2013,0.7025
9/13/2013,0.7024
9/16/2013,0.7025
9/17/2013,0.7027
9/18/2013,0.7026
9/19/2013,0.7025
9/20/2013,0.7025
9/23/2013,0.7025
9/24/2013,0.7026
9/25/2013,0.7026
9/26/2013,0.7028
9/27/2013,0.7028
9/30/2013,0.7027
10/1/2013,0.7027
10/2/2013,0.7027
10/3/2013,0.7026
10/4/2013,0.7028
10/7/2013,0.7028
10/8/2013,0.7026
10/9/2013,0.7027
10/10/2013,0.7027
10/11/2013,0.7027
10/14/2013,0.7028
10/15/2013,0.7024
10/16/2013,0.7025
10/17/2013,0.7027
10/18/2013,0.7027
10/21/2013,0.703
10/22/2013,0.7029
10/23/2013,0.7029
10/24/2013,0.703
10/25/2013,0.7026
10/28/2013,0.7029
10/29/2013,0.7028
10/30/2013,0.703
10/31/2013,0.703
11/1/2013,0.7027
11/4/2013,0.7028
11/5/2013,0.7025
11/6/2013,0.7025
11/7/2013,0.7025
11/8/2013,0.7025
11/11/2013,0.7028
11/12/2013,0.7028
11/13/2013,0.7029
11/14/2013,0.703
11/15/2013,0.7025
11/18/2013,0.7027
11/19/2013,0.7028
11/20/2013,0.7029
11/21/2013,0.7027
11/22/2013,0.7028
11/25/2013,0.703
11/26/2013,0.703
11/27/2013,0.7029
11/28/2013,0.7029
11/29/2013,0.703
12/2/2013,0.703
12/3/2013,0.7028
12/4/2013,0.7026
12/5/2013,0.7028
12/6/2013,0.703
12/9/2013,0.7031
12/10/2013,0.7031
12/11/2013,0.7031
12/12/2013,0.703
12/13/2013,0.703
12/16/2013,0.7029
12/17/2013,0.703
12/18/2013,0.7028
12/19/2013,0.7028
12/20/2013,0.7022
12/23/2013,0.7022
12/24/2013,0.7022
12/27/2013,0.7018
12/30/2013,0.7025
12/31/2013,0.702804
1/2/2014,?
1/3/2014,?
1/6/2014,?
1/7/2014,?
1/8/2014,?
1/9/2014,?
1/10/2014,?
1/13/2014,?
1/14/2014,?
1/15/2014,?
1/16/2014,?
1/17/2014,?
1/20/2014,?
1/21/2014,?
1/22/2014,?
1/23/2014,?
1/24/2014,?
1/27/2014,?
1/28/2014,?
1/29/2014,?
1/30/2014,?
1/31/2014,?
2/3/2014,?
2/4/2014,?
2/5/2014,?
2/6/2014,?
2/7/2014,?
2/10/2014,?
2/11/2014,?
2/12/2014,?
2/13/2014,?
2/14/2014,?
2/17/2014,?
2/18/2014,?
2/19/2014,?
2/20/2014,?
2/21/2014,?
2/24/2014,?
2/25/2014,?
2/26/2014,?
2/27/2014,?
2/28/2014,?
3/3/2014,?
3/4/2014,?
3/5/2014,?
3/6/2014,?
3/7/2014,?
3/10/2014,?
3/11/2014,?
3/12/2014,?
3/13/2014,?
3/14/2014,?
3/17/2014,?
3/18/2014,?
3/19/2014,?
3/20/2014,?
3/21/2014,?
3/24/2014,?
3/25/2014,?
3/26/2014,?
3/27/2014,?
3/28/2014,?
3/31/2014,?
4/1/2014,?
4/2/2014,?
4/3/2014,?
4/4/2014,?
4/7/2014,?
4/8/2014,?
4/9/2014,?
4/10/2014,?
4/11/2014,?
4/14/2014,?
4/15/2014,?
4/16/2014,?
4/17/2014,?
4/22/2014,?
4/23/2014,?
4/24/2014,?
4/25/2014,?
4/28/2014,?
4/29/2014,?
4/30/2014,?
5/2/2014,?
5/5/2014,?
5/6/2014,?
5/7/2014,?
5/8/2014,?
5/9/2014,?
5/12/2014,?
5/13/2014,?
5/14/2014,?
5/15/2014,?
5/16/2014,?
5/19/2014,?
5/20/2014,?
5/21/2014,?
5/22/2014,?
5/23/2014,?
5/26/2014,?
5/27/2014,?
5/28/2014,?
5/29/2014,?
5/30/2014,?
6/2/2014,?
6/3/2014,?
6/4/2014,?
6/5/2014,?
6/6/2014,?
6/9/2014,?
6/10/2014,?
6/11/2014,?
6/12/2014,?
6/13/2014,?
6/16/2014,?
6/17/2014,?
6/18/2014,?
6/19/2014,?
6/20/2014,?
6/23/2014,?
6/24/2014,?
6/25/2014,?
6/26/2014,?
6/27/2014,?
6/30/2014,?
7/1/2014,?
7/2/2014,?
7/3/2014,?
7/4/2014,?
7/7/2014,?
7/8/2014,?
7/9/2014,?
7/10/2014,?
7/11/2014,?
7/14/2014,?
7/15/2014,?
7/16/2014,?
7/17/2014,?
7/18/2014,?
7/21/2014,?
7/22/2014,?
7/23/2014,?
7/24/2014,?
7/25/2014,?
7/28/2014,?
7/29/2014,?
7/30/2014,?
7/31/2014,?
8/1/2014,?
8/4/2014,?
8/5/2014,?
8/6/2014,?
8/7/2014,?
8/8/2014,?
8/11/2014,?
8/12/2014,?
8/13/2014,?
8/14/2014,?
8/15/2014,?
8/18/2014,?
8/19/2014,?
8/20/2014,?
8/21/2014,?
8/22/2014,?
8/25/2014,?
8/26/2014,?
8/27/2014,?
8/28/2014,?
8/29/2014,?
9/1/2014,?
9/2/2014,?
9/3/2014,?
9/4/2014,?
9/5/2014,?
9/8/2014,?
9/9/2014,?
9/10/2014,?
9/11/2014,?
9/12/2014,?
9/15/2014,?
9/16/2014,?
9/17/2014,?
9/18/2014,?
9/19/2014,?
9/22/2014,?
9/23/2014,?
9/24/2014,?
9/25/2014,?
9/26/2014,?
9/29/2014,?
9/30/2014,?
10/1/2014,?
10/2/2014,?
10/3/2014,?
10/6/2014,?
10/7/2014,?
10/8/2014,?
10/9/2014,?
10/10/2014,?
10/13/2014,?
10/14/2014,?
10/15/2014,?
10/16/2014,?
10/17/2014,?
10/20/2014,?
10/21/2014,?
10/22/2014,?
10/23/2014,?
10/24/2014,?
10/27/2014,?
10/28/2014,?
10/29/2014,?
10/30/2014,?
10/31/2014,?
11/3/2014,?
11/4/2014,?
11/5/2014,?
11/6/2014,?
11/7/2014,?
11/10/2014,?
11/11/2014,?
11/12/2014,?
11/13/2014,?
11/14/2014,?
11/17/2014,?
11/18/2014,?
11/19/2014,?
11/20/2014,?
11/21/2014,?
11/24/2014,?
11/25/2014,?
11/26/2014,?
11/27/2014,?
11/28/2014,?
12/1/2014,?
12/2/2014,?
12/3/2014,?
12/4/2014,?
12/5/2014,?
12/8/2014,?
12/9/2014,?
12/10/2014,?
12/11/2014,?
12/12/2014,?
12/15/2014,?
12/16/2014,?
12/17/2014,?
12/18/2014,?
12/19/2014,?
12/22/2014,?
12/23/2014,?
12/24/2014,?
12/29/2014,?
12/30/2014,?
12/31/2014,?
1/2/2015,?
1/5/2015,?
1/6/2015,?
1/7/2015,?
1/8/2015,?
1/9/2015,?
1/12/2015,?
1/13/2015,?
1/14/2015,?
1/15/2015,?
1/16/2015,?
1/19/2015,?
1/20/2015,?
1/21/2015,?
1/22/2015,?
1/23/2015,?
1/26/2015,?
1/27/2015,?
1/28/2015,?
1/29/2015,?
1/30/2015,?
2/2/2015,?
2/3/2015,?
2/4/2015,?
2/5/2015,?
2/6/2015,?
2/9/2015,?
2/10/2015,?
2/11/2015,?
2/12/2015,?
2/13/2015,?
2/16/2015,?
2/17/2015,?
2/18/2015,?
2/19/2015,?
2/20/2015,?
2/23/2015,?
2/24/2015,?
2/25/2015,?
2/26/2015,?
2/27/2015,?
3/2/2015,?
3/3/2015,?
3/4/2015,?
3/5/2015,?
3/6/2015,?
3/9/2015,?
3/10/2015,?
3/11/2015,?
3/12/2015,?
3/13/2015,?
3/16/2015,?
3/17/2015,?
3/18/2015,?
3/19/2015,?
3/20/2015,?
3/23/2015,?
3/24/2015,?
3/25/2015,?
3/26/2015,?
3/27/2015,?
3/30/2015,?
3/31/2015,?
4/1/2015,?
4/2/2015,?
4/7/2015,?
4/8/2015,?
4/9/2015,?
4/10/2015,?
4/13/2015,?
4/14/2015,?
4/15/2015,?
4/16/2015,?
4/17/2015,?
4/20/2015,?
4/21/2015,?
4/22/2015,?
4/23/2015,?
4/24/2015,?
4/27/2015,?
4/28/2015,?
4/29/2015,?
4/30/2015,?
