Date,NZD
1/4/1999,2.2229
1/5/1999,2.2011
1/6/1999,2.189
1/7/1999,2.1531
1/8/1999,2.1557
1/11/1999,2.1257
1/12/1999,2.121
1/13/1999,2.1744
1/14/1999,2.157
1/15/1999,2.1582
1/18/1999,2.1671
1/19/1999,2.1614
1/20/1999,2.1499
1/21/1999,2.1489
1/22/1999,2.1519
1/25/1999,2.1659
1/26/1999,2.1669
1/27/1999,2.1594
1/28/1999,2.1365
1/29/1999,2.1107
2/1/1999,2.0861
2/2/1999,2.076
2/3/1999,2.0566
2/4/1999,2.0461
2/5/1999,2.0431
2/8/1999,2.0149
2/9/1999,2.0411
2/10/1999,2.0549
2/11/1999,2.0481
2/12/1999,2.055
2/15/1999,2.0531
2/16/1999,2.0854
2/17/1999,2.092
2/18/1999,2.0842
2/19/1999,2.0562
2/22/1999,2.0397
2/23/1999,2.039
2/24/1999,2.0768
2/25/1999,2.0902
2/26/1999,2.1071
3/1/1999,2.0936
3/2/1999,2.06
3/3/1999,2.0567
3/4/1999,2.067
3/5/1999,2.0498
3/8/1999,2.0413
3/9/1999,2.0354
3/10/1999,2.0461
3/11/1999,2.0368
3/12/1999,2.0522
3/15/1999,2.0483
3/16/1999,2.0613
3/17/1999,2.0842
3/18/1999,2.0721
3/19/1999,2.0521
3/22/1999,2.0381
3/23/1999,2.0221
3/24/1999,2.0301
3/25/1999,2.0329
3/26/1999,2.0138
3/29/1999,2.0073
3/30/1999,2.0107
3/31/1999,2.0243
4/1/1999,2.0108
4/2/1999,2.0204
4/5/1999,2.0148
4/6/1999,2.0263
4/7/1999,2.0341
4/8/1999,2.0382
4/9/1999,2.0212
4/12/1999,2.0041
4/13/1999,1.9875
4/14/1999,1.9836
4/15/1999,1.9963
4/16/1999,1.9638
4/19/1999,1.9338
4/20/1999,1.9332
4/21/1999,1.9358
4/22/1999,1.9392
4/23/1999,1.9305
4/26/1999,1.9358
4/27/1999,1.9423
4/28/1999,1.9368
4/29/1999,1.9063
4/30/1999,1.8962
5/3/1999,1.8916
5/4/1999,1.8933
5/5/1999,1.9171
5/6/1999,1.9144
5/7/1999,1.9233
5/10/1999,1.9183
5/11/1999,1.9125
5/12/1999,1.9004
5/13/1999,1.8992
5/14/1999,1.9103
5/17/1999,1.9175
5/18/1999,1.9032
5/19/1999,1.9268
5/20/1999,1.9372
5/21/1999,1.9285
5/24/1999,1.9454
5/25/1999,1.9494
5/26/1999,1.9717
5/27/1999,1.9543
5/28/1999,1.9557
5/31/1999,1.9531
6/1/1999,1.9661
6/2/1999,1.9689
6/3/1999,1.98
6/4/1999,1.9444
6/7/1999,1.9209
6/8/1999,1.9549
6/9/1999,1.9568
6/10/1999,1.9572
6/11/1999,1.9419
6/14/1999,1.9457
6/15/1999,1.9427
6/16/1999,1.9501
6/17/1999,1.9309
6/18/1999,1.9515
6/21/1999,1.9515
6/22/1999,1.9519
6/23/1999,1.9328
6/24/1999,1.9246
6/25/1999,1.9471
6/28/1999,1.9428
6/29/1999,1.9503
6/30/1999,1.9404
7/1/1999,1.9164
7/2/1999,1.9242
7/5/1999,1.9327
7/6/1999,1.9244
7/7/1999,1.9496
7/8/1999,1.9465
7/9/1999,1.9327
7/12/1999,1.9306
7/13/1999,1.946
7/14/1999,1.946
7/15/1999,1.9514
7/16/1999,1.947
7/19/1999,1.94
7/20/1999,1.9891
7/21/1999,2.0023
7/22/1999,1.9818
7/23/1999,1.978
7/26/1999,2.0244
7/27/1999,2.0292
7/28/1999,2.0279
7/29/1999,2.0242
7/30/1999,2.0168
8/2/1999,2.0252
8/3/1999,2.0145
8/4/1999,2.005
8/5/1999,2.025
8/6/1999,2.0304
8/9/1999,2.0303
8/10/1999,2.0294
8/11/1999,2.0185
8/12/1999,2.0093
8/13/1999,2.012
8/16/1999,1.9881
8/17/1999,2.0044
8/18/1999,1.9977
8/19/1999,1.9828
8/20/1999,2.0096
8/23/1999,1.9934
8/24/1999,1.9951
8/25/1999,2.0246
8/26/1999,2.0299
8/27/1999,2.0341
8/30/1999,2.0358
8/31/1999,2.0439
9/1/1999,2.0636
9/2/1999,2.0484
9/3/1999,2.0612
9/6/1999,2.0498
9/7/1999,2.0137
9/8/1999,2.0104
9/9/1999,2.0066
9/10/1999,1.9745
9/13/1999,1.938
9/14/1999,1.9538
9/15/1999,1.9808
9/16/1999,1.979
9/17/1999,1.9757
9/20/1999,1.9929
9/21/1999,1.9783
9/22/1999,1.9975
9/23/1999,1.9966
9/24/1999,2.0253
9/27/1999,2.0106
9/28/1999,2.0427
9/29/1999,2.0483
9/30/1999,2.0649
10/1/1999,2.0688
10/4/1999,2.0572
10/5/1999,2.0405
10/6/1999,2.0569
10/7/1999,2.0535
10/8/1999,2.0669
10/11/1999,2.0625
10/12/1999,2.0623
10/13/1999,2.0819
10/14/1999,2.1154
10/15/1999,2.1277
10/18/1999,2.139
10/19/1999,2.1247
10/20/1999,2.0947
10/21/1999,2.0952
10/22/1999,2.0902
10/25/1999,2.0772
10/26/1999,2.0581
10/27/1999,2.0725
10/28/1999,2.0714
10/29/1999,2.0589
11/1/1999,2.0775
11/2/1999,2.0628
11/3/1999,2.0464
11/4/1999,2.0572
11/5/1999,2.0306
11/8/1999,2.0372
11/9/1999,2.0467
11/10/1999,2.031
11/11/1999,2.0279
11/12/1999,2.0004
11/15/1999,1.9769
11/16/1999,1.9927
11/17/1999,2.0161
11/18/1999,2.0242
11/19/1999,2.0216
11/22/1999,2.0205
11/23/1999,2.0125
11/24/1999,2.0012
11/25/1999,1.9872
11/26/1999,1.978
11/29/1999,1.9664
11/30/1999,1.9759
12/1/1999,1.9744
12/2/1999,1.9698
12/3/1999,1.9865
12/6/1999,2.0162
12/7/1999,2.0152
12/8/1999,2.0122
12/9/1999,2.0026
12/10/1999,2.0376
12/13/1999,2.0552
12/14/1999,2.0234
12/15/1999,2.031
12/16/1999,2.0207
12/17/1999,1.9949
12/20/1999,1.9968
12/21/1999,1.9565
12/22/1999,1.9527
12/23/1999,1.9573
12/24/1999,1.9676
12/27/1999,1.9641
12/28/1999,1.9573
12/29/1999,1.9321
12/30/1999,1.9357
1/3/2000,1.9331
1/4/2000,1.9745
1/5/2000,1.9956
1/6/2000,2.0064
1/7/2000,1.9942
1/10/2000,1.9783
1/11/2000,1.9866
1/12/2000,1.9882
1/13/2000,1.9645
1/14/2000,1.9595
1/17/2000,1.947
1/18/2000,1.9545
1/19/2000,1.9563
1/20/2000,1.957
1/21/2000,1.9623
1/24/2000,1.9775
1/25/2000,1.9612
1/26/2000,1.9708
1/27/2000,1.9599
1/28/2000,1.992
1/31/2000,1.9848
2/1/2000,1.97
2/2/2000,1.9879
2/3/2000,1.9798
2/4/2000,1.9988
2/7/2000,1.9741
2/8/2000,2.0073
2/9/2000,2.0044
2/10/2000,2.001
2/11/2000,1.9905
2/14/2000,2.0151
2/15/2000,2.0111
2/16/2000,1.9994
2/17/2000,2.0152
2/18/2000,2.002
2/21/2000,2.0135
2/22/2000,2.0409
2/23/2000,2.0767
2/24/2000,2.0368
2/25/2000,2.0076
2/28/2000,1.9889
2/29/2000,1.9986
3/1/2000,1.9975
3/2/2000,1.9853
3/3/2000,1.9787
3/6/2000,1.9797
3/7/2000,1.9841
3/8/2000,1.9618
3/9/2000,1.9593
3/10/2000,1.9422
3/13/2000,1.9756
3/14/2000,1.9589
3/15/2000,1.9789
3/16/2000,1.974
3/17/2000,1.9922
3/20/2000,2.0124
3/21/2000,1.9891
3/22/2000,1.97
3/23/2000,1.9811
3/24/2000,1.9921
3/27/2000,1.9547
3/28/2000,1.919
3/29/2000,1.9175
3/30/2000,1.9141
3/31/2000,1.9328
4/3/2000,1.9189
4/4/2000,1.9107
4/5/2000,1.9321
4/6/2000,1.9208
4/7/2000,1.9288
4/10/2000,1.928
4/11/2000,1.9236
4/12/2000,1.9231
4/13/2000,1.9109
4/14/2000,1.9201
4/17/2000,1.9297
4/18/2000,1.9203
4/19/2000,1.899
4/20/2000,1.8907
4/25/2000,1.8743
4/26/2000,1.8871
4/27/2000,1.8827
4/28/2000,1.8733
5/2/2000,1.8744
5/3/2000,1.8212
5/4/2000,1.8252
5/5/2000,1.8318
5/8/2000,1.8427
5/9/2000,1.8845
5/10/2000,1.894
5/11/2000,1.9164
5/12/2000,1.8927
5/15/2000,1.9281
5/16/2000,1.923
5/17/2000,1.9358
5/18/2000,2.002
5/19/2000,1.9596
5/22/2000,1.977
5/23/2000,1.9798
5/24/2000,2.0097
5/25/2000,1.9845
5/26/2000,2.0134
5/29/2000,2.021
5/30/2000,2.035
5/31/2000,2.0295
6/1/2000,2.0358
6/2/2000,2.0375
6/5/2000,2.0068
6/6/2000,2.023
6/7/2000,2.0233
6/8/2000,2.045
6/9/2000,2.0271
6/12/2000,2.0244
6/13/2000,2.0255
6/14/2000,2.0288
6/15/2000,2.031
6/16/2000,2.001
6/19/2000,2.0346
6/20/2000,2.0053
6/21/2000,1.9958
6/22/2000,1.9855
6/23/2000,2.0012
6/26/2000,1.9892
6/27/2000,1.9968
6/28/2000,2.0062
6/29/2000,2.028
6/30/2000,2.031
7/3/2000,2.0267
7/4/2000,2.0431
7/5/2000,2.0589
7/6/2000,2.0685
7/7/2000,2.0685
7/10/2000,2.0581
7/11/2000,2.074
7/12/2000,2.0603
7/13/2000,2.0225
7/14/2000,2.0333
7/17/2000,2.0311
7/18/2000,2.041
7/19/2000,2.0239
7/20/2000,2.0124
7/21/2000,2.0138
7/24/2000,2.0195
7/25/2000,2.0375
7/26/2000,2.0353
7/27/2000,2.0387
7/28/2000,2.0225
7/31/2000,2.0386
8/1/2000,2.0356
8/2/2000,2.0177
8/3/2000,1.9949
8/4/2000,1.9914
8/7/2000,1.9992
8/8/2000,1.991
8/9/2000,1.9855
8/10/2000,2.0027
8/11/2000,2.0188
8/14/2000,2.014
8/15/2000,2.0294
8/16/2000,2.0216
8/17/2000,2.0264
8/18/2000,2.0253
8/21/2000,2.001
8/22/2000,2.0092
8/23/2000,2.0715
8/24/2000,2.0729
8/25/2000,2.0742
8/28/2000,2.0644
8/29/2000,2.085
8/30/2000,2.0898
8/31/2000,2.0801
9/1/2000,2.098
9/4/2000,2.0947
9/5/2000,2.0798
9/6/2000,2.0685
9/7/2000,2.0956
9/8/2000,2.0751
9/11/2000,2.0365
9/12/2000,2.007
9/13/2000,2.0524
9/14/2000,2.075
9/15/2000,2.0545
9/18/2000,2.0612
9/19/2000,2.0653
9/20/2000,2.064
9/21/2000,2.1152
9/22/2000,2.1383
9/25/2000,2.1299
9/26/2000,2.1285
9/27/2000,2.1406
9/28/2000,2.1205
9/29/2000,2.151
10/2/2000,2.1704
10/3/2000,2.1765
10/4/2000,2.1685
10/5/2000,2.1745
10/6/2000,2.1621
10/9/2000,2.1578
10/10/2000,2.1605
10/11/2000,2.143
10/12/2000,2.1699
10/13/2000,2.157
10/16/2000,2.1463
10/17/2000,2.1585
10/18/2000,2.1545
10/19/2000,2.1455
10/20/2000,2.0923
10/23/2000,2.0851
10/24/2000,2.0775
10/25/2000,2.0805
10/26/2000,2.0682
10/27/2000,2.0835
10/30/2000,2.0943
10/31/2000,2.1355
11/1/2000,2.1484
11/2/2000,2.1605
11/3/2000,2.175
11/6/2000,2.163
11/7/2000,2.162
11/8/2000,2.1467
11/9/2000,2.1462
11/10/2000,2.1764
11/13/2000,2.1842
11/14/2000,2.16
11/15/2000,2.1579
11/16/2000,2.1508
11/17/2000,2.1303
11/20/2000,2.144
11/21/2000,2.1541
11/22/2000,2.1152
11/23/2000,2.1139
11/24/2000,2.1043
11/27/2000,2.105
11/28/2000,2.0924
11/29/2000,2.1341
11/30/2000,2.1387
12/1/2000,2.1053
12/4/2000,2.1035
12/5/2000,2.0902
12/6/2000,2.0742
12/7/2000,2.0843
12/8/2000,2.0827
12/11/2000,2.0794
12/12/2000,2.0705
12/13/2000,2.0774
12/14/2000,2.091
12/15/2000,2.0956
12/18/2000,2.095
12/19/2000,2.0792
12/20/2000,2.0815
12/21/2000,2.083
12/22/2000,2.1036
12/27/2000,2.1083
12/28/2000,2.1035
12/29/2000,2.112
1/2/2001,2.1365
1/3/2001,2.1272
1/4/2001,2.126
1/5/2001,2.1139
1/8/2001,2.1087
1/9/2001,2.1139
1/10/2001,2.0997
1/11/2001,2.1154
1/12/2001,2.1152
1/15/2001,2.1234
1/16/2001,2.1108
1/17/2001,2.098
1/18/2001,2.1052
1/19/2001,2.0964
1/22/2001,2.0827
1/23/2001,2.1009
1/24/2001,2.0925
1/25/2001,2.1081
1/26/2001,2.1211
1/29/2001,2.111
1/30/2001,2.1096
1/31/2001,2.1113
2/1/2001,2.1037
2/2/2001,2.0895
2/5/2001,2.1321
2/6/2001,2.1105
2/7/2001,2.1062
2/8/2001,2.101
2/9/2001,2.108
2/12/2001,2.1276
2/13/2001,2.1256
2/14/2001,2.1277
2/15/2001,2.1398
2/16/2001,2.126
2/19/2001,2.1355
2/20/2001,2.1241
2/21/2001,2.1327
2/22/2001,2.1196
2/23/2001,2.1095
2/26/2001,2.0955
2/27/2001,2.1125
2/28/2001,2.1415
3/1/2001,2.1429
3/2/2001,2.1453
3/5/2001,2.1537
3/6/2001,2.1645
3/7/2001,2.1917
3/8/2001,2.2165
3/9/2001,2.2054
3/12/2001,2.2137
3/13/2001,2.2103
3/14/2001,2.2048
3/15/2001,2.2044
3/16/2001,2.1782
3/19/2001,2.1378
3/20/2001,2.1657
3/21/2001,2.159
3/22/2001,2.1549
3/23/2001,2.1512
3/26/2001,2.1827
3/27/2001,2.1683
3/28/2001,2.1583
3/29/2001,2.1511
3/30/2001,2.1962
4/2/2001,2.201
4/3/2001,2.2099
4/4/2001,2.2312
4/5/2001,2.2269
4/6/2001,2.2175
4/9/2001,2.2302
4/10/2001,2.229
4/11/2001,2.1856
4/12/2001,2.1785
4/17/2001,2.1725
4/18/2001,2.1805
4/19/2001,2.176
4/20/2001,2.1885
4/23/2001,2.198
4/24/2001,2.2044
4/25/2001,2.1863
4/26/2001,2.1903
4/27/2001,2.1828
4/30/2001,2.1637
5/2/2001,2.1109
5/3/2001,2.1117
5/4/2001,2.1145
5/7/2001,2.1158
5/8/2001,2.1002
5/9/2001,2.087
5/10/2001,2.087
5/11/2001,2.0625
5/14/2001,2.0898
5/15/2001,2.1021
5/16/2001,2.1062
5/17/2001,2.0712
5/18/2001,2.0594
5/21/2001,2.0508
5/22/2001,2.0457
5/23/2001,2.0322
5/24/2001,2.0527
5/25/2001,2.0303
5/28/2001,2.023
5/29/2001,2.0285
5/30/2001,2.0467
5/31/2001,2.0628
6/1/2001,2.06
6/4/2001,2.0645
6/5/2001,2.059
6/6/2001,2.0581
6/7/2001,2.051
6/8/2001,2.0266
6/11/2001,2.0236
6/12/2001,2.0236
6/13/2001,2.0316
6/14/2001,2.0468
6/15/2001,2.07
6/18/2001,2.0735
6/19/2001,2.067
6/20/2001,2.062
6/21/2001,2.073
6/22/2001,2.0635
6/25/2001,2.085
6/26/2001,2.0645
6/27/2001,2.0632
6/28/2001,2.0665
6/29/2001,2.1045
7/2/2001,2.0843
7/3/2001,2.078
7/4/2001,2.0789
7/5/2001,2.0821
7/6/2001,2.0861
7/9/2001,2.0946
7/10/2001,2.098
7/11/2001,2.1105
7/12/2001,2.1126
7/13/2001,2.099
7/16/2001,2.1055
7/17/2001,2.0996
7/18/2001,2.1118
7/19/2001,2.1062
7/20/2001,2.1239
7/23/2001,2.118
7/24/2001,2.1224
7/25/2001,2.1379
7/26/2001,2.1236
7/27/2001,2.1328
7/30/2001,2.1269
7/31/2001,2.1304
8/1/2001,2.131
8/2/2001,2.1005
8/3/2001,2.111
8/6/2001,2.106
8/7/2001,2.0976
8/8/2001,2.0822
8/9/2001,2.0836
8/10/2001,2.1009
8/13/2001,2.0982
8/14/2001,2.102
8/15/2001,2.0975
8/16/2001,2.0948
8/17/2001,2.087
8/20/2001,2.0864
8/21/2001,2.0874
8/22/2001,2.074
8/23/2001,2.0715
8/24/2001,2.0806
8/27/2001,2.0761
8/28/2001,2.0746
8/29/2001,2.0685
8/30/2001,2.0701
8/31/2001,2.0775
9/3/2001,2.076
9/4/2001,2.069
9/5/2001,2.0617
9/6/2001,2.0483
9/7/2001,2.0679
9/10/2001,2.1025
9/11/2001,2.1018
9/12/2001,2.1212
9/13/2001,2.134
9/14/2001,2.1862
9/17/2001,2.2537
9/18/2001,2.2565
9/19/2001,2.2582
9/20/2001,2.2505
9/21/2001,2.2825
9/24/2001,2.2551
9/25/2001,2.2503
9/26/2001,2.254
9/27/2001,2.2925
9/28/2001,2.2395
10/1/2001,2.2462
10/2/2001,2.2678
10/3/2001,2.2594
10/4/2001,2.2294
10/5/2001,2.2022
10/8/2001,2.2144
10/9/2001,2.2187
10/10/2001,2.2041
10/11/2001,2.1968
10/12/2001,2.1849
10/15/2001,2.1603
10/16/2001,2.1576
10/17/2001,2.1504
10/18/2001,2.1645
10/19/2001,2.1665
10/22/2001,2.1547
10/23/2001,2.1322
10/24/2001,2.13
10/25/2001,2.1417
10/26/2001,2.1605
10/29/2001,2.1717
10/30/2001,2.1768
10/31/2001,2.193
11/1/2001,2.1823
11/2/2001,2.1861
11/5/2001,2.1595
11/6/2001,2.1345
11/7/2001,2.147
11/8/2001,2.141
11/9/2001,2.1321
11/12/2001,2.1118
11/13/2001,2.0935
11/14/2001,2.0815
11/15/2001,2.1035
11/16/2001,2.1145
11/19/2001,2.115
11/20/2001,2.1255
11/21/2001,2.1337
11/22/2001,2.1436
11/23/2001,2.1415
11/26/2001,2.1333
11/27/2001,2.1148
11/28/2001,2.1335
11/29/2001,2.1474
11/30/2001,2.1338
12/3/2001,2.1533
12/4/2001,2.1523
12/5/2001,2.1551
12/6/2001,2.136
12/7/2001,2.1422
12/10/2001,2.1338
12/11/2001,2.1375
12/12/2001,2.1242
12/13/2001,2.1392
12/14/2001,2.1582
12/17/2001,2.163
12/18/2001,2.1588
12/19/2001,2.1565
12/20/2001,2.1751
12/21/2001,2.1621
12/24/2001,2.1177
12/27/2001,2.134
12/28/2001,2.1215
1/2/2002,2.1469
1/3/2002,2.1279
1/4/2002,2.0916
1/7/2002,2.0838
1/8/2002,2.0774
1/9/2002,2.0812
1/10/2002,2.074
1/11/2002,2.103
1/14/2002,2.1077
1/15/2002,2.1105
1/16/2002,2.101
1/17/2002,2.0945
1/18/2002,2.0847
1/21/2002,2.0686
1/22/2002,2.0587
1/23/2002,2.0655
1/24/2002,2.0626
1/25/2002,2.0436
1/28/2002,2.0368
1/29/2002,2.041
1/30/2002,2.0832
1/31/2002,2.072
2/1/2002,2.068
2/4/2002,2.0645
2/5/2002,2.077
2/6/2002,2.08
2/7/2002,2.0865
2/8/2002,2.092
2/11/2002,2.0871
2/12/2002,2.0943
2/13/2002,2.09
2/14/2002,2.0671
2/15/2002,2.066
2/18/2002,2.0625
2/19/2002,2.068
2/20/2002,2.0795
2/21/2002,2.081
2/22/2002,2.0859
2/25/2002,2.0915
2/26/2002,2.077
2/27/2002,2.0673
2/28/2002,2.0576
3/1/2002,2.0575
3/4/2002,2.0315
3/5/2002,2.0426
3/6/2002,2.046
3/7/2002,2.036
3/8/2002,2.0464
3/11/2002,2.0473
3/12/2002,2.045
3/13/2002,2.039
3/14/2002,2.0508
3/15/2002,2.037
3/18/2002,2.0214
3/19/2002,2.033
3/20/2002,2.0041
3/21/2002,2.002
3/22/2002,1.9989
3/25/2002,1.9941
3/26/2002,1.9999
3/27/2002,2.0068
3/28/2002,1.9825
4/2/2002,1.9892
4/3/2002,2.0082
4/4/2002,1.9976
4/5/2002,1.9998
4/8/2002,2.0223
4/9/2002,2.0099
4/10/2002,2.0098
4/11/2002,1.9925
4/12/2002,1.9904
4/15/2002,1.9966
4/16/2002,2.0066
4/17/2002,1.9966
4/18/2002,1.9998
4/19/2002,1.9857
4/22/2002,1.9886
4/23/2002,1.99
4/24/2002,1.9915
4/25/2002,1.989
4/26/2002,1.9965
4/29/2002,2.0122
4/30/2002,2.0163
5/2/2002,2.0213
5/3/2002,2.0284
5/6/2002,2.0429
5/7/2002,2.0366
5/8/2002,2.0162
5/9/2002,2.0129
5/10/2002,2.016
5/13/2002,2.002
5/14/2002,1.9895
5/15/2002,1.9777
5/16/2002,1.982
5/17/2002,1.9767
5/20/2002,1.9764
5/21/2002,1.973
5/22/2002,1.9605
5/23/2002,1.9635
5/24/2002,1.963
5/27/2002,1.9419
5/28/2002,1.9449
5/29/2002,1.9541
5/30/2002,1.9658
5/31/2002,1.9441
6/3/2002,1.9302
6/4/2002,1.9158
6/5/2002,1.9193
6/6/2002,1.9166
6/7/2002,1.9268
6/10/2002,1.9365
6/11/2002,1.9355
6/12/2002,1.9255
6/13/2002,1.9246
6/14/2002,1.9443
6/17/2002,1.9542
6/18/2002,1.9439
6/19/2002,1.9602
6/20/2002,1.959
6/21/2002,1.9486
6/24/2002,1.9605
6/25/2002,1.9867
6/26/2002,1.996
6/27/2002,2.0096
6/28/2002,2.0397
7/1/2002,2.04
7/2/2002,2.0218
7/3/2002,2.008
7/4/2002,2.0152
7/5/2002,2.0053
7/8/2002,2.0059
7/9/2002,2.0185
7/10/2002,2.0114
7/11/2002,2.047
7/12/2002,2.042
7/15/2002,2.0518
7/16/2002,2.0805
7/17/2002,2.085
7/18/2002,2.09
7/19/2002,2.0926
7/22/2002,2.082
7/23/2002,2.0763
7/24/2002,2.1401
7/25/2002,2.1451
7/26/2002,2.1555
7/29/2002,2.107
7/30/2002,2.0863
7/31/2002,2.0788
8/1/2002,2.1074
8/2/2002,2.1216
8/5/2002,2.1295
8/6/2002,2.1505
8/7/2002,2.1415
8/8/2002,2.1292
8/9/2002,2.1256
8/12/2002,2.1108
8/13/2002,2.1243
8/14/2002,2.133
8/15/2002,2.105
8/16/2002,2.1138
8/19/2002,2.099
8/20/2002,2.0876
8/21/2002,2.0845
8/22/2002,2.1054
8/23/2002,2.074
8/26/2002,2.0757
8/27/2002,2.0727
8/28/2002,2.082
8/29/2002,2.098
8/30/2002,2.097
9/2/2002,2.0891
9/3/2002,2.1055
9/4/2002,2.1339
9/5/2002,2.1375
9/6/2002,2.1165
9/9/2002,2.0902
9/10/2002,2.0715
9/11/2002,2.076
9/12/2002,2.0539
9/13/2002,2.0635
9/16/2002,2.0601
9/17/2002,2.06
9/18/2002,2.0663
9/19/2002,2.064
9/20/2002,2.0772
9/23/2002,2.0862
9/24/2002,2.0905
9/25/2002,2.0737
9/26/2002,2.0941
9/27/2002,2.0747
9/30/2002,2.0936
10/1/2002,2.0996
10/2/2002,2.0732
10/3/2002,2.0788
10/4/2002,2.0653
10/7/2002,2.0268
10/8/2002,2.0321
10/9/2002,2.0461
10/10/2002,2.0571
10/11/2002,2.0515
10/14/2002,2.0616
10/15/2002,2.0465
10/16/2002,2.0485
10/17/2002,2.0274
10/18/2002,2.0218
10/21/2002,2.0198
10/22/2002,2.0205
10/23/2002,2.015
10/24/2002,2.0002
10/25/2002,2.0055
10/28/2002,1.9961
10/29/2002,2.0125
10/30/2002,2.031
10/31/2002,2.0405
11/1/2002,2.0365
11/4/2002,2.0095
11/5/2002,2.0151
11/6/2002,2.0099
11/7/2002,2.0121
11/8/2002,2.0299
11/11/2002,2.05
11/12/2002,2.041
11/13/2002,2.0341
11/14/2002,2.0205
11/15/2002,2.0072
11/18/2002,2.0241
11/19/2002,2.0325
11/20/2002,2.0224
11/21/2002,1.9932
11/22/2002,1.9915
11/25/2002,1.9856
11/26/2002,1.9886
11/27/2002,2.0123
11/28/2002,2.0097
11/29/2002,1.999
12/2/2002,1.9752
12/3/2002,1.9974
12/4/2002,2.0012
12/5/2002,1.993
12/6/2002,1.9976
12/9/2002,2.0052
12/10/2002,2.0008
12/11/2002,2.004
12/12/2002,1.9965
12/13/2002,1.9946
12/16/2002,1.991
12/17/2002,1.9867
12/18/2002,1.987
12/19/2002,1.9903
12/20/2002,1.987
12/23/2002,1.9934
12/24/2002,1.994
12/27/2002,2.001
12/30/2002,2.001
12/31/2002,1.9975
1/2/2003,1.9942
1/3/2003,1.982
1/6/2003,1.9735
1/7/2003,1.963
1/8/2003,1.9617
1/9/2003,1.9685
1/10/2003,1.9611
1/13/2003,1.9606
1/14/2003,1.961
1/15/2003,1.962
1/16/2003,1.946
1/17/2003,1.9317
1/20/2003,1.9364
1/21/2003,1.9463
1/22/2003,1.969
1/23/2003,1.961
1/24/2003,1.9655
1/27/2003,1.978
1/28/2003,1.9795
1/29/2003,1.9775
1/30/2003,1.9655
1/31/2003,1.982
2/3/2003,1.979
2/4/2003,1.9736
2/5/2003,1.9815
2/6/2003,1.9741
2/7/2003,1.97
2/10/2003,1.958
2/11/2003,1.9525
2/12/2003,1.945
2/13/2003,1.9565
2/14/2003,1.9549
2/17/2003,1.9505
2/18/2003,1.9454
2/19/2003,1.94
2/20/2003,1.9407
2/21/2003,1.9345
2/24/2003,1.9012
2/25/2003,1.9037
2/26/2003,1.9084
2/27/2003,1.9132
2/28/2003,1.9314
3/3/2003,1.93
3/4/2003,1.9417
3/5/2003,1.9455
3/6/2003,1.941
3/7/2003,1.9498
3/10/2003,1.9642
3/11/2003,1.986
3/12/2003,2.0056
3/13/2003,1.9884
3/14/2003,1.965
3/17/2003,1.9528
3/18/2003,1.9438
3/19/2003,1.9212
3/20/2003,1.9152
3/21/2003,1.919
3/24/2003,1.9296
3/25/2003,1.9312
3/26/2003,1.941
3/27/2003,1.951
3/28/2003,1.9495
3/31/2003,1.9721
4/1/2003,1.9693
4/2/2003,1.9685
4/3/2003,1.9585
4/4/2003,1.9705
4/7/2003,1.979
4/8/2003,1.9606
4/9/2003,1.9667
4/10/2003,1.9739
4/11/2003,1.9712
4/14/2003,1.9705
4/15/2003,1.9706
4/16/2003,1.9445
4/17/2003,1.9671
4/22/2003,1.9565
4/23/2003,1.9608
4/24/2003,1.9877
4/25/2003,1.9821
4/28/2003,1.9776
4/29/2003,1.9735
4/30/2003,1.99
5/2/2003,1.9991
5/5/2003,1.989
5/6/2003,1.9977
5/7/2003,1.9958
5/8/2003,1.9953
5/9/2003,1.9915
5/12/2003,1.9966
5/13/2003,1.9991
5/14/2003,2.002
5/15/2003,1.997
5/16/2003,1.9879
5/19/2003,1.9964
5/20/2003,1.9949
5/21/2003,2.0004
5/22/2003,2.0148
5/23/2003,2.0178
5/26/2003,2.0242
5/27/2003,2.0333
5/28/2003,2.037
5/29/2003,2.0548
5/30/2003,2.0499
6/2/2003,2.0275
6/3/2003,2.0223
6/4/2003,2.0073
6/5/2003,2.0387
6/6/2003,2.0453
6/9/2003,2.0343
6/10/2003,2.0336
6/11/2003,2.0336
6/12/2003,2.03
6/13/2003,2.0314
6/16/2003,2.0323
6/17/2003,2.0206
6/18/2003,2.0026
6/19/2003,1.9967
6/20/2003,1.9909
6/23/2003,1.9708
6/24/2003,1.9726
6/25/2003,1.9707
6/26/2003,1.9619
6/27/2003,1.9648
6/30/2003,1.9569
7/1/2003,1.9424
7/2/2003,1.9459
7/3/2003,1.9295
7/4/2003,1.9252
7/7/2003,1.8982
7/8/2003,1.9094
7/9/2003,1.9235
7/10/2003,1.9417
7/11/2003,1.9189
7/14/2003,1.9142
7/15/2003,1.927
7/16/2003,1.9224
7/17/2003,1.9206
7/18/2003,1.9488
7/21/2003,1.9697
7/22/2003,1.9663
7/23/2003,1.9715
7/24/2003,1.9559
7/25/2003,1.9569
7/28/2003,1.9522
7/29/2003,1.944
7/30/2003,1.9526
7/31/2003,1.9521
8/1/2003,1.9298
8/4/2003,1.9339
8/5/2003,1.9566
8/6/2003,1.9646
8/7/2003,1.9643
8/8/2003,1.945
8/11/2003,1.9284
8/12/2003,1.9265
8/13/2003,1.9253
8/14/2003,1.9185
8/15/2003,1.9102
8/18/2003,1.8981
8/19/2003,1.8956
8/20/2003,1.8908
8/21/2003,1.8697
8/22/2003,1.8737
8/25/2003,1.8629
8/26/2003,1.8829
8/27/2003,1.9089
8/28/2003,1.8997
8/29/2003,1.9016
9/1/2003,1.9016
9/2/2003,1.9014
9/3/2003,1.9079
9/4/2003,1.9057
9/5/2003,1.9122
9/8/2003,1.9212
9/9/2003,1.92
9/10/2003,1.9182
9/11/2003,1.9284
9/12/2003,1.9249
9/15/2003,1.9282
9/16/2003,1.9175
9/17/2003,1.9182
9/18/2003,1.9341
9/19/2003,1.9218
9/22/2003,1.9195
9/23/2003,1.9273
9/24/2003,1.9246
9/25/2003,1.9209
9/26/2003,1.9493
9/29/2003,1.9427
9/30/2003,1.9538
10/1/2003,1.958
10/2/2003,1.9577
10/3/2003,1.9577
10/6/2003,1.9477
10/7/2003,1.9693
10/8/2003,1.9705
10/9/2003,1.9598
10/10/2003,1.9654
10/13/2003,1.9541
10/14/2003,1.9588
10/15/2003,1.9652
10/16/2003,1.9519
10/17/2003,1.9453
10/20/2003,1.9526
10/21/2003,1.9449
10/22/2003,1.9371
10/23/2003,1.9397
10/24/2003,1.9369
10/27/2003,1.9272
10/28/2003,1.9092
10/29/2003,1.9048
10/30/2003,1.9096
10/31/2003,1.9022
11/3/2003,1.892
11/4/2003,1.8785
11/5/2003,1.8593
11/6/2003,1.8563
11/7/2003,1.8588
11/10/2003,1.8522
11/11/2003,1.8381
11/12/2003,1.8522
11/13/2003,1.8574
11/14/2003,1.8644
11/17/2003,1.8733
11/18/2003,1.8652
11/19/2003,1.8754
11/20/2003,1.8516
11/21/2003,1.8519
11/24/2003,1.8496
11/25/2003,1.8492
11/26/2003,1.8541
11/27/2003,1.8638
11/28/2003,1.8718
12/1/2003,1.8701
12/2/2003,1.8606
12/3/2003,1.8624
12/4/2003,1.8684
12/5/2003,1.8772
12/8/2003,1.886
12/9/2003,1.8909
12/10/2003,1.8862
12/11/2003,1.887
12/12/2003,1.8894
12/15/2003,1.8914
12/16/2003,1.8934
12/17/2003,1.9041
12/18/2003,1.9265
12/19/2003,1.9249
12/22/2003,1.9337
12/23/2003,1.9289
12/24/2003,1.9181
12/29/2003,1.9248
12/30/2003,1.9139
12/31/2003,1.9244
1/2/2004,1.9184
1/5/2004,1.8916
1/6/2004,1.8934
1/7/2004,1.8901
1/8/2004,1.8783
1/9/2004,1.8733
1/12/2004,1.8806
1/13/2004,1.8612
1/14/2004,1.8611
1/15/2004,1.8706
1/16/2004,1.8678
1/19/2004,1.8768
1/20/2004,1.8846
1/21/2004,1.8741
1/22/2004,1.8764
1/23/2004,1.8763
1/26/2004,1.868
1/27/2004,1.8596
1/28/2004,1.8601
1/29/2004,1.8514
1/30/2004,1.8626
2/2/2004,1.8448
2/3/2004,1.8511
2/4/2004,1.844
2/5/2004,1.834
2/6/2004,1.828
2/9/2004,1.8282
2/10/2004,1.8226
2/11/2004,1.8235
2/12/2004,1.8338
2/13/2004,1.8219
2/16/2004,1.8046
2/17/2004,1.8176
2/18/2004,1.816
2/19/2004,1.8105
2/20/2004,1.8231
2/23/2004,1.8372
2/24/2004,1.8345
2/25/2004,1.8232
2/26/2004,1.8085
2/27/2004,1.8164
3/1/2004,1.8164
3/2/2004,1.7985
3/3/2004,1.8152
3/4/2004,1.8125
3/5/2004,1.8223
3/8/2004,1.8291
3/9/2004,1.8163
3/10/2004,1.8445
3/11/2004,1.8896
3/12/2004,1.8964
3/15/2004,1.9044
3/16/2004,1.896
3/17/2004,1.8904
3/18/2004,1.8828
3/19/2004,1.8841
3/22/2004,1.8659
3/23/2004,1.8611
3/24/2004,1.8723
3/25/2004,1.8756
3/26/2004,1.8705
3/29/2004,1.8673
3/30/2004,1.8544
3/31/2004,1.8365
4/1/2004,1.8525
4/2/2004,1.8508
4/5/2004,1.8513
4/6/2004,1.8446
4/7/2004,1.8366
4/8/2004,1.841
4/13/2004,1.8276
4/14/2004,1.8588
4/15/2004,1.8747
4/16/2004,1.8756
4/19/2004,1.8676
4/20/2004,1.8735
4/21/2004,1.9027
4/22/2004,1.8993
4/23/2004,1.8893
4/26/2004,1.8825
4/27/2004,1.8929
4/28/2004,1.8986
4/29/2004,1.9189
4/30/2004,1.9153
5/3/2004,1.9162
5/4/2004,1.9151
5/5/2004,1.9145
5/6/2004,1.9111
5/7/2004,1.9189
5/10/2004,1.9483
5/11/2004,1.9529
5/12/2004,1.9372
5/13/2004,1.9731
5/14/2004,1.9641
5/17/2004,1.9834
5/18/2004,1.9882
5/19/2004,1.9747
5/20/2004,1.9667
5/21/2004,1.9685
5/24/2004,1.9627
5/25/2004,1.9655
5/26/2004,1.9508
5/27/2004,1.9336
5/28/2004,1.9419
5/31/2004,1.9291
6/1/2004,1.9324
6/2/2004,1.9617
6/3/2004,1.9567
6/4/2004,1.9648
6/7/2004,1.9569
6/8/2004,1.9568
6/9/2004,1.9457
6/10/2004,1.912
6/11/2004,1.9084
6/14/2004,1.9217
6/15/2004,1.9335
6/16/2004,1.9084
6/17/2004,1.9118
6/18/2004,1.9214
6/21/2004,1.9266
6/22/2004,1.9314
6/23/2004,1.9304
6/24/2004,1.9228
6/25/2004,1.9107
6/28/2004,1.9133
6/29/2004,1.9137
6/30/2004,1.921
7/1/2004,1.9013
7/2/2004,1.9003
7/5/2004,1.8978
7/6/2004,1.8848
7/7/2004,1.8866
7/8/2004,1.8893
7/9/2004,1.8918
7/12/2004,1.883
7/13/2004,1.8757
7/14/2004,1.8902
7/15/2004,1.903
7/16/2004,1.8951
7/19/2004,1.88
7/20/2004,1.8883
7/21/2004,1.8936
7/22/2004,1.9074
7/23/2004,1.9139
7/26/2004,1.906
7/27/2004,1.9041
7/28/2004,1.9247
7/29/2004,1.9059
7/30/2004,1.8917
8/2/2004,1.8881
8/3/2004,1.8832
8/4/2004,1.8624
8/5/2004,1.8683
8/6/2004,1.8706
8/9/2004,1.873
8/10/2004,1.8759
8/11/2004,1.8754
8/12/2004,1.8624
8/13/2004,1.8624
8/16/2004,1.8564
8/17/2004,1.8553
8/18/2004,1.8564
8/19/2004,1.8523
8/20/2004,1.8362
8/23/2004,1.8303
8/24/2004,1.8528
8/25/2004,1.8626
8/26/2004,1.8533
8/27/2004,1.8422
8/30/2004,1.8496
8/31/2004,1.8596
9/1/2004,1.8568
9/2/2004,1.8681
9/3/2004,1.862
9/6/2004,1.863
9/7/2004,1.8687
9/8/2004,1.8765
9/9/2004,1.8616
9/10/2004,1.8726
9/13/2004,1.8614
9/14/2004,1.8538
9/15/2004,1.851
9/16/2004,1.8493
9/17/2004,1.8448
9/20/2004,1.8377
9/21/2004,1.8502
9/22/2004,1.8503
9/23/2004,1.8458
9/24/2004,1.8435
9/27/2004,1.842
9/28/2004,1.8424
9/29/2004,1.8408
9/30/2004,1.8414
10/1/2004,1.8449
10/4/2004,1.8402
10/5/2004,1.8274
10/6/2004,1.8296
10/7/2004,1.8204
10/8/2004,1.8193
10/11/2004,1.8171
10/12/2004,1.8152
10/13/2004,1.8237
10/14/2004,1.8209
10/15/2004,1.813
10/18/2004,1.8124
10/19/2004,1.8215
10/20/2004,1.8213
10/21/2004,1.8227
10/22/2004,1.8229
10/25/2004,1.822
10/26/2004,1.8307
10/27/2004,1.8312
10/28/2004,1.8645
10/29/2004,1.8666
11/1/2004,1.8627
11/2/2004,1.8552
11/3/2004,1.8545
11/4/2004,1.8636
11/5/2004,1.8614
11/8/2004,1.8595
11/9/2004,1.8646
11/10/2004,1.8858
11/11/2004,1.8784
11/12/2004,1.8651
11/15/2004,1.8487
11/16/2004,1.8482
11/17/2004,1.8446
11/18/2004,1.8365
11/19/2004,1.8344
11/22/2004,1.836
11/23/2004,1.837
11/24/2004,1.8481
11/25/2004,1.8464
11/26/2004,1.8506
11/29/2004,1.8502
11/30/2004,1.8555
12/1/2004,1.8604
12/2/2004,1.8467
12/3/2004,1.8579
12/6/2004,1.8592
12/7/2004,1.8626
12/8/2004,1.8823
12/9/2004,1.8794
12/10/2004,1.8759
12/13/2004,1.8674
12/14/2004,1.8668
12/15/2004,1.8705
12/16/2004,1.8625
12/17/2004,1.8583
12/20/2004,1.8672
12/21/2004,1.8779
12/22/2004,1.8735
12/23/2004,1.887
12/24/2004,1.8908
12/27/2004,1.8861
12/28/2004,1.8842
12/29/2004,1.8897
12/30/2004,1.9015
12/31/2004,1.8871
1/3/2005,1.8877
1/4/2005,1.8855
1/5/2005,1.8963
1/6/2005,1.8909
1/7/2005,1.8811
1/10/2005,1.8865
1/11/2005,1.8854
1/12/2005,1.887
1/13/2005,1.8759
1/14/2005,1.873
1/17/2005,1.8727
1/18/2005,1.8764
1/19/2005,1.86
1/20/2005,1.8439
1/21/2005,1.8305
1/24/2005,1.8293
1/25/2005,1.8314
1/26/2005,1.8209
1/27/2005,1.8264
1/28/2005,1.8312
1/31/2005,1.8301
2/1/2005,1.8347
2/2/2005,1.8336
2/3/2005,1.825
2/4/2005,1.8215
2/7/2005,1.8137
2/8/2005,1.8267
2/9/2005,1.8209
2/10/2005,1.8113
2/11/2005,1.8076
2/14/2005,1.8093
2/15/2005,1.8192
2/16/2005,1.8237
2/17/2005,1.8216
2/18/2005,1.812
2/21/2005,1.7979
2/22/2005,1.8066
2/23/2005,1.8215
2/24/2005,1.8309
2/25/2005,1.8288
2/28/2005,1.8178
3/1/2005,1.8201
3/2/2005,1.8077
3/3/2005,1.8049
3/4/2005,1.8031
3/7/2005,1.798
3/8/2005,1.7964
3/9/2005,1.8189
3/10/2005,1.8147
3/11/2005,1.8173
3/14/2005,1.8142
3/15/2005,1.8066
3/16/2005,1.8065
3/17/2005,1.801
3/18/2005,1.7951
3/21/2005,1.7867
3/22/2005,1.7855
3/23/2005,1.8016
3/24/2005,1.8211
3/29/2005,1.8203
3/30/2005,1.8266
3/31/2005,1.8237
4/1/2005,1.8239
4/4/2005,1.8214
4/5/2005,1.8188
4/6/2005,1.8092
4/7/2005,1.8057
4/8/2005,1.7976
4/11/2005,1.8002
4/12/2005,1.7983
4/13/2005,1.7852
4/14/2005,1.7719
4/15/2005,1.7994
4/18/2005,1.8119
4/19/2005,1.8086
4/20/2005,1.7987
4/21/2005,1.7976
4/22/2005,1.7911
4/25/2005,1.7746
4/26/2005,1.7831
4/27/2005,1.7917
4/28/2005,1.7756
4/29/2005,1.7669
5/2/2005,1.7621
5/3/2005,1.7731
5/4/2005,1.7712
5/5/2005,1.7635
5/6/2005,1.7612
5/9/2005,1.7552
5/10/2005,1.7596
5/11/2005,1.757
5/12/2005,1.7675
5/13/2005,1.7712
5/16/2005,1.7857
5/17/2005,1.7823
5/18/2005,1.7821
5/19/2005,1.7765
5/20/2005,1.7761
5/23/2005,1.7729
5/24/2005,1.7662
5/25/2005,1.7648
5/26/2005,1.7595
5/27/2005,1.759
5/30/2005,1.7512
5/31/2005,1.7454
6/1/2005,1.7511
6/2/2005,1.7528
6/3/2005,1.7498
6/6/2005,1.7372
6/7/2005,1.722
6/8/2005,1.7221
6/9/2005,1.7165
6/10/2005,1.7194
6/13/2005,1.7132
6/14/2005,1.7078
6/15/2005,1.6986
6/16/2005,1.6988
6/17/2005,1.6991
6/20/2005,1.7003
6/21/2005,1.6945
6/22/2005,1.6948
6/23/2005,1.702
6/24/2005,1.7056
6/27/2005,1.7158
6/28/2005,1.7238
6/29/2005,1.7219
6/30/2005,1.7387
7/1/2005,1.7526
7/4/2005,1.7536
7/5/2005,1.7628
7/6/2005,1.7629
7/7/2005,1.7669
7/8/2005,1.7725
7/11/2005,1.776
7/12/2005,1.7797
7/13/2005,1.7963
7/14/2005,1.7875
7/15/2005,1.7907
7/18/2005,1.7904
7/19/2005,1.7745
7/20/2005,1.7815
7/21/2005,1.7791
7/22/2005,1.7697
7/25/2005,1.77
7/26/2005,1.7577
7/27/2005,1.7672
7/28/2005,1.7762
7/29/2005,1.7697
8/1/2005,1.7829
8/2/2005,1.7759
8/3/2005,1.7836
8/4/2005,1.7879
8/5/2005,1.7879
8/8/2005,1.7834
8/9/2005,1.7899
8/10/2005,1.7823
8/11/2005,1.7687
8/12/2005,1.7616
8/15/2005,1.7499
8/16/2005,1.7489
8/17/2005,1.7518
8/18/2005,1.7513
8/19/2005,1.7553
8/22/2005,1.7537
8/23/2005,1.7546
8/24/2005,1.7512
8/25/2005,1.7575
8/26/2005,1.7622
8/29/2005,1.7669
8/30/2005,1.7706
8/31/2005,1.7744
9/1/2005,1.7747
9/2/2005,1.7755
9/5/2005,1.766
9/6/2005,1.7619
9/7/2005,1.765
9/8/2005,1.7622
9/9/2005,1.7581
9/12/2005,1.7446
9/13/2005,1.7483
9/14/2005,1.7414
9/15/2005,1.7279
9/16/2005,1.7347
9/19/2005,1.7356
9/20/2005,1.7303
9/21/2005,1.7449
9/22/2005,1.7506
9/23/2005,1.7559
9/26/2005,1.7561
9/27/2005,1.7647
9/28/2005,1.7548
9/29/2005,1.7386
9/30/2005,1.7414
10/3/2005,1.7261
10/4/2005,1.7183
10/5/2005,1.7169
10/6/2005,1.7301
10/7/2005,1.7423
10/10/2005,1.731
10/11/2005,1.7318
10/12/2005,1.73
10/13/2005,1.7296
10/14/2005,1.7294
10/17/2005,1.7279
10/18/2005,1.7171
10/19/2005,1.713
10/20/2005,1.7123
10/21/2005,1.7141
10/24/2005,1.7043
10/25/2005,1.7114
10/26/2005,1.7149
10/27/2005,1.7161
10/28/2005,1.7188
10/31/2005,1.7108
11/1/2005,1.7181
11/2/2005,1.7329
11/3/2005,1.7351
11/4/2005,1.7345
11/7/2005,1.7384
11/8/2005,1.7279
11/9/2005,1.7167
11/10/2005,1.7071
11/11/2005,1.7043
11/14/2005,1.7151
11/15/2005,1.7106
11/16/2005,1.7087
11/17/2005,1.7028
11/18/2005,1.7028
11/21/2005,1.7128
11/22/2005,1.7052
11/23/2005,1.7035
11/24/2005,1.6945
11/25/2005,1.69
11/28/2005,1.6797
11/29/2005,1.679
11/30/2005,1.6737
12/1/2005,1.6666
12/2/2005,1.6537
12/5/2005,1.6406
12/6/2005,1.6417
12/7/2005,1.6585
12/8/2005,1.6833
12/9/2005,1.677
12/12/2005,1.6836
12/13/2005,1.6864
12/14/2005,1.6943
12/15/2005,1.7279
12/16/2005,1.7376
12/19/2005,1.733
12/20/2005,1.7383
12/21/2005,1.7444
12/22/2005,1.7521
12/23/2005,1.765
12/27/2005,1.7555
12/28/2005,1.7495
12/29/2005,1.7348
12/30/2005,1.727
1/2/2006,1.734
1/3/2006,1.7427
1/4/2006,1.7575
1/5/2006,1.7667
1/6/2006,1.7642
1/9/2006,1.7433
1/10/2006,1.7408
1/11/2006,1.7392
1/12/2006,1.7359
1/13/2006,1.7344
1/16/2006,1.734
1/17/2006,1.7475
1/18/2006,1.762
1/19/2006,1.7822
1/20/2006,1.776
1/23/2006,1.794
1/24/2006,1.8094
1/25/2006,1.7887
1/26/2006,1.7788
1/27/2006,1.7835
1/30/2006,1.7715
1/31/2006,1.7698
2/1/2006,1.7624
2/2/2006,1.7557
2/3/2006,1.7482
2/6/2006,1.7527
2/7/2006,1.7546
2/8/2006,1.7669
2/9/2006,1.7702
2/10/2006,1.7544
2/13/2006,1.7524
2/14/2006,1.7689
2/15/2006,1.7573
2/16/2006,1.7666
2/17/2006,1.7892
2/20/2006,1.7844
2/21/2006,1.7931
2/22/2006,1.8055
2/23/2006,1.806
2/24/2006,1.7949
2/27/2006,1.7984
2/28/2006,1.7993
3/1/2006,1.7955
3/2/2006,1.79
3/3/2006,1.8028
3/6/2006,1.8185
3/7/2006,1.8357
3/8/2006,1.8358
3/9/2006,1.8328
3/10/2006,1.8524
3/13/2006,1.8584
3/14/2006,1.8784
3/15/2006,1.8681
3/16/2006,1.8887
3/17/2006,1.9215
3/20/2006,1.9453
3/21/2006,1.9489
3/22/2006,1.9425
3/23/2006,1.9183
3/24/2006,1.9571
3/27/2006,1.9753
3/28/2006,1.979
3/29/2006,1.9914
3/30/2006,1.984
3/31/2006,1.9774
4/3/2006,1.9628
4/4/2006,2.007
4/5/2006,2.0012
4/6/2006,1.9998
4/7/2006,1.9828
4/10/2006,1.9904
4/11/2006,1.9855
4/12/2006,1.972
4/13/2006,1.9605
4/18/2006,1.9576
4/19/2006,1.9462
4/20/2006,1.9535
4/21/2006,1.9497
4/24/2006,1.9478
4/25/2006,1.9728
4/26/2006,1.9734
4/27/2006,1.9751
4/28/2006,1.9818
5/2/2006,1.9813
5/3/2006,1.9603
5/4/2006,1.9693
5/5/2006,1.9807
5/8/2006,2.0067
5/9/2006,2.0292
5/10/2006,2.04
5/11/2006,2.0206
5/12/2006,2.0525
5/15/2006,2.0618
5/16/2006,2.0625
5/17/2006,2.0533
5/18/2006,2.0469
5/19/2006,2.0563
5/22/2006,2.0648
5/23/2006,2.0609
5/24/2006,2.05
5/25/2006,1.9929
5/26/2006,2.0067
5/29/2006,2.0111
5/30/2006,2.0054
5/31/2006,2.0141
6/1/2006,2.0205
6/2/2006,2.0479
6/5/2006,2.0478
6/6/2006,2.0386
6/7/2006,2.0444
6/8/2006,2.0302
6/9/2006,1.9999
6/12/2006,1.9929
6/13/2006,2.0254
6/14/2006,2.0125
6/15/2006,2.0227
6/16/2006,2.0312
6/19/2006,2.0426
6/20/2006,2.0221
6/21/2006,2.0474
6/22/2006,2.0578
6/23/2006,2.0633
6/26/2006,2.0775
6/27/2006,2.0847
6/28/2006,2.1122
6/29/2006,2.1093
6/30/2006,2.0864
7/3/2006,2.1067
7/4/2006,2.0951
7/5/2006,2.0963
7/6/2006,2.1103
7/7/2006,2.1043
7/10/2006,2.0824
7/11/2006,2.0724
7/12/2006,2.0633
7/13/2006,2.0546
7/14/2006,2.0437
7/17/2006,2.0198
7/18/2006,1.9956
7/19/2006,2.0069
7/20/2006,2.0303
7/21/2006,2.0316
7/24/2006,2.0321
7/25/2006,2.017
7/26/2006,2.0171
7/27/2006,2.0495
7/28/2006,2.0571
7/31/2006,2.0708
8/1/2006,2.068
8/2/2006,2.0698
8/3/2006,2.0559
8/4/2006,2.0666
8/7/2006,2.0623
8/8/2006,2.0561
8/9/2006,2.0449
8/10/2006,2.0269
8/11/2006,2.0171
8/14/2006,2.0143
8/15/2006,2.015
8/16/2006,2.0065
8/17/2006,2.0072
8/18/2006,2.0005
8/21/2006,2.0158
8/22/2006,2.0089
8/23/2006,2.0027
8/24/2006,2.0117
8/25/2006,2.0083
8/28/2006,2.0098
8/29/2006,1.9874
8/30/2006,1.9785
8/31/2006,1.972
9/1/2006,1.9546
9/4/2006,1.9691
9/5/2006,1.9809
9/6/2006,1.9732
9/7/2006,1.9746
9/8/2006,1.9862
9/11/2006,1.984
9/12/2006,1.9815
9/13/2006,1.9653
9/14/2006,1.9203
9/15/2006,1.9248
9/18/2006,1.909
9/19/2006,1.9091
9/20/2006,1.9273
9/21/2006,1.9258
9/22/2006,1.9468
9/25/2006,1.9136
9/26/2006,1.8974
9/27/2006,1.9264
9/28/2006,1.9377
9/29/2006,1.9427
10/2/2006,1.9372
10/3/2006,1.9285
10/4/2006,1.9228
10/5/2006,1.9154
10/6/2006,1.9065
10/9/2006,1.916
10/10/2006,1.8995
10/11/2006,1.8987
10/12/2006,1.899
10/13/2006,1.9006
10/16/2006,1.9008
10/17/2006,1.8876
10/18/2006,1.8901
10/19/2006,1.8895
10/20/2006,1.8853
10/23/2006,1.889
10/24/2006,1.8933
10/25/2006,1.9038
10/26/2006,1.9332
10/27/2006,1.9279
10/30/2006,1.9143
10/31/2006,1.9072
11/1/2006,1.8976
11/2/2006,1.8958
11/3/2006,1.8935
11/6/2006,1.9073
11/7/2006,1.9067
11/8/2006,1.9109
11/9/2006,1.9259
11/10/2006,1.9336
11/13/2006,1.9355
11/14/2006,1.9437
11/15/2006,1.9406
11/16/2006,1.9279
11/17/2006,1.9294
11/20/2006,1.9225
11/21/2006,1.9126
11/22/2006,1.9249
11/23/2006,1.9321
11/24/2006,1.9538
11/27/2006,1.9591
11/28/2006,1.9525
11/29/2006,1.9398
11/30/2006,1.933
12/1/2006,1.938
12/4/2006,1.9359
12/5/2006,1.9422
12/6/2006,1.9429
12/7/2006,1.9261
12/8/2006,1.9262
12/11/2006,1.9176
12/12/2006,1.9185
12/13/2006,1.9172
12/14/2006,1.9172
12/15/2006,1.9064
12/18/2006,1.8997
12/19/2006,1.8981
12/20/2006,1.8915
12/21/2006,1.8946
12/22/2006,1.888
12/27/2006,1.8729
12/28/2006,1.8731
12/29/2006,1.8725
1/2/2007,1.876
1/3/2007,1.8773
1/4/2007,1.8753
1/5/2007,1.8885
1/8/2007,1.8972
1/9/2007,1.8796
1/10/2007,1.8851
1/11/2007,1.8773
1/12/2007,1.8692
1/15/2007,1.863
1/16/2007,1.8585
1/17/2007,1.8689
1/18/2007,1.8611
1/19/2007,1.8633
1/22/2007,1.8538
1/23/2007,1.8548
1/24/2007,1.8634
1/25/2007,1.8468
1/26/2007,1.8566
1/29/2007,1.8571
1/30/2007,1.8677
1/31/2007,1.8975
2/1/2007,1.8957
2/2/2007,1.9169
2/5/2007,1.8966
2/6/2007,1.8998
2/7/2007,1.9025
2/8/2007,1.8954
2/9/2007,1.9053
2/12/2007,1.8933
2/13/2007,1.8953
2/14/2007,1.8923
2/15/2007,1.8885
2/16/2007,1.8854
2/19/2007,1.8753
2/20/2007,1.8756
2/21/2007,1.8642
2/22/2007,1.856
2/23/2007,1.8608
2/26/2007,1.8578
2/27/2007,1.8735
2/28/2007,1.887
3/1/2007,1.9036
3/2/2007,1.915
3/5/2007,1.9367
3/6/2007,1.927
3/7/2007,1.9183
3/8/2007,1.9149
3/9/2007,1.9085
3/12/2007,1.9048
3/13/2007,1.9006
3/14/2007,1.9137
3/15/2007,1.91
3/16/2007,1.9088
3/19/2007,1.896
3/20/2007,1.8887
3/21/2007,1.8861
3/22/2007,1.8736
3/23/2007,1.8654
3/26/2007,1.8588
3/27/2007,1.8579
3/28/2007,1.8702
3/29/2007,1.8713
3/30/2007,1.8644
4/2/2007,1.8571
4/3/2007,1.8538
4/4/2007,1.859
4/5/2007,1.8499
4/10/2007,1.8471
4/11/2007,1.8422
4/12/2007,1.8497
4/13/2007,1.8354
4/16/2007,1.831
4/17/2007,1.8231
4/18/2007,1.8342
4/19/2007,1.8367
4/20/2007,1.8266
4/23/2007,1.821
4/24/2007,1.8305
4/25/2007,1.8321
4/26/2007,1.8405
4/27/2007,1.8385
4/30/2007,1.8393
5/2/2007,1.8398
5/3/2007,1.8428
5/4/2007,1.8463
5/7/2007,1.8442
5/8/2007,1.8363
5/9/2007,1.8381
5/10/2007,1.8439
5/11/2007,1.8468
5/14/2007,1.8334
5/15/2007,1.841
5/16/2007,1.8434
5/17/2007,1.8483
5/18/2007,1.8505
5/21/2007,1.8452
5/22/2007,1.8462
5/23/2007,1.8464
5/24/2007,1.8453
5/25/2007,1.8506
5/28/2007,1.8509
5/29/2007,1.8539
5/30/2007,1.8463
5/31/2007,1.8312
6/1/2007,1.8163
6/4/2007,1.8071
6/5/2007,1.7956
6/6/2007,1.802
6/7/2007,1.7842
6/8/2007,1.7756
6/11/2007,1.781
6/12/2007,1.7753
6/13/2007,1.7724
6/14/2007,1.7746
6/15/2007,1.7696
6/18/2007,1.7768
6/19/2007,1.7742
6/20/2007,1.7625
6/21/2007,1.7546
6/22/2007,1.755
6/25/2007,1.7563
6/26/2007,1.7528
6/27/2007,1.7627
6/28/2007,1.7513
6/29/2007,1.7502
7/2/2007,1.7446
7/3/2007,1.7384
7/4/2007,1.7407
7/5/2007,1.7318
7/6/2007,1.7368
7/9/2007,1.7432
7/10/2007,1.7562
7/11/2007,1.7719
7/12/2007,1.763
7/13/2007,1.7531
7/16/2007,1.7409
7/17/2007,1.7398
7/18/2007,1.7405
7/19/2007,1.7433
7/20/2007,1.7339
7/23/2007,1.7229
7/24/2007,1.7103
7/25/2007,1.7072
7/26/2007,1.7262
7/27/2007,1.7568
7/30/2007,1.8048
7/31/2007,1.775
8/1/2007,1.7936
8/2/2007,1.7849
8/3/2007,1.7858
8/6/2007,1.8153
8/7/2007,1.81
8/8/2007,1.8044
8/9/2007,1.8134
8/10/2007,1.8403
8/13/2007,1.8461
8/14/2007,1.8571
8/15/2007,1.886
8/16/2007,1.979
8/17/2007,1.9727
8/20/2007,1.9336
8/21/2007,1.9269
8/22/2007,1.9281
8/23/2007,1.8914
8/24/2007,1.9036
8/27/2007,1.887
8/28/2007,1.9197
8/29/2007,1.9527
8/30/2007,1.9404
8/31/2007,1.9347
9/3/2007,1.9395
9/4/2007,1.9415
9/5/2007,1.9643
9/6/2007,1.9828
9/7/2007,1.9834
9/10/2007,1.9891
9/11/2007,1.9819
9/12/2007,1.964
9/13/2007,1.9437
9/14/2007,1.9407
9/17/2007,1.9516
9/18/2007,1.9612
9/19/2007,1.9131
9/20/2007,1.8878
9/21/2007,1.8987
9/24/2007,1.8904
9/25/2007,1.923
9/26/2007,1.8995
9/27/2007,1.8862
9/28/2007,1.8737
10/1/2007,1.8666
10/2/2007,1.8619
10/3/2007,1.8642
10/4/2007,1.8736
10/5/2007,1.8662
10/8/2007,1.8448
10/9/2007,1.8466
10/10/2007,1.8558
10/11/2007,1.8445
10/12/2007,1.8388
10/15/2007,1.842
10/16/2007,1.893
10/17/2007,1.8886
10/18/2007,1.9132
10/19/2007,1.8958
10/22/2007,1.9136
10/23/2007,1.8909
10/24/2007,1.8941
10/25/2007,1.8902
10/26/2007,1.8792
10/29/2007,1.872
10/30/2007,1.8779
10/31/2007,1.8863
11/1/2007,1.8817
11/2/2007,1.8921
11/5/2007,1.8896
11/6/2007,1.8733
11/7/2007,1.8767
11/8/2007,1.8923
11/9/2007,1.9056
11/12/2007,1.9524
11/13/2007,1.922
11/14/2007,1.9227
11/15/2007,1.9329
11/16/2007,1.9241
11/19/2007,1.9313
11/20/2007,1.9433
11/21/2007,1.9601
11/22/2007,1.9674
11/23/2007,1.9691
11/26/2007,1.9599
11/27/2007,1.9705
11/28/2007,1.9184
11/29/2007,1.9114
11/30/2007,1.9105
12/3/2007,1.9159
12/4/2007,1.9334
12/5/2007,1.9216
12/6/2007,1.8866
12/7/2007,1.8795
12/10/2007,1.892
12/11/2007,1.8709
12/12/2007,1.8663
12/13/2007,1.8766
12/14/2007,1.8701
12/17/2007,1.9042
12/18/2007,1.9034
12/19/2007,1.9016
12/20/2007,1.8978
12/21/2007,1.8786
12/24/2007,1.8785
12/27/2007,1.8882
12/28/2007,1.8991
12/31/2007,1.9024
1/2/2008,1.8949
1/3/2008,1.9066
1/4/2008,1.9043
1/7/2008,1.9228
1/8/2008,1.9084
1/9/2008,1.8981
1/10/2008,1.8926
1/11/2008,1.8822
1/14/2008,1.8852
1/15/2008,1.8842
1/16/2008,1.9255
1/17/2008,1.9069
1/18/2008,1.9127
1/21/2008,1.9287
1/22/2008,1.9336
1/23/2008,1.9231
1/24/2008,1.9065
1/25/2008,1.9011
1/28/2008,1.9053
1/29/2008,1.8988
1/30/2008,1.9013
1/31/2008,1.896
2/1/2008,1.8783
2/4/2008,1.8662
2/5/2008,1.8638
2/6/2008,1.8634
2/7/2008,1.8565
2/8/2008,1.8466
2/11/2008,1.8394
2/12/2008,1.8344
2/13/2008,1.8576
2/14/2008,1.8522
2/15/2008,1.8602
2/18/2008,1.8432
2/19/2008,1.841
2/20/2008,1.8449
2/21/2008,1.8415
2/22/2008,1.8412
2/25/2008,1.831
2/26/2008,1.8338
2/27/2008,1.8365
2/28/2008,1.8606
2/29/2008,1.8854
3/3/2008,1.9065
3/4/2008,1.8939
3/5/2008,1.9076
3/6/2008,1.9075
3/7/2008,1.9299
3/10/2008,1.9314
3/11/2008,1.9158
3/12/2008,1.9273
3/13/2008,1.9281
3/14/2008,1.8998
3/17/2008,1.9646
3/18/2008,1.9509
3/19/2008,1.9268
3/20/2008,1.9458
3/25/2008,1.9376
3/26/2008,1.9455
3/27/2008,1.959
3/28/2008,1.9677
3/31/2008,2.0079
4/1/2008,2.0044
4/2/2008,1.9759
4/3/2008,1.9821
4/4/2008,1.9972
4/7/2008,1.976
4/8/2008,1.9781
4/9/2008,1.9766
4/10/2008,1.984
4/11/2008,1.9913
4/14/2008,2.0049
4/15/2008,2.0184
4/16/2008,2.0223
4/17/2008,2.0173
4/18/2008,1.9972
4/21/2008,2.004
4/22/2008,1.9987
4/23/2008,1.9923
4/24/2008,1.9922
4/25/2008,1.9992
4/28/2008,1.9906
4/29/2008,2.0097
4/30/2008,1.9992
5/2/2008,1.9772
5/5/2008,1.9738
5/6/2008,1.9739
5/7/2008,1.9644
5/8/2008,1.9929
5/9/2008,2.0175
5/12/2008,2.0107
5/13/2008,2.0118
5/14/2008,2.0295
5/15/2008,2.0525
5/16/2008,2.0131
5/19/2008,2.0053
5/20/2008,2.0146
5/21/2008,2.0216
5/22/2008,2.0031
5/23/2008,1.999
5/26/2008,2.0022
5/27/2008,1.9938
5/28/2008,1.9946
5/29/2008,1.9895
5/30/2008,1.9812
6/2/2008,1.9796
6/3/2008,1.9822
6/4/2008,1.974
6/5/2008,2.0168
6/6/2008,2.0322
6/9/2008,2.0563
6/10/2008,2.0598
6/11/2008,2.0518
6/12/2008,2.0564
6/13/2008,2.0552
6/16/2008,2.0534
6/17/2008,2.0533
6/18/2008,2.0529
6/19/2008,2.0432
6/20/2008,2.0448
6/23/2008,2.0468
6/24/2008,2.0576
6/25/2008,2.0609
6/26/2008,2.076
6/27/2008,2.0737
6/30/2008,2.0632
7/1/2008,2.074
7/2/2008,2.0833
7/3/2008,2.0941
7/4/2008,2.0693
7/7/2008,2.0781
7/8/2008,2.0909
7/9/2008,2.0834
7/10/2008,2.0734
7/11/2008,2.0816
7/14/2008,2.083
7/15/2008,2.0696
7/16/2008,2.0591
7/17/2008,2.0661
7/18/2008,2.0719
7/21/2008,2.083
7/22/2008,2.0876
7/23/2008,2.0966
7/24/2008,2.1145
7/25/2008,2.1159
7/28/2008,2.1163
7/29/2008,2.1236
7/30/2008,2.1256
7/31/2008,2.1296
8/1/2008,2.1377
8/4/2008,2.1317
8/5/2008,2.1388
8/6/2008,2.1398
8/7/2008,2.1537
8/8/2008,2.1394
8/11/2008,2.1315
8/12/2008,2.1389
8/13/2008,2.1369
8/14/2008,2.1197
8/15/2008,2.1044
8/18/2008,2.0603
8/19/2008,2.0688
8/20/2008,2.0705
8/21/2008,2.0738
8/22/2008,2.0782
8/25/2008,2.0837
8/26/2008,2.1083
8/27/2008,2.103
8/28/2008,2.0958
8/29/2008,2.089
9/1/2008,2.0974
9/2/2008,2.1153
9/3/2008,2.119
9/4/2008,2.1107
9/5/2008,2.1447
9/8/2008,2.1086
9/9/2008,2.097
9/10/2008,2.1118
9/11/2008,2.1506
9/12/2008,2.1452
9/15/2008,2.1524
9/16/2008,2.1729
9/17/2008,2.1589
9/18/2008,2.1449
9/19/2008,2.1003
9/22/2008,2.1166
9/23/2008,2.1393
9/24/2008,2.1489
9/25/2008,2.1372
9/26/2008,2.1354
9/29/2008,2.1223
9/30/2008,2.1143
10/1/2008,2.0839
10/2/2008,2.0754
10/3/2008,2.0878
10/6/2008,2.1021
10/7/2008,2.1437
10/8/2008,2.248
10/9/2008,2.2093
10/10/2008,2.2677
10/13/2008,2.2551
10/14/2008,2.1744
10/15/2008,2.1744
10/16/2008,2.2124
10/17/2008,2.1852
10/20/2008,2.179
10/21/2008,2.1557
10/22/2008,2.1554
10/23/2008,2.1802
10/24/2008,2.2829
10/27/2008,2.3002
10/28/2008,2.2684
10/29/2008,2.2182
10/30/2008,2.2015
10/31/2008,2.1887
11/3/2008,2.1836
11/4/2008,2.1103
11/5/2008,2.1342
11/6/2008,2.1367
11/7/2008,2.1712
11/10/2008,2.143
11/11/2008,2.1838
11/12/2008,2.1801
11/13/2008,2.2515
11/14/2008,2.2742
11/17/2008,2.2725
11/18/2008,2.2983
11/19/2008,2.3031
11/20/2008,2.3209
11/21/2008,2.3854
11/24/2008,2.3619
11/25/2008,2.3779
11/26/2008,2.3578
11/27/2008,2.3399
11/28/2008,2.3212
12/1/2008,2.361
12/2/2008,2.3804
12/3/2008,2.3804
12/4/2008,2.3593
12/5/2008,2.4016
12/8/2008,2.369
12/9/2008,2.373
12/10/2008,2.3696
12/11/2008,2.399
12/12/2008,2.45
12/15/2008,2.4441
12/16/2008,2.4318
12/17/2008,2.4298
12/18/2008,2.4415
12/19/2008,2.4309
12/22/2008,2.4247
12/23/2008,2.4471
12/24/2008,2.4371
12/29/2008,2.4559
12/30/2008,2.4448
12/31/2008,2.4191
1/2/2009,2.3969
1/5/2009,2.3301
1/6/2009,2.27
1/7/2009,2.2717
1/8/2009,2.3103
1/9/2009,2.316
1/12/2009,2.3103
1/13/2009,2.3997
1/14/2009,2.4262
1/15/2009,2.438
1/16/2009,2.4182
1/19/2009,2.4223
1/20/2009,2.4482
1/21/2009,2.4882
1/22/2009,2.4582
1/23/2009,2.4592
1/26/2009,2.4621
1/27/2009,2.4922
1/28/2009,2.5024
1/29/2009,2.5294
1/30/2009,2.5268
2/2/2009,2.5535
2/3/2009,2.5418
2/4/2009,2.5325
2/5/2009,2.5033
2/6/2009,2.4684
2/9/2009,2.4248
2/10/2009,2.4176
2/11/2009,2.4693
2/12/2009,2.4738
2/13/2009,2.4325
2/16/2009,2.4638
2/17/2009,2.479
2/18/2009,2.4691
2/19/2009,2.4653
2/20/2009,2.4957
2/23/2009,2.4967
2/24/2009,2.5072
2/25/2009,2.4847
2/26/2009,2.4953
2/27/2009,2.5275
3/2/2009,2.5511
3/3/2009,2.5303
3/4/2009,2.508
3/5/2009,2.5065
3/6/2009,2.5134
3/9/2009,2.5399
3/10/2009,2.5472
3/11/2009,2.5266
3/12/2009,2.4984
3/13/2009,2.4607
3/16/2009,2.4568
3/17/2009,2.441
3/18/2009,2.4753
3/19/2009,2.4601
3/20/2009,2.424
3/23/2009,2.3938
3/24/2009,2.3877
3/25/2009,2.3847
3/26/2009,2.3497
3/27/2009,2.3312
3/30/2009,2.3448
3/31/2009,2.3288
4/1/2009,2.3525
4/2/2009,2.3258
4/3/2009,2.2968
4/6/2009,2.2923
4/7/2009,2.2998
4/8/2009,2.2963
4/9/2009,2.2875
4/14/2009,2.2546
4/15/2009,2.2912
4/16/2009,2.3137
4/17/2009,2.2891
4/20/2009,2.3149
4/21/2009,2.3347
4/22/2009,2.3269
4/23/2009,2.3258
4/24/2009,2.3294
4/27/2009,2.3234
4/28/2009,2.331
4/29/2009,2.3233
4/30/2009,2.3378
5/4/2009,2.3137
5/5/2009,2.2994
5/6/2009,2.2857
5/7/2009,2.2385
5/8/2009,2.2531
5/11/2009,2.2537
5/12/2009,2.2555
5/13/2009,2.2749
5/14/2009,2.3066
5/15/2009,2.3
5/18/2009,2.2861
5/19/2009,2.2512
5/20/2009,2.2609
5/21/2009,2.2779
5/22/2009,2.2555
5/25/2009,2.2652
5/26/2009,2.2622
5/27/2009,2.2501
5/28/2009,2.2223
5/29/2009,2.2135
6/1/2009,2.1916
6/2/2009,2.1767
6/3/2009,2.2013
6/4/2009,2.248
6/5/2009,2.2263
6/8/2009,2.2337
6/9/2009,2.2385
6/10/2009,2.2257
6/11/2009,2.1835
6/12/2009,2.1893
6/15/2009,2.1953
6/16/2009,2.1809
6/17/2009,2.2077
6/18/2009,2.1923
6/19/2009,2.1685
6/22/2009,2.1844
6/23/2009,2.2046
6/24/2009,2.1806
6/25/2009,2.187
6/26/2009,2.1795
6/29/2009,2.1673
6/30/2009,2.1656
7/1/2009,2.2017
7/2/2009,2.2168
7/3/2009,2.2119
7/6/2009,2.2175
7/7/2009,2.1996
7/8/2009,2.2168
7/9/2009,2.2194
7/10/2009,2.225
7/13/2009,2.2407
7/14/2009,2.1988
7/15/2009,2.178
7/16/2009,2.1852
7/17/2009,2.1884
7/20/2009,2.1714
7/21/2009,2.1647
7/22/2009,2.1657
7/23/2009,2.1579
7/24/2009,2.1663
7/27/2009,2.1697
7/28/2009,2.1531
7/29/2009,2.1457
7/30/2009,2.1555
7/31/2009,2.1578
8/3/2009,2.1445
8/4/2009,2.1609
8/5/2009,2.1347
8/6/2009,2.1435
8/7/2009,2.1315
8/10/2009,2.0985
8/11/2009,2.1126
8/12/2009,2.1294
8/13/2009,2.1021
8/14/2009,2.0785
8/17/2009,2.1155
8/18/2009,2.0985
8/19/2009,2.1108
8/20/2009,2.1055
8/21/2009,2.1015
8/24/2009,2.0865
8/25/2009,2.0832
8/26/2009,2.0879
8/27/2009,2.0902
8/28/2009,2.0908
8/31/2009,2.0973
9/1/2009,2.0953
9/2/2009,2.1078
9/3/2009,2.1025
9/4/2009,2.0851
9/7/2009,2.0696
9/8/2009,2.079
9/9/2009,2.0819
9/10/2009,2.0901
9/11/2009,2.066
9/14/2009,2.0818
9/15/2009,2.0883
9/16/2009,2.0591
9/17/2009,2.0708
9/18/2009,2.0708
9/21/2009,2.083
9/22/2009,2.0484
9/23/2009,2.0368
9/24/2009,2.0391
9/25/2009,2.0462
9/28/2009,2.0548
9/29/2009,2.0361
9/30/2009,2.0287
10/1/2009,2.0141
10/2/2009,2.0358
10/5/2009,2.0255
10/6/2009,2.0037
10/7/2009,2.0025
10/8/2009,1.9954
10/9/2009,2.0016
10/12/2009,2.0106
10/13/2009,2.0118
10/14/2009,2.0212
10/15/2009,2.0027
10/16/2009,2.0138
10/19/2009,2.0001
10/20/2009,1.9835
10/21/2009,1.9862
10/22/2009,1.9872
10/23/2009,1.9872
10/26/2009,1.9935
10/27/2009,1.9897
10/28/2009,2.0125
10/29/2009,2.0305
10/30/2009,2.0346
11/2/2009,2.0512
11/3/2009,2.0521
11/4/2009,2.0413
11/5/2009,2.0606
11/6/2009,2.0552
11/9/2009,2.0271
11/10/2009,2.0224
11/11/2009,2.0278
11/12/2009,2.0287
11/13/2009,2.0172
11/16/2009,2.0102
11/17/2009,1.994
11/18/2009,1.9959
11/19/2009,2.0364
11/20/2009,2.053
11/23/2009,2.0436
11/24/2009,2.0541
11/25/2009,2.0652
11/26/2009,2.0987
11/27/2009,2.1087
11/30/2009,2.1019
12/1/2009,2.0769
12/2/2009,2.0742
12/3/2009,2.0881
12/4/2009,2.0776
12/7/2009,2.0828
12/8/2009,2.0785
12/9/2009,2.0709
12/10/2009,2.0236
12/11/2009,2.0274
12/14/2009,2.0197
12/15/2009,2.0183
12/16/2009,2.0221
12/17/2009,2.0194
12/18/2009,2.0227
12/21/2009,2.0237
12/22/2009,2.0294
12/23/2009,2.0345
12/24/2009,2.0391
12/28/2009,2.0312
12/29/2009,2.0057
12/30/2009,1.9969
12/31/2009,1.9803
1/4/2010,1.9764
1/5/2010,1.9608
1/6/2010,1.957
1/7/2010,1.9536
1/8/2010,1.9566
1/11/2010,1.9594
1/12/2010,1.9573
1/13/2010,1.9632
1/14/2010,1.9531
1/15/2010,1.9497
1/18/2010,1.9456
1/19/2010,1.944
1/20/2010,1.9587
1/21/2010,1.959
1/22/2010,1.9892
1/25/2010,1.9829
1/26/2010,1.9932
1/27/2010,1.9866
1/28/2010,1.9695
1/29/2010,1.9771
2/1/2010,1.9774
2/2/2010,1.9706
2/3/2010,1.966
2/4/2010,1.9879
2/5/2010,1.9862
2/8/2010,1.9914
2/9/2010,1.9877
2/10/2010,1.9827
2/11/2010,1.9633
2/12/2010,1.956
2/15/2010,1.951
2/16/2010,1.9419
2/17/2010,1.9398
2/18/2010,1.9358
2/19/2010,1.9477
2/22/2010,1.9382
2/23/2010,1.9383
2/24/2010,1.9588
2/25/2010,1.9539
2/26/2010,1.9549
3/1/2010,1.9442
3/2/2010,1.9442
3/3/2010,1.9767
3/4/2010,1.9826
3/5/2010,1.9708
3/8/2010,1.9457
3/9/2010,1.9432
3/10/2010,1.9262
3/11/2010,1.9491
3/12/2010,1.9578
3/15/2010,1.9567
3/16/2010,1.9477
3/17/2010,1.9226
3/18/2010,1.9066
3/19/2010,1.9045
3/22/2010,1.9205
3/23/2010,1.9174
3/24/2010,1.903
3/25/2010,1.8817
3/26/2010,1.8975
3/29/2010,1.8991
3/30/2010,1.8925
3/31/2010,1.9024
4/1/2010,1.9129
4/6/2010,1.9195
4/7/2010,1.8915
4/8/2010,1.8935
4/9/2010,1.8798
4/12/2010,1.9073
4/13/2010,1.906
4/14/2010,1.9089
4/15/2010,1.8972
4/16/2010,1.8973
4/19/2010,1.8965
4/20/2010,1.8961
4/21/2010,1.8811
4/22/2010,1.8759
4/23/2010,1.8702
4/26/2010,1.8417
4/27/2010,1.8454
4/28/2010,1.8475
4/29/2010,1.8339
4/30/2010,1.8254
5/3/2010,1.814
5/4/2010,1.8045
5/5/2010,1.8014
5/6/2010,1.7544
5/7/2010,1.7867
5/10/2010,1.7848
5/11/2010,1.7725
5/12/2010,1.7648
5/13/2010,1.754
5/14/2010,1.7572
5/17/2010,1.7619
5/18/2010,1.7707
5/19/2010,1.8111
5/20/2010,1.8412
5/21/2010,1.8655
5/24/2010,1.8429
5/25/2010,1.8474
5/26/2010,1.8321
5/27/2010,1.8252
5/28/2010,1.8165
5/31/2010,1.812
6/1/2010,1.8056
6/2/2010,1.8058
6/3/2010,1.7896
6/4/2010,1.7737
6/7/2010,1.7917
6/8/2010,1.8039
6/9/2010,1.7951
6/10/2010,1.7686
6/11/2010,1.7621
6/14/2010,1.7588
6/15/2010,1.7668
6/16/2010,1.7651
6/17/2010,1.7627
6/18/2010,1.7588
6/21/2010,1.7349
6/22/2010,1.7364
6/23/2010,1.7276
6/24/2010,1.7425
6/25/2010,1.7422
6/28/2010,1.7407
6/29/2010,1.7579
6/30/2010,1.7761
7/1/2010,1.8062
7/2/2010,1.8056
7/5/2010,1.8181
7/6/2010,1.8112
7/7/2010,1.816
7/8/2010,1.7893
7/9/2010,1.7854
7/12/2010,1.7727
7/13/2010,1.7641
7/14/2010,1.7697
7/15/2010,1.7703
7/16/2010,1.8146
7/19/2010,1.8358
7/20/2010,1.8122
7/21/2010,1.7831
7/22/2010,1.7835
7/23/2010,1.7741
7/26/2010,1.7756
7/27/2010,1.7662
7/28/2010,1.7801
7/29/2010,1.7996
7/30/2010,1.8013
8/2/2010,1.784
8/3/2010,1.803
8/4/2010,1.8025
8/5/2010,1.8149
8/6/2010,1.8031
8/9/2010,1.817
8/10/2010,1.8288
8/11/2010,1.8074
8/12/2010,1.806
8/13/2010,1.805
8/16/2010,1.8235
8/17/2010,1.8122
8/18/2010,1.794
8/19/2010,1.8047
8/20/2010,1.8076
8/23/2010,1.7897
8/24/2010,1.7982
8/25/2010,1.8101
8/26/2010,1.806
8/27/2010,1.802
8/30/2010,1.7903
8/31/2010,1.8187
9/1/2010,1.8112
9/2/2010,1.7898
9/3/2010,1.79
9/6/2010,1.7783
9/7/2010,1.7663
9/8/2010,1.7626
9/9/2010,1.7516
9/10/2010,1.7446
9/13/2010,1.749
9/14/2010,1.7615
9/15/2010,1.7753
9/16/2010,1.8057
9/17/2010,1.794
9/20/2010,1.7937
9/21/2010,1.7985
9/22/2010,1.8122
9/23/2010,1.8313
9/24/2010,1.8351
9/27/2010,1.8344
9/28/2010,1.8337
9/29/2010,1.8388
9/30/2010,1.8436
10/1/2010,1.855
10/4/2010,1.8456
10/5/2010,1.8515
10/6/2010,1.8423
10/7/2010,1.8445
10/8/2010,1.8598
10/11/2010,1.8523
10/12/2010,1.8334
10/13/2010,1.8407
10/14/2010,1.8538
10/15/2010,1.8565
10/18/2010,1.8442
10/19/2010,1.8491
10/20/2010,1.8489
10/21/2010,1.8637
10/22/2010,1.8636
10/25/2010,1.8623
10/26/2010,1.8549
10/27/2010,1.85
10/28/2010,1.8459
10/29/2010,1.828
11/1/2010,1.813
11/2/2010,1.8154
11/3/2010,1.8093
11/4/2010,1.7889
11/5/2010,1.7747
11/8/2010,1.768
11/9/2010,1.7681
11/10/2010,1.768
11/11/2010,1.7495
11/12/2010,1.7653
11/15/2010,1.7601
11/16/2010,1.7655
11/17/2010,1.7569
11/18/2010,1.7577
11/19/2010,1.762
11/22/2010,1.7669
11/23/2010,1.7626
11/24/2010,1.7546
11/25/2010,1.7547
11/26/2010,1.7653
11/29/2010,1.764
11/30/2010,1.7557
12/1/2010,1.7589
12/2/2010,1.7553
12/3/2010,1.7519
12/6/2010,1.7469
12/7/2010,1.745
12/8/2010,1.763
12/9/2010,1.771
12/10/2010,1.7628
12/13/2010,1.763
12/14/2010,1.7788
12/15/2010,1.7861
12/16/2010,1.7921
12/17/2010,1.7976
12/20/2010,1.7718
12/21/2010,1.7666
12/22/2010,1.765
12/23/2010,1.7531
12/24/2010,1.7508
12/27/2010,1.7569
12/28/2010,1.745
12/29/2010,1.7272
12/30/2010,1.7207
12/31/2010,1.72
1/3/2011,1.7183
1/4/2011,1.7483
1/5/2011,1.7281
1/6/2011,1.7269
1/7/2011,1.7112
1/10/2011,1.7011
1/11/2011,1.7064
1/12/2011,1.7113
1/13/2011,1.7153
1/14/2011,1.7396
1/17/2011,1.7189
1/18/2011,1.7326
1/19/2011,1.7377
1/20/2011,1.7684
1/21/2011,1.7844
1/24/2011,1.7871
1/25/2011,1.781
1/26/2011,1.7834
1/27/2011,1.7738
1/28/2011,1.7643
1/31/2011,1.7763
2/1/2011,1.7671
2/2/2011,1.7657
2/3/2011,1.7821
2/4/2011,1.7685
2/7/2011,1.7582
2/8/2011,1.7587
2/9/2011,1.7687
2/10/2011,1.7737
2/11/2011,1.7869
2/14/2011,1.7797
2/15/2011,1.7925
2/16/2011,1.7931
2/17/2011,1.7951
2/18/2011,1.7891
2/21/2011,1.7899
2/22/2011,1.8243
2/23/2011,1.8394
2/24/2011,1.845
2/25/2011,1.8337
2/28/2011,1.839
3/1/2011,1.8397
3/2/2011,1.8634
3/3/2011,1.8581
3/4/2011,1.8965
3/7/2011,1.8985
3/8/2011,1.8793
3/9/2011,1.8808
3/10/2011,1.8795
3/11/2011,1.8678
3/14/2011,1.8918
3/15/2011,1.9086
3/16/2011,1.8991
3/17/2011,1.9391
3/18/2011,1.9434
3/21/2011,1.9286
3/22/2011,1.912
3/23/2011,1.9096
3/24/2011,1.8893
3/25/2011,1.8749
3/28/2011,1.8707
3/29/2011,1.8731
3/30/2011,1.8544
3/31/2011,1.8598
4/1/2011,1.8518
4/4/2011,1.8524
4/5/2011,1.8412
4/6/2011,1.8455
4/7/2011,1.8345
4/8/2011,1.8446
4/11/2011,1.8446
4/12/2011,1.8409
4/13/2011,1.836
4/14/2011,1.8238
4/15/2011,1.8152
4/18/2011,1.813
4/19/2011,1.8154
4/20/2011,1.8206
4/21/2011,1.82
4/26/2011,1.8169
4/27/2011,1.8212
4/28/2011,1.8495
4/29/2011,1.8414
5/2/2011,1.8366
5/3/2011,1.8468
5/4/2011,1.878
5/5/2011,1.8837
5/6/2011,1.8424
5/9/2011,1.8179
5/10/2011,1.8104
5/11/2011,1.8074
5/12/2011,1.7977
5/13/2011,1.7997
5/16/2011,1.8158
5/17/2011,1.8157
5/18/2011,1.8079
5/19/2011,1.8071
5/20/2011,1.7907
5/23/2011,1.7761
5/24/2011,1.7608
5/25/2011,1.7672
5/26/2011,1.7496
5/27/2011,1.7479
5/30/2011,1.7454
5/31/2011,1.7489
6/1/2011,1.7502
6/2/2011,1.774
6/3/2011,1.786
6/6/2011,1.79
6/7/2011,1.7838
6/8/2011,1.7922
6/9/2011,1.7685
6/10/2011,1.7531
6/13/2011,1.7675
6/14/2011,1.7663
6/15/2011,1.7574
6/16/2011,1.7652
6/17/2011,1.765
6/20/2011,1.7662
6/21/2011,1.7694
6/22/2011,1.764
6/23/2011,1.7507
6/24/2011,1.7482
6/27/2011,1.7677
6/28/2011,1.7762
6/29/2011,1.7559
6/30/2011,1.7468
7/1/2011,1.7552
7/4/2011,1.7487
7/5/2011,1.7457
7/6/2011,1.7335
7/7/2011,1.723
7/8/2011,1.7111
7/11/2011,1.6877
7/12/2011,1.7046
7/13/2011,1.7041
7/14/2011,1.683
7/15/2011,1.6815
7/18/2011,1.664
7/19/2011,1.6628
7/20/2011,1.6609
7/21/2011,1.6579
7/22/2011,1.6625
7/25/2011,1.6619
7/26/2011,1.6568
7/27/2011,1.653
7/28/2011,1.6356
7/29/2011,1.6491
8/1/2011,1.6348
8/2/2011,1.6283
8/3/2011,1.6531
8/4/2011,1.6764
8/5/2011,1.69
8/8/2011,1.7141
8/9/2011,1.7329
8/10/2011,1.7183
8/11/2011,1.7353
8/12/2011,1.7223
8/15/2011,1.726
8/16/2011,1.7338
8/17/2011,1.7264
8/18/2011,1.7293
8/19/2011,1.7404
8/22/2011,1.7447
8/23/2011,1.736
8/24/2011,1.7403
8/25/2011,1.7335
8/26/2011,1.7262
8/29/2011,1.7155
8/30/2011,1.6979
8/31/2011,1.6929
9/1/2011,1.6793
9/2/2011,1.6737
9/5/2011,1.688
9/6/2011,1.6972
9/7/2011,1.6913
9/8/2011,1.6815
9/9/2011,1.6665
9/12/2011,1.6658
9/13/2011,1.6557
9/14/2011,1.6677
9/15/2011,1.6778
9/16/2011,1.6601
9/19/2011,1.6581
9/20/2011,1.6632
9/21/2011,1.6643
9/22/2011,1.7185
9/23/2011,1.7344
9/26/2011,1.7376
9/27/2011,1.7228
9/28/2011,1.733
9/29/2011,1.7476
9/30/2011,1.766
10/3/2011,1.7516
10/4/2011,1.7573
10/5/2011,1.7536
10/6/2011,1.7313
10/7/2011,1.7384
10/10/2011,1.7415
10/11/2011,1.7462
10/12/2011,1.7373
10/13/2011,1.7352
10/14/2011,1.7317
10/17/2011,1.7225
10/18/2011,1.736
10/19/2011,1.7306
10/20/2011,1.731
10/21/2011,1.7304
10/24/2011,1.7219
10/25/2011,1.7356
10/26/2011,1.7479
10/27/2011,1.7231
10/28/2011,1.7321
10/31/2011,1.7223
11/1/2011,1.7152
11/2/2011,1.7387
11/3/2011,1.7325
11/4/2011,1.7401
11/7/2011,1.728
11/8/2011,1.7351
11/9/2011,1.7341
11/10/2011,1.7455
11/11/2011,1.7536
11/14/2011,1.7448
11/15/2011,1.7591
11/16/2011,1.7588
11/17/2011,1.7645
11/18/2011,1.78
11/21/2011,1.7945
11/22/2011,1.8086
11/23/2011,1.8041
11/24/2011,1.7971
11/25/2011,1.7907
11/28/2011,1.7694
11/29/2011,1.7519
11/30/2011,1.738
12/1/2011,1.7347
12/2/2011,1.7296
12/5/2011,1.7191
12/6/2011,1.7209
12/7/2011,1.7193
12/8/2011,1.7147
12/9/2011,1.7357
12/12/2011,1.7293
12/13/2011,1.7215
12/14/2011,1.7254
12/15/2011,1.7299
12/16/2011,1.7106
12/19/2011,1.7115
12/20/2011,1.7139
12/21/2011,1.6987
12/22/2011,1.6888
12/23/2011,1.6862
12/27/2011,1.6886
12/28/2011,1.6812
12/29/2011,1.6815
12/30/2011,1.6737
1/2/2012,1.6623
1/3/2012,1.6541
1/4/2012,1.6452
1/5/2012,1.6399
1/6/2012,1.6347
1/9/2012,1.6221
1/10/2012,1.6098
1/11/2012,1.6016
1/12/2012,1.5985
1/13/2012,1.609
1/16/2012,1.5982
1/17/2012,1.5981
1/18/2012,1.5911
1/19/2012,1.6102
1/20/2012,1.6071
1/23/2012,1.6008
1/24/2012,1.6092
1/25/2012,1.6064
1/26/2012,1.6004
1/27/2012,1.5949
1/30/2012,1.6042
1/31/2012,1.5918
2/1/2012,1.5839
2/2/2012,1.5728
2/3/2012,1.5829
2/6/2012,1.5721
2/7/2012,1.5747
2/8/2012,1.5814
2/9/2012,1.5896
2/10/2012,1.5948
2/13/2012,1.5867
2/14/2012,1.5822
2/15/2012,1.5626
2/16/2012,1.5695
2/17/2012,1.573
2/20/2012,1.5777
2/21/2012,1.5839
2/22/2012,1.5933
2/23/2012,1.5933
2/24/2012,1.6022
2/27/2012,1.6046
2/28/2012,1.604
2/29/2012,1.5902
3/1/2012,1.5909
3/2/2012,1.5851
3/5/2012,1.604
3/6/2012,1.615
3/7/2012,1.6043
3/8/2012,1.6045
3/9/2012,1.602
3/12/2012,1.6092
3/13/2012,1.5941
3/14/2012,1.6082
3/15/2012,1.5988
3/16/2012,1.5942
3/19/2012,1.5967
3/20/2012,1.616
3/21/2012,1.6209
3/22/2012,1.6294
3/23/2012,1.63
3/26/2012,1.6195
3/27/2012,1.6203
3/28/2012,1.6304
3/29/2012,1.6292
3/30/2012,1.6254
4/2/2012,1.6251
4/3/2012,1.6203
4/4/2012,1.6136
4/5/2012,1.6026
4/10/2012,1.6043
4/11/2012,1.6029
4/12/2012,1.6001
4/13/2012,1.5848
4/16/2012,1.5925
4/17/2012,1.6034
4/18/2012,1.6003
4/19/2012,1.6031
4/20/2012,1.619
4/23/2012,1.6193
4/24/2012,1.617
4/25/2012,1.6217
4/26/2012,1.6196
4/27/2012,1.6168
4/30/2012,1.6133
5/2/2012,1.6165
5/3/2012,1.6371
5/4/2012,1.6465
5/7/2012,1.6378
5/8/2012,1.6456
5/9/2012,1.6509
5/10/2012,1.6434
5/11/2012,1.6476
5/14/2012,1.6534
5/15/2012,1.6573
5/16/2012,1.6601
5/17/2012,1.6625
5/18/2012,1.6741
5/21/2012,1.6841
5/22/2012,1.6764
5/23/2012,1.6871
5/24/2012,1.666
5/25/2012,1.6563
5/28/2012,1.6477
5/29/2012,1.6481
5/30/2012,1.6402
5/31/2012,1.6439
6/1/2012,1.6422
6/4/2012,1.643
6/5/2012,1.6482
6/6/2012,1.6366
6/7/2012,1.6272
6/8/2012,1.6314
6/11/2012,1.6217
6/12/2012,1.6097
6/13/2012,1.6094
6/14/2012,1.6143
6/15/2012,1.6046
6/18/2012,1.5947
6/19/2012,1.5854
6/20/2012,1.5928
6/21/2012,1.5857
6/22/2012,1.5899
6/25/2012,1.5881
6/26/2012,1.5784
6/27/2012,1.5804
6/28/2012,1.5728
6/29/2012,1.5746
7/2/2012,1.5667
7/3/2012,1.5681
7/4/2012,1.5635
7/5/2012,1.5448
7/6/2012,1.5443
7/9/2012,1.5484
7/10/2012,1.5408
7/11/2012,1.5369
7/12/2012,1.5463
7/13/2012,1.5403
7/16/2012,1.5338
7/17/2012,1.5394
7/18/2012,1.5397
7/19/2012,1.5273
7/20/2012,1.5237
7/23/2012,1.5301
7/24/2012,1.5288
7/25/2012,1.5409
7/26/2012,1.5353
7/27/2012,1.5287
7/30/2012,1.5133
7/31/2012,1.5166
8/1/2012,1.5145
8/2/2012,1.5164
8/3/2012,1.5038
8/6/2012,1.5112
8/7/2012,1.5139
8/8/2012,1.5177
8/9/2012,1.5171
8/10/2012,1.5162
8/13/2012,1.5205
8/14/2012,1.5259
8/15/2012,1.5253
8/16/2012,1.5201
8/17/2012,1.5301
8/20/2012,1.523
8/21/2012,1.5286
8/22/2012,1.5387
8/23/2012,1.5372
8/24/2012,1.5435
8/27/2012,1.5455
8/28/2012,1.5552
8/29/2012,1.5612
8/30/2012,1.5671
8/31/2012,1.5708
9/3/2012,1.5753
9/4/2012,1.5818
9/5/2012,1.5847
9/6/2012,1.583
9/7/2012,1.5787
9/10/2012,1.577
9/11/2012,1.569
9/12/2012,1.5739
9/13/2012,1.5675
9/14/2012,1.5719
9/17/2012,1.5786
9/18/2012,1.5787
9/19/2012,1.572
9/20/2012,1.5729
9/21/2012,1.5601
9/24/2012,1.5742
9/25/2012,1.5684
9/26/2012,1.5675
9/27/2012,1.5534
9/28/2012,1.5536
10/1/2012,1.5533
10/2/2012,1.5521
10/3/2012,1.5709
10/4/2012,1.5788
10/5/2012,1.5775
10/8/2012,1.5854
10/9/2012,1.577
10/10/2012,1.5732
10/11/2012,1.5796
10/12/2012,1.5815
10/15/2012,1.5895
10/16/2012,1.6023
10/17/2012,1.6009
10/18/2012,1.5983
10/19/2012,1.591
10/22/2012,1.5972
10/23/2012,1.6002
10/24/2012,1.5887
10/25/2012,1.5775
10/26/2012,1.574
10/29/2012,1.5717
10/30/2012,1.5765
10/31/2012,1.581
11/1/2012,1.5685
11/2/2012,1.5533
11/5/2012,1.5515
11/6/2012,1.5451
11/7/2012,1.5403
11/8/2012,1.5591
11/9/2012,1.5622
11/12/2012,1.5591
11/13/2012,1.5544
11/14/2012,1.5658
11/15/2012,1.5727
11/16/2012,1.5739
11/19/2012,1.5621
11/20/2012,1.5684
11/21/2012,1.5741
11/22/2012,1.5809
11/23/2012,1.576
11/26/2012,1.577
11/27/2012,1.5743
11/28/2012,1.571
11/29/2012,1.5763
11/30/2012,1.5865
12/3/2012,1.5891
12/4/2012,1.5866
12/5/2012,1.5826
12/6/2012,1.5693
12/7/2012,1.5506
12/10/2012,1.5501
12/11/2012,1.5515
12/12/2012,1.5504
12/13/2012,1.5476
12/14/2012,1.5564
12/17/2012,1.5604
12/18/2012,1.566
12/19/2012,1.5889
12/20/2012,1.5882
12/21/2012,1.6029
12/24/2012,1.6071
12/27/2012,1.6183
12/28/2012,1.6053
12/31/2012,1.6045
1/2/2013,1.5859
1/3/2013,1.5728
1/4/2013,1.5806
1/7/2013,1.5614
1/8/2013,1.566
1/9/2013,1.5579
1/10/2013,1.555
1/11/2013,1.5801
1/14/2013,1.586
1/15/2013,1.5886
1/16/2013,1.5826
1/17/2013,1.5921
1/18/2013,1.5931
1/21/2013,1.5925
1/22/2013,1.5837
1/23/2013,1.5827
1/24/2013,1.5881
1/25/2013,1.6099
1/28/2013,1.621
1/29/2013,1.6072
1/30/2013,1.6262
1/31/2013,1.6164
2/1/2013,1.6191
2/4/2013,1.6002
2/5/2013,1.6074
2/6/2013,1.6061
2/7/2013,1.6241
2/8/2013,1.5962
2/11/2013,1.6081
2/12/2013,1.6081
2/13/2013,1.6022
2/14/2013,1.5715
2/15/2013,1.5703
2/18/2013,1.5797
2/19/2013,1.5803
2/20/2013,1.5972
2/21/2013,1.5796
2/22/2013,1.5736
2/25/2013,1.5832
2/26/2013,1.5805
2/27/2013,1.5895
2/28/2013,1.581
3/1/2013,1.5759
3/4/2013,1.5818
3/5/2013,1.5763
3/6/2013,1.563
3/7/2013,1.5704
3/8/2013,1.5789
3/11/2013,1.5813
3/12/2013,1.5807
3/13/2013,1.573
3/14/2013,1.5811
3/15/2013,1.5888
3/18/2013,1.5686
3/19/2013,1.5712
3/20/2013,1.574
3/21/2013,1.5494
3/22/2013,1.5559
3/25/2013,1.5465
3/26/2013,1.5385
3/27/2013,1.5274
3/28/2013,1.5308
4/2/2013,1.5229
4/3/2013,1.5198
4/4/2013,1.5268
4/5/2013,1.5408
4/8/2013,1.5405
4/9/2013,1.5356
4/10/2013,1.53
4/11/2013,1.514
4/12/2013,1.5182
4/15/2013,1.5443
4/16/2013,1.5468
4/17/2013,1.5502
4/18/2013,1.5454
4/19/2013,1.5486
4/22/2013,1.5461
4/23/2013,1.5472
4/24/2013,1.5366
4/25/2013,1.5299
4/26/2013,1.5277
4/29/2013,1.5322
4/30/2013,1.5272
5/2/2013,1.554
5/3/2013,1.5391
5/6/2013,1.538
5/7/2013,1.5524
5/8/2013,1.5629
5/9/2013,1.553
5/10/2013,1.5623
5/13/2013,1.5662
5/14/2013,1.5757
5/15/2013,1.5662
5/16/2013,1.5796
5/17/2013,1.5917
5/20/2013,1.576
5/21/2013,1.5781
5/22/2013,1.5923
5/23/2013,1.5932
5/24/2013,1.5963
5/27/2013,1.5997
5/28/2013,1.5927
5/29/2013,1.5912
5/30/2013,1.6149
5/31/2013,1.6265
6/3/2013,1.6268
6/4/2013,1.629
6/5/2013,1.6331
6/6/2013,1.6485
6/7/2013,1.6658
6/10/2013,1.6728
6/11/2013,1.708
6/12/2013,1.6604
6/13/2013,1.6696
6/14/2013,1.6469
6/17/2013,1.6519
6/18/2013,1.6756
6/19/2013,1.6749
6/20/2013,1.6927
6/21/2013,1.7004
6/24/2013,1.6969
6/25/2013,1.6939
6/26/2013,1.673
6/27/2013,1.664
6/28/2013,1.6792
7/1/2013,1.6774
7/2/2013,1.6769
7/3/2013,1.6743
7/4/2013,1.6655
7/5/2013,1.645
7/8/2013,1.6573
7/9/2013,1.6359
7/10/2013,1.6316
7/11/2013,1.6588
7/12/2013,1.6752
7/15/2013,1.6803
7/16/2013,1.667
7/17/2013,1.6725
7/18/2013,1.6621
7/19/2013,1.6471
7/22/2013,1.66
7/23/2013,1.6528
7/24/2013,1.6606
7/25/2013,1.6423
7/26/2013,1.6455
7/29/2013,1.6444
7/30/2013,1.6606
7/31/2013,1.6648
8/1/2013,1.6662
8/2/2013,1.6765
8/5/2013,1.7076
8/6/2013,1.689
8/7/2013,1.6826
8/8/2013,1.6747
8/9/2013,1.6682
8/12/2013,1.658
8/13/2013,1.6618
8/14/2013,1.6501
8/15/2013,1.6479
8/16/2013,1.6501
8/19/2013,1.6453
8/20/2013,1.678
8/21/2013,1.6913
8/22/2013,1.7049
8/23/2013,1.7185
8/26/2013,1.7075
8/27/2013,1.7136
8/28/2013,1.7225
8/29/2013,1.7062
8/30/2013,1.7041
9/2/2013,1.69
9/3/2013,1.686
9/4/2013,1.6698
9/5/2013,1.6754
9/6/2013,1.6505
9/9/2013,1.6485
9/10/2013,1.6432
9/11/2013,1.6467
9/12/2013,1.6334
9/13/2013,1.6323
9/16/2013,1.6267
9/17/2013,1.6249
9/18/2013,1.6242
9/19/2013,1.6137
9/20/2013,1.6153
9/23/2013,1.612
9/24/2013,1.6261
9/25/2013,1.6413
9/26/2013,1.6266
9/27/2013,1.6373
9/30/2013,1.6296
10/1/2013,1.6363
10/2/2013,1.641
10/3/2013,1.6412
10/4/2013,1.6366
10/7/2013,1.6394
10/8/2013,1.6303
10/9/2013,1.6269
10/10/2013,1.6395
10/11/2013,1.6261
10/14/2013,1.6228
10/15/2013,1.612
10/16/2013,1.6122
10/17/2013,1.608
10/18/2013,1.6125
10/21/2013,1.6148
10/22/2013,1.6166
10/23/2013,1.6436
10/24/2013,1.6503
10/25/2013,1.6601
10/28/2013,1.6621
10/29/2013,1.6667
10/30/2013,1.6632
10/31/2013,1.645
11/1/2013,1.6343
11/4/2013,1.626
11/5/2013,1.6192
11/6/2013,1.6079
11/7/2013,1.5945
11/8/2013,1.6101
11/11/2013,1.6262
11/12/2013,1.6333
11/13/2013,1.6283
11/14/2013,1.6281
11/15/2013,1.6216
11/18/2013,1.6152
11/19/2013,1.6195
11/20/2013,1.6275
11/21/2013,1.6393
11/22/2013,1.6575
11/25/2013,1.6458
11/26/2013,1.6528
11/27/2013,1.6638
11/28/2013,1.6668
11/29/2013,1.6698
12/2/2013,1.6507
12/3/2013,1.6457
12/4/2013,1.6585
12/5/2013,1.6565
12/6/2013,1.6663
12/9/2013,1.6587
12/10/2013,1.6529
12/11/2013,1.6701
12/12/2013,1.6562
12/13/2013,1.6691
12/16/2013,1.6673
12/17/2013,1.6626
12/18/2013,1.666
12/19/2013,1.6715
12/20/2013,1.6725
12/23/2013,1.6697
12/24/2013,1.6715
12/27/2013,1.6893
12/30/2013,1.6866
12/31/2013,1.6762
1/2/2014,1.6754
1/3/2014,1.6434
1/6/2014,1.6431
1/7/2014,1.6455
1/8/2014,1.6373
1/9/2014,1.6495
1/10/2014,1.6527
1/13/2014,1.6328
1/14/2014,1.6243
1/15/2014,1.628
1/16/2014,1.6375
1/17/2014,1.6443
1/20/2014,1.6405
1/21/2014,1.629
1/22/2014,1.6268
1/23/2014,1.6425
1/24/2014,1.6559
1/27/2014,1.6561
1/28/2014,1.6514
1/29/2014,1.6436
1/30/2014,1.6624
1/31/2014,1.6682
2/3/2014,1.6643
2/4/2014,1.657
2/5/2014,1.6469
2/6/2014,1.6392
2/7/2014,1.6462
2/10/2014,1.6488
2/11/2014,1.6416
2/12/2014,1.6277
2/13/2014,1.6399
2/14/2014,1.6379
2/17/2014,1.6381
2/18/2014,1.6522
2/19/2014,1.6515
2/20/2014,1.6555
2/21/2014,1.6558
2/24/2014,1.6558
2/25/2014,1.6508
2/26/2014,1.65
2/27/2014,1.6319
2/28/2014,1.64
3/3/2014,1.6446
3/4/2014,1.6411
3/5/2014,1.632
3/6/2014,1.6206
3/7/2014,1.6341
3/10/2014,1.6407
3/11/2014,1.6319
3/12/2014,1.6416
3/13/2014,1.6238
3/14/2014,1.627
3/17/2014,1.6235
3/18/2014,1.6138
3/19/2014,1.6142
3/20/2014,1.6159
3/21/2014,1.6146
3/24/2014,1.6118
3/25/2014,1.6138
3/26/2014,1.6018
3/27/2014,1.5895
3/28/2014,1.5863
3/31/2014,1.5952
4/1/2014,1.5903
4/2/2014,1.6091
4/3/2014,1.6149
4/4/2014,1.6025
4/7/2014,1.5983
4/8/2014,1.5885
4/9/2014,1.589
4/10/2014,1.5944
4/11/2014,1.6003
4/14/2014,1.5962
4/15/2014,1.5932
4/16/2014,1.6098
4/17/2014,1.6093
4/22/2014,1.6057
4/23/2014,1.6125
4/24/2014,1.6126
4/25/2014,1.6106
4/28/2014,1.622
4/29/2014,1.6191
4/30/2014,1.6187
5/2/2014,1.6026
5/5/2014,1.5996
5/6/2014,1.5909
5/7/2014,1.6035
5/8/2014,1.6122
5/9/2014,1.5957
5/12/2014,1.5955
5/13/2014,1.585
5/14/2014,1.5827
5/15/2014,1.5786
5/16/2014,1.5862
5/19/2014,1.5872
5/20/2014,1.5978
5/21/2014,1.5968
5/22/2014,1.5963
5/23/2014,1.5957
5/26/2014,1.5955
5/27/2014,1.5954
5/28/2014,1.6039
5/29/2014,1.6034
5/30/2014,1.6057
6/2/2014,1.6073
6/3/2014,1.6122
6/4/2014,1.6199
6/5/2014,1.6068
6/6/2014,1.6009
6/9/2014,1.599
6/10/2014,1.5909
6/11/2014,1.5831
6/12/2014,1.5591
6/13/2014,1.5634
6/16/2014,1.5611
6/17/2014,1.5651
6/18/2014,1.5646
6/19/2014,1.5622
6/20/2014,1.5623
6/23/2014,1.5573
6/24/2014,1.5639
6/25/2014,1.5652
6/26/2014,1.5531
6/27/2014,1.5542
6/30/2014,1.5626
7/1/2014,1.5624
7/2/2014,1.5568
7/3/2014,1.5563
7/4/2014,1.5548
7/7/2014,1.5547
7/8/2014,1.548
7/9/2014,1.5466
7/10/2014,1.5451
7/11/2014,1.5417
7/14/2014,1.5457
7/15/2014,1.5465
7/16/2014,1.5548
7/17/2014,1.5569
7/18/2014,1.558
7/21/2014,1.5553
7/22/2014,1.5564
7/23/2014,1.5501
7/24/2014,1.5679
7/25/2014,1.5728
7/28/2014,1.5703
7/29/2014,1.5776
7/30/2014,1.5746
7/31/2014,1.5761
8/1/2014,1.5801
8/4/2014,1.5771
8/5/2014,1.5726
8/6/2014,1.5795
8/7/2014,1.5783
8/8/2014,1.5791
8/11/2014,1.582
8/12/2014,1.5835
8/13/2014,1.5825
8/14/2014,1.573
8/15/2014,1.5755
8/18/2014,1.5766
8/19/2014,1.5787
8/20/2014,1.5836
8/21/2014,1.5829
8/22/2014,1.5767
8/25/2014,1.5787
8/26/2014,1.583
8/27/2014,1.5735
8/28/2014,1.5717
8/29/2014,1.5752
9/1/2014,1.566
9/2/2014,1.5746
9/3/2014,1.5802
9/4/2014,1.5665
9/5/2014,1.5613
9/8/2014,1.559
9/9/2014,1.558
9/10/2014,1.5724
9/11/2014,1.5794
9/12/2014,1.5835
9/15/2014,1.5812
9/16/2014,1.5866
9/17/2014,1.5857
9/18/2014,1.5882
9/19/2014,1.5784
9/22/2014,1.5826
9/23/2014,1.5882
9/24/2014,1.5908
9/25/2014,1.6006
9/26/2014,1.611
9/29/2014,1.6351
9/30/2014,1.6209
10/1/2014,1.6171
10/2/2014,1.6051
10/3/2014,1.6054
10/6/2014,1.6104
10/7/2014,1.6102
10/8/2014,1.621
10/9/2014,1.6081
10/10/2014,1.6166
10/13/2014,1.6107
10/14/2014,1.6085
10/15/2014,1.615
10/16/2014,1.6117
10/17/2014,1.614
10/20/2014,1.6053
10/21/2014,1.5965
10/22/2014,1.5916
10/23/2014,1.6115
10/24/2014,1.6116
10/27/2014,1.6105
10/28/2014,1.6039
10/29/2014,1.6035
10/30/2014,1.6134
10/31/2014,1.6045
11/3/2014,1.6131
11/4/2014,1.6144
11/5/2014,1.6135
11/6/2014,1.617
11/7/2014,1.6096
11/10/2014,1.602
11/11/2014,1.6008
11/12/2014,1.5857
11/13/2014,1.5766
11/14/2014,1.5829
11/17/2014,1.5775
11/18/2014,1.5707
11/19/2014,1.5949
11/20/2014,1.5964
11/21/2014,1.5681
11/24/2014,1.5772
11/25/2014,1.5958
11/26/2014,1.5921
11/27/2014,1.5807
11/28/2014,1.5879
12/1/2014,1.5838
12/2/2014,1.5884
12/3/2014,1.5884
12/4/2014,1.5888
12/5/2014,1.5928
12/8/2014,1.6037
12/9/2014,1.6102
12/10/2014,1.6034
12/11/2014,1.5892
12/12/2014,1.5946
12/15/2014,1.6062
12/16/2014,1.605
12/17/2014,1.6073
12/18/2014,1.5861
12/19/2014,1.5789
12/22/2014,1.5803
12/23/2014,1.5772
12/24/2014,1.5807
12/29/2014,1.5644
12/30/2014,1.5536
12/31/2014,1.5525
1/2/2015,1.5609
1/5/2015,1.5515
1/6/2015,1.5378
1/7/2015,1.5275
1/8/2015,1.5113
1/9/2015,1.5115
1/12/2015,1.5222
1/13/2015,1.5215
1/14/2015,1.525
1/15/2015,1.4883
1/16/2015,1.4871
1/19/2015,1.4914
1/20/2015,1.5014
1/21/2015,1.5124
1/22/2015,1.5344
1/23/2015,1.5032
1/26/2015,1.5128
1/27/2015,1.5199
1/28/2015,1.5157
1/29/2015,1.5552
1/30/2015,1.5568
2/2/2015,1.5562
2/3/2015,1.5742
2/4/2015,1.5486
2/5/2015,1.5428
2/6/2015,1.5414
2/9/2015,1.5203
2/10/2015,1.5266
2/11/2015,1.5272
2/12/2015,1.5373
2/13/2015,1.5312
2/16/2015,1.5193
2/17/2015,1.5141
2/18/2015,1.5147
2/19/2015,1.5148
2/20/2015,1.496
2/23/2015,1.5041
2/24/2015,1.5225
2/25/2015,1.5031
2/26/2015,1.4919
2/27/2015,1.4849
3/2/2015,1.4907
3/3/2015,1.4807
3/4/2015,1.465
3/5/2015,1.4777
3/6/2015,1.4627
3/9/2015,1.473
3/10/2015,1.4729
3/11/2015,1.4608
3/12/2015,1.4329
3/13/2015,1.4397
3/16/2015,1.4307
3/17/2015,1.4444
3/18/2015,1.4461
3/19/2015,1.4453
3/20/2015,1.4401
3/23/2015,1.4314
3/24/2015,1.4301
3/25/2015,1.4322
3/26/2015,1.4429
3/27/2015,1.4342
3/30/2015,1.4417
3/31/2015,1.4388
4/1/2015,1.4472
4/2/2015,1.4499
4/7/2015,1.4423
4/8/2015,1.4315
4/9/2015,1.4188
4/10/2015,1.4059
4/13/2015,1.4187
4/14/2015,1.4169
4/15/2015,1.4104
4/16/2015,1.4038
4/17/2015,1.4025
4/20/2015,1.397
4/21/2015,1.3884
4/22/2015,1.3922
4/23/2015,1.4259
4/24/2015,1.4305
4/27/2015,1.425
4/28/2015,1.4226
4/29/2015,1.431
4/30/2015,1.4727
