Date,ZAR
1/4/1999,6.9358
1/5/1999,6.7975
1/6/1999,6.7307
1/7/1999,6.8283
1/8/1999,6.7855
1/11/1999,6.791
1/12/1999,6.9581
1/13/1999,7.2543
1/14/1999,7.1316
1/15/1999,7.2197
1/18/1999,6.9596
1/19/1999,7.0161
1/20/1999,6.945
1/21/1999,6.9797
1/22/1999,7.03
1/25/1999,7.0241
1/26/1999,6.9955
1/27/1999,6.9666
1/28/1999,6.9145
1/29/1999,6.8804
2/1/1999,6.8425
2/2/1999,6.8135
2/3/1999,6.8135
2/4/1999,6.7922
2/5/1999,6.8119
2/8/1999,6.6959
2/9/1999,6.899
2/10/1999,6.9361
2/11/1999,6.8575
2/12/1999,6.856
2/15/1999,6.8819
2/16/1999,6.9198
2/17/1999,6.8981
2/18/1999,6.9526
2/19/1999,6.9573
2/22/1999,6.851
2/23/1999,6.8315
2/24/1999,6.7871
2/25/1999,6.8254
2/26/1999,6.8064
3/1/1999,6.7716
3/2/1999,6.7916
3/3/1999,6.7883
3/4/1999,6.7798
3/5/1999,6.7342
3/8/1999,6.7119
3/9/1999,6.678
3/10/1999,6.7498
3/11/1999,6.7279
3/12/1999,6.7314
3/15/1999,6.8106
3/16/1999,6.8185
3/17/1999,6.8592
3/18/1999,6.8702
3/19/1999,6.791
3/22/1999,6.7055
3/23/1999,6.752
3/24/1999,6.7918
3/25/1999,6.7808
3/26/1999,6.708
3/29/1999,6.6798
3/30/1999,6.6655
3/31/1999,6.6493
4/1/1999,6.6501
4/2/1999,6.6412
4/5/1999,6.634
4/6/1999,6.6689
4/7/1999,6.6764
4/8/1999,6.7423
4/9/1999,6.6692
4/12/1999,6.7059
4/13/1999,6.6971
4/14/1999,6.5774
4/15/1999,6.5687
4/16/1999,6.5391
4/19/1999,6.4608
4/20/1999,6.4608
4/21/1999,6.4389
4/22/1999,6.4359
4/23/1999,6.4962
4/26/1999,6.448
4/27/1999,6.4463
4/28/1999,6.4722
4/29/1999,6.4287
4/30/1999,6.4682
5/3/1999,6.4308
5/4/1999,6.4196
5/5/1999,6.4989
5/6/1999,6.5728
5/7/1999,6.6226
5/10/1999,6.594
5/11/1999,6.6361
5/12/1999,6.6046
5/13/1999,6.6398
5/14/1999,6.5904
5/17/1999,6.6434
5/18/1999,6.5927
5/19/1999,6.5798
5/20/1999,6.6175
5/21/1999,6.5467
5/24/1999,6.5812
5/25/1999,6.6299
5/26/1999,6.6004
5/27/1999,6.5535
5/28/1999,6.5545
5/31/1999,6.4984
6/1/1999,6.4821
6/2/1999,6.4332
6/3/1999,6.4472
6/4/1999,6.3747
6/7/1999,6.3295
6/8/1999,6.3209
6/9/1999,6.4012
6/10/1999,6.4263
6/11/1999,6.4077
6/14/1999,6.3509
6/15/1999,6.337
6/16/1999,6.3409
6/17/1999,6.2867
6/18/1999,6.1964
6/21/1999,6.2263
6/22/1999,6.1784
6/23/1999,6.1853
6/24/1999,6.2271
6/25/1999,6.3093
6/28/1999,6.2967
6/29/1999,6.2754
6/30/1999,6.2621
7/1/1999,6.162
7/2/1999,6.1892
7/5/1999,6.1583
7/6/1999,6.1494
7/7/1999,6.1706
7/8/1999,6.1703
7/9/1999,6.2014
7/12/1999,6.2387
7/13/1999,6.2465
7/14/1999,6.2465
7/15/1999,6.2762
7/16/1999,6.2627
7/19/1999,6.2459
7/20/1999,6.401
7/21/1999,6.4027
7/22/1999,6.385
7/23/1999,6.4199
7/26/1999,6.5632
7/27/1999,6.5186
7/28/1999,6.5303
7/29/1999,6.5447
7/30/1999,6.5779
8/2/1999,6.615
8/3/1999,6.6208
8/4/1999,6.636
8/5/1999,6.6494
8/6/1999,6.6357
8/9/1999,6.6019
8/10/1999,6.621
8/11/1999,6.5587
8/12/1999,6.5211
8/13/1999,6.4998
8/16/1999,6.4538
8/17/1999,6.4255
8/18/1999,6.4373
8/19/1999,6.4469
8/20/1999,6.4469
8/23/1999,6.4521
8/24/1999,6.4085
8/25/1999,6.3693
8/26/1999,6.3652
8/27/1999,6.3679
8/30/1999,6.3696
8/31/1999,6.4302
9/1/1999,6.4347
9/2/1999,6.4304
9/3/1999,6.4359
9/6/1999,6.4466
9/7/1999,6.3797
9/8/1999,6.4616
9/9/1999,6.4591
9/10/1999,6.4452
9/13/1999,6.2791
9/14/1999,6.2991
9/15/1999,6.312
9/16/1999,6.3684
9/17/1999,6.3442
9/20/1999,6.3336
9/21/1999,6.309
9/22/1999,6.3722
9/23/1999,6.332
9/24/1999,6.3275
9/27/1999,6.252
9/28/1999,6.2595
9/29/1999,6.3272
9/30/1999,6.4097
10/1/1999,6.4395
10/4/1999,6.4395
10/5/1999,6.386
10/6/1999,6.4674
10/7/1999,6.4712
10/8/1999,6.4496
10/11/1999,6.4583
10/12/1999,6.4605
10/13/1999,6.5854
10/14/1999,6.5823
10/15/1999,6.66
10/18/1999,6.6775
10/19/1999,6.6441
10/20/1999,6.6063
10/21/1999,6.6315
10/22/1999,6.5973
10/25/1999,6.5524
10/26/1999,6.5372
10/27/1999,6.4973
10/28/1999,6.456
10/29/1999,6.4262
11/1/1999,6.493
11/2/1999,6.4592
11/3/1999,6.4551
11/4/1999,6.4426
11/5/1999,6.4211
11/8/1999,6.3739
11/9/1999,6.3706
11/10/1999,6.366
11/11/1999,6.3798
11/12/1999,6.3157
11/15/1999,6.3165
11/16/1999,6.3561
11/17/1999,6.4061
11/18/1999,6.378
11/19/1999,6.3296
11/22/1999,6.3304
11/23/1999,6.3252
11/24/1999,6.2654
11/25/1999,6.2598
11/26/1999,6.1886
11/29/1999,6.1994
11/30/1999,6.2369
12/1/1999,6.1999
12/2/1999,6.1893
12/3/1999,6.1742
12/6/1999,6.2772
12/7/1999,6.2985
12/8/1999,6.2979
12/9/1999,6.2566
12/10/1999,6.2169
12/13/1999,6.1983
12/14/1999,6.1558
12/15/1999,6.1449
12/16/1999,6.2357
12/17/1999,6.2166
12/20/1999,6.1954
12/21/1999,6.1933
12/22/1999,6.1905
12/23/1999,6.2012
12/24/1999,6.243
12/27/1999,6.2347
12/28/1999,6.2124
12/29/1999,6.1993
12/30/1999,6.187
1/3/2000,6.2013
1/4/2000,6.3087
1/5/2000,6.296
1/6/2000,6.3304
1/7/2000,6.2393
1/10/2000,6.2223
1/11/2000,6.2305
1/12/2000,6.2656
1/13/2000,6.2303
1/14/2000,6.2096
1/17/2000,6.1296
1/18/2000,6.1355
1/19/2000,6.1691
1/20/2000,6.1543
1/21/2000,6.1592
1/24/2000,6.1576
1/25/2000,6.1686
1/26/2000,6.1617
1/27/2000,6.1497
1/28/2000,6.1845
1/31/2000,6.162
2/1/2000,6.1173
2/2/2000,6.0785
2/3/2000,6.1073
2/4/2000,6.1813
2/7/2000,6.1596
2/8/2000,6.247
2/9/2000,6.2537
2/10/2000,6.2553
2/11/2000,6.2697
2/14/2000,6.2473
2/15/2000,6.231
2/16/2000,6.2309
2/17/2000,6.2514
2/18/2000,6.2247
2/21/2000,6.2417
2/22/2000,6.3279
2/23/2000,6.3227
2/24/2000,6.2704
2/25/2000,6.1822
2/28/2000,6.1087
2/29/2000,6.1684
3/1/2000,6.141
3/2/2000,6.1929
3/3/2000,6.2523
3/6/2000,6.2474
3/7/2000,6.2527
3/8/2000,6.2036
3/9/2000,6.2071
3/10/2000,6.1283
3/13/2000,6.262
3/14/2000,6.1794
3/15/2000,6.2426
3/16/2000,6.2471
3/17/2000,6.2568
3/20/2000,6.3045
3/21/2000,6.2879
3/22/2000,6.1987
3/23/2000,6.2595
3/24/2000,6.2924
3/27/2000,6.2822
3/28/2000,6.2537
3/29/2000,6.2706
3/30/2000,6.2886
3/31/2000,6.2873
4/3/2000,6.2812
4/4/2000,6.2402
4/5/2000,6.3808
4/6/2000,6.3352
4/7/2000,6.2876
4/10/2000,6.2671
4/11/2000,6.3215
4/12/2000,6.2747
4/13/2000,6.2801
4/14/2000,6.278
4/17/2000,6.3503
4/18/2000,6.2823
4/19/2000,6.2726
4/20/2000,6.2561
4/25/2000,6.2649
4/26/2000,6.1915
4/27/2000,6.2388
4/28/2000,6.222
5/2/2000,6.1656
5/3/2000,6.0858
5/4/2000,6.1193
5/5/2000,6.194
5/8/2000,6.2163
5/9/2000,6.3142
5/10/2000,6.5115
5/11/2000,6.3553
5/12/2000,6.4106
5/15/2000,6.4349
5/16/2000,6.4067
5/17/2000,6.3435
5/18/2000,6.4159
5/19/2000,6.3679
5/22/2000,6.3945
5/23/2000,6.446
5/24/2000,6.4375
5/25/2000,6.4371
5/26/2000,6.5601
5/29/2000,6.6001
5/30/2000,6.6393
5/31/2000,6.4656
6/1/2000,6.531
6/2/2000,6.4942
6/5/2000,6.5324
6/6/2000,6.5873
6/7/2000,6.6706
6/8/2000,6.7782
6/9/2000,6.6925
6/12/2000,6.708
6/13/2000,6.7091
6/14/2000,6.7097
6/15/2000,6.6192
6/16/2000,6.5559
6/19/2000,6.6058
6/20/2000,6.5546
6/21/2000,6.5461
6/22/2000,6.5224
6/23/2000,6.4912
6/26/2000,6.4076
6/27/2000,6.4162
6/28/2000,6.4041
6/29/2000,6.4865
6/30/2000,6.4981
7/3/2000,6.4486
7/4/2000,6.4464
7/5/2000,6.4504
7/6/2000,6.4933
7/7/2000,6.4864
7/10/2000,6.4966
7/11/2000,6.4755
7/12/2000,6.4607
7/13/2000,6.4204
7/14/2000,6.4147
7/17/2000,6.4389
7/18/2000,6.4676
7/19/2000,6.4321
7/20/2000,6.4182
7/21/2000,6.4495
7/24/2000,6.4489
7/25/2000,6.5443
7/26/2000,6.5291
7/27/2000,6.5103
7/28/2000,6.4351
7/31/2000,6.439
8/1/2000,6.4473
8/2/2000,6.4122
8/3/2000,6.3263
8/4/2000,6.3151
8/7/2000,6.3193
8/8/2000,6.3071
8/9/2000,6.2722
8/10/2000,6.2919
8/11/2000,6.3295
8/14/2000,6.2228
8/15/2000,6.3182
8/16/2000,6.3165
8/17/2000,6.3325
8/18/2000,6.3185
8/21/2000,6.2701
8/22/2000,6.2602
8/23/2000,6.2475
8/24/2000,6.2749
8/25/2000,6.2429
8/28/2000,6.2516
8/29/2000,6.2235
8/30/2000,6.2072
8/31/2000,6.2123
9/1/2000,6.2099
9/4/2000,6.2609
9/5/2000,6.2114
9/6/2000,6.2316
9/7/2000,6.1658
9/8/2000,6.1929
9/11/2000,6.1238
9/12/2000,6.146
9/13/2000,6.1691
9/14/2000,6.1966
9/15/2000,6.163
9/18/2000,6.1963
9/19/2000,6.2132
9/20/2000,6.1691
9/21/2000,6.2716
9/22/2000,6.4224
9/25/2000,6.3362
9/26/2000,6.3194
9/27/2000,6.3756
9/28/2000,6.4111
9/29/2000,6.3745
10/2/2000,6.358
10/3/2000,6.342
10/4/2000,6.3267
10/5/2000,6.3403
10/6/2000,6.3388
10/9/2000,6.3718
10/10/2000,6.4025
10/11/2000,6.436
10/12/2000,6.4076
10/13/2000,6.472
10/16/2000,6.4109
10/17/2000,6.4051
10/18/2000,6.5167
10/19/2000,6.451
10/20/2000,6.4591
10/23/2000,6.3739
10/24/2000,6.3449
10/25/2000,6.3751
10/26/2000,6.3488
10/27/2000,6.365
10/30/2000,6.4049
10/31/2000,6.3911
11/1/2000,6.4255
11/2/2000,6.4743
11/3/2000,6.554
11/6/2000,6.5163
11/7/2000,6.5496
11/8/2000,6.5583
11/9/2000,6.5795
11/10/2000,6.5837
11/13/2000,6.577
11/14/2000,6.5657
11/15/2000,6.5958
11/16/2000,6.5704
11/17/2000,6.5282
11/20/2000,6.5825
11/21/2000,6.6313
11/22/2000,6.6
11/23/2000,6.5966
11/24/2000,6.5927
11/27/2000,6.5702
11/28/2000,6.6329
11/29/2000,6.7038
11/30/2000,6.7062
12/1/2000,6.7041
12/4/2000,6.7873
12/5/2000,6.7279
12/6/2000,6.7225
12/7/2000,6.7761
12/8/2000,6.7738
12/11/2000,6.7703
12/12/2000,6.792
12/13/2000,6.8096
12/14/2000,6.8193
12/15/2000,6.9345
12/18/2000,6.859
12/19/2000,6.862
12/20/2000,6.9211
12/21/2000,6.9807
12/22/2000,7.0132
12/27/2000,7.0268
12/28/2000,7.025
12/29/2000,7.0392
1/2/2001,7.134
1/3/2001,7.1313
1/4/2001,7.1005
1/5/2001,7.1671
1/8/2001,7.184
1/9/2001,7.2218
1/10/2001,7.4072
1/11/2001,7.5223
1/12/2001,7.4642
1/15/2001,7.4363
1/16/2001,7.3578
1/17/2001,7.3245
1/18/2001,7.448
1/19/2001,7.4307
1/22/2001,7.3229
1/23/2001,7.3986
1/24/2001,7.3248
1/25/2001,7.207
1/26/2001,7.2993
1/29/2001,7.2429
1/30/2001,7.238
1/31/2001,7.2044
2/1/2001,7.2873
2/2/2001,7.2763
2/5/2001,7.3302
2/6/2001,7.2675
2/7/2001,7.2945
2/8/2001,7.3626
2/9/2001,7.2783
2/12/2001,7.2888
2/13/2001,7.29
2/14/2001,7.2529
2/15/2001,7.1266
2/16/2001,7.195
2/19/2001,7.1222
2/20/2001,7.0645
2/21/2001,7.1155
2/22/2001,7.0954
2/23/2001,7.1219
2/26/2001,7.0746
2/27/2001,7.0943
2/28/2001,7.0978
3/1/2001,7.1604
3/2/2001,7.2633
3/5/2001,7.1877
3/6/2001,7.2817
3/7/2001,7.3232
3/8/2001,7.2354
3/9/2001,7.2155
3/12/2001,7.1742
3/13/2001,7.1914
3/14/2001,7.2131
3/15/2001,7.1447
3/16/2001,7.0617
3/19/2001,7.1633
3/20/2001,7.216
3/21/2001,7.183
3/22/2001,7.1694
3/23/2001,7.1002
3/26/2001,7.1042
3/27/2001,7.146
3/28/2001,7.0903
3/29/2001,7.0693
3/30/2001,7.0656
4/2/2001,7.0615
4/3/2001,7.1777
4/4/2001,7.2841
4/5/2001,7.2509
4/6/2001,7.2434
4/9/2001,7.2618
4/10/2001,7.2106
4/11/2001,7.0899
4/12/2001,7.1045
4/17/2001,7.135
4/18/2001,7.1457
4/19/2001,7.2225
4/20/2001,7.3354
4/23/2001,7.35
4/24/2001,7.2798
4/25/2001,7.2464
4/26/2001,7.2769
4/27/2001,7.2165
4/30/2001,7.1101
5/2/2001,7.1533
5/3/2001,7.1833
5/4/2001,7.204
5/7/2001,7.1686
5/8/2001,7.103
5/9/2001,7.0274
5/10/2001,6.998
5/11/2001,6.9844
5/14/2001,6.9894
5/15/2001,6.995
5/16/2001,7.0543
5/17/2001,7.0485
5/18/2001,6.9661
5/21/2001,6.8957
5/22/2001,6.8829
5/23/2001,6.795
5/24/2001,6.8415
5/25/2001,6.804
5/28/2001,6.7842
5/29/2001,6.7732
5/30/2001,6.814
5/31/2001,6.7855
6/1/2001,6.791
6/4/2001,6.7968
6/5/2001,6.8169
6/6/2001,6.872
6/7/2001,6.8655
6/8/2001,6.8328
6/11/2001,6.8555
6/12/2001,6.8563
6/13/2001,6.9126
6/14/2001,6.8892
6/15/2001,6.9275
6/18/2001,6.9015
6/19/2001,6.8984
6/20/2001,6.8894
6/21/2001,6.913
6/22/2001,6.8554
6/25/2001,6.9265
6/26/2001,6.91
6/27/2001,6.9136
6/28/2001,6.85
6/29/2001,6.8332
7/2/2001,6.8063
7/3/2001,6.8211
7/4/2001,6.8119
7/5/2001,6.866
7/6/2001,6.8655
7/9/2001,6.9596
7/10/2001,7.0133
7/11/2001,7.1507
7/12/2001,7.0754
7/13/2001,7.0254
7/16/2001,7.0791
7/17/2001,7.0263
7/18/2001,7.0856
7/19/2001,7.2071
7/20/2001,7.2418
7/23/2001,7.1242
7/24/2001,7.1329
7/25/2001,7.2215
7/26/2001,7.1726
7/27/2001,7.1751
7/30/2001,7.1812
7/31/2001,7.2334
8/1/2001,7.274
8/2/2001,7.2239
8/3/2001,7.2599
8/6/2001,7.3062
8/7/2001,7.2775
8/8/2001,7.265
8/9/2001,7.3259
8/10/2001,7.37
8/13/2001,7.4284
8/14/2001,7.4232
8/15/2001,7.5296
8/16/2001,7.5433
8/17/2001,7.542
8/20/2001,7.605
8/21/2001,7.584
8/22/2001,7.7462
8/23/2001,7.62
8/24/2001,7.632
8/27/2001,7.6242
8/28/2001,7.588
8/29/2001,7.6165
8/30/2001,7.6094
8/31/2001,7.6992
9/3/2001,7.6681
9/4/2001,7.5828
9/5/2001,7.5352
9/6/2001,7.549
9/7/2001,7.5915
9/10/2001,7.7105
9/11/2001,7.661
9/12/2001,7.7866
9/13/2001,7.822
9/14/2001,7.958
9/17/2001,8.0325
9/18/2001,8.032
9/19/2001,8.007
9/20/2001,8.0438
9/21/2001,8.0788
9/24/2001,7.9982
9/25/2001,8.0545
9/26/2001,8.142
9/27/2001,8.281
9/28/2001,8.2217
10/1/2001,8.2022
10/2/2001,8.4217
10/3/2001,8.5598
10/4/2001,8.529
10/5/2001,8.5231
10/8/2001,8.602
10/9/2001,8.5155
10/10/2001,8.465
10/11/2001,8.318
10/12/2001,8.2797
10/15/2001,8.208
10/16/2001,8.3138
10/17/2001,8.3643
10/18/2001,8.358
10/19/2001,8.336
10/22/2001,8.4534
10/23/2001,8.4515
10/24/2001,8.3815
10/25/2001,8.3698
10/26/2001,8.3808
10/29/2001,8.408
10/30/2001,8.493
10/31/2001,8.5647
11/1/2001,8.5935
11/2/2001,8.6919
11/5/2001,8.578
11/6/2001,8.4862
11/7/2001,8.595
11/8/2001,8.5385
11/9/2001,8.5905
11/12/2001,8.6202
11/13/2001,8.579
11/14/2001,8.547
11/15/2001,8.5216
11/16/2001,8.4377
11/19/2001,8.4952
11/20/2001,8.6145
11/21/2001,8.659
11/22/2001,8.756
11/23/2001,8.7444
11/26/2001,8.7077
11/27/2001,8.739
11/28/2001,8.7559
11/29/2001,8.8064
11/30/2001,9.1695
12/3/2001,9.3088
12/4/2001,9.258
12/5/2001,9.6506
12/6/2001,9.8623
12/7/2001,9.7445
12/10/2001,9.8346
12/11/2001,9.8968
12/12/2001,9.9972
12/13/2001,10.2854
12/14/2001,11.1212
12/17/2001,10.774
12/18/2001,11.0352
12/19/2001,11.2332
12/20/2001,12.1203
12/21/2001,11.134
12/24/2001,10.5356
12/27/2001,10.5876
12/28/2001,10.4302
1/2/2002,11.1014
1/3/2002,11.1152
1/4/2002,10.8522
1/7/2002,10.5903
1/8/2002,10.3567
1/9/2002,10.0941
1/10/2002,10.1362
1/11/2002,10.322
1/14/2002,10.2024
1/15/2002,10.3584
1/16/2002,10.4349
1/17/2002,10.2278
1/18/2002,9.9971
1/21/2002,10.1881
1/22/2002,10.1589
1/23/2002,10.0516
1/24/2002,9.9768
1/25/2002,9.7813
1/28/2002,9.914
1/29/2002,9.8831
1/30/2002,9.8908
1/31/2002,9.9438
2/1/2002,9.9311
2/4/2002,10.1005
2/5/2002,10.0744
2/6/2002,9.9691
2/7/2002,10.0177
2/8/2002,10.0222
2/11/2002,10.0955
2/12/2002,10.114
2/13/2002,9.991
2/14/2002,10.0143
2/15/2002,10.002
2/18/2002,9.9743
2/19/2002,10.0392
2/20/2002,9.9976
2/21/2002,9.9539
2/22/2002,10.023
2/25/2002,9.9236
2/26/2002,9.9261
2/27/2002,9.8728
2/28/2002,9.8682
3/1/2002,9.8723
3/4/2002,9.6782
3/5/2002,9.5155
3/6/2002,9.666
3/7/2002,9.8672
3/8/2002,10.5421
3/11/2002,10.1439
3/12/2002,10.08
3/13/2002,10.3061
3/14/2002,10.2335
3/15/2002,10.4022
3/18/2002,10.5174
3/19/2002,10.3674
3/20/2002,10.1758
3/21/2002,10.1748
3/22/2002,10.1714
3/25/2002,10.0947
3/26/2002,10.1436
3/27/2002,10.0579
3/28/2002,9.9389
4/2/2002,9.8974
4/3/2002,9.9034
4/4/2002,9.9423
4/5/2002,9.8689
4/8/2002,9.7743
4/9/2002,9.8408
4/10/2002,9.867
4/11/2002,9.879
4/12/2002,9.8726
4/15/2002,9.8437
4/16/2002,9.8428
4/17/2002,9.9655
4/18/2002,9.8979
4/19/2002,9.8468
4/22/2002,9.768
4/23/2002,9.6927
4/24/2002,9.7456
4/25/2002,9.7358
4/26/2002,9.6348
4/29/2002,9.5814
4/30/2002,9.616
5/2/2002,9.4655
5/3/2002,9.5272
5/6/2002,9.5052
5/7/2002,9.312
5/8/2002,9.3016
5/9/2002,9.3645
5/10/2002,9.3845
5/13/2002,9.2648
5/14/2002,9.1689
5/15/2002,9.2693
5/16/2002,9.2381
5/17/2002,9.1978
5/20/2002,9.248
5/21/2002,9.2867
5/22/2002,9.354
5/23/2002,9.3243
5/24/2002,9.1558
5/27/2002,9.2038
5/28/2002,9.2064
5/29/2002,9.1871
5/30/2002,9.1036
5/31/2002,9.1903
6/3/2002,9.1314
6/4/2002,9.1449
6/5/2002,9.2362
6/6/2002,9.2921
6/7/2002,9.2776
6/10/2002,9.4259
6/11/2002,9.4348
6/12/2002,9.6179
6/13/2002,9.6618
6/14/2002,9.8512
6/17/2002,9.9951
6/18/2002,9.7927
6/19/2002,9.8
6/20/2002,9.7766
6/21/2002,10.1081
6/24/2002,10.181
6/25/2002,10.0635
6/26/2002,10.2448
6/27/2002,10.1373
6/28/2002,10.3043
7/1/2002,9.8094
7/2/2002,9.929
7/3/2002,9.9438
7/4/2002,9.9907
7/5/2002,9.7809
7/8/2002,9.998
7/9/2002,9.9598
7/10/2002,9.9064
7/11/2002,9.9184
7/12/2002,9.8927
7/15/2002,10.0501
7/16/2002,10.2151
7/17/2002,10.1546
7/18/2002,10.1195
7/19/2002,10.075
7/22/2002,10.0986
7/23/2002,10.0126
7/24/2002,10.1416
7/25/2002,10.1993
7/26/2002,10.1731
7/29/2002,9.9968
7/30/2002,10.0076
7/31/2002,9.9498
8/1/2002,10.026
8/2/2002,10.0813
8/5/2002,10.286
8/6/2002,10.3503
8/7/2002,10.1688
8/8/2002,10.1315
8/9/2002,10.1741
8/12/2002,10.2333
8/13/2002,10.3659
8/14/2002,10.4238
8/15/2002,10.3959
8/16/2002,10.4735
8/19/2002,10.382
8/20/2002,10.4113
8/21/2002,10.6699
8/22/2002,10.6652
8/23/2002,10.5576
8/26/2002,10.4892
8/27/2002,10.4103
8/28/2002,10.3817
8/29/2002,10.4888
8/30/2002,10.3344
9/2/2002,10.4004
9/3/2002,10.5955
9/4/2002,10.6672
9/5/2002,10.5496
9/6/2002,10.4868
9/9/2002,10.2935
9/10/2002,10.272
9/11/2002,10.3695
9/12/2002,10.3741
9/13/2002,10.3409
9/16/2002,10.3366
9/17/2002,10.2747
9/18/2002,10.3547
9/19/2002,10.3489
9/20/2002,10.2942
9/23/2002,10.4508
9/24/2002,10.4963
9/25/2002,10.4281
9/26/2002,10.3225
9/27/2002,10.3076
9/30/2002,10.4077
10/1/2002,10.3491
10/2/2002,10.2363
10/3/2002,10.2624
10/4/2002,10.2744
10/7/2002,10.2248
10/8/2002,10.2594
10/9/2002,10.2949
10/10/2002,10.3391
10/11/2002,10.2771
10/14/2002,10.3
10/15/2002,10.2552
10/16/2002,10.2356
10/17/2002,10.0814
10/18/2002,10.0489
10/21/2002,10.0136
10/22/2002,10
10/23/2002,9.9753
10/24/2002,9.8977
10/25/2002,9.8865
10/28/2002,9.8152
10/29/2002,9.8624
10/30/2002,9.9031
10/31/2002,9.8477
11/1/2002,9.9441
11/4/2002,9.8282
11/5/2002,9.9282
11/6/2002,9.8654
11/7/2002,9.8788
11/8/2002,9.8694
11/11/2002,9.934
11/12/2002,9.9389
11/13/2002,9.9056
11/14/2002,9.888
11/15/2002,9.698
11/18/2002,9.6473
11/19/2002,9.6906
11/20/2002,9.6836
11/21/2002,9.6978
11/22/2002,9.5228
11/25/2002,9.2983
11/26/2002,9.0592
11/27/2002,9.1365
11/28/2002,9.18
11/29/2002,9.2276
12/2/2002,9.1257
12/3/2002,9.2605
12/4/2002,9.2377
12/5/2002,9.1129
12/6/2002,9.1293
12/9/2002,9.2417
12/10/2002,9.0964
12/11/2002,8.9696
12/12/2002,9.0515
12/13/2002,9.0086
12/16/2002,8.9105
12/17/2002,8.9929
12/18/2002,9.2385
12/19/2002,9.2123
12/20/2002,9.1782
12/23/2002,9.1099
12/24/2002,9.0892
12/27/2002,9.1231
12/30/2002,8.9791
12/31/2002,9.0094
1/2/2003,8.8738
1/3/2003,8.787
1/6/2003,8.8309
1/7/2003,8.916
1/8/2003,8.9865
1/9/2003,8.9861
1/10/2003,8.962
1/13/2003,9.022
1/14/2003,9.2562
1/15/2003,9.2471
1/16/2003,9.3159
1/17/2003,9.425
1/20/2003,9.421
1/21/2003,9.5077
1/22/2003,9.6715
1/23/2003,9.5401
1/24/2003,9.3891
1/27/2003,9.5276
1/28/2003,9.4435
1/29/2003,9.4932
1/30/2003,9.2876
1/31/2003,9.2639
2/3/2003,9.1747
2/4/2003,9.1027
2/5/2003,9.1644
2/6/2003,9.11
2/7/2003,9.0385
2/10/2003,9.0666
2/11/2003,9.0969
2/12/2003,9.0154
2/13/2003,8.9843
2/14/2003,9.0055
2/17/2003,9.0068
2/18/2003,8.9837
2/19/2003,8.9796
2/20/2003,8.7543
2/21/2003,8.7233
2/24/2003,8.6983
2/25/2003,8.7054
2/26/2003,8.5694
2/27/2003,8.7545
2/28/2003,8.7603
3/3/2003,8.7132
3/4/2003,8.6984
3/5/2003,8.6879
3/6/2003,8.7636
3/7/2003,8.8037
3/10/2003,8.7537
3/11/2003,8.7346
3/12/2003,8.8431
3/13/2003,8.8124
3/14/2003,8.8664
3/17/2003,8.7688
3/18/2003,8.7308
3/19/2003,8.6616
3/20/2003,8.6166
3/21/2003,8.617
3/24/2003,8.6947
3/25/2003,8.6383
3/26/2003,8.5016
3/27/2003,8.5421
3/28/2003,8.545
3/31/2003,8.6356
4/1/2003,8.5848
4/2/2003,8.6153
4/3/2003,8.4907
4/4/2003,8.5424
4/7/2003,8.545
4/8/2003,8.5826
4/9/2003,8.5103
4/10/2003,8.4091
4/11/2003,8.3894
4/14/2003,8.4018
4/15/2003,8.3414
4/16/2003,8.3166
4/17/2003,8.2664
4/22/2003,8.2919
4/23/2003,8.2698
4/24/2003,8.0279
4/25/2003,8.0487
4/28/2003,7.8511
4/29/2003,7.8922
4/30/2003,8.0071
5/2/2003,8.3618
5/5/2003,8.2229
5/6/2003,8.3549
5/7/2003,8.3809
5/8/2003,8.3504
5/9/2003,8.3186
5/12/2003,8.5456
5/13/2003,8.4854
5/14/2003,8.6012
5/15/2003,9.0375
5/16/2003,8.9286
5/19/2003,9.1005
5/20/2003,9.0926
5/21/2003,9.094
5/22/2003,9.2119
5/23/2003,9.2375
5/26/2003,9.3264
5/27/2003,9.5075
5/28/2003,9.7015
5/29/2003,9.621
5/30/2003,9.5451
6/2/2003,9.4998
6/3/2003,9.4253
6/4/2003,9.5102
6/5/2003,9.4676
6/6/2003,9.4944
6/9/2003,9.4211
6/10/2003,9.3765
6/11/2003,9.3372
6/12/2003,9.3779
6/13/2003,9.2057
6/16/2003,9.2783
6/17/2003,9.193
6/18/2003,9.3125
6/19/2003,9.3141
6/20/2003,9.237
6/23/2003,9.1794
6/24/2003,9.118
6/25/2003,8.9262
6/26/2003,8.7445
6/27/2003,8.575
6/30/2003,8.5422
7/1/2003,8.6396
7/2/2003,8.4807
7/3/2003,8.6625
7/4/2003,8.6278
7/7/2003,8.4912
7/8/2003,8.6301
7/9/2003,8.6791
7/10/2003,8.5061
7/11/2003,8.6183
7/14/2003,8.5925
7/15/2003,8.7311
7/16/2003,8.6887
7/17/2003,8.6237
7/18/2003,8.6331
7/21/2003,8.6743
7/22/2003,8.5932
7/23/2003,8.6348
7/24/2003,8.5941
7/25/2003,8.5888
7/28/2003,8.4689
7/29/2003,8.4177
7/30/2003,8.4333
7/31/2003,8.426
8/1/2003,8.373
8/4/2003,8.4742
8/5/2003,8.4661
8/6/2003,8.4019
8/7/2003,8.3036
8/8/2003,8.3066
8/11/2003,8.3129
8/12/2003,8.3126
8/13/2003,8.3931
8/14/2003,8.338
8/15/2003,8.261
8/18/2003,8.1613
8/19/2003,8.1117
8/20/2003,8.217
8/21/2003,8.1848
8/22/2003,8.1606
8/25/2003,8.1368
8/26/2003,8.102
8/27/2003,8.0368
8/28/2003,7.9297
8/29/2003,8.0037
9/1/2003,8.0598
9/2/2003,7.9682
9/3/2003,7.8866
9/4/2003,7.8709
9/5/2003,8.0827
9/8/2003,8.3226
9/9/2003,8.3506
9/10/2003,8.3534
9/11/2003,8.2217
9/12/2003,8.2583
9/15/2003,8.3592
9/16/2003,8.437
9/17/2003,8.3043
9/18/2003,8.354
9/19/2003,8.315
9/22/2003,8.3525
9/23/2003,8.242
9/24/2003,8.2039
9/25/2003,8.1805
9/26/2003,8.27
9/29/2003,8.1771
9/30/2003,8.1393
10/1/2003,8.1537
10/2/2003,8.0444
10/3/2003,8.0104
10/6/2003,8.1052
10/7/2003,8.0313
10/8/2003,8.0963
10/9/2003,8.1335
10/10/2003,8.1512
10/13/2003,8.1615
10/14/2003,8.1754
10/15/2003,8.1402
10/16/2003,8.136
10/17/2003,8.3192
10/20/2003,8.3885
10/21/2003,8.2817
10/22/2003,8.2995
10/23/2003,8.2302
10/24/2003,8.2033
10/27/2003,8.1453
10/28/2003,8.0895
10/29/2003,8.1365
10/30/2003,8.0806
10/31/2003,8.0288
11/3/2003,7.9469
11/4/2003,7.9584
11/5/2003,7.916
11/6/2003,8.0103
11/7/2003,8.0377
11/10/2003,8.0131
11/11/2003,7.9801
11/12/2003,8.0153
11/13/2003,7.9568
11/14/2003,7.9322
11/17/2003,7.9321
11/18/2003,7.9199
11/19/2003,7.8257
11/20/2003,7.8525
11/21/2003,7.762
11/24/2003,7.7768
11/25/2003,7.7563
11/26/2003,7.6807
11/27/2003,7.6396
11/28/2003,7.7001
12/1/2003,7.6897
12/2/2003,7.6573
12/3/2003,7.4707
12/4/2003,7.466
12/5/2003,7.7216
12/8/2003,7.7674
12/9/2003,7.8412
12/10/2003,7.8509
12/11/2003,7.8314
12/12/2003,7.8531
12/15/2003,7.829
12/16/2003,7.7856
12/17/2003,8.0059
12/18/2003,8.2509
12/19/2003,8.2825
12/22/2003,8.6351
12/23/2003,8.5084
12/24/2003,8.4762
12/29/2003,8.3786
12/30/2003,8.2333
12/31/2003,8.3276
1/2/2004,8.4395
1/5/2004,8.0417
1/6/2004,8.2152
1/7/2004,8.3361
1/8/2004,8.3893
1/9/2004,8.6234
1/12/2004,8.6617
1/13/2004,8.9031
1/14/2004,9.0622
1/15/2004,9.0476
1/16/2004,9.1835
1/19/2004,9.015
1/20/2004,9.1348
1/21/2004,8.9635
1/22/2004,8.9983
1/23/2004,9.057
1/26/2004,9.0987
1/27/2004,8.9168
1/28/2004,8.7732
1/29/2004,8.7615
1/30/2004,8.7326
2/2/2004,8.7339
2/3/2004,8.6991
2/4/2004,8.6913
2/5/2004,8.6509
2/6/2004,8.855
2/9/2004,8.877
2/10/2004,8.7983
2/11/2004,8.7537
2/12/2004,8.5327
2/13/2004,8.4762
2/16/2004,8.4565
2/17/2004,8.5438
2/18/2004,8.4058
2/19/2004,8.4833
2/20/2004,8.471
2/23/2004,8.4006
2/24/2004,8.3927
2/25/2004,8.3317
2/26/2004,8.2878
2/27/2004,8.2685
3/1/2004,8.2766
3/2/2004,8.2283
3/3/2004,8.3909
3/4/2004,8.31
3/5/2004,8.3147
3/8/2004,8.1608
3/9/2004,8.192
3/10/2004,8.0938
3/11/2004,8.2441
3/12/2004,8.2703
3/15/2004,8.2566
3/16/2004,8.2511
3/17/2004,8.2584
3/18/2004,8.1894
3/19/2004,8.1995
3/22/2004,8.1701
3/23/2004,8.0215
3/24/2004,8.015
3/25/2004,8.0204
3/26/2004,8.0243
3/29/2004,7.7738
3/30/2004,7.6105
3/31/2004,7.7788
4/1/2004,7.8278
4/2/2004,7.8158
4/5/2004,7.7469
4/6/2004,7.816
4/7/2004,7.6678
4/8/2004,7.6628
4/13/2004,7.68
4/14/2004,7.816
4/15/2004,7.8591
4/16/2004,7.7972
4/19/2004,7.7786
4/20/2004,7.8022
4/21/2004,7.9639
4/22/2004,8.1194
4/23/2004,8.0102
4/26/2004,7.9935
4/27/2004,7.941
4/28/2004,8.0983
4/29/2004,8.195
4/30/2004,8.1894
5/3/2004,8.2771
5/4/2004,8.3128
5/5/2004,8.3
5/6/2004,8.29
5/7/2004,8.2487
5/10/2004,8.4006
5/11/2004,8.222
5/12/2004,8.1091
5/13/2004,8.2363
5/14/2004,8.1607
5/17/2004,8.1182
5/18/2004,8.1066
5/19/2004,8.0774
5/20/2004,8.1041
5/21/2004,8.1145
5/24/2004,8.0419
5/25/2004,7.9926
5/26/2004,7.9942
5/27/2004,7.9918
5/28/2004,7.9739
5/31/2004,7.9345
6/1/2004,7.8614
6/2/2004,7.9015
6/3/2004,7.916
6/4/2004,7.8645
6/7/2004,7.9842
6/8/2004,8.0262
6/9/2004,8.0714
6/10/2004,8.0189
6/11/2004,7.8339
6/14/2004,7.8913
6/15/2004,7.9488
6/16/2004,7.87
6/17/2004,7.7991
6/18/2004,7.8014
6/21/2004,7.6962
6/22/2004,7.6237
6/23/2004,7.601
6/24/2004,7.6491
6/25/2004,7.6741
6/28/2004,7.6114
6/29/2004,7.581
6/30/2004,7.6177
7/1/2004,7.5203
7/2/2004,7.5989
7/5/2004,7.5477
7/6/2004,7.6005
7/7/2004,7.6301
7/8/2004,7.5023
7/9/2004,7.5127
7/12/2004,7.5343
7/13/2004,7.521
7/14/2004,7.5628
7/15/2004,7.5339
7/16/2004,7.4366
7/19/2004,7.3166
7/20/2004,7.389
7/21/2004,7.3906
7/22/2004,7.4273
7/23/2004,7.5528
7/26/2004,7.5055
7/27/2004,7.6032
7/28/2004,7.5751
7/29/2004,7.5204
7/30/2004,7.5194
8/2/2004,7.5221
8/3/2004,7.6072
8/4/2004,7.5483
8/5/2004,7.5138
8/6/2004,7.5451
8/9/2004,7.4811
8/10/2004,7.5415
8/11/2004,7.5649
8/12/2004,7.615
8/13/2004,7.9695
8/16/2004,8.0133
8/17/2004,8.0611
8/18/2004,8.0427
8/19/2004,8.0747
8/20/2004,8.0954
8/23/2004,8.1427
8/24/2004,8.1192
8/25/2004,8.0826
8/26/2004,8.0159
8/27/2004,8.036
8/30/2004,8.0772
8/31/2004,8.089
9/1/2004,8.0614
9/2/2004,7.9495
9/3/2004,8.0371
9/6/2004,8.0182
9/7/2004,8.026
9/8/2004,8.0567
9/9/2004,8.1219
9/10/2004,8.1559
9/13/2004,8.0192
9/14/2004,7.9955
9/15/2004,8.0188
9/16/2004,7.9803
9/17/2004,7.996
9/20/2004,7.919
9/21/2004,7.9017
9/22/2004,8.0001
9/23/2004,7.9896
9/24/2004,7.9134
9/27/2004,7.8831
9/28/2004,7.8935
9/29/2004,7.9579
9/30/2004,7.9792
10/1/2004,8.0434
10/4/2004,7.9835
10/5/2004,8.0533
10/6/2004,8.0263
10/7/2004,8.1183
10/8/2004,8.1603
10/11/2004,8.1196
10/12/2004,8.0579
10/13/2004,8.0874
10/14/2004,8.1289
10/15/2004,8.0446
10/18/2004,7.9846
10/19/2004,7.9181
10/20/2004,7.9148
10/21/2004,7.8586
10/22/2004,7.8099
10/25/2004,7.8834
10/26/2004,7.9711
10/27/2004,7.8898
10/28/2004,7.8529
10/29/2004,7.8017
11/1/2004,7.814
11/2/2004,7.845
11/3/2004,7.804
11/4/2004,7.8593
11/5/2004,7.9126
11/8/2004,7.9915
11/9/2004,8.0239
11/10/2004,7.9972
11/11/2004,7.9955
11/12/2004,7.9644
11/15/2004,7.834
11/16/2004,7.84
11/17/2004,7.7866
11/18/2004,7.8623
11/19/2004,7.7954
11/22/2004,7.8312
11/23/2004,7.8472
11/24/2004,7.8432
11/25/2004,7.7729
11/26/2004,7.7999
11/29/2004,7.718
11/30/2004,7.7068
12/1/2004,7.7288
12/2/2004,7.7357
12/3/2004,7.7592
12/6/2004,7.6784
12/7/2004,7.7176
12/8/2004,7.7976
12/9/2004,7.8301
12/10/2004,7.7072
12/13/2004,7.6297
12/14/2004,7.6426
12/15/2004,7.6875
12/16/2004,7.6824
12/17/2004,7.6747
12/20/2004,7.6633
12/21/2004,7.5914
12/22/2004,7.5985
12/23/2004,7.6
12/24/2004,7.6377
12/27/2004,7.6495
12/28/2004,7.6666
12/29/2004,7.6746
12/30/2004,7.7064
12/31/2004,7.6897
1/3/2005,7.5893
1/4/2005,7.7314
1/5/2005,7.8085
1/6/2005,8.0519
1/7/2005,8.0036
1/10/2005,7.8438
1/11/2005,7.8371
1/12/2005,7.9278
1/13/2005,7.923
1/14/2005,7.9051
1/17/2005,7.8939
1/18/2005,7.9029
1/19/2005,7.8725
1/20/2005,7.8845
1/21/2005,7.8413
1/24/2005,7.7805
1/25/2005,7.7314
1/26/2005,7.7749
1/27/2005,7.7542
1/28/2005,7.7643
1/31/2005,7.7887
2/1/2005,7.8629
2/2/2005,7.8795
2/3/2005,7.9901
2/4/2005,7.9695
2/7/2005,7.9488
2/8/2005,7.9756
2/9/2005,7.9766
2/10/2005,7.9808
2/11/2005,7.866
2/14/2005,7.8129
2/15/2005,7.8627
2/16/2005,7.8139
2/17/2005,7.7995
2/18/2005,7.7296
2/21/2005,7.7531
2/22/2005,7.7113
2/23/2005,7.684
2/24/2005,7.6845
2/25/2005,7.6994
2/28/2005,7.6734
3/1/2005,7.7193
3/2/2005,7.7544
3/3/2005,7.7793
3/4/2005,7.8168
3/7/2005,7.7538
3/8/2005,7.7414
3/9/2005,7.7337
3/10/2005,7.8918
3/11/2005,7.8354
3/14/2005,8.004
3/15/2005,8.0144
3/16/2005,8.1594
3/17/2005,8.2177
3/18/2005,8.0401
3/21/2005,8.1141
3/22/2005,8.0058
3/23/2005,8.0879
3/24/2005,8.0565
3/29/2005,8.2239
3/30/2005,8.1941
3/31/2005,8.0898
4/1/2005,8.0119
4/4/2005,7.9968
4/5/2005,7.9995
4/6/2005,7.8774
4/7/2005,7.9137
4/8/2005,7.9483
4/11/2005,7.8754
4/12/2005,7.9634
4/13/2005,7.9176
4/14/2005,7.9455
4/15/2005,8.1191
4/18/2005,8.1469
4/19/2005,8.1098
4/20/2005,8.0372
4/21/2005,7.9636
4/22/2005,7.928
4/25/2005,7.8714
4/26/2005,7.9119
4/27/2005,7.8992
4/28/2005,7.9202
4/29/2005,7.9067
5/2/2005,7.8403
5/3/2005,7.8801
5/4/2005,7.8145
5/5/2005,7.7365
5/6/2005,7.7886
5/9/2005,7.8329
5/10/2005,7.9548
5/11/2005,7.9453
5/12/2005,7.9643
5/13/2005,8.0115
5/16/2005,8.0468
5/17/2005,8.1124
5/18/2005,8.1191
5/19/2005,8.0987
5/20/2005,8.0849
5/23/2005,8.2345
5/24/2005,8.2052
5/25/2005,8.2404
5/26/2005,8.2949
5/27/2005,8.3279
5/30/2005,8.2824
5/31/2005,8.2849
6/1/2005,8.4664
6/2/2005,8.4172
6/3/2005,8.3573
6/6/2005,8.2938
6/7/2005,8.1201
6/8/2005,8.2235
6/9/2005,8.3424
6/10/2005,8.2237
6/13/2005,8.2891
6/14/2005,8.3879
6/15/2005,8.2912
6/16/2005,8.1826
6/17/2005,8.127
6/20/2005,8.1926
6/21/2005,8.1643
6/22/2005,8.1773
6/23/2005,8.1633
6/24/2005,8.1148
6/27/2005,8.1244
6/28/2005,8.0365
6/29/2005,8.1063
6/30/2005,8.0254
7/1/2005,8.0775
7/4/2005,8.1584
7/5/2005,8.2023
7/6/2005,8.1422
7/7/2005,8.1747
7/8/2005,8.2439
7/11/2005,8.2184
7/12/2005,8.1026
7/13/2005,7.9711
7/14/2005,8.0575
7/15/2005,7.9892
7/18/2005,8.0343
7/19/2005,8.052
7/20/2005,8.0613
7/21/2005,7.9947
7/22/2005,8.0117
7/25/2005,8.0681
7/26/2005,8.0436
7/27/2005,8.0132
7/28/2005,8.0224
7/29/2005,8.0204
8/1/2005,8.0087
8/2/2005,7.9529
8/3/2005,7.9488
8/4/2005,7.9809
8/5/2005,7.9645
8/8/2005,8.0093
8/9/2005,7.9854
8/10/2005,7.9046
8/11/2005,7.9383
8/12/2005,7.9181
8/15/2005,7.964
8/16/2005,7.9532
8/17/2005,7.9411
8/18/2005,7.9668
8/19/2005,7.9399
8/22/2005,7.9192
8/23/2005,7.9343
8/24/2005,7.9222
8/25/2005,7.9609
8/26/2005,7.9522
8/29/2005,7.9426
8/30/2005,7.921
8/31/2005,7.9392
9/1/2005,7.8986
9/2/2005,7.8403
9/5/2005,7.831
9/6/2005,7.8718
9/7/2005,7.9279
9/8/2005,7.8606
9/9/2005,7.8236
9/12/2005,7.8592
9/13/2005,7.8444
9/14/2005,7.8308
9/15/2005,7.8184
9/16/2005,7.7981
9/19/2005,7.8173
9/20/2005,7.7479
9/21/2005,7.7809
9/22/2005,7.7558
9/23/2005,7.6755
9/26/2005,7.6948
9/27/2005,7.6764
9/28/2005,7.7407
9/29/2005,7.6876
9/30/2005,7.6765
10/3/2005,7.6409
10/4/2005,7.6898
10/5/2005,7.8057
10/6/2005,7.9057
10/7/2005,7.9702
10/10/2005,7.8835
10/11/2005,7.8378
10/12/2005,7.874
10/13/2005,7.9523
10/14/2005,7.9202
10/17/2005,7.8507
10/18/2005,7.8639
10/19/2005,7.8733
10/20/2005,7.8953
10/21/2005,7.9463
10/24/2005,7.9185
10/25/2005,7.9984
10/26/2005,8.016
10/27/2005,8.1508
10/28/2005,8.1293
10/31/2005,8.0695
11/1/2005,7.9817
11/2/2005,8.0067
11/3/2005,7.9603
11/4/2005,7.9363
11/7/2005,7.9703
11/8/2005,7.924
11/9/2005,7.9217
11/10/2005,7.9473
11/11/2005,7.9361
11/14/2005,7.9131
11/15/2005,7.9271
11/16/2005,7.9063
11/17/2005,7.848
11/18/2005,7.8526
11/21/2005,7.8363
11/22/2005,7.7656
11/23/2005,7.7651
11/24/2005,7.6999
11/25/2005,7.6942
11/28/2005,7.6427
11/29/2005,7.6361
11/30/2005,7.6332
12/1/2005,7.6076
12/2/2005,7.4981
12/5/2005,7.4903
12/6/2005,7.4248
12/7/2005,7.3918
12/8/2005,7.4911
12/9/2005,7.5029
12/12/2005,7.5615
12/13/2005,7.5643
12/14/2005,7.5729
12/15/2005,7.6685
12/16/2005,7.7176
12/19/2005,7.6557
12/20/2005,7.5758
12/21/2005,7.58
12/22/2005,7.5487
12/23/2005,7.5289
12/27/2005,7.5219
12/28/2005,7.5556
12/29/2005,7.4997
12/30/2005,7.4642
1/2/2006,7.4891
1/3/2006,7.4792
1/4/2006,7.4712
1/5/2006,7.4405
1/6/2006,7.4441
1/9/2006,7.3395
1/10/2006,7.3593
1/11/2006,7.3825
1/12/2006,7.3293
1/13/2006,7.317
1/16/2006,7.2575
1/17/2006,7.2749
1/18/2006,7.3553
1/19/2006,7.2562
1/20/2006,7.2537
1/23/2006,7.326
1/24/2006,7.4308
1/25/2006,7.4191
1/26/2006,7.4563
1/27/2006,7.4526
1/30/2006,7.439
1/31/2006,7.4105
2/1/2006,7.3797
2/2/2006,7.3826
2/3/2006,7.3328
2/6/2006,7.3324
2/7/2006,7.3158
2/8/2006,7.4712
2/9/2006,7.3577
2/10/2006,7.3173
2/13/2006,7.3474
2/14/2006,7.3334
2/15/2006,7.2717
2/16/2006,7.2287
2/17/2006,7.191
2/20/2006,7.1977
2/21/2006,7.2213
2/22/2006,7.2828
2/23/2006,7.2626
2/24/2006,7.283
2/27/2006,7.2971
2/28/2006,7.352
3/1/2006,7.3652
3/2/2006,7.3189
3/3/2006,7.3909
3/6/2006,7.4812
3/7/2006,7.5189
3/8/2006,7.5139
3/9/2006,7.4667
3/10/2006,7.4711
3/13/2006,7.4575
3/14/2006,7.5047
3/15/2006,7.4645
3/16/2006,7.5193
3/17/2006,7.541
3/20/2006,7.6354
3/21/2006,7.6617
3/22/2006,7.6858
3/23/2006,7.5537
3/24/2006,7.5827
3/27/2006,7.5168
3/28/2006,7.589
3/29/2006,7.6146
3/30/2006,7.5324
3/31/2006,7.5066
4/3/2006,7.4387
4/4/2006,7.395
4/5/2006,7.4194
4/6/2006,7.4308
4/7/2006,7.3966
4/10/2006,7.4351
4/11/2006,7.4358
4/12/2006,7.4335
4/13/2006,7.4242
4/18/2006,7.4234
4/19/2006,7.3624
4/20/2006,7.386
4/21/2006,7.4321
4/24/2006,7.4419
4/25/2006,7.5066
4/26/2006,7.6541
4/27/2006,7.6833
4/28/2006,7.6811
5/2/2006,7.6544
5/3/2006,7.6644
5/4/2006,7.6956
5/5/2006,7.6782
5/8/2006,7.7081
5/9/2006,7.7222
5/10/2006,7.7278
5/11/2006,7.7495
5/12/2006,7.9796
5/15/2006,8.2308
5/16/2006,8.1821
5/17/2006,8.0831
5/18/2006,8.2494
5/19/2006,8.2031
5/22/2006,8.4396
5/23/2006,8.3161
5/24/2006,8.5392
5/25/2006,8.4224
5/26/2006,8.4031
5/29/2006,8.2627
5/30/2006,8.432
5/31/2006,8.5459
6/1/2006,8.6172
6/2/2006,8.5399
6/5/2006,8.5671
6/6/2006,8.6971
6/7/2006,8.645
6/8/2006,8.6717
6/9/2006,8.4831
6/12/2006,8.4634
6/13/2006,8.6083
6/14/2006,8.6076
6/15/2006,8.6391
6/16/2006,8.7169
6/19/2006,8.7196
6/20/2006,8.8983
6/21/2006,9.1011
6/22/2006,9.3025
6/23/2006,9.388
6/26/2006,9.2681
6/27/2006,9.1437
6/28/2006,9.1097
6/29/2006,9.1759
6/30/2006,9.1848
7/3/2006,9.0837
7/4/2006,8.9853
7/5/2006,9.0617
7/6/2006,9.1625
7/7/2006,9.1385
7/10/2006,9.1148
7/11/2006,9.0751
7/12/2006,9.0749
7/13/2006,9.1607
7/14/2006,9.1297
7/17/2006,9.0724
7/18/2006,9.0163
7/19/2006,8.9778
7/20/2006,8.8855
7/21/2006,8.9137
7/24/2006,8.9041
7/25/2006,8.8227
7/26/2006,8.8301
7/27/2006,8.7854
7/28/2006,8.7829
7/31/2006,8.7961
8/1/2006,8.88
8/2/2006,8.8635
8/3/2006,8.8138
8/4/2006,8.8094
8/7/2006,8.7467
8/8/2006,8.7225
8/9/2006,8.6907
8/10/2006,8.693
8/11/2006,8.6656
8/14/2006,8.7252
8/15/2006,8.7608
8/16/2006,8.7826
8/17/2006,8.7175
8/18/2006,8.8225
8/21/2006,9.0358
8/22/2006,9.1363
8/23/2006,9.0795
8/24/2006,9.1502
8/25/2006,9.1118
8/28/2006,9.1789
8/29/2006,9.1389
8/30/2006,9.1081
8/31/2006,9.1438
9/1/2006,9.2552
9/4/2006,9.2313
9/5/2006,9.212
9/6/2006,9.2334
9/7/2006,9.4086
9/8/2006,9.3399
9/11/2006,9.4517
9/12/2006,9.385
9/13/2006,9.3236
9/14/2006,9.4251
9/15/2006,9.391
9/18/2006,9.223
9/19/2006,9.3359
9/20/2006,9.3749
9/21/2006,9.4547
9/22/2006,9.8262
9/25/2006,9.6974
9/26/2006,9.755
9/27/2006,9.6795
9/28/2006,9.7305
9/29/2006,9.8277
10/2/2006,9.8329
10/3/2006,9.8023
10/4/2006,10.0768
10/5/2006,9.9818
10/6/2006,9.8977
10/9/2006,9.8614
10/10/2006,9.7824
10/11/2006,9.7054
10/12/2006,9.5966
10/13/2006,9.3971
10/16/2006,9.368
10/17/2006,9.5498
10/18/2006,9.5004
10/19/2006,9.456
10/20/2006,9.5034
10/23/2006,9.643
10/24/2006,9.7225
10/25/2006,9.6349
10/26/2006,9.5042
10/27/2006,9.545
10/30/2006,9.5056
10/31/2006,9.39
11/1/2006,9.385
11/2/2006,9.47
11/3/2006,9.4965
11/6/2006,9.4015
11/7/2006,9.3485
11/8/2006,9.4364
11/9/2006,9.3504
11/10/2006,9.297
11/13/2006,9.3428
11/14/2006,9.31
11/15/2006,9.3557
11/16/2006,9.182
11/17/2006,9.312
11/20/2006,9.3553
11/21/2006,9.2462
11/22/2006,9.2537
11/23/2006,9.305
11/24/2006,9.4321
11/27/2006,9.2965
11/28/2006,9.451
11/29/2006,9.379
11/30/2006,9.5479
12/1/2006,9.4606
12/4/2006,9.5348
12/5/2006,9.517
12/6/2006,9.4459
12/7/2006,9.38
12/8/2006,9.4061
12/11/2006,9.3329
12/12/2006,9.2652
12/13/2006,9.263
12/14/2006,9.2604
12/15/2006,9.2368
12/18/2006,9.1727
12/19/2006,9.2168
12/20/2006,9.2441
12/21/2006,9.228
12/22/2006,9.2195
12/27/2006,9.2198
12/28/2006,9.259
12/29/2006,9.2124
1/2/2007,9.2299
1/3/2007,9.17
1/4/2007,9.2244
1/5/2007,9.3518
1/8/2007,9.42
1/9/2007,9.385
1/10/2007,9.5764
1/11/2007,9.4487
1/12/2007,9.3538
1/15/2007,9.3305
1/16/2007,9.367
1/17/2007,9.351
1/18/2007,9.2554
1/19/2007,9.27
1/22/2007,9.1939
1/23/2007,9.2682
1/24/2007,9.2744
1/25/2007,9.3114
1/26/2007,9.3785
1/29/2007,9.4759
1/30/2007,9.515
1/31/2007,9.4166
2/1/2007,9.3605
2/2/2007,9.3493
2/5/2007,9.3502
2/6/2007,9.3153
2/7/2007,9.3341
2/8/2007,9.3034
2/9/2007,9.325
2/12/2007,9.4401
2/13/2007,9.428
2/14/2007,9.4545
2/15/2007,9.431
2/16/2007,9.434
2/19/2007,9.3634
2/20/2007,9.3639
2/21/2007,9.364
2/22/2007,9.2551
2/23/2007,9.3094
2/26/2007,9.3407
2/27/2007,9.4875
2/28/2007,9.5849
3/1/2007,9.7075
3/2/2007,9.668
3/5/2007,9.8136
3/6/2007,9.682
3/7/2007,9.752
3/8/2007,9.713
3/9/2007,9.7263
3/12/2007,9.6815
3/13/2007,9.835
3/14/2007,9.8359
3/15/2007,9.8424
3/16/2007,9.909
3/19/2007,9.8675
3/20/2007,9.81
3/21/2007,9.7516
3/22/2007,9.627
3/23/2007,9.6281
3/26/2007,9.5704
3/27/2007,9.6829
3/28/2007,9.739
3/29/2007,9.7745
3/30/2007,9.7005
4/2/2007,9.7127
4/3/2007,9.642
4/4/2007,9.5879
4/5/2007,9.5589
4/10/2007,9.5828
4/11/2007,9.565
4/12/2007,9.6643
4/13/2007,9.7438
4/16/2007,9.6497
4/17/2007,9.6314
4/18/2007,9.595
4/19/2007,9.6564
4/20/2007,9.5405
4/23/2007,9.5538
4/24/2007,9.6035
4/25/2007,9.5817
4/26/2007,9.5143
4/27/2007,9.5915
4/30/2007,9.5946
5/2/2007,9.5689
5/3/2007,9.4923
5/4/2007,9.4745
5/7/2007,9.4161
5/8/2007,9.3921
5/9/2007,9.3808
5/10/2007,9.4209
5/11/2007,9.4688
5/14/2007,9.4204
5/15/2007,9.4139
5/16/2007,9.3922
5/17/2007,9.4103
5/18/2007,9.5173
5/21/2007,9.4145
5/22/2007,9.4415
5/23/2007,9.4883
5/24/2007,9.5581
5/25/2007,9.578
5/28/2007,9.5594
5/29/2007,9.6161
5/30/2007,9.645
5/31/2007,9.611
6/1/2007,9.5686
6/4/2007,9.608
6/5/2007,9.6777
6/6/2007,9.739
6/7/2007,9.695
6/8/2007,9.7505
6/11/2007,9.702
6/12/2007,9.6158
6/13/2007,9.6607
6/14/2007,9.6057
6/15/2007,9.5691
6/18/2007,9.535
6/19/2007,9.5086
6/20/2007,9.5004
6/21/2007,9.6033
6/22/2007,9.5932
6/25/2007,9.6252
6/26/2007,9.6596
6/27/2007,9.6737
6/28/2007,9.572
6/29/2007,9.5531
7/2/2007,9.5323
7/3/2007,9.4907
7/4/2007,9.502
7/5/2007,9.5598
7/6/2007,9.5635
7/9/2007,9.4975
7/10/2007,9.581
7/11/2007,9.7
7/12/2007,9.6744
7/13/2007,9.5926
7/16/2007,9.59
7/17/2007,9.6166
7/18/2007,9.6112
7/19/2007,9.508
7/20/2007,9.51
7/23/2007,9.4228
7/24/2007,9.435
7/25/2007,9.385
7/26/2007,9.5685
7/27/2007,9.6864
7/30/2007,9.799
7/31/2007,9.74
8/1/2007,9.7616
8/2/2007,9.6795
8/3/2007,9.6814
8/6/2007,9.8274
8/7/2007,9.732
8/8/2007,9.7
8/9/2007,9.7414
8/10/2007,9.8619
8/13/2007,9.7871
8/14/2007,9.8424
8/15/2007,10.0043
8/16/2007,10.0182
8/17/2007,10.0198
8/20/2007,9.9213
8/21/2007,9.9727
8/22/2007,9.8522
8/23/2007,9.834
8/24/2007,9.8811
8/27/2007,9.8111
8/28/2007,9.8993
8/29/2007,9.8985
8/30/2007,9.7932
8/31/2007,9.779
9/3/2007,9.8359
9/4/2007,9.8713
9/5/2007,9.8628
9/6/2007,9.891
9/7/2007,9.8556
9/10/2007,9.9704
9/11/2007,9.9094
9/12/2007,9.99
9/13/2007,9.9189
9/14/2007,9.9654
9/17/2007,9.9908
9/18/2007,9.9727
9/19/2007,9.9004
9/20/2007,9.9326
9/21/2007,9.887
9/24/2007,9.8622
9/25/2007,9.8883
9/26/2007,9.8258
9/27/2007,9.737
9/28/2007,9.7562
10/1/2007,9.7958
10/2/2007,9.7728
10/3/2007,9.8028
10/4/2007,9.778
10/5/2007,9.7256
10/8/2007,9.6373
10/9/2007,9.6537
10/10/2007,9.6835
10/11/2007,9.7164
10/12/2007,9.5884
10/15/2007,9.6043
10/16/2007,9.7399
10/17/2007,9.6592
10/18/2007,9.7787
10/19/2007,9.6997
10/22/2007,9.7485
10/23/2007,9.611
10/24/2007,9.4715
10/25/2007,9.4439
10/26/2007,9.363
10/29/2007,9.405
10/30/2007,9.4923
10/31/2007,9.4822
11/1/2007,9.49
11/2/2007,9.4801
11/5/2007,9.5433
11/6/2007,9.4697
11/7/2007,9.5611
11/8/2007,9.508
11/9/2007,9.6572
11/12/2007,9.8305
11/13/2007,9.8775
11/14/2007,9.8372
11/15/2007,9.7941
11/16/2007,9.7782
11/19/2007,9.8263
11/20/2007,9.9651
11/21/2007,10.0942
11/22/2007,10.0774
11/23/2007,10.1065
11/26/2007,10.124
11/27/2007,10.4695
11/28/2007,10.2344
11/29/2007,10.1365
11/30/2007,9.956
12/3/2007,10.0062
12/4/2007,10.0785
12/5/2007,10.0165
12/6/2007,9.856
12/7/2007,9.8262
12/10/2007,9.8282
12/11/2007,9.8583
12/12/2007,9.9
12/13/2007,9.942
12/14/2007,9.9093
12/17/2007,9.934
12/18/2007,9.9649
12/19/2007,9.9418
12/20/2007,10.0489
12/21/2007,10.1045
12/24/2007,10.0683
12/27/2007,9.9752
12/28/2007,10.0012
12/31/2007,10.0298
1/2/2008,10.0143
1/3/2008,10.085
1/4/2008,10.0643
1/7/2008,10.1662
1/8/2008,10.109
1/9/2008,10.0535
1/10/2008,10.0774
1/11/2008,10.1
1/14/2008,10.033
1/15/2008,10.063
1/16/2008,10.2508
1/17/2008,10.3314
1/18/2008,10.2954
1/21/2008,10.41
1/22/2008,10.4966
1/23/2008,10.4408
1/24/2008,10.3191
1/25/2008,10.4589
1/28/2008,10.5864
1/29/2008,10.5927
1/30/2008,10.7628
1/31/2008,11.1115
2/1/2008,10.992
2/4/2008,10.9411
2/5/2008,10.9558
2/6/2008,11.1924
2/7/2008,11.369
2/8/2008,11.346
2/11/2008,11.3238
2/12/2008,11.3044
2/13/2008,11.2064
2/14/2008,11.224
2/15/2008,11.2647
2/18/2008,11.2024
2/19/2008,11.2474
2/20/2008,11.541
2/21/2008,11.4705
2/22/2008,11.4555
2/25/2008,11.4195
2/26/2008,11.3057
2/27/2008,11.2168
2/28/2008,11.3784
2/29/2008,11.7309
3/3/2008,11.9897
3/4/2008,11.9466
3/5/2008,11.7997
3/6/2008,11.914
3/7/2008,12.3305
3/10/2008,12.1895
3/11/2008,12.1032
3/12/2008,12.1098
3/13/2008,12.3588
3/14/2008,12.2348
3/17/2008,12.8557
3/18/2008,12.6424
3/19/2008,12.576
3/20/2008,12.5545
3/25/2008,12.5875
3/26/2008,12.6712
3/27/2008,12.6095
3/28/2008,12.7671
3/31/2008,12.8118
4/1/2008,12.6595
4/2/2008,12.3094
4/3/2008,12.087
4/4/2008,12.3143
4/7/2008,12.2705
4/8/2008,12.2217
4/9/2008,12.3024
4/10/2008,12.5659
4/11/2008,12.4255
4/14/2008,12.5051
4/15/2008,12.538
4/16/2008,12.71
4/17/2008,12.4803
4/18/2008,12.2462
4/21/2008,12.3809
4/22/2008,12.201
4/23/2008,12.218
4/24/2008,12.2194
4/25/2008,11.9151
4/28/2008,11.7966
4/29/2008,11.8167
4/30/2008,11.8205
5/2/2008,11.7563
5/5/2008,11.7728
5/6/2008,11.6926
5/7/2008,11.6126
5/8/2008,11.6884
5/9/2008,11.9105
5/12/2008,11.8317
5/13/2008,11.7429
5/14/2008,11.8396
5/15/2008,11.7983
5/16/2008,11.6281
5/19/2008,11.703
5/20/2008,11.9363
5/21/2008,12.066
5/22/2008,12.1458
5/23/2008,12.05
5/26/2008,12.1342
5/27/2008,12.2334
5/28/2008,12.0089
5/29/2008,11.8895
5/30/2008,11.8211
6/2/2008,11.9883
6/3/2008,12.0315
6/4/2008,12.0403
6/5/2008,12.0391
6/6/2008,12.2031
6/9/2008,12.42
6/10/2008,12.3525
6/11/2008,12.3864
6/12/2008,12.284
6/13/2008,12.533
6/16/2008,12.4984
6/17/2008,12.4059
6/18/2008,12.5086
6/19/2008,12.3936
6/20/2008,12.4622
6/23/2008,12.5057
6/24/2008,12.5556
6/25/2008,12.4642
6/26/2008,12.3772
6/27/2008,12.488
6/30/2008,12.3426
7/1/2008,12.469
7/2/2008,12.402
7/3/2008,12.4429
7/4/2008,12.0789
7/7/2008,12.1202
7/8/2008,12.1887
7/9/2008,12.0418
7/10/2008,12.0692
7/11/2008,12.2765
7/14/2008,12.073
7/15/2008,12.25
7/16/2008,12.1245
7/17/2008,11.9765
7/18/2008,11.917
7/21/2008,12.0414
7/22/2008,12.0362
7/23/2008,11.8202
7/24/2008,11.8606
7/25/2008,11.9481
7/28/2008,11.8339
7/29/2008,11.7751
7/30/2008,11.5507
7/31/2008,11.459
8/1/2008,11.4139
8/4/2008,11.2142
8/5/2008,11.434
8/6/2008,11.4769
8/7/2008,11.5027
8/8/2008,11.5798
8/11/2008,11.5484
8/12/2008,11.571
8/13/2008,11.6612
8/14/2008,11.6461
8/15/2008,11.6987
8/18/2008,11.4283
8/19/2008,11.3827
8/20/2008,11.4006
8/21/2008,11.4312
8/22/2008,11.3757
8/25/2008,11.3964
8/26/2008,11.43
8/27/2008,11.4775
8/28/2008,11.3987
8/29/2008,11.3597
9/1/2008,11.3004
9/2/2008,11.3099
9/3/2008,11.3903
9/4/2008,11.4275
9/5/2008,11.4646
9/8/2008,11.1397
9/9/2008,11.1663
9/10/2008,11.3586
9/11/2008,11.5798
9/12/2008,11.4952
9/15/2008,11.5609
9/16/2008,11.6486
9/17/2008,11.5929
9/18/2008,11.8592
9/19/2008,11.4902
9/22/2008,11.7209
9/23/2008,11.8953
9/24/2008,12.0385
9/25/2008,11.9893
9/26/2008,11.9642
9/29/2008,11.759
9/30/2008,11.827
10/1/2008,11.6408
10/2/2008,11.6734
10/3/2008,11.8073
10/6/2008,11.8045
10/7/2008,12.0043
10/8/2008,12.5625
10/9/2008,12.4249
10/10/2008,12.6385
10/13/2008,12.6035
10/14/2008,12.2187
10/15/2008,12.6116
10/16/2008,13.6151
10/17/2008,13.7626
10/20/2008,13.5213
10/21/2008,13.7212
10/22/2008,14.0926
10/23/2008,14.8724
10/24/2008,14.01
10/27/2008,13.8642
10/28/2008,13.2494
10/29/2008,12.9277
10/30/2008,13.0194
10/31/2008,12.8383
11/3/2008,12.5374
11/4/2008,12.6373
11/5/2008,12.4517
11/6/2008,12.6285
11/7/2008,12.8549
11/10/2008,12.7043
11/11/2008,12.8682
11/12/2008,13.0813
11/13/2008,12.9985
11/14/2008,12.9558
11/17/2008,12.7347
11/18/2008,12.99
11/19/2008,13.2036
11/20/2008,13.2315
11/21/2008,13.1848
11/24/2008,13.2003
11/25/2008,12.818
11/26/2008,12.9283
11/27/2008,12.7107
11/28/2008,12.8495
12/1/2008,12.9137
12/2/2008,13.123
12/3/2008,13.0017
12/4/2008,12.9849
12/5/2008,13.088
12/8/2008,13.1246
12/9/2008,13.0851
12/10/2008,13.1916
12/11/2008,13.3991
12/12/2008,13.5835
12/15/2008,13.816
12/16/2008,14.1
12/17/2008,14.0379
12/18/2008,14.2689
12/19/2008,13.6085
12/22/2008,13.5054
12/23/2008,13.5989
12/24/2008,13.4742
12/29/2008,13.6136
12/30/2008,13.3931
12/31/2008,13.0667
1/2/2009,13.0618
1/5/2009,12.8655
1/6/2009,12.4521
1/7/2009,12.715
1/8/2009,13.1336
1/9/2009,13.2321
1/12/2009,13.4237
1/13/2009,13.3684
1/14/2009,13.2389
1/15/2009,13.33
1/16/2009,13.1573
1/19/2009,13.2716
1/20/2009,13.3615
1/21/2009,13.2043
1/22/2009,13.0651
1/23/2009,13.2081
1/26/2009,13.1069
1/27/2009,13.1772
1/28/2009,13.1241
1/29/2009,12.9979
1/30/2009,13.1411
2/2/2009,13.0662
2/3/2009,13.0019
2/4/2009,12.9327
2/5/2009,12.7571
2/6/2009,12.7049
2/9/2009,12.4715
2/10/2009,12.5682
2/11/2009,12.8976
2/12/2009,12.9636
2/13/2009,12.7845
2/16/2009,12.8193
2/17/2009,12.8734
2/18/2009,12.8353
2/19/2009,12.6859
2/20/2009,12.84
2/23/2009,12.7708
2/24/2009,12.866
2/25/2009,12.7223
2/26/2009,12.635
2/27/2009,12.8146
3/2/2009,13.0664
3/3/2009,13.23
3/4/2009,13.1435
3/5/2009,13.2079
3/6/2009,13.3247
3/9/2009,13.3742
3/10/2009,13.2937
3/11/2009,13.0033
3/12/2009,12.9469
3/13/2009,12.8276
3/16/2009,12.9043
3/17/2009,12.9218
3/18/2009,12.9205
3/19/2009,13.0797
3/20/2009,13.068
3/23/2009,12.8424
3/24/2009,12.7911
3/25/2009,12.8317
3/26/2009,12.7498
3/27/2009,12.73
3/30/2009,12.8433
3/31/2009,12.614
4/1/2009,12.459
4/2/2009,12.396
4/3/2009,12.3201
4/6/2009,12.1319
4/7/2009,12.1835
4/8/2009,12.165
4/9/2009,12.0532
4/14/2009,11.9557
4/15/2009,12.1509
4/16/2009,11.91
4/17/2009,11.6983
4/20/2009,11.771
4/21/2009,11.8312
4/22/2009,11.594
4/23/2009,11.6328
4/24/2009,11.7136
4/27/2009,11.5812
4/28/2009,11.4661
4/29/2009,11.3115
4/30/2009,11.2426
5/4/2009,11.0624
5/5/2009,11.1356
5/6/2009,11.3237
5/7/2009,11.1581
5/8/2009,11.2542
5/11/2009,11.4055
5/12/2009,11.5129
5/13/2009,11.4978
5/14/2009,11.7049
5/15/2009,11.6846
5/18/2009,11.6534
5/19/2009,11.5437
5/20/2009,11.5106
5/21/2009,11.6269
5/22/2009,11.5862
5/25/2009,11.664
5/26/2009,11.6426
5/27/2009,11.5155
5/28/2009,11.2268
5/29/2009,11.2413
6/1/2009,11.3333
6/2/2009,11.481
6/3/2009,11.4022
6/4/2009,11.3902
6/5/2009,11.4189
6/8/2009,11.3459
6/9/2009,11.3584
6/10/2009,11.3326
6/11/2009,11.258
6/12/2009,11.2452
6/15/2009,11.1603
6/16/2009,11.1064
6/17/2009,11.1715
6/18/2009,11.348
6/19/2009,11.291
6/22/2009,11.2912
6/23/2009,11.4724
6/24/2009,11.2993
6/25/2009,11.2586
6/26/2009,11.1439
6/29/2009,10.9867
6/30/2009,10.8853
7/1/2009,10.9048
7/2/2009,10.9708
7/3/2009,11.082
7/6/2009,11.135
7/7/2009,11.1837
7/8/2009,11.345
7/9/2009,11.333
7/10/2009,11.4023
7/13/2009,11.5835
7/14/2009,11.4694
7/15/2009,11.4842
7/16/2009,11.4575
7/17/2009,11.414
7/20/2009,11.2989
7/21/2009,11.1587
7/22/2009,11.0069
7/23/2009,10.9471
7/24/2009,11.0494
7/27/2009,11.0541
7/28/2009,11.1131
7/29/2009,11.1778
7/30/2009,11.0079
7/31/2009,11.0368
8/3/2009,11.0823
8/4/2009,11.2817
8/5/2009,11.3966
8/6/2009,11.585
8/7/2009,11.6875
8/10/2009,11.4031
8/11/2009,11.5304
8/12/2009,11.5202
8/13/2009,11.369
8/14/2009,11.5152
8/17/2009,11.5338
8/18/2009,11.345
8/19/2009,11.424
8/20/2009,11.3161
8/21/2009,11.2261
8/24/2009,11.1195
8/25/2009,11.1739
8/26/2009,11.2092
8/27/2009,11.202
8/28/2009,11.1376
8/31/2009,11.1136
9/1/2009,11.1649
9/2/2009,11.1879
9/3/2009,11.1046
9/4/2009,10.9136
9/7/2009,10.87
9/8/2009,10.9076
9/9/2009,10.9518
9/10/2009,11.0433
9/11/2009,11.0648
9/14/2009,10.8991
9/15/2009,10.8246
9/16/2009,10.8001
9/17/2009,10.8334
9/18/2009,10.9522
9/21/2009,11.0155
9/22/2009,10.9943
9/23/2009,10.9509
9/24/2009,10.909
9/25/2009,10.9049
9/28/2009,10.881
9/29/2009,10.818
9/30/2009,10.8984
10/1/2009,11.1161
10/2/2009,11.2356
10/5/2009,11.113
10/6/2009,10.927
10/7/2009,10.985
10/8/2009,10.8703
10/9/2009,10.9107
10/12/2009,10.949
10/13/2009,10.8834
10/14/2009,10.8125
10/15/2009,10.8403
10/16/2009,10.9476
10/19/2009,10.9818
10/20/2009,10.9606
10/21/2009,11.0655
10/22/2009,11.2305
10/23/2009,11.2133
10/26/2009,11.276
10/27/2009,11.3138
10/28/2009,11.4789
10/29/2009,11.5005
10/30/2009,11.4519
11/2/2009,11.68
11/3/2009,11.5629
11/4/2009,11.4272
11/5/2009,11.2923
11/6/2009,11.2338
11/9/2009,11.1147
11/10/2009,11.1616
11/11/2009,11.0399
11/12/2009,11.142
11/13/2009,11.0692
11/16/2009,11.0517
11/17/2009,11.097
11/18/2009,11.1031
11/19/2009,11.218
11/20/2009,11.2443
11/23/2009,11.217
11/24/2009,11.1762
11/25/2009,11.1222
11/26/2009,11.2328
11/27/2009,11.154
11/30/2009,11.1421
12/1/2009,11.0666
12/2/2009,11.0459
12/3/2009,11.0339
12/4/2009,11.0607
12/7/2009,11.0699
12/8/2009,11.0849
12/9/2009,11.163
12/10/2009,11.0565
12/11/2009,11.0255
12/14/2009,10.9439
12/15/2009,10.8737
12/16/2009,10.7405
12/17/2009,10.8197
12/18/2009,10.8502
12/21/2009,10.9761
12/22/2009,11.034
12/23/2009,10.8969
12/24/2009,10.8525
12/28/2009,10.8203
12/29/2009,10.6927
12/30/2009,10.6001
12/31/2009,10.666
1/4/2010,10.5618
1/5/2010,10.5069
1/6/2010,10.532
1/7/2010,10.5883
1/8/2010,10.625
1/11/2010,10.6386
1/12/2010,10.8264
1/13/2010,10.7402
1/14/2010,10.77
1/15/2010,10.6588
1/18/2010,10.6356
1/19/2010,10.621
1/20/2010,10.6011
1/21/2010,10.5954
1/22/2010,10.763
1/25/2010,10.7487
1/26/2010,10.7231
1/27/2010,10.6672
1/28/2010,10.6097
1/29/2010,10.5704
2/1/2010,10.5342
2/2/2010,10.4002
2/3/2010,10.438
2/4/2010,10.4779
2/5/2010,10.5544
2/8/2010,10.6097
2/9/2010,10.5992
2/10/2010,10.5998
2/11/2010,10.5509
2/12/2010,10.4432
2/15/2010,10.4855
2/16/2010,10.536
2/17/2010,10.4265
2/18/2010,10.3581
2/19/2010,10.4097
2/22/2010,10.475
2/23/2010,10.438
2/24/2010,10.5358
2/25/2010,10.5503
2/26/2010,10.5049
3/1/2010,10.3907
3/2/2010,10.2774
3/3/2010,10.2804
3/4/2010,10.1925
3/5/2010,10.1274
3/8/2010,10.0639
3/9/2010,10.098
3/10/2010,10.072
3/11/2010,10.1505
3/12/2010,10.1648
3/15/2010,10.1427
3/16/2010,10.132
3/17/2010,10.0132
3/18/2010,9.982
3/19/2010,9.8958
3/22/2010,9.9494
3/23/2010,9.9152
3/24/2010,9.8469
3/25/2010,9.8925
3/26/2010,9.9557
3/29/2010,9.9803
3/30/2010,9.9389
3/31/2010,9.8922
4/1/2010,9.8023
4/6/2010,9.7333
4/7/2010,9.6985
4/8/2010,9.7625
4/9/2010,9.7415
4/12/2010,9.8311
4/13/2010,9.8983
4/14/2010,9.9682
4/15/2010,9.9854
4/16/2010,9.9699
4/19/2010,10.0317
4/20/2010,10.0235
4/21/2010,9.9128
4/22/2010,9.971
4/23/2010,9.944
4/26/2010,9.8016
4/27/2010,9.8276
4/28/2010,9.8907
4/29/2010,9.7596
4/30/2010,9.7628
5/3/2010,9.787
5/4/2010,9.8402
5/5/2010,9.8233
5/6/2010,9.7158
5/7/2010,9.8233
5/10/2010,9.6821
5/11/2010,9.6145
5/12/2010,9.4748
5/13/2010,9.4324
5/14/2010,9.4055
5/17/2010,9.3232
5/18/2010,9.3731
5/19/2010,9.5695
5/20/2010,9.8041
5/21/2010,9.9204
5/24/2010,9.7392
5/25/2010,9.7373
5/26/2010,9.5125
5/27/2010,9.4074
5/28/2010,9.4046
5/31/2010,9.4552
6/1/2010,9.3929
6/2/2010,9.3686
6/3/2010,9.3434
6/4/2010,9.3395
6/7/2010,9.3031
6/8/2010,9.2825
6/9/2010,9.2893
6/10/2010,9.3345
6/11/2010,9.361
6/14/2010,9.3566
6/15/2010,9.4245
6/16/2010,9.3836
6/17/2010,9.3646
6/18/2010,9.3263
6/21/2010,9.2406
6/22/2010,9.2792
6/23/2010,9.2776
6/24/2010,9.3768
6/25/2010,9.3975
6/28/2010,9.3356
6/29/2010,9.318
6/30/2010,9.3808
7/1/2010,9.5845
7/2/2010,9.694
7/5/2010,9.6969
7/6/2010,9.6285
7/7/2010,9.6505
7/8/2010,9.5877
7/9/2010,9.5681
7/12/2010,9.5799
7/13/2010,9.5199
7/14/2010,9.596
7/15/2010,9.701
7/16/2010,9.8064
7/19/2010,9.8903
7/20/2010,9.822
7/21/2010,9.6572
7/22/2010,9.6863
7/23/2010,9.5756
7/26/2010,9.532
7/27/2010,9.518
7/28/2010,9.5517
7/29/2010,9.565
7/30/2010,9.5616
8/2/2010,9.5021
8/3/2010,9.6314
8/4/2010,9.6275
8/5/2010,9.5316
8/6/2010,9.5765
8/9/2010,9.5601
8/10/2010,9.5455
8/11/2010,9.4753
8/12/2010,9.3832
8/13/2010,9.342
8/16/2010,9.3551
8/17/2010,9.3355
8/18/2010,9.3375
8/19/2010,9.3239
8/20/2010,9.3524
8/23/2010,9.306
8/24/2010,9.3401
8/25/2010,9.3234
8/26/2010,9.2917
8/27/2010,9.3771
8/30/2010,9.2997
8/31/2010,9.4044
9/1/2010,9.4195
9/2/2010,9.309
9/3/2010,9.2645
9/6/2010,9.2912
9/7/2010,9.2722
9/8/2010,9.2255
9/9/2010,9.1964
9/10/2010,9.1384
9/13/2010,9.1491
9/14/2010,9.1879
9/15/2010,9.2089
9/16/2010,9.3082
9/17/2010,9.3307
9/20/2010,9.33
9/21/2010,9.3273
9/22/2010,9.3793
9/23/2010,9.435
9/24/2010,9.445
9/27/2010,9.439
9/28/2010,9.4482
9/29/2010,9.4699
9/30/2010,9.5438
10/1/2010,9.5121
10/4/2010,9.548
10/5/2010,9.5759
10/6/2010,9.5445
10/7/2010,9.6183
10/8/2010,9.5991
10/11/2010,9.6019
10/12/2010,9.5572
10/13/2010,9.5766
10/14/2010,9.5642
10/15/2010,9.5833
10/18/2010,9.57
10/19/2010,9.6507
10/20/2010,9.628
10/21/2010,9.6623
10/22/2010,9.6876
10/25/2010,9.6931
10/26/2010,9.634
10/27/2010,9.712
10/28/2010,9.7451
10/29/2010,9.6827
11/1/2010,9.7495
11/2/2010,9.744
11/3/2010,9.6805
11/4/2010,9.66
11/5/2010,9.5882
11/8/2010,9.556
11/9/2010,9.4949
11/10/2010,9.4791
11/11/2010,9.4674
11/12/2010,9.526
11/15/2010,9.5393
11/16/2010,9.5426
11/17/2010,9.5263
11/18/2010,9.5363
11/19/2010,9.5667
11/22/2010,9.5498
11/23/2010,9.5464
11/24/2010,9.4755
11/25/2010,9.3897
11/26/2010,9.429
11/29/2010,9.3852
11/30/2010,9.2714
12/1/2010,9.2045
12/2/2010,9.1788
12/3/2010,9.1605
12/6/2010,9.1756
12/7/2010,9.1887
12/8/2010,9.1717
12/9/2010,9.1401
12/10/2010,9.0684
12/13/2010,9.09
12/14/2010,9.1663
12/15/2010,9.0686
12/16/2010,9.0519
12/17/2010,9.0581
12/20/2010,8.9648
12/21/2010,8.9584
12/22/2010,8.9211
12/23/2010,8.8216
12/24/2010,8.8353
12/27/2010,8.829
12/28/2010,8.8242
12/29/2010,8.7855
12/30/2010,8.803
12/31/2010,8.8625
1/3/2011,8.8196
1/4/2011,8.9185
1/5/2011,8.9071
1/6/2011,8.8589
1/7/2011,8.8673
1/10/2011,8.8717
1/11/2011,8.8723
1/12/2011,8.8815
1/13/2011,9.0312
1/14/2011,9.2959
1/17/2011,9.2223
1/18/2011,9.2165
1/19/2011,9.4201
1/20/2011,9.5302
1/21/2011,9.652
1/24/2011,9.5862
1/25/2011,9.6065
1/26/2011,9.7168
1/27/2011,9.7097
1/28/2011,9.7381
1/31/2011,9.8458
2/1/2011,9.848
2/2/2011,9.8704
2/3/2011,9.8951
2/4/2011,9.9353
2/7/2011,9.8535
2/8/2011,9.8957
2/9/2011,9.8339
2/10/2011,9.91
2/11/2011,9.8878
2/14/2011,9.8273
2/15/2011,9.8511
2/16/2011,9.8147
2/17/2011,9.8149
2/18/2011,9.7676
2/21/2011,9.7702
2/22/2011,9.764
2/23/2011,9.7189
2/24/2011,9.7389
2/25/2011,9.615
2/28/2011,9.64
3/1/2011,9.6111
3/2/2011,9.5742
3/3/2011,9.5409
3/4/2011,9.6543
3/7/2011,9.6253
3/8/2011,9.6129
3/9/2011,9.5727
3/10/2011,9.516
3/11/2011,9.5653
3/14/2011,9.6345
3/15/2011,9.7478
3/16/2011,9.7506
3/17/2011,9.922
3/18/2011,9.9204
3/21/2011,9.8733
3/22/2011,9.8138
3/23/2011,9.7796
3/24/2011,9.7521
3/25/2011,9.7056
3/28/2011,9.6642
3/29/2011,9.6678
3/30/2011,9.6264
3/31/2011,9.6507
4/1/2011,9.5544
4/4/2011,9.5451
4/5/2011,9.5215
4/6/2011,9.5624
4/7/2011,9.5544
4/8/2011,9.5811
4/11/2011,9.6108
4/12/2011,9.6942
4/13/2011,9.7978
4/14/2011,9.8789
4/15/2011,9.94
4/18/2011,9.8048
4/19/2011,9.7827
4/20/2011,9.8519
4/21/2011,9.8383
4/26/2011,9.8036
4/27/2011,9.7547
4/28/2011,9.8032
4/29/2011,9.7994
5/2/2011,9.7782
5/3/2011,9.8038
5/4/2011,9.8817
5/5/2011,9.9566
5/6/2011,9.8008
5/9/2011,9.6798
5/10/2011,9.699
5/11/2011,9.7368
5/12/2011,9.8332
5/13/2011,9.9203
5/16/2011,9.9021
5/17/2011,9.9056
5/18/2011,9.8562
5/19/2011,9.8403
5/20/2011,9.8288
5/23/2011,9.8533
5/24/2011,9.8834
5/25/2011,9.9299
5/26/2011,9.8907
5/27/2011,9.8805
5/30/2011,9.8831
5/31/2011,9.871
6/1/2011,9.7742
6/2/2011,9.7878
6/3/2011,9.7479
6/6/2011,9.8304
6/7/2011,9.88
6/8/2011,9.8807
6/9/2011,9.8545
6/10/2011,9.793
6/13/2011,9.78
6/14/2011,9.754
6/15/2011,9.7231
6/16/2011,9.7166
6/17/2011,9.6954
6/20/2011,9.6628
6/21/2011,9.7082
6/22/2011,9.7439
6/23/2011,9.7437
6/24/2011,9.7683
6/27/2011,9.8039
6/28/2011,9.7863
6/29/2011,9.8846
6/30/2011,9.8569
7/1/2011,9.8011
7/4/2011,9.7556
7/5/2011,9.7602
7/6/2011,9.7005
7/7/2011,9.5925
7/8/2011,9.5102
7/11/2011,9.5804
7/12/2011,9.657
7/13/2011,9.709
7/14/2011,9.7473
7/15/2011,9.7576
7/18/2011,9.8084
7/19/2011,9.8639
7/20/2011,9.802
7/21/2011,9.7335
7/22/2011,9.7345
7/25/2011,9.7399
7/26/2011,9.6734
7/27/2011,9.6111
7/28/2011,9.5543
7/29/2011,9.6084
8/1/2011,9.6076
8/2/2011,9.567
8/3/2011,9.6667
8/4/2011,9.7581
8/5/2011,9.8154
8/8/2011,9.9138
8/9/2011,10.371
8/10/2011,10.2264
8/11/2011,10.3391
8/12/2011,10.2383
8/15/2011,10.2789
8/16/2011,10.3136
8/17/2011,10.2735
8/18/2011,10.2852
8/19/2011,10.3284
8/22/2011,10.3722
8/23/2011,10.3816
8/24/2011,10.4087
8/25/2011,10.4029
8/26/2011,10.3676
8/29/2011,10.2295
8/30/2011,10.199
8/31/2011,10.1799
9/1/2011,10.0219
9/2/2011,9.9699
9/5/2011,10.0409
9/6/2011,10.0582
9/7/2011,10.0307
9/8/2011,10.0704
9/9/2011,10.0034
9/12/2011,10.0346
9/13/2011,10.0141
9/14/2011,10.0878
9/15/2011,10.186
9/16/2011,10.212
9/19/2011,10.394
9/20/2011,10.4847
9/21/2011,10.854
9/22/2011,11.0754
9/23/2011,11.2905
9/26/2011,10.81
9/27/2011,10.6747
9/28/2011,10.7476
9/29/2011,10.7339
9/30/2011,10.9085
10/3/2011,10.8153
10/4/2011,10.9663
10/5/2011,10.8014
10/6/2011,10.6816
10/7/2011,10.7041
10/10/2011,10.6961
10/11/2011,10.8185
10/12/2011,10.7389
10/13/2011,10.8297
10/14/2011,10.8569
10/17/2011,10.8856
10/18/2011,11.0432
10/19/2011,11.0459
10/20/2011,11.1584
10/21/2011,11.249
10/24/2011,11.126
10/25/2011,10.9862
10/26/2011,11.0917
10/27/2011,10.9256
10/28/2011,10.9515
10/31/2011,10.9221
11/1/2011,11.1484
11/2/2011,11.0139
11/3/2011,10.8292
11/4/2011,10.8341
11/7/2011,10.943
11/8/2011,10.8856
11/9/2011,10.887
11/10/2011,10.9409
11/11/2011,10.8444
11/14/2011,10.8853
11/15/2011,11.0087
11/16/2011,11.0015
11/17/2011,11.0981
11/18/2011,11.0814
11/21/2011,11.1652
11/22/2011,11.3785
11/23/2011,11.3452
11/24/2011,11.2962
11/25/2011,11.3565
11/28/2011,11.1555
11/29/2011,11.1472
11/30/2011,10.957
12/1/2011,10.935
12/2/2011,10.8346
12/5/2011,10.7501
12/6/2011,10.7993
12/7/2011,10.8165
12/8/2011,10.8374
12/9/2011,10.9853
12/12/2011,10.9105
12/13/2011,10.8795
12/14/2011,10.8569
12/15/2011,10.9102
12/16/2011,10.9181
12/19/2011,10.9374
12/20/2011,10.8132
12/21/2011,10.6929
12/22/2011,10.6521
12/23/2011,10.6581
12/27/2011,10.6617
12/28/2011,10.5999
12/29/2011,10.5089
12/30/2011,10.483
1/2/2012,10.4599
1/3/2012,10.4925
1/4/2012,10.5259
1/5/2012,10.5038
1/6/2012,10.4241
1/9/2012,10.3735
1/10/2012,10.339
1/11/2012,10.3476
1/12/2012,10.261
1/13/2012,10.2672
1/16/2012,10.2512
1/17/2012,10.2672
1/18/2012,10.3099
1/19/2012,10.2423
1/20/2012,10.2858
1/23/2012,10.3027
1/24/2012,10.3843
1/25/2012,10.4134
1/26/2012,10.2801
1/27/2012,10.2035
1/30/2012,10.3024
1/31/2012,10.253
2/1/2012,10.1889
2/2/2012,10.1048
2/3/2012,10.0272
2/6/2012,9.945
2/7/2012,9.9577
2/8/2012,10.0158
2/9/2012,10.0959
2/10/2012,10.19
2/13/2012,10.1629
2/14/2012,10.18
2/15/2012,10.101
2/16/2012,10.2131
2/17/2012,10.1882
2/20/2012,10.1688
2/21/2012,10.2166
2/22/2012,10.2085
2/23/2012,10.2261
2/24/2012,10.1831
2/27/2012,10.2086
2/28/2012,10.1176
2/29/2012,10.008
3/1/2012,9.9496
3/2/2012,9.9265
3/5/2012,9.9892
3/6/2012,10.0079
3/7/2012,10.0432
3/8/2012,9.9663
3/9/2012,9.918
3/12/2012,9.9555
3/13/2012,9.892
3/14/2012,9.996
3/15/2012,10.0038
3/16/2012,9.9661
3/19/2012,9.9593
3/20/2012,10.0581
3/21/2012,10.1015
3/22/2012,10.166
3/23/2012,10.2241
3/26/2012,10.1261
3/27/2012,10.1035
3/28/2012,10.203
3/29/2012,10.2562
3/30/2012,10.2322
4/2/2012,10.205
4/3/2012,10.2324
4/4/2012,10.2735
4/5/2012,10.2687
4/10/2012,10.4085
4/11/2012,10.4961
4/12/2012,10.4472
4/13/2012,10.385
4/16/2012,10.4033
4/17/2012,10.2708
4/18/2012,10.2517
4/19/2012,10.2507
4/20/2012,10.3145
4/23/2012,10.3263
4/24/2012,10.277
4/25/2012,10.2555
4/26/2012,10.2582
4/27/2012,10.2584
4/30/2012,10.2304
5/2/2012,10.165
5/3/2012,10.154
5/4/2012,10.163
5/7/2012,10.202
5/8/2012,10.2376
5/9/2012,10.3988
5/10/2012,10.38
5/11/2012,10.4786
5/14/2012,10.5421
5/15/2012,10.5182
5/16/2012,10.5861
5/17/2012,10.611
5/18/2012,10.5295
5/21/2012,10.603
5/22/2012,10.5302
5/23/2012,10.6385
5/24/2012,10.5046
5/25/2012,10.4739
5/28/2012,10.461
5/29/2012,10.4489
5/30/2012,10.5086
5/31/2012,10.5726
6/1/2012,10.6345
6/4/2012,10.5957
6/5/2012,10.51
6/6/2012,10.503
6/7/2012,10.4025
6/8/2012,10.5563
6/11/2012,10.491
6/12/2012,10.5284
6/13/2012,10.5297
6/14/2012,10.5901
6/15/2012,10.5621
6/18/2012,10.5249
6/19/2012,10.4145
6/20/2012,10.4198
6/21/2012,10.4319
6/22/2012,10.4821
6/25/2012,10.5618
6/26/2012,10.5785
6/27/2012,10.4601
6/28/2012,10.461
6/29/2012,10.3669
7/2/2012,10.2766
7/3/2012,10.23
7/4/2012,10.2134
7/5/2012,10.0836
7/6/2012,10.1756
7/9/2012,10.1986
7/10/2012,10.0702
7/11/2012,10.0655
7/12/2012,10.1611
7/13/2012,10.156
7/16/2012,10.0722
7/17/2012,10.0543
7/18/2012,10.0063
7/19/2012,10.0178
7/20/2012,10.0778
7/23/2012,10.2454
7/24/2012,10.283
7/25/2012,10.2333
7/26/2012,10.168
7/27/2012,10.1634
7/30/2012,10.0252
7/31/2012,10.0556
8/1/2012,10.1682
8/2/2012,10.2353
8/3/2012,10.1149
8/6/2012,10.1156
8/7/2012,10.1113
8/8/2012,10.1532
8/9/2012,9.9548
8/10/2012,9.9772
8/13/2012,10.0093
8/14/2012,10.0243
8/15/2012,10.0795
8/16/2012,10.126
8/17/2012,10.2738
8/20/2012,10.2264
8/21/2012,10.2627
8/22/2012,10.3525
8/23/2012,10.395
8/24/2012,10.5118
8/27/2012,10.5152
8/28/2012,10.5484
8/29/2012,10.5579
8/30/2012,10.617
8/31/2012,10.6152
9/3/2012,10.5856
9/4/2012,10.539
9/5/2012,10.556
9/6/2012,10.5615
9/7/2012,10.4434
9/10/2012,10.4652
9/11/2012,10.4847
9/12/2012,10.7313
9/13/2012,10.8431
9/14/2012,10.8003
9/17/2012,10.8353
9/18/2012,10.778
9/19/2012,10.7164
9/20/2012,10.806
9/21/2012,10.7305
9/24/2012,10.7171
9/25/2012,10.5973
9/26/2012,10.57
9/27/2012,10.5499
9/28/2012,10.7125
10/1/2012,10.7321
10/2/2012,10.8
10/3/2012,10.8852
10/4/2012,11.0599
10/5/2012,11.1983
10/8/2012,11.577
10/9/2012,11.3321
10/10/2012,11.1516
10/11/2012,11.2664
10/12/2012,11.1779
10/15/2012,11.3632
10/16/2012,11.368
10/17/2012,11.3669
10/18/2012,11.3305
10/19/2012,11.2411
10/22/2012,11.2708
10/23/2012,11.3724
10/24/2012,11.3602
10/25/2012,11.3116
10/26/2012,11.2745
10/29/2012,11.2009
10/30/2012,11.1852
10/31/2012,11.2692
11/1/2012,11.2351
11/2/2012,11.1572
11/5/2012,11.1668
11/6/2012,11.149
11/7/2012,11.0253
11/8/2012,11.094
11/9/2012,11.1168
11/12/2012,11.09
11/13/2012,11.1705
11/14/2012,11.2764
11/15/2012,11.4333
11/16/2012,11.2927
11/19/2012,11.2874
11/20/2012,11.3448
11/21/2012,11.4849
11/22/2012,11.5363
11/23/2012,11.4758
11/26/2012,11.5072
11/27/2012,11.414
11/28/2012,11.4339
11/29/2012,11.4055
11/30/2012,11.4717
12/3/2012,11.5385
12/4/2012,11.5504
12/5/2012,11.4554
12/6/2012,11.4205
12/7/2012,11.2242
12/10/2012,11.2365
12/11/2012,11.28
12/12/2012,11.3109
12/13/2012,11.3015
12/14/2012,11.33
12/17/2012,11.2502
12/18/2012,11.2733
12/19/2012,11.2696
12/20/2012,11.279
12/21/2012,11.3067
12/24/2012,11.342
12/27/2012,11.2774
12/28/2012,11.2211
12/31/2012,11.1727
1/2/2013,11.2388
1/3/2013,11.2507
1/4/2013,11.2597
1/7/2013,11.2074
1/8/2013,11.2239
1/9/2013,11.2095
1/10/2013,11.3378
1/11/2013,11.5471
1/14/2013,11.6094
1/15/2013,11.687
1/16/2013,11.733
1/17/2013,11.7323
1/18/2013,11.8544
1/21/2013,11.8266
1/22/2013,11.7943
1/23/2013,11.965
1/24/2013,12.0664
1/25/2013,12.13
1/28/2013,12.0906
1/29/2013,12.1785
1/30/2013,12.2576
1/31/2013,12.1048
2/1/2013,12.212
2/4/2013,12.1188
2/5/2013,12.017
2/6/2013,12.0593
2/7/2013,12.074
2/8/2013,11.9361
2/11/2013,11.9345
2/12/2013,12.0666
2/13/2013,11.9221
2/14/2013,11.8588
2/15/2013,11.7457
2/18/2013,11.7906
2/19/2013,11.8713
2/20/2013,11.8659
2/21/2013,11.764
2/22/2013,11.6984
2/25/2013,11.7421
2/26/2013,11.5378
2/27/2013,11.622
2/28/2013,11.755
3/1/2013,11.8092
3/4/2013,11.8202
3/5/2013,11.8214
3/6/2013,11.798
3/7/2013,11.934
3/8/2013,11.8996
3/11/2013,11.899
3/12/2013,11.9232
3/13/2013,11.9595
3/14/2013,11.9594
3/15/2013,12.0108
3/18/2013,11.8662
3/19/2013,11.9332
3/20/2013,12.0201
3/21/2013,12.005
3/22/2013,12.0706
3/25/2013,12.0035
3/26/2013,11.9128
3/27/2013,11.8725
3/28/2013,11.82
4/2/2013,11.8186
4/3/2013,11.8463
4/4/2013,11.8509
4/5/2013,11.843
4/8/2013,11.7647
4/9/2013,11.6805
4/10/2013,11.69
4/11/2013,11.691
4/12/2013,11.6565
4/15/2013,11.8603
4/16/2013,12.0084
4/17/2013,12.0304
4/18/2013,11.9538
4/19/2013,12.0022
4/22/2013,12.1109
4/23/2013,12.0034
4/24/2013,11.9395
4/25/2013,11.8804
4/26/2013,11.8612
4/29/2013,11.747
4/30/2013,11.8045
5/2/2013,11.8585
5/3/2013,11.7437
5/6/2013,11.7695
5/7/2013,11.8722
5/8/2013,11.9058
5/9/2013,11.8038
5/10/2013,11.8092
5/13/2013,11.7993
5/14/2013,11.956
5/15/2013,11.982
5/16/2013,12.072
5/17/2013,12.0764
5/20/2013,12.1601
5/21/2013,12.289
5/22/2013,12.2836
5/23/2013,12.3661
5/24/2013,12.3724
5/27/2013,12.4424
5/28/2013,12.5693
5/29/2013,12.6714
5/30/2013,12.9347
5/31/2013,13.2174
6/3/2013,12.9658
6/4/2013,12.7074
6/5/2013,12.9501
6/6/2013,13.045
6/7/2013,13.2402
6/10/2013,13.409
6/11/2013,13.6365
6/12/2013,13.2994
6/13/2013,13.2293
6/14/2013,13.2051
6/17/2013,13.1706
6/18/2013,13.4148
6/19/2013,13.3336
6/20/2013,13.4884
6/21/2013,13.4906
6/24/2013,13.2811
6/25/2013,13.109
6/26/2013,13.1663
6/27/2013,12.964
6/28/2013,13.0704
7/1/2013,12.9526
7/2/2013,12.9389
7/3/2013,13.064
7/4/2013,13.0791
7/5/2013,12.889
7/8/2013,13.0845
7/9/2013,12.9045
7/10/2013,12.871
7/11/2013,12.9828
7/12/2013,13.093
7/15/2013,12.9362
7/16/2013,12.8506
7/17/2013,13.0168
7/18/2013,12.9075
7/19/2013,12.9325
7/22/2013,12.9458
7/23/2013,12.9495
7/24/2013,12.75
7/25/2013,12.9619
7/26/2013,12.9164
7/29/2013,13.0362
7/30/2013,13.1126
7/31/2013,13.074
8/1/2013,13.0772
8/2/2013,13.233
8/5/2013,13.0548
8/6/2013,13.1232
8/7/2013,13.2109
8/8/2013,13.193
8/9/2013,13.0667
8/12/2013,13.1175
8/13/2013,13.2219
8/14/2013,13.2129
8/15/2013,13.2225
8/16/2013,13.3438
8/19/2013,13.5749
8/20/2013,13.6055
8/21/2013,13.6506
8/22/2013,13.7713
8/23/2013,13.6968
8/26/2013,13.6883
8/27/2013,13.8661
8/28/2013,13.9236
8/29/2013,13.6964
8/30/2013,13.667
9/2/2013,13.4816
9/3/2013,13.5958
9/4/2013,13.4904
9/5/2013,13.5963
9/6/2013,13.3552
9/9/2013,13.2238
9/10/2013,13.2383
9/11/2013,13.168
9/12/2013,13.194
9/13/2013,13.2467
9/16/2013,13.023
9/17/2013,13.138
9/18/2013,13.1304
9/19/2013,13.0449
9/20/2013,13.23
9/23/2013,13.287
9/24/2013,13.3062
9/25/2013,13.3655
9/26/2013,13.4725
9/27/2013,13.716
9/30/2013,13.5985
10/1/2013,13.6385
10/2/2013,13.6652
10/3/2013,13.725
10/4/2013,13.5862
10/7/2013,13.6152
10/8/2013,13.4645
10/9/2013,13.5072
10/10/2013,13.4895
10/11/2013,13.3883
10/14/2013,13.4792
10/15/2013,13.4201
10/16/2013,13.511
10/17/2013,13.4557
10/18/2013,13.3871
10/21/2013,13.4597
10/22/2013,13.5075
10/23/2013,13.4643
10/24/2013,13.4828
10/25/2013,13.5502
10/28/2013,13.562
10/29/2013,13.6012
10/30/2013,13.5765
10/31/2013,13.6151
11/1/2013,13.7113
11/4/2013,13.7488
11/5/2013,13.8124
11/6/2013,13.803
11/7/2013,13.6875
11/8/2013,13.737
11/11/2013,13.8735
11/12/2013,13.95
11/13/2013,13.8806
11/14/2013,13.8888
11/15/2013,13.7085
11/18/2013,13.666
11/19/2013,13.6524
11/20/2013,13.6817
11/21/2013,13.67
11/22/2013,13.6485
11/25/2013,13.5965
11/26/2013,13.7028
11/27/2013,13.8377
11/28/2013,13.8975
11/29/2013,13.861
12/2/2013,13.8223
12/3/2013,14.0306
12/4/2013,14.1267
12/5/2013,14.2302
12/6/2013,14.3055
12/9/2013,14.1802
12/10/2013,14.1808
12/11/2013,14.2878
12/12/2013,14.2673
12/13/2013,14.1407
12/16/2013,14.2072
12/17/2013,14.2344
12/18/2013,14.2257
12/19/2013,14.1911
12/20/2013,14.29
12/23/2013,14.1583
12/24/2013,14.1531
12/27/2013,14.4446
12/30/2013,14.4257
12/31/2013,14.566
1/2/2014,14.5405
1/3/2014,14.4393
1/6/2014,14.5732
1/7/2014,14.4915
1/8/2014,14.499
1/9/2014,14.715
1/10/2014,14.6297
1/13/2014,14.6746
1/14/2014,14.8155
1/15/2014,14.8468
1/16/2014,14.8164
1/17/2014,14.776
1/20/2014,14.6895
1/21/2014,14.683
1/22/2014,14.7038
1/23/2014,14.9595
1/24/2014,15.2179
1/27/2014,15.2239
1/28/2014,15.1169
1/29/2014,15.1676
1/30/2014,15.27
1/31/2014,15.2836
2/3/2014,15.0135
2/4/2014,15.0304
2/5/2014,15.036
2/6/2014,15.039
2/7/2014,15.0675
2/10/2014,15.1679
2/11/2014,15.0272
2/12/2014,14.9297
2/13/2014,15.1729
2/14/2014,14.9803
2/17/2014,14.8483
2/18/2014,14.9064
2/19/2014,15.0484
2/20/2014,15.1857
2/21/2014,15.1355
2/24/2014,14.998
2/25/2014,14.7691
2/26/2014,14.8262
2/27/2014,14.6986
2/28/2014,14.7584
3/3/2014,14.864
3/4/2014,14.918
3/5/2014,14.7362
3/6/2014,14.6388
3/7/2014,14.7777
3/10/2014,14.9187
3/11/2014,14.9508
3/12/2014,15.1248
3/13/2014,14.9577
3/14/2014,14.94
3/17/2014,14.9197
3/18/2014,14.9281
3/19/2014,14.9134
3/20/2014,15.0556
3/21/2014,14.9968
3/24/2014,14.9449
3/25/2014,14.8605
3/26/2014,14.7398
3/27/2014,14.7295
3/28/2014,14.5839
3/31/2014,14.5875
4/1/2014,14.6168
4/2/2014,14.6459
4/3/2014,14.6628
4/4/2014,14.5524
4/7/2014,14.4744
4/8/2014,14.4149
4/9/2014,14.4216
4/10/2014,14.415
4/11/2014,14.5728
4/14/2014,14.5156
4/15/2014,14.5027
4/16/2014,14.6138
4/17/2014,14.5893
4/22/2014,14.5917
4/23/2014,14.6724
4/24/2014,14.6234
4/25/2014,14.7444
4/28/2014,14.7439
4/29/2014,14.6271
4/30/2014,14.6293
5/2/2014,14.543
5/5/2014,14.5833
5/6/2014,14.644
5/7/2014,14.636
5/8/2014,14.466
5/9/2014,14.2775
5/12/2014,14.2285
5/13/2014,14.1415
5/14/2014,14.1824
5/15/2014,14.1337
5/16/2014,14.2219
5/19/2014,14.2635
5/20/2014,14.3419
5/21/2014,14.2463
5/22/2014,14.195
5/23/2014,14.1149
5/26/2014,14.109
5/27/2014,14.226
5/28/2014,14.2843
5/29/2014,14.1994
5/30/2014,14.2516
6/2/2014,14.4684
6/3/2014,14.6422
6/4/2014,14.6511
6/5/2014,14.4935
6/6/2014,14.5523
6/9/2014,14.4144
6/10/2014,14.5132
6/11/2014,14.5603
6/12/2014,14.4648
6/13/2014,14.5789
6/16/2014,14.5266
6/17/2014,14.5637
6/18/2014,14.5885
6/19/2014,14.5054
6/20/2014,14.5523
6/23/2014,14.4086
6/24/2014,14.3666
6/25/2014,14.4494
6/26/2014,14.4987
6/27/2014,14.4394
6/30/2014,14.4597
7/1/2014,14.5848
7/2/2014,14.6314
7/3/2014,14.7099
7/4/2014,14.6051
7/7/2014,14.6821
7/8/2014,14.529
7/9/2014,14.562
7/10/2014,14.6176
7/11/2014,14.5806
7/14/2014,14.5806
7/15/2014,14.537
7/16/2014,14.4569
7/17/2014,14.5073
7/18/2014,14.4211
7/21/2014,14.3647
7/22/2014,14.3199
7/23/2014,14.1759
7/24/2014,14.138
7/25/2014,14.1489
7/28/2014,14.1523
7/29/2014,14.2225
7/30/2014,14.2273
7/31/2014,14.2861
8/1/2014,14.4015
8/4/2014,14.3492
8/5/2014,14.3004
8/6/2014,14.3597
8/7/2014,14.3322
8/8/2014,14.3352
8/11/2014,14.3043
8/12/2014,14.2288
8/13/2014,14.1787
8/14/2014,14.1157
8/15/2014,14.1087
8/18/2014,14.2015
8/19/2014,14.1996
8/20/2014,14.1898
8/21/2014,14.1937
8/22/2014,14.2172
8/25/2014,14.1174
8/26/2014,14.0825
8/27/2014,14.0324
8/28/2014,14.041
8/29/2014,14.019
9/1/2014,14.0027
9/2/2014,14.0767
9/3/2014,14.0505
9/4/2014,13.8787
9/5/2014,13.9042
9/8/2014,13.9193
9/9/2014,14.0941
9/10/2014,14.1847
9/11/2014,14.1981
9/12/2014,14.1961
9/15/2014,14.234
9/16/2014,14.1811
9/17/2014,14.184
9/18/2014,14.2162
9/19/2014,14.176
9/22/2014,14.2833
9/23/2014,14.3063
9/24/2014,14.2735
9/25/2014,14.2561
9/26/2014,14.2343
9/29/2014,14.3604
9/30/2014,14.2606
10/1/2014,14.2188
10/2/2014,14.1616
10/3/2014,14.2021
10/6/2014,14.1403
10/7/2014,14.1425
10/8/2014,14.177
10/9/2014,14.0531
10/10/2014,14.064
10/13/2014,14.0093
10/14/2014,14.0042
10/15/2014,14.0336
10/16/2014,14.2101
10/17/2014,14.204
10/20/2014,14.1028
10/21/2014,14.0062
10/22/2014,14.009
10/23/2014,13.8557
10/24/2014,13.8878
10/27/2014,13.9078
10/28/2014,13.8886
10/29/2014,13.8447
10/30/2014,13.7374
10/31/2014,13.7517
11/3/2014,13.786
11/4/2014,13.83
11/5/2014,13.9
11/6/2014,13.922
11/7/2014,14.004
11/10/2014,13.9935
11/11/2014,14.0199
11/12/2014,14.0105
11/13/2014,13.981
11/14/2014,13.9236
11/17/2014,13.8937
11/18/2014,13.8083
11/19/2014,13.8612
11/20/2014,13.7811
11/21/2014,13.5636
11/24/2014,13.6398
11/25/2014,13.6664
11/26/2014,13.686
11/27/2014,13.6833
11/28/2014,13.7648
12/1/2014,13.7542
12/2/2014,13.7499
12/3/2014,13.7793
12/4/2014,13.7641
12/5/2014,13.8773
12/8/2014,14.1223
12/9/2014,14.1656
12/10/2014,14.243
12/11/2014,14.3385
12/12/2014,14.4769
12/15/2014,14.4703
12/16/2014,14.6054
12/17/2014,14.571
12/18/2014,14.1879
12/19/2014,14.2467
12/22/2014,14.2082
12/23/2014,14.1729
12/24/2014,14.2498
12/29/2014,14.1557
12/30/2014,14.1487
12/31/2014,14.0353
1/2/2015,14.0435
1/5/2015,13.9739
1/6/2015,13.9771
1/7/2015,13.8588
1/8/2015,13.6912
1/9/2015,13.6655
1/12/2015,13.6056
1/13/2015,13.5487
1/14/2015,13.5437
1/15/2015,13.4057
1/16/2015,13.403
1/19/2015,13.5213
1/20/2015,13.4621
1/21/2015,13.3846
1/22/2015,13.3367
1/23/2015,12.843
1/26/2015,12.9073
1/27/2015,13.108
1/28/2015,13.1212
1/29/2015,13.1531
1/30/2015,13.1028
2/2/2015,13.0934
2/3/2015,13.0318
2/4/2015,13.073
2/5/2015,12.983
2/6/2015,12.9486
2/9/2015,13.0539
2/10/2015,13.1443
2/11/2015,13.3805
2/12/2015,13.376
2/13/2015,13.343
2/16/2015,13.2698
2/17/2015,13.2357
2/18/2015,13.2921
2/19/2015,13.2596
2/20/2015,13.1681
2/23/2015,13.2311
2/24/2015,13.149
2/25/2015,13.025
2/26/2015,12.9381
2/27/2015,13.0684
3/2/2015,13.1442
3/3/2015,13.1696
3/4/2015,13.1071
3/5/2015,13.0163
3/6/2015,12.9134
3/9/2015,13.1281
3/10/2015,13.1869
3/11/2015,13.0055
3/12/2015,12.9632
3/13/2015,13.1788
3/16/2015,13.0917
3/17/2015,13.181
3/18/2015,13.1048
3/19/2015,13.0815
3/20/2015,13.0627
3/23/2015,13.0633
3/24/2015,12.962
3/25/2015,12.9574
3/26/2015,13.0189
3/27/2015,13.0504
3/30/2015,13.1446
3/31/2015,13.1324
4/1/2015,13.0011
4/2/2015,12.995
4/7/2015,12.8345
4/8/2015,12.7982
4/9/2015,12.7006
4/10/2015,12.7464
4/13/2015,12.8258
4/14/2015,12.81
4/15/2015,12.8567
4/16/2015,12.9081
4/17/2015,12.9192
4/20/2015,12.9749
4/21/2015,12.9576
4/22/2015,13.0357
4/23/2015,13.2001
4/24/2015,13.1863
4/27/2015,13.1046
4/28/2015,13.0108
4/29/2015,13.0682
4/30/2015,13.2413
