Date,CYP,NEER
1/4/1999,0.58231,101.9223
1/5/1999,0.5823,102.16
1/6/1999,0.582,102.4645
1/7/1999,0.58187,102.2825
1/8/1999,0.58187,102.0488
1/11/1999,0.58167,102.3221
1/12/1999,0.5814,101.7323
1/13/1999,0.5819,102.0586
1/14/1999,0.5819,101.6023
1/15/1999,0.58187,101.4945
1/18/1999,0.58163,101.6927
1/19/1999,0.58176,101.6185
1/20/1999,0.58166,101.5273
1/21/1999,0.58163,101.9048
1/22/1999,0.58173,102.1223
1/25/1999,0.58167,101.8438
1/26/1999,0.58189,101.6448
1/27/1999,0.58146,101.7981
1/28/1999,0.58122,101.5013
1/29/1999,0.58112,101.5962
2/1/1999,0.58109,101.8824
2/2/1999,0.58086,101.9372
2/3/1999,0.58092,102.3703
2/4/1999,0.58072,101.9796
2/5/1999,0.58089,101.7288
2/8/1999,0.5808,101.7116
2/9/1999,0.58089,101.8892
2/10/1999,0.58092,101.9317
2/11/1999,0.58088,102.1885
2/12/1999,0.58065,102.4062
2/15/1999,0.58072,102.4956
2/16/1999,0.58052,102.6209
2/17/1999,0.58065,102.5341
2/18/1999,0.58069,103.0446
2/19/1999,0.58048,102.9784
2/22/1999,0.58,103.0706
2/23/1999,0.57988,102.9167
2/24/1999,0.57991,102.5681
2/25/1999,0.58001,102.7567
2/26/1999,0.58001,102.8972
3/1/1999,0.57991,102.5367
3/2/1999,0.57954,102.7069
3/3/1999,0.57968,102.8003
3/4/1999,0.57951,102.8167
3/5/1999,0.57944,103.0577
3/8/1999,0.57968,102.8448
3/9/1999,0.57954,102.7348
3/10/1999,0.57981,101.8732
3/11/1999,0.57964,101.8545
3/12/1999,0.57971,101.713
3/15/1999,0.57978,102.2175
3/16/1999,0.57951,102.4125
3/17/1999,0.57984,102.455
3/18/1999,0.57998,102.3666
3/19/1999,0.57974,102.235
3/22/1999,0.57954,102.9327
3/23/1999,0.57964,103.0806
3/24/1999,0.57971,102.916
3/25/1999,0.57971,102.4139
3/26/1999,0.57934,102.5323
3/29/1999,0.57917,102.5068
3/30/1999,0.57904,102.6034
3/31/1999,0.57907,102.7763
4/1/1999,0.58036,102.885
4/2/1999,0.58036,103.2367
4/5/1999,0.5794,103.2799
4/6/1999,0.57911,103.5568
4/7/1999,0.57927,103.4994
4/8/1999,0.57934,103.7367
4/9/1999,0.58043,103.3492
4/12/1999,0.58051,103.2645
4/13/1999,0.5793,103.121
4/14/1999,0.5793,103.1629
4/15/1999,0.57931,103.1511
4/16/1999,0.57897,102.1216
4/19/1999,0.57884,102.2416
4/20/1999,0.57884,102.0685
4/21/1999,0.57864,101.5923
4/22/1999,0.57874,100.9975
4/23/1999,0.57877,101.4026
4/26/1999,0.5787,101.2295
4/27/1999,0.5788,100.8562
4/28/1999,0.5789,100.7238
4/29/1999,0.5787,100.5405
4/30/1999,0.57864,100.8087
5/3/1999,0.57867,100.3722
5/4/1999,0.57854,100.445
5/5/1999,0.5788,100.6691
5/6/1999,0.57937,100.4879
5/7/1999,0.57931,100.7705
5/10/1999,0.57911,101.0233
5/11/1999,0.57917,100.695
5/12/1999,0.57884,100.9543
5/13/1999,0.57884,100.9257
5/14/1999,0.5789,100.6156
5/17/1999,0.5789,100.1577
5/18/1999,0.57897,99.6552
5/19/1999,0.57877,99.9497
5/20/1999,0.5788,100.322
5/21/1999,0.57867,100.2764
5/24/1999,0.5786,100.3457
5/25/1999,0.57874,100.3565
5/26/1999,0.5785,100.2015
5/27/1999,0.57803,99.3832
5/28/1999,0.57824,99.337
5/31/1999,0.5785,99.1752
6/1/1999,0.57803,99.3659
6/2/1999,0.57777,99.9863
6/3/1999,0.5778,99.7188
6/4/1999,0.57767,99.2537
6/7/1999,0.5776,99.5269
6/8/1999,0.57787,99.1361
6/9/1999,0.57817,99.1945
6/10/1999,0.57813,98.5966
6/11/1999,0.57824,98.6542
6/14/1999,0.57817,99.1805
6/15/1999,0.57797,99.4768
6/16/1999,0.5778,98.7336
6/17/1999,0.57777,98.3545
6/18/1999,0.5777,98.5192
6/21/1999,0.57773,98.515
6/22/1999,0.57777,98.8516
6/23/1999,0.57763,98.9939
6/24/1999,0.57777,98.9717
6/25/1999,0.5792,98.4268
6/28/1999,0.5779,98.2167
6/29/1999,0.5778,98.3548
6/30/1999,0.5777,98.4747
7/1/1999,0.5778,98.6009
7/2/1999,0.57737,98.5973
7/5/1999,0.57737,98.7547
7/6/1999,0.5773,98.4007
7/7/1999,0.5776,98.6166
7/8/1999,0.57723,98.4425
7/9/1999,0.5772,97.9032
7/12/1999,0.57703,97.7103
7/13/1999,0.57707,97.9714
7/14/1999,0.57717,98.1824
7/15/1999,0.5773,98.0791
7/16/1999,0.57723,98.0354
7/19/1999,0.57703,98.1717
7/20/1999,0.57787,98.0787
7/21/1999,0.57817,98.0945
7/22/1999,0.5783,98.1915
7/23/1999,0.5783,98.5745
7/26/1999,0.5789,98.3597
7/27/1999,0.57874,98.1678
7/28/1999,0.5783,98.2894
7/29/1999,0.57894,98.7501
7/30/1999,0.57901,98.9013
8/2/1999,0.57887,98.5772
8/3/1999,0.57884,98.6366
8/4/1999,0.57921,98.7292
8/5/1999,0.57927,98.7814
8/6/1999,0.57911,98.9515
8/9/1999,0.57894,98.6097
8/10/1999,0.57917,98.7229
8/11/1999,0.57894,99.1659
8/12/1999,0.5788,98.7498
8/13/1999,0.57887,98.6005
8/16/1999,0.57854,98.723
8/17/1999,0.57837,98.8546
8/18/1999,0.5784,98.5093
8/19/1999,0.5784,98.4328
8/20/1999,0.5789,98.5453
8/23/1999,0.57877,98.5967
8/24/1999,0.57834,98.6881
8/25/1999,0.5781,98.2948
8/26/1999,0.57913,98.0008
8/27/1999,0.57813,97.9652
8/30/1999,0.57813,98.0437
8/31/1999,0.5784,98.1104
9/1/1999,0.57874,98.1661
9/2/1999,0.57884,98.7347
9/3/1999,0.57894,98.7654
9/6/1999,0.57876,98.2682
9/7/1999,0.57844,98.4876
9/8/1999,0.57854,98.3617
9/9/1999,0.5786,98.2521
9/10/1999,0.5784,98.0635
9/13/1999,0.5777,98.015
9/14/1999,0.57773,98.1984
9/15/1999,0.57783,98.0995
9/16/1999,0.57793,98.2806
9/17/1999,0.57793,98.2751
9/20/1999,0.57803,98.2273
9/21/1999,0.57803,97.9721
9/22/1999,0.5783,97.6082
9/23/1999,0.5781,97.7669
9/24/1999,0.5782,98.4216
9/27/1999,0.5781,98.4287
9/28/1999,0.57817,98.8451
9/29/1999,0.57843,98.5854
9/30/1999,0.5789,98.6549
10/1/1999,0.57908,98.6079
10/4/1999,0.57908,98.7062
10/5/1999,0.57897,98.8796
10/6/1999,0.5792,99.0315
10/7/1999,0.57897,98.8824
10/8/1999,0.57884,98.6033
10/11/1999,0.57877,98.9732
10/12/1999,0.57887,99.1359
10/13/1999,0.57917,99.1881
10/14/1999,0.57924,99.209
10/15/1999,0.57968,99.4868
10/18/1999,0.5793,100.118
10/19/1999,0.5794,100.5832
10/20/1999,0.57924,100.8327
10/21/1999,0.57921,100.7041
10/22/1999,0.57927,100.3475
10/25/1999,0.5789,100.6776
10/26/1999,0.57874,100.4399
10/27/1999,0.579,100.2259
10/28/1999,0.5785,100.3161
10/29/1999,0.57813,100.7382
11/1/1999,0.57854,100.3502
11/2/1999,0.578,100.7684
11/3/1999,0.578,100.7269
11/4/1999,0.57824,100.7335
11/5/1999,0.57793,101.0754
11/8/1999,0.578,101.254
11/9/1999,0.57957,100.7238
11/10/1999,0.57797,100.6946
11/11/1999,0.57797,101.1543
11/12/1999,0.57783,101.3104
11/15/1999,0.57777,101.2879
11/16/1999,0.57773,101.3124
11/17/1999,0.57807,100.978
11/18/1999,0.57797,100.5171
11/19/1999,0.57763,100.8529
11/22/1999,0.57763,100.7799
11/23/1999,0.5777,100.8973
11/24/1999,0.57737,100.9339
11/25/1999,0.57723,100.6057
11/26/1999,0.57703,100.5243
11/29/1999,0.577,99.9627
11/30/1999,0.57693,100.145
12/1/1999,0.57687,100.2429
12/2/1999,0.5768,100.1874
12/3/1999,0.57663,100.2758
12/6/1999,0.57687,100.456
12/7/1999,0.57733,100.4274
12/8/1999,0.57743,100.7619
12/9/1999,0.57737,100.6136
12/10/1999,0.5768,100.3896
12/13/1999,0.57703,100.2994
12/14/1999,0.57703,100.3439
12/15/1999,0.57667,100.2505
12/16/1999,0.57696,100.1697
12/17/1999,0.57717,99.6612
12/20/1999,0.5767,100.1233
12/21/1999,0.57687,100.4482
12/22/1999,0.57683,99.9909
12/23/1999,0.57683,100.0363
12/24/1999,0.57814,100.2888
12/27/1999,0.577,100.4751
12/28/1999,0.57697,100.6721
12/29/1999,0.57683,100.3295
12/30/1999,0.57667,100.5189
1/3/2000,0.5767,100.4971
1/4/2000,0.5775,99.9826
1/5/2000,0.5778,100.2238
1/6/2000,0.5781,100.3775
1/7/2000,0.57757,100.6931
1/10/2000,0.5774,101.0445
1/11/2000,0.5776,101.5752
1/12/2000,0.57767,101.7277
1/13/2000,0.5776,102.142
1/14/2000,0.57743,102.4657
1/17/2000,0.57697,103.1998
1/18/2000,0.57683,103.0534
1/19/2000,0.5769,102.7899
1/20/2000,0.57687,102.9652
1/21/2000,0.57703,103.1299
1/24/2000,0.57703,102.6686
1/25/2000,0.5766,102.8385
1/26/2000,0.5766,102.9366
1/27/2000,0.57654,102.8459
1/28/2000,0.576,103.0212
1/31/2000,0.57857,103.6394
2/1/2000,0.57534,103.487
2/2/2000,0.57544,103.318
2/3/2000,0.57554,102.9097
2/4/2000,0.57597,102.5334
2/7/2000,0.5751,102.7581
2/8/2000,0.576,103.2438
2/9/2000,0.5762,102.677
2/10/2000,0.57617,102.3057
2/11/2000,0.57594,101.8411
2/14/2000,0.57617,102.1228
2/15/2000,0.5758,102.4182
2/16/2000,0.5758,102.2395
2/17/2000,0.57624,101.5848
2/18/2000,0.57604,101.217
2/21/2000,0.57604,100.7331
2/22/2000,0.5765,100.4445
2/23/2000,0.5767,101.307
2/24/2000,0.5763,101.0357
2/25/2000,0.57607,100.8356
2/28/2000,0.57531,100.6857
2/29/2000,0.57557,100.8602
3/1/2000,0.57537,100.8477
3/2/2000,0.5754,100.5608
3/3/2000,0.57524,100.7492
3/6/2000,0.5752,100.912
3/7/2000,0.57497,101.0823
3/8/2000,0.57484,100.7626
3/9/2000,0.5751,101.351
3/10/2000,0.5752,101.1597
3/13/2000,0.5759,101.1446
3/14/2000,0.57511,100.6166
3/15/2000,0.57521,100.6193
3/16/2000,0.57534,100.9702
3/17/2000,0.57531,101.0774
3/20/2000,0.57544,101.1162
3/21/2000,0.57544,101.3113
3/22/2000,0.57501,101.469
3/23/2000,0.57508,101.1879
3/24/2000,0.57537,101.1608
3/27/2000,0.57551,101.4464
3/28/2000,0.57524,101.6715
3/29/2000,0.57484,101.9506
3/30/2000,0.57491,102.1887
3/31/2000,0.57478,101.9426
4/3/2000,0.57471,102.3224
4/4/2000,0.57468,102.334
4/5/2000,0.57521,101.9584
4/6/2000,0.57504,102.1778
4/7/2000,0.57498,102.0654
4/10/2000,0.57491,102.0758
4/11/2000,0.57511,102.0173
4/12/2000,0.57491,102.4428
4/13/2000,0.57484,102.6595
4/14/2000,0.57478,102.6411
4/17/2000,0.57501,102.8574
4/18/2000,0.57458,102.9753
4/19/2000,0.57445,102.9473
4/20/2000,0.57418,102.8847
4/25/2000,0.57392,102.8672
4/26/2000,0.57333,102.9185
4/27/2000,0.57339,102.8971
4/28/2000,0.5733,102.6813
5/2/2000,0.57425,103.2019
5/3/2000,0.57241,102.9421
5/4/2000,0.57241,102.8229
5/5/2000,0.57241,102.5594
5/8/2000,0.57241,102.7627
5/9/2000,0.5724,102.8694
5/10/2000,0.57293,103.0819
5/11/2000,0.57284,103.0007
5/12/2000,0.57267,102.7081
5/15/2000,0.57313,102.6659
5/16/2000,0.5728,102.5267
5/17/2000,0.57241,102.6752
5/18/2000,0.57241,102.8654
5/19/2000,0.57241,102.8281
5/22/2000,0.57241,102.8082
5/23/2000,0.573,102.2899
5/24/2000,0.5729,102.7315
5/25/2000,0.57254,102.9286
5/26/2000,0.57307,103.2424
5/29/2000,0.57362,103.206
5/30/2000,0.57405,103.7021
5/31/2000,0.57379,103.8197
6/1/2000,0.57389,103.9731
6/2/2000,0.57402,103.9151
6/5/2000,0.57435,104.2992
6/6/2000,0.57442,104.5136
6/7/2000,0.57484,104.4282
6/8/2000,0.57494,104.4446
6/9/2000,0.57481,104.2706
6/12/2000,0.57471,103.4987
6/13/2000,0.57491,103.8002
6/14/2000,0.57511,103.6692
6/15/2000,0.57468,103.4433
6/16/2000,0.57494,103.4911
6/19/2000,0.57515,103.8928
6/20/2000,0.57484,103.8594
6/21/2000,0.57458,104.0465
6/22/2000,0.57422,104.3371
6/23/2000,0.57409,104.1608
6/26/2000,0.57386,104.3377
6/27/2000,0.57422,104.3959
6/28/2000,0.57425,104.0823
6/29/2000,0.57465,104.063
6/30/2000,0.57488,104.1837
7/3/2000,0.57461,104.3507
7/4/2000,0.57451,104.8624
7/5/2000,0.57481,104.9475
7/6/2000,0.57491,104.9285
7/7/2000,0.57458,105.2418
7/10/2000,0.57465,105.2236
7/11/2000,0.57478,105.4362
7/12/2000,0.57641,105.2702
7/13/2000,0.57402,105.5732
7/14/2000,0.57402,105.8345
7/17/2000,0.57412,105.7139
7/18/2000,0.57395,105.1666
7/19/2000,0.57346,105.5544
7/20/2000,0.57336,104.9052
7/21/2000,0.57399,104.5469
7/24/2000,0.57395,104.019
7/25/2000,0.57425,104.1619
7/26/2000,0.57422,104.5359
7/27/2000,0.57418,104.7223
7/28/2000,0.57362,104.7329
7/31/2000,0.57353,104.4127
8/1/2000,0.57359,104.5975
8/2/2000,0.57313,104.7593
8/3/2000,0.57284,104.8884
8/4/2000,0.57284,105.1411
8/7/2000,0.5728,105.2926
8/8/2000,0.57264,105.6389
8/9/2000,0.57241,106.042
8/10/2000,0.57261,106.1343
8/11/2000,0.57307,106.4704
8/14/2000,0.57261,106.6346
8/15/2000,0.57266,106.6975
8/16/2000,0.57284,105.9496
8/17/2000,0.57307,105.6609
8/18/2000,0.57307,106.0314
8/21/2000,0.57261,105.9487
8/22/2000,0.57241,105.1346
8/23/2000,0.57241,105.2942
8/24/2000,0.57248,105.2397
8/25/2000,0.57251,104.7938
8/28/2000,0.57248,104.9676
8/29/2000,0.57248,105.0683
8/30/2000,0.57241,105.3968
8/31/2000,0.57241,105.8031
9/1/2000,0.57241,105.5943
9/4/2000,0.57248,105.1009
9/5/2000,0.57241,105.1031
9/6/2000,0.57241,105.3978
9/7/2000,0.57241,105.097
9/8/2000,0.57241,104.7152
9/11/2000,0.57241,104.6276
9/12/2000,0.57241,104.9957
9/13/2000,0.57241,105.1971
9/14/2000,0.57241,105.2977
9/15/2000,0.57241,105.0431
9/18/2000,0.57241,104.4868
9/19/2000,0.57241,104.6572
9/20/2000,0.57241,104.9208
9/21/2000,0.57241,105.0565
9/22/2000,0.57241,105.3757
9/25/2000,0.57241,105.3037
9/26/2000,0.57241,105.3532
9/27/2000,0.57241,105.4123
9/28/2000,0.57241,106.108
9/29/2000,0.57241,106.0248
10/2/2000,0.57241,105.892
10/3/2000,0.57241,106.0877
10/4/2000,0.57241,105.8749
10/5/2000,0.57241,105.9647
10/6/2000,0.57241,105.7247
10/9/2000,0.57241,106.3073
10/10/2000,0.57241,106.5829
10/11/2000,0.57241,106.2484
10/12/2000,0.57241,106.179
10/13/2000,0.57241,106.2007
10/16/2000,0.57241,105.6918
10/17/2000,0.57241,105.1496
10/18/2000,0.57241,104.9877
10/19/2000,0.57241,105.1258
10/20/2000,0.57241,105.3091
10/23/2000,0.57241,105.7097
10/24/2000,0.57241,105.9969
10/25/2000,0.57241,106.3158
10/26/2000,0.57241,106.2079
10/27/2000,0.57241,106.0455
10/30/2000,0.57241,106.1043
10/31/2000,0.57241,106.3462
11/1/2000,0.57241,105.9675
11/2/2000,0.57241,105.8978
11/3/2000,0.57241,106.202
11/6/2000,0.57241,106.2664
11/7/2000,0.57241,106.5267
11/8/2000,0.57241,106.6114
11/9/2000,0.57241,106.4209
11/10/2000,0.57241,106.1509
11/13/2000,0.57241,106.227
11/14/2000,0.57241,106.2423
11/15/2000,0.57241,106.4039
11/16/2000,0.57241,106.7327
11/17/2000,0.57241,106.5144
11/20/2000,0.57241,106.8338
11/21/2000,0.57241,106.8223
11/22/2000,0.57241,106.575
11/23/2000,0.57241,107.147
11/24/2000,0.57241,107.302
11/27/2000,0.57241,107.3806
11/28/2000,0.57241,108.3879
11/29/2000,0.57241,109.0515
11/30/2000,0.57241,108.7573
12/1/2000,0.57241,108.8281
12/4/2000,0.57241,109.2794
12/5/2000,0.57241,109.8974
12/6/2000,0.57241,109.3727
12/7/2000,0.57241,109.381
12/8/2000,0.57241,109.2837
12/11/2000,0.57241,109.2089
12/12/2000,0.57241,109.8195
12/13/2000,0.57241,110.4823
12/14/2000,0.57241,111.1007
12/15/2000,0.57241,110.7305
12/18/2000,0.57241,110.2384
12/19/2000,0.57241,109.7438
12/20/2000,0.57241,110.0496
12/21/2000,0.57307,109.8141
12/22/2000,0.57339,109.8365
12/27/2000,0.57382,110.032
12/28/2000,0.57362,109.632
12/29/2000,0.57369,110.0592
1/2/2001,0.57451,109.8621
1/3/2001,0.57498,109.2408
1/4/2001,0.57581,109.014
1/5/2001,0.57637,108.8417
1/8/2001,0.57677,108.8359
1/9/2001,0.57667,109.131
1/10/2001,0.57677,108.9705
1/11/2001,0.577,109.4192
1/12/2001,0.5772,109.7178
1/15/2001,0.5772,109.1336
1/16/2001,0.58371,108.9091
1/17/2001,0.5775,108.6228
1/18/2001,0.57743,108.7837
1/19/2001,0.57767,109.2092
1/22/2001,0.57793,109.2841
1/23/2001,0.57803,109.3296
1/24/2001,0.57803,109.5054
1/25/2001,0.57803,109.8235
1/26/2001,0.57837,109.9269
1/29/2001,0.5785,109.7339
1/30/2001,0.57857,109.5531
1/31/2001,0.57877,109.7633
2/1/2001,0.57931,109.7143
2/2/2001,0.57951,109.9611
2/5/2001,0.57951,109.7362
2/6/2001,0.57954,109.3819
2/7/2001,0.57937,109.5807
2/8/2001,0.57937,109.8175
2/9/2001,0.57951,109.6765
2/12/2001,0.57954,109.6153
2/13/2001,0.57961,109.5927
2/14/2001,0.57944,109.5044
2/15/2001,0.57941,109.6508
2/16/2001,0.57921,109.8757
2/19/2001,0.57924,109.8143
2/20/2001,0.57921,110.0044
2/21/2001,0.57911,110.0788
2/22/2001,0.57921,110.2454
2/23/2001,0.57917,110.3889
2/26/2001,0.57923,110.2666
2/27/2001,0.57917,110.3473
2/28/2001,0.57924,109.469
3/1/2001,0.57934,110.3947
3/2/2001,0.57934,110.4854
3/5/2001,0.57924,110.6708
3/6/2001,0.57924,110.7143
3/7/2001,0.57914,110.8264
3/8/2001,0.57914,110.475
3/9/2001,0.57911,110.4283
3/12/2001,0.57904,110.4164
3/13/2001,0.57904,111.0105
3/14/2001,0.57884,111.0204
3/15/2001,0.5788,111.0909
3/16/2001,0.57874,110.7881
3/19/2001,0.57921,111.0546
3/20/2001,0.57904,111.4368
3/21/2001,0.57874,111.7724
3/22/2001,0.57844,111.4244
3/23/2001,0.57837,111.1338
3/26/2001,0.57844,110.7617
3/27/2001,0.57867,110.9182
3/28/2001,0.57867,110.9534
3/29/2001,0.57884,111.0763
3/30/2001,0.57887,111.3518
4/2/2001,0.57874,110.7689
4/3/2001,0.5786,110.0673
4/4/2001,0.57857,109.8698
4/5/2001,0.5787,110.4394
4/6/2001,0.57884,110.3248
4/9/2001,0.5789,109.9139
4/10/2001,0.5788,109.9032
4/11/2001,0.57857,109.8706
4/12/2001,0.57867,110.258
4/17/2001,0.57834,110.1781
4/18/2001,0.57854,109.8466
4/19/2001,0.57844,109.6832
4/20/2001,0.57844,109.5517
4/23/2001,0.57864,109.604
4/24/2001,0.5785,109.7765
4/25/2001,0.57834,109.5205
4/26/2001,0.5785,109.3
4/27/2001,0.5785,108.7671
4/30/2001,0.5786,108.4329
5/2/2001,0.5785,108.824
5/3/2001,0.57847,107.6204
5/4/2001,0.57827,107.3991
5/7/2001,0.5782,107.7275
5/8/2001,0.57824,107.6065
5/9/2001,0.57817,107.4882
5/10/2001,0.5783,107.1793
5/11/2001,0.5784,107.6649
5/14/2001,0.5785,107.6353
5/15/2001,0.57824,107.653
5/16/2001,0.57813,107.8511
5/17/2001,0.57783,107.3508
5/18/2001,0.57753,107.5612
5/21/2001,0.57733,107.0788
5/22/2001,0.57717,107.4201
5/23/2001,0.5771,107.8668
5/24/2001,0.57707,108.3462
5/25/2001,0.57697,108.7294
5/28/2001,0.577,108.3949
5/29/2001,0.5769,107.9823
5/30/2001,0.5766,108.6884
5/31/2001,0.57677,107.6782
6/1/2001,0.5762,107.6089
6/4/2001,0.5764,106.7921
6/5/2001,0.57604,106.6293
6/6/2001,0.57604,106.6821
6/7/2001,0.57577,106.7922
6/8/2001,0.57561,106.5948
6/11/2001,0.57554,106.8339
6/12/2001,0.57534,107.0741
6/13/2001,0.57518,107.0512
6/14/2001,0.57508,107.0325
6/15/2001,0.57504,107.4534
6/18/2001,0.57509,107.716
6/19/2001,0.57521,107.7857
6/20/2001,0.57481,107.9482
6/21/2001,0.57471,108.0004
6/22/2001,0.57458,108.0577
6/25/2001,0.57438,107.7819
6/26/2001,0.57428,107.5446
6/27/2001,0.57442,107.7427
6/28/2001,0.57438,107.9649
6/29/2001,0.57428,108.375
7/2/2001,0.57418,108.445
7/3/2001,0.57412,108.0479
7/4/2001,0.57402,108.4612
7/5/2001,0.57395,108.5787
7/6/2001,0.57397,108.4518
7/9/2001,0.57395,108.5606
7/10/2001,0.57366,108.879
7/11/2001,0.57376,109.3979
7/12/2001,0.57412,109.2651
7/13/2001,0.57425,109.4373
7/16/2001,0.57432,109.2204
7/17/2001,0.57425,108.7437
7/18/2001,0.57412,108.4686
7/19/2001,0.57415,108.6388
7/20/2001,0.57409,108.3203
7/23/2001,0.57395,108.4249
7/24/2001,0.57372,109.0454
7/25/2001,0.57395,108.6047
7/26/2001,0.57409,108.3364
7/27/2001,0.57405,108.2926
7/30/2001,0.57399,108.3892
7/31/2001,0.57389,108.5479
8/1/2001,0.57392,108.948
8/2/2001,0.57392,109.193
8/3/2001,0.57386,109.2186
8/6/2001,0.57386,109.2946
8/7/2001,0.57372,109.6677
8/8/2001,0.57362,109.4216
8/9/2001,0.57362,109.504
8/10/2001,0.57356,109.8186
8/13/2001,0.57488,109.7692
8/14/2001,0.57389,109.5882
8/15/2001,0.57485,109.6511
8/16/2001,0.57405,109.3976
8/17/2001,0.57399,109.0609
8/20/2001,0.57409,109.2494
8/21/2001,0.57389,109.1843
8/22/2001,0.57366,109.3607
8/23/2001,0.5733,109.3816
8/24/2001,0.57297,109.4938
8/27/2001,0.57274,109.5316
8/28/2001,0.5729,110.1104
8/29/2001,0.5728,109.7887
8/30/2001,0.57264,109.6051
8/31/2001,0.5729,109.4991
9/3/2001,0.57303,109.8067
9/4/2001,0.57307,109.7217
9/5/2001,0.57326,109.9135
9/6/2001,0.57284,110.0349
9/7/2001,0.5728,110.2947
9/10/2001,0.5732,110.7856
9/11/2001,0.5732,111.3304
9/12/2001,0.57343,111.7896
9/13/2001,0.57303,111.6029
9/14/2001,0.5727,111.1366
9/17/2001,0.57274,110.9692
9/18/2001,0.57277,110.9965
9/19/2001,0.57293,111.2069
9/20/2001,0.5731,111.5562
9/21/2001,0.57339,111.4506
9/24/2001,0.57356,111.5708
9/25/2001,0.57376,111.4395
9/26/2001,0.57395,111.2738
9/27/2001,0.57415,111.169
9/28/2001,0.57435,111.6091
10/1/2001,0.57445,111.8769
10/2/2001,0.57438,112.1117
10/3/2001,0.57428,111.9375
10/4/2001,0.57461,112.45
10/5/2001,0.57455,112.3195
10/8/2001,0.57455,112.6818
10/9/2001,0.57415,112.9758
10/10/2001,0.57418,113.203
10/11/2001,0.57395,112.7256
10/12/2001,0.57418,112.5761
10/15/2001,0.57422,112.5981
10/16/2001,0.57438,112.9077
10/17/2001,0.57438,112.7135
10/18/2001,0.57438,112.5677
10/19/2001,0.57442,112.7235
10/22/2001,0.57442,112.8086
10/23/2001,0.57425,112.7244
10/24/2001,0.57428,112.3923
10/25/2001,0.57432,112.4585
10/26/2001,0.57415,112.264
10/29/2001,0.57403,112.266
10/30/2001,0.57399,112.3495
10/31/2001,0.57425,112.3062
11/1/2001,0.57445,112.6725
11/2/2001,0.57435,112.4199
11/5/2001,0.57435,112.7224
11/6/2001,0.57445,112.5051
11/7/2001,0.57445,112.538
11/8/2001,0.57409,112.8249
11/9/2001,0.57366,113.1625
11/12/2001,0.57366,112.9757
11/13/2001,0.57339,112.6506
11/14/2001,0.57264,112.4475
11/15/2001,0.5728,112.2024
11/16/2001,0.5729,112.098
11/19/2001,0.5731,111.2097
11/20/2001,0.5731,110.8596
11/21/2001,0.57316,111.2503
11/22/2001,0.57359,111.3452
11/23/2001,0.57372,111.5266
11/26/2001,0.57379,111.0806
11/27/2001,0.57425,111.0012
11/28/2001,0.57425,111.7298
11/29/2001,0.57432,111.644
11/30/2001,0.57425,111.6642
12/3/2001,0.57422,111.8562
12/4/2001,0.57422,112.0569
12/5/2001,0.57438,112.2752
12/6/2001,0.57478,112.4217
12/7/2001,0.57484,112.2195
12/10/2001,0.57508,112.2179
12/11/2001,0.57478,112.1996
12/12/2001,0.57478,112.0509
12/13/2001,0.57478,111.8997
12/14/2001,0.57488,111.9017
12/17/2001,0.57488,111.8417
12/18/2001,0.57534,111.9374
12/19/2001,0.57551,111.4866
12/20/2001,0.57551,111.7782
12/21/2001,0.57455,111.8558
12/24/2001,0.57458,111.6888
12/27/2001,0.5753,111.6662
12/28/2001,0.57504,111.098
1/2/2002,0.57527,110.9562
1/3/2002,0.57554,110.9558
1/4/2002,0.57561,110.7969
1/7/2002,0.57571,110.8608
1/8/2002,0.57577,110.7268
1/9/2002,0.57587,110.0648
1/10/2002,0.57597,110.0298
1/11/2002,0.5759,109.6546
1/14/2002,0.5761,109.8951
1/15/2002,0.5761,109.6209
1/16/2002,0.5762,109.2369
1/17/2002,0.57634,109.0239
1/18/2002,0.57644,109.317
1/21/2002,0.576,109.5724
1/22/2002,0.576,109.6746
1/23/2002,0.576,109.2531
1/24/2002,0.576,109.2221
1/25/2002,0.57614,109.5161
1/28/2002,0.57634,109.6114
1/29/2002,0.57634,109.0198
1/30/2002,0.57667,108.5938
1/31/2002,0.57647,108.1663
2/1/2002,0.57647,107.9099
2/4/2002,0.57634,107.5704
2/5/2002,0.57604,107.9058
2/6/2002,0.57564,107.9641
2/7/2002,0.57564,107.81
2/8/2002,0.5758,107.5336
2/11/2002,0.57584,107.2232
2/12/2002,0.57587,106.7787
2/13/2002,0.57624,106.8221
2/14/2002,0.5763,107.2368
2/15/2002,0.57624,106.4981
2/18/2002,0.57634,106.9926
2/19/2002,0.57647,107.0519
2/20/2002,0.57677,106.7766
2/21/2002,0.5769,106.8714
2/22/2002,0.5767,107.1219
2/25/2002,0.5767,107.1592
2/26/2002,0.57627,107.1801
2/27/2002,0.57554,106.7342
2/28/2002,0.57534,106.9448
3/1/2002,0.57527,106.7568
3/4/2002,0.57475,106.3737
3/5/2002,0.57451,106.0862
3/6/2002,0.57435,105.5626
3/7/2002,0.57461,104.7823
3/8/2002,0.57478,105.1949
3/11/2002,0.57478,103.8436
3/12/2002,0.57438,104.2991
3/13/2002,0.57504,103.4422
3/14/2002,0.57537,104.0164
3/15/2002,0.57547,104.4529
3/18/2002,0.57471,104.4859
3/19/2002,0.57604,104.4638
3/20/2002,0.57551,104.7854
3/21/2002,0.57524,103.9659
3/22/2002,0.57525,103.4089
3/25/2002,0.57504,103.2905
3/26/2002,0.57564,103.4753
3/27/2002,0.57567,103.2239
3/28/2002,0.57557,102.4421
4/2/2002,0.57557,102.0584
4/3/2002,0.57577,102.5775
4/4/2002,0.57577,102.6155
4/5/2002,0.57574,102.0582
4/8/2002,0.57574,102.2811
4/9/2002,0.57561,103.1887
4/10/2002,0.57574,103.0734
4/11/2002,0.57584,102.666
4/12/2002,0.57574,103.0854
4/15/2002,0.57571,104.2168
4/16/2002,0.57571,104.0974
4/17/2002,0.57571,104.2911
4/18/2002,0.57561,104.3595
4/19/2002,0.57584,103.8795
4/22/2002,0.57604,104.1106
4/23/2002,0.57604,105.1554
4/24/2002,0.57634,105.0188
4/25/2002,0.57667,105.0706
4/26/2002,0.5773,104.8536
4/29/2002,0.57787,104.3962
4/30/2002,0.57847,104.3036
5/2/2002,0.57847,103.4039
5/3/2002,0.57825,103.8335
5/6/2002,0.57882,103.6609
5/7/2002,0.57773,104.0732
5/8/2002,0.57847,104.1537
5/9/2002,0.57857,104.2226
5/10/2002,0.57857,104.2549
5/13/2002,0.57867,104.7884
5/14/2002,0.57847,104.7749
5/15/2002,0.5786,104.0508
5/16/2002,0.57864,103.8741
5/17/2002,0.57864,103.7843
5/20/2002,0.5782,103.8962
5/21/2002,0.57877,103.9184
5/22/2002,0.57884,103.4266
5/23/2002,0.57884,103.3615
5/24/2002,0.5784,103.2407
5/27/2002,0.5784,103.5899
5/28/2002,0.57844,104.1662
5/29/2002,0.57837,104.2997
5/30/2002,0.5786,104.5344
5/31/2002,0.57897,104.5413
6/3/2002,0.57911,104.4656
6/4/2002,0.57988,105.4902
6/5/2002,0.57991,105.8233
6/6/2002,0.58008,105.2327
6/7/2002,0.58069,104.6895
6/10/2002,0.58075,105.3083
6/11/2002,0.58025,105.27
6/12/2002,0.58025,105.3
6/13/2002,0.58032,105.4492
6/14/2002,0.58032,105.3317
6/17/2002,0.58032,105.3202
6/18/2002,0.57984,104.8102
6/19/2002,0.57968,105.0961
6/20/2002,0.57968,105.2791
6/21/2002,0.57998,105.0987
6/24/2002,0.58005,105.164
6/25/2002,0.57998,105.7523
6/26/2002,0.58011,105.8443
6/27/2002,0.58038,105.8399
6/28/2002,0.57974,105.6114
7/1/2002,0.57954,105.839
7/2/2002,0.57931,105.7502
7/3/2002,0.57937,106.1442
7/4/2002,0.57931,105.7644
7/5/2002,0.57931,105.8758
7/8/2002,0.57931,106.2182
7/9/2002,0.5785,106.0065
7/10/2002,0.57817,106.1022
7/11/2002,0.57813,105.6895
7/12/2002,0.57767,105.8772
7/15/2002,0.57753,105.7305
7/16/2002,0.5774,105.9436
7/17/2002,0.5772,105.3356
7/18/2002,0.5765,105.2306
7/19/2002,0.57657,105.0431
7/22/2002,0.57657,104.5377
7/23/2002,0.57494,104.7329
7/24/2002,0.57501,104.2577
7/25/2002,0.57521,104.7133
7/26/2002,0.57524,104.2543
7/29/2002,0.57524,103.5977
7/30/2002,0.57504,103.2689
7/31/2002,0.57458,103.512
8/1/2002,0.57448,103.6001
8/2/2002,0.57418,103.4622
8/5/2002,0.57389,103.8774
8/6/2002,0.57372,103.8966
8/7/2002,0.57372,103.7189
8/8/2002,0.57412,104.4051
8/9/2002,0.57412,104.2745
8/12/2002,0.57379,104.3398
8/13/2002,0.5733,104.9361
8/14/2002,0.57343,104.5192
8/15/2002,0.5729,104.2861
8/16/2002,0.57326,104.6043
8/19/2002,0.57326,104.5796
8/20/2002,0.57343,105.2833
8/21/2002,0.57349,105.0767
8/22/2002,0.57349,104.9151
8/23/2002,0.57353,105.2161
8/26/2002,0.57389,105.0954
8/27/2002,0.57349,104.1554
8/28/2002,0.57356,104.3335
8/29/2002,0.57356,104.4788
8/30/2002,0.57323,103.9917
9/2/2002,0.57323,103.56
9/3/2002,0.57336,103.4255
9/4/2002,0.57307,102.9198
9/5/2002,0.5732,103.3573
9/6/2002,0.5731,103.0577
9/9/2002,0.57303,103.1304
9/10/2002,0.57303,102.9155
9/11/2002,0.57313,102.9253
9/12/2002,0.57313,102.6388
9/13/2002,0.57326,102.3453
9/16/2002,0.57326,101.9195
9/17/2002,0.5732,102.2214
9/18/2002,0.5732,102.5705
9/19/2002,0.57333,101.8873
9/20/2002,0.57366,102.2735
9/23/2002,0.57395,102.5874
9/24/2002,0.57386,101.8669
9/25/2002,0.57386,102.0108
9/26/2002,0.57392,101.7439
9/27/2002,0.57389,101.3932
9/30/2002,0.57333,101.5972
10/1/2002,0.57323,101.3799
10/2/2002,0.57303,101.0594
10/3/2002,0.57313,101.2333
10/4/2002,0.57313,101.4115
10/7/2002,0.57277,101.0629
10/8/2002,0.57277,100.9246
10/9/2002,0.57277,100.7667
10/10/2002,0.57277,100.4582
10/11/2002,0.57277,100.8752
10/14/2002,0.57277,100.5371
10/15/2002,0.57277,101.0739
10/16/2002,0.57267,100.9837
10/17/2002,0.57234,101.5512
10/18/2002,0.57234,101.1778
10/21/2002,0.57228,100.775
10/22/2002,0.57228,101.1694
10/23/2002,0.57228,101.3644
10/24/2002,0.57228,101.4983
10/25/2002,0.57225,102.1255
10/28/2002,0.57225,101.9243
10/29/2002,0.57189,101.904
10/30/2002,0.57156,101.6537
10/31/2002,0.57127,101.8819
11/1/2002,0.57127,101.5031
11/4/2002,0.57127,101.5613
11/5/2002,0.57127,101.2369
11/6/2002,0.57097,101.0574
11/7/2002,0.57143,101.1421
11/8/2002,0.57179,100.7231
11/11/2002,0.57189,100.8817
11/12/2002,0.57205,100.5584
11/13/2002,0.57205,101.0634
11/14/2002,0.57208,100.9136
11/15/2002,0.57208,100.5543
11/18/2002,0.57215,100.4281
11/19/2002,0.57215,100.5282
11/20/2002,0.57208,100.2064
11/21/2002,0.57212,100.4037
11/22/2002,0.57225,100.2762
11/25/2002,0.57228,100.6626
11/26/2002,0.57231,101.3531
11/27/2002,0.57241,101.6455
11/28/2002,0.57303,101.439
11/29/2002,0.5731,102.4715
12/2/2002,0.5731,102.5826
12/3/2002,0.57293,102.6547
12/4/2002,0.57303,102.8452
12/5/2002,0.57307,102.6422
12/6/2002,0.57313,102.3022
12/9/2002,0.57307,102.367
12/10/2002,0.57307,102.1445
12/11/2002,0.5731,102.3539
12/12/2002,0.57284,101.5111
12/13/2002,0.5729,101.4867
12/16/2002,0.57284,101.7756
12/17/2002,0.57297,102.2764
12/18/2002,0.57297,102.3732
12/19/2002,0.57297,102.9651
12/20/2002,0.5729,102.5091
12/23/2002,0.57264,102.2233
12/24/2002,0.57248,101.7608
12/27/2002,0.573,102.0906
12/30/2002,0.57333,102.1511
12/31/2002,0.57316,101.8706
1/2/2003,0.57353,101.6648
1/3/2003,0.57359,101.1505
1/6/2003,0.57306,101.268
1/7/2003,0.57369,101.4151
1/8/2003,0.57369,101.1961
1/9/2003,0.57484,101.6778
1/10/2003,0.57561,101.1907
1/13/2003,0.57604,101.3849
1/14/2003,0.5764,100.6881
1/15/2003,0.57737,100.1435
1/16/2003,0.57807,100.2517
1/17/2003,0.57854,99.5984
1/20/2003,0.5782,99.0993
1/21/2003,0.5782,98.8845
1/22/2003,0.57827,99.1699
1/23/2003,0.57864,98.5387
1/24/2003,0.57877,98.8203
1/27/2003,0.5788,98.8551
1/28/2003,0.57897,98.6701
1/29/2003,0.57921,98.6701
1/30/2003,0.57927,98.312
1/31/2003,0.57927,98.4928
2/3/2003,0.57927,98.3138
2/4/2003,0.57961,98.2215
2/5/2003,0.58001,98.0955
2/6/2003,0.58008,98.1658
2/7/2003,0.58015,97.8302
2/10/2003,0.58015,98.6179
2/11/2003,0.58021,98.7413
2/12/2003,0.58028,98.5331
2/13/2003,0.58028,98.9209
2/14/2003,0.58028,98.7779
2/17/2003,0.58038,98.7515
2/18/2003,0.58038,98.4498
2/19/2003,0.58045,98.254
2/20/2003,0.58059,98.5403
2/21/2003,0.58069,98.5715
2/24/2003,0.58079,98.358
2/25/2003,0.58082,98.3416
2/26/2003,0.58096,98.3033
2/27/2003,0.58106,97.9472
2/28/2003,0.58109,98.1467
3/3/2003,0.58119,98.4792
3/4/2003,0.58123,98.7864
3/5/2003,0.58146,98.5927
3/6/2003,0.5815,98.8558
3/7/2003,0.58156,98.7639
3/10/2003,0.5814,98.6375
3/11/2003,0.58217,99.257
3/12/2003,0.58241,99.6431
3/13/2003,0.58295,99.7269
3/14/2003,0.58333,99.2551
3/17/2003,0.5836,99.0816
3/18/2003,0.5836,99.0825
3/19/2003,0.58377,98.9116
3/20/2003,0.58374,99.2328
3/21/2003,0.58377,99.3681
3/24/2003,0.58384,99.3082
3/25/2003,0.58375,99.3158
3/26/2003,0.58394,99.3482
3/27/2003,0.58404,99.3648
3/28/2003,0.58401,99.2872
3/31/2003,0.58404,100.0668
4/1/2003,0.58395,99.8986
4/2/2003,0.58442,100.1338
4/3/2003,0.585,99.8015
4/4/2003,0.58531,99.7969
4/7/2003,0.58538,99.6024
4/8/2003,0.58538,99.3649
4/9/2003,0.58558,99.3029
4/10/2003,0.58603,99.3405
4/11/2003,0.58665,99.4813
4/14/2003,0.58665,99.6653
4/15/2003,0.58665,99.9488
4/16/2003,0.58672,100.5073
4/17/2003,0.58682,100.1225
4/22/2003,0.58799,100.1287
4/23/2003,0.5881,99.8746
4/24/2003,0.58813,99.9098
4/25/2003,0.5888,99.713
4/28/2003,0.5877,99.6678
4/29/2003,0.5881,99.6124
4/30/2003,0.58813,99.8273
5/2/2003,0.58806,99.9187
5/5/2003,0.5881,99.9253
5/6/2003,0.58779,100.1977
5/7/2003,0.58785,100.5274
5/8/2003,0.58744,100.0564
5/9/2003,0.58716,100.1589
5/12/2003,0.58706,100.4692
5/13/2003,0.58696,100.3886
5/14/2003,0.58654,100.6293
5/15/2003,0.58644,100.5659
5/16/2003,0.58637,100.6582
5/19/2003,0.58637,100.1595
5/20/2003,0.58637,99.9903
5/21/2003,0.58644,100.4836
5/22/2003,0.58637,100.4726
5/23/2003,0.58641,100.4563
5/26/2003,0.58661,100.1524
5/27/2003,0.58675,99.7916
5/28/2003,0.58675,99.486
5/29/2003,0.58685,99.4765
5/30/2003,0.58703,99.4182
6/2/2003,0.58716,99.5265
6/3/2003,0.58713,99.3791
6/4/2003,0.58716,99.2055
6/5/2003,0.58658,99.2816
6/6/2003,0.58624,98.7762
6/9/2003,0.58624,98.5564
6/10/2003,0.58624,97.2596
6/11/2003,0.58586,97.1657
6/12/2003,0.58599,97.1265
6/13/2003,0.58634,97.0944
6/16/2003,0.58593,97.2076
6/17/2003,0.58634,97.3013
6/18/2003,0.58634,96.4445
6/19/2003,0.58558,96.5764
6/20/2003,0.58551,96.434
6/23/2003,0.58514,96.3331
6/24/2003,0.58493,96.7322
6/25/2003,0.58521,96.1093
6/26/2003,0.585,95.9511
6/27/2003,0.58627,95.7633
6/30/2003,0.58637,95.603
7/1/2003,0.58651,95.8289
7/2/2003,0.58706,96.5218
7/3/2003,0.58751,96.311
7/4/2003,0.58683,96.5327
7/7/2003,0.58713,96.6249
7/8/2003,0.58713,96.6198
7/9/2003,0.58716,96.7048
7/10/2003,0.5873,96.3334
7/11/2003,0.58748,96.1746
7/14/2003,0.58748,96.1496
7/15/2003,0.58723,95.9379
7/16/2003,0.58727,96.1693
7/17/2003,0.58741,95.9137
7/18/2003,0.5873,95.8039
7/21/2003,0.5873,96.3796
7/22/2003,0.58741,96.7648
7/23/2003,0.58737,97.1205
7/24/2003,0.58737,96.8755
7/25/2003,0.58751,97.0174
7/28/2003,0.58751,97.1244
7/29/2003,0.58754,96.5339
7/30/2003,0.58754,96.5551
7/31/2003,0.58754,96.3168
8/1/2003,0.58741,95.9618
8/4/2003,0.5872,95.7085
8/5/2003,0.58675,95.8788
8/6/2003,0.58679,95.8901
8/7/2003,0.58706,95.569
8/8/2003,0.58706,95.6594
8/11/2003,0.58706,95.686
8/12/2003,0.58716,96.0254
8/13/2003,0.58716,96.3913
8/14/2003,0.58696,96.1491
8/15/2003,0.5869,95.8742
8/18/2003,0.58699,95.6847
8/19/2003,0.58593,95.5703
8/20/2003,0.58586,95.6525
8/21/2003,0.58569,95.137
8/22/2003,0.58483,95.1254
8/25/2003,0.58466,95.097
8/26/2003,0.58466,94.5639
8/27/2003,0.58445,94.3971
8/28/2003,0.58445,94.6482
8/29/2003,0.58428,94.8117
9/1/2003,0.58394,94.5342
9/2/2003,0.58333,94.6319
9/3/2003,0.58312,94.3575
9/4/2003,0.58292,94.3789
9/5/2003,0.58265,94.2166
9/8/2003,0.58265,94.229
9/9/2003,0.58245,94.1867
9/10/2003,0.58258,94.2966
9/11/2003,0.58316,94.2192
9/12/2003,0.5835,93.8963
9/15/2003,0.5835,93.9163
9/16/2003,0.58391,93.5061
9/17/2003,0.58391,93.6495
9/18/2003,0.58462,93.27
9/19/2003,0.58421,92.9516
9/22/2003,0.58421,93.1347
9/23/2003,0.58421,93.1712
9/24/2003,0.58418,93.0611
9/25/2003,0.58428,92.6732
9/26/2003,0.5848,92.8665
9/29/2003,0.5848,92.9628
9/30/2003,0.58445,93.2036
10/1/2003,0.58445,93.5388
10/2/2003,0.58449,94.0942
10/3/2003,0.58452,93.734
10/6/2003,0.58439,93.4717
10/7/2003,0.58449,93.082
10/8/2003,0.58449,93.0408
10/9/2003,0.58449,93.298
10/10/2003,0.58449,93.378
10/13/2003,0.58435,93.1921
10/14/2003,0.58445,93.4844
10/15/2003,0.58449,93.7118
10/16/2003,0.58445,93.4199
10/17/2003,0.58394,93.0734
10/20/2003,0.58394,93.2152
10/21/2003,0.58394,93.0765
10/22/2003,0.58398,93.4525
10/23/2003,0.58425,92.7512
10/24/2003,0.58425,92.4677
10/27/2003,0.58425,92.6889
10/28/2003,0.58425,92.362
10/29/2003,0.58353,92.2887
10/30/2003,0.58316,92.4632
10/31/2003,0.58316,92.1818
11/3/2003,0.58309,92.2477
11/4/2003,0.58309,92.822
11/5/2003,0.58302,93.2561
11/6/2003,0.58299,93.7271
11/7/2003,0.58261,93.631
11/10/2003,0.58261,93.5154
11/11/2003,0.58261,94.2158
11/12/2003,0.58268,94.2605
11/13/2003,0.58258,94.085
11/14/2003,0.58275,94.3446
11/17/2003,0.58306,95.191
11/18/2003,0.58323,95.1977
11/19/2003,0.58374,95.2196
11/20/2003,0.58374,94.9579
11/21/2003,0.5837,94.8108
11/24/2003,0.58384,94.8783
11/25/2003,0.58404,94.9412
11/26/2003,0.58408,95.2905
11/27/2003,0.58408,95.0028
11/28/2003,0.58415,94.4441
12/1/2003,0.58377,94.4163
12/2/2003,0.58387,94.0367
12/3/2003,0.5836,93.7796
12/4/2003,0.5836,93.7499
12/5/2003,0.5836,93.8477
12/8/2003,0.5837,93.9412
12/9/2003,0.58381,94.1358
12/10/2003,0.58384,93.8884
12/11/2003,0.58401,93.9977
12/12/2003,0.58404,93.7925
12/15/2003,0.58415,93.1768
12/16/2003,0.58421,92.8684
12/17/2003,0.58469,92.9604
12/18/2003,0.58478,93.6468
12/19/2003,0.58521,94.22
12/22/2003,0.58531,93.8608
12/23/2003,0.58586,93.8521
12/24/2003,0.58575,93.1829
12/29/2003,0.58606,94.4073
12/30/2003,0.5862,95.1534
12/31/2003,0.58637,95.3016
1/2/2004,0.58637,95.4903
1/5/2004,0.58637,94.9203
1/6/2004,0.58617,95.6037
1/7/2004,0.58637,95.8621
1/8/2004,0.58651,95.4758
1/9/2004,0.58658,95.0811
1/12/2004,0.58658,95.7102
1/13/2004,0.58668,95.5147
1/14/2004,0.58675,95.4316
1/15/2004,0.58679,96.72
1/16/2004,0.58672,95.692
1/19/2004,0.58672,96.145
1/20/2004,0.58672,94.854
1/21/2004,0.58672,94.9753
1/22/2004,0.58668,95.3961
1/23/2004,0.58668,96.8805
1/26/2004,0.58599,96.7362
1/27/2004,0.58606,96.6269
1/28/2004,0.58617,97.0718
1/29/2004,0.58617,97.1173
1/30/2004,0.58603,97.822
2/2/2004,0.58606,96.6094
2/3/2004,0.5861,96.1843
2/4/2004,0.58617,96.4224
2/5/2004,0.58624,96.7218
2/6/2004,0.58624,95.5342
2/9/2004,0.58624,95.8973
2/10/2004,0.5862,95.5702
2/11/2004,0.5862,95.7464
2/12/2004,0.58624,94.8968
2/13/2004,0.58624,94.5944
2/16/2004,0.58579,94.6303
2/17/2004,0.58579,95.1088
2/18/2004,0.58582,95.1015
2/19/2004,0.58582,94.9317
2/20/2004,0.58582,94.4462
2/23/2004,0.58586,94.4981
2/24/2004,0.58582,93.5755
2/25/2004,0.58582,95.0617
2/26/2004,0.58586,95.3059
2/27/2004,0.58589,95.5885
3/1/2004,0.58589,95.5446
3/2/2004,0.58589,95.2102
3/3/2004,0.58589,94.9558
3/4/2004,0.58589,95.0106
3/5/2004,0.58589,94.6496
3/8/2004,0.58589,94.636
3/9/2004,0.58589,94.9233
3/10/2004,0.58586,94.4226
3/11/2004,0.58575,94.4112
3/12/2004,0.58579,94.3004
3/15/2004,0.58589,94.4665
3/16/2004,0.58593,94.6953
3/17/2004,0.58599,94.4104
3/18/2004,0.58599,94.6679
3/19/2004,0.58599,94.3234
3/22/2004,0.58606,94.2543
3/23/2004,0.5861,93.939
3/24/2004,0.58617,94.0456
3/25/2004,0.58617,93.8585
3/26/2004,0.58617,93.6887
3/29/2004,0.58617,93.7721
3/30/2004,0.58617,93.9079
3/31/2004,0.5862,94.0753
4/1/2004,0.58617,94.2325
4/2/2004,0.5862,93.7295
4/5/2004,0.5862,93.7105
4/6/2004,0.5862,93.6055
4/7/2004,0.5862,94.2656
4/8/2004,0.5863,94.2265
4/13/2004,0.5863,94.7498
4/14/2004,0.586,94.8074
4/15/2004,0.586,95.5044
4/16/2004,0.586,95.762
4/19/2004,0.5861,95.552
4/20/2004,0.5864,95.5204
4/21/2004,0.5864,95.1854
4/22/2004,0.5865,95.3826
4/23/2004,0.5865,95.9265
4/26/2004,0.5865,95.4064
4/27/2004,0.5865,94.6243
4/28/2004,0.5865,94.646
4/29/2004,0.5865,94.775
4/30/2004,0.5865,94.7457
5/3/2004,0.5865,95.1259
5/4/2004,0.5865,94.5334
5/5/2004,0.5865,94.5007
5/6/2004,0.5865,94.4052
5/7/2004,0.5865,94.1372
5/10/2004,0.5864,94.3121
5/11/2004,0.5863,94.1147
5/12/2004,0.5862,94.7531
5/13/2004,0.5862,94.6176
5/14/2004,0.5862,95.0876
5/17/2004,0.5862,94.7405
5/18/2004,0.5861,95.0721
5/19/2004,0.586,94.9184
5/20/2004,0.5857,94.6208
5/21/2004,0.5857,94.576
5/24/2004,0.5858,94.5871
5/25/2004,0.5854,95.0228
5/26/2004,0.5851,94.9207
5/27/2004,0.585,94.9977
5/28/2004,0.5845,94.5708
5/31/2004,0.5844,94.6045
6/1/2004,0.584,94.5745
6/2/2004,0.5837,94.4738
6/3/2004,0.5836,94.4359
6/4/2004,0.5834,94.5745
6/7/2004,0.583,94.5512
6/8/2004,0.583,94.7176
6/9/2004,0.583,94.32
6/10/2004,0.5828,94.5465
6/11/2004,0.5826,94.4336
6/14/2004,0.5824,94.4293
6/15/2004,0.5824,94.6732
6/16/2004,0.5822,94.5257
6/17/2004,0.5819,94.4685
6/18/2004,0.5819,94.171
6/21/2004,0.5817,94.0917
6/22/2004,0.5817,94.5111
6/23/2004,0.5817,94.4524
6/24/2004,0.5815,94.5811
6/25/2004,0.5815,94.6058
6/28/2004,0.5815,94.3063
6/29/2004,0.5815,93.8237
6/30/2004,0.5815,94.1432
7/1/2004,0.5815,94.33
7/2/2004,0.5815,93.8896
7/5/2004,0.5819,93.7893
7/6/2004,0.5818,93.6682
7/7/2004,0.5818,93.4476
7/8/2004,0.5819,93.1376
7/9/2004,0.5818,92.8978
7/12/2004,0.5818,92.722
7/13/2004,0.5819,92.1363
7/14/2004,0.5819,92.1859
7/15/2004,0.5819,92.0704
7/16/2004,0.5824,91.6557
7/19/2004,0.5824,91.9876
7/20/2004,0.5824,92.0072
7/21/2004,0.5824,92.0796
7/22/2004,0.5823,91.9811
7/23/2004,0.582,91.616
7/26/2004,0.5818,91.5846
7/27/2004,0.5813,91.2835
7/28/2004,0.581,91.272
7/29/2004,0.5802,91.2465
7/30/2004,0.5798,91.6112
8/2/2004,0.5796,91.3045
8/3/2004,0.5795,90.9621
8/4/2004,0.5794,90.8563
8/5/2004,0.5794,90.4197
8/6/2004,0.5794,90.2619
8/9/2004,0.5794,90.2075
8/10/2004,0.5793,90.0047
8/11/2004,0.5793,89.8489
8/12/2004,0.5791,89.6482
8/13/2004,0.5782,89.3529
8/16/2004,0.5779,89.261
8/17/2004,0.5777,89.2626
8/18/2004,0.5777,89.0717
8/19/2004,0.5778,89.132
8/20/2004,0.5778,88.9293
8/23/2004,0.5777,89.1111
8/24/2004,0.5779,88.5788
8/25/2004,0.5775,88.6452
8/26/2004,0.5775,89.511
8/27/2004,0.5775,89.7196
8/30/2004,0.5774,90.3075
8/31/2004,0.5774,89.8179
9/1/2004,0.5774,89.6966
9/2/2004,0.5774,89.8878
9/3/2004,0.5773,89.151
9/6/2004,0.5771,89.6825
9/7/2004,0.5771,89.4038
9/8/2004,0.5771,89.3912
9/9/2004,0.577,89.3519
9/10/2004,0.5771,89.1815
9/13/2004,0.5773,88.8901
9/14/2004,0.5773,88.9499
9/15/2004,0.577,88.4804
9/16/2004,0.577,88.6436
9/17/2004,0.5771,88.696
9/20/2004,0.5771,88.3214
9/21/2004,0.5771,88.6555
9/22/2004,0.5771,89.1768
9/23/2004,0.5771,89.788
9/24/2004,0.5769,90.107
9/27/2004,0.5769,89.8958
9/28/2004,0.5762,90.0726
9/29/2004,0.576,89.7897
9/30/2004,0.5756,89.5897
10/1/2004,0.5755,89.1715
10/4/2004,0.5757,89.5913
10/5/2004,0.5757,89.4091
10/6/2004,0.5759,89.5895
10/7/2004,0.576,89.3975
10/8/2004,0.576,89.9061
10/11/2004,0.576,90.0763
10/12/2004,0.576,89.5388
10/13/2004,0.576,89.7837
10/14/2004,0.576,89.7946
10/15/2004,0.5757,89.719
10/18/2004,0.5757,89.6262
10/19/2004,0.5757,89.6873
10/20/2004,0.5755,89.7913
10/21/2004,0.5755,89.6551
10/22/2004,0.576,89.8833
10/25/2004,0.5762,89.9405
10/26/2004,0.5765,90.2704
10/27/2004,0.5765,90.7675
10/28/2004,0.5763,90.8668
10/29/2004,0.5765,90.9668
11/1/2004,0.5766,90.6549
11/2/2004,0.5768,90.069
11/3/2004,0.5769,89.9401
11/4/2004,0.5769,89.9567
11/5/2004,0.5769,90.0735
11/8/2004,0.5769,89.9929
11/9/2004,0.5774,89.9384
11/10/2004,0.5775,89.1441
11/11/2004,0.5775,89.248
11/12/2004,0.5775,89.1844
11/15/2004,0.5777,89.5097
11/16/2004,0.5777,88.9787
11/17/2004,0.5777,89.0731
11/18/2004,0.578,89.5112
11/19/2004,0.5784,89.3943
11/22/2004,0.5784,89.6183
11/23/2004,0.5785,89.3144
11/24/2004,0.5786,89.1054
11/25/2004,0.5791,88.7349
11/26/2004,0.5795,88.5713
11/29/2004,0.5796,88.5655
11/30/2004,0.5795,88.8243
12/1/2004,0.5794,88.7376
12/2/2004,0.5795,88.7265
12/3/2004,0.5794,88.7543
12/6/2004,0.5791,89.0891
12/7/2004,0.5791,89.4498
12/8/2004,0.5792,89.4344
12/9/2004,0.5792,89.839
12/10/2004,0.5792,90.2476
12/13/2004,0.5788,90.5912
12/14/2004,0.5788,90.6313
12/15/2004,0.5788,90.3495
12/16/2004,0.5788,90.3993
12/17/2004,0.5788,90.8143
12/20/2004,0.5788,91.1446
12/21/2004,0.5788,90.9788
12/22/2004,0.5788,90.713
12/23/2004,0.5789,91.1214
12/24/2004,0.5787,90.5304
12/27/2004,0.5786,90.4847
12/28/2004,0.5791,90.4985
12/29/2004,0.5796,90.9984
12/30/2004,0.5796,90.9614
12/31/2004,0.58,90.6399
1/3/2005,0.58,90.4409
1/4/2005,0.5801,90.1283
1/5/2005,0.5806,90.2094
1/6/2005,0.5804,89.8773
1/7/2005,0.5807,89.9873
1/10/2005,0.5809,89.9745
1/11/2005,0.5811,90.2384
1/12/2005,0.5813,90.1872
1/13/2005,0.5816,89.8303
1/14/2005,0.5818,90.148
1/17/2005,0.582,90.1735
1/18/2005,0.582,89.7239
1/19/2005,0.582,89.7155
1/20/2005,0.582,89.7972
1/21/2005,0.582,90.2757
1/24/2005,0.5821,90.2212
1/25/2005,0.5825,90.0937
1/26/2005,0.5831,90.5538
1/27/2005,0.5832,91.0658
1/28/2005,0.5832,91.39
1/31/2005,0.5832,91.2329
2/1/2005,0.5832,91.2723
2/2/2005,0.5832,91.1917
2/3/2005,0.5832,91.3958
2/4/2005,0.583,91.5566
2/7/2005,0.5827,91.2066
2/8/2005,0.5828,91.426
2/9/2005,0.5831,91.6604
2/10/2005,0.5831,91.4829
2/11/2005,0.5831,91.6904
2/14/2005,0.5831,92.1068
2/15/2005,0.5831,92.4845
2/16/2005,0.5831,92.3091
2/17/2005,0.5831,92.0902
2/18/2005,0.583,91.954
2/21/2005,0.583,91.7615
2/22/2005,0.583,91.714
2/23/2005,0.583,92.0256
2/24/2005,0.5836,92.0934
2/25/2005,0.5837,92.9592
2/28/2005,0.5838,92.8595
3/1/2005,0.5834,92.9402
3/2/2005,0.583,92.7597
3/3/2005,0.583,92.4792
3/4/2005,0.5827,92.4243
3/7/2005,0.5825,92.8392
3/8/2005,0.5823,92.638
3/9/2005,0.5823,92.6586
3/10/2005,0.5825,92.8177
3/11/2005,0.5825,92.6586
3/14/2005,0.5821,93.0681
3/15/2005,0.5824,93.4123
3/16/2005,0.5828,93.369
3/17/2005,0.5831,93.5451
3/18/2005,0.5834,94.2445
3/21/2005,0.5834,94.5273
3/22/2005,0.5838,94.4102
3/23/2005,0.5842,94.2787
3/24/2005,0.5842,94.6449
3/29/2005,0.5843,94.1354
3/30/2005,0.5845,93.5089
3/31/2005,0.5846,93.4637
4/1/2005,0.584,93.8165
4/4/2005,0.5846,93.942
4/5/2005,0.5846,93.9578
4/6/2005,0.5842,94.4091
4/7/2005,0.5833,94.1957
4/8/2005,0.583,95.2315
4/11/2005,0.5829,95.1872
4/12/2005,0.5829,95.6071
4/13/2005,0.5829,95.9482
4/14/2005,0.5829,95.9979
4/15/2005,0.5828,95.7042
4/18/2005,0.5825,95.699
4/19/2005,0.5822,95.255
4/20/2005,0.5822,95.0632
4/21/2005,0.5822,94.7012
4/22/2005,0.5822,94.7493
4/25/2005,0.5821,94.621
4/26/2005,0.5821,94.6011
4/27/2005,0.582,94.7303
4/28/2005,0.5818,94.4699
4/29/2005,0.5818,94.3252
5/2/2005,0.5823,93.9956
5/3/2005,0.5823,94.2387
5/4/2005,0.5808,94.3407
5/5/2005,0.5797,94.4803
5/6/2005,0.5793,94.854
5/9/2005,0.5791,94.9917
5/10/2005,0.5791,94.6164
5/11/2005,0.5784,94.8423
5/12/2005,0.5783,94.9895
5/13/2005,0.5775,94.7015
5/16/2005,0.5773,94.6198
5/17/2005,0.577,94.9016
5/18/2005,0.577,95.4516
5/19/2005,0.5772,95.4176
5/20/2005,0.5769,94.6956
5/23/2005,0.5767,94.0218
5/24/2005,0.5767,93.849
5/25/2005,0.5767,94.127
5/26/2005,0.5764,94.2906
5/27/2005,0.5764,94.4154
5/30/2005,0.5763,94.325
5/31/2005,0.576,94.5498
6/1/2005,0.5751,94.8828
6/2/2005,0.5751,94.585
6/3/2005,0.5747,94.9442
6/6/2005,0.5746,95.0533
6/7/2005,0.5745,95.4052
6/8/2005,0.5744,95.3321
6/9/2005,0.5743,95.0956
6/10/2005,0.574,95.1265
6/13/2005,0.574,95.5143
6/14/2005,0.5742,95.9742
6/15/2005,0.5742,96.2563
6/16/2005,0.5742,96.1284
6/17/2005,0.5738,95.983
6/20/2005,0.5735,96.1918
6/21/2005,0.5736,96.6576
6/22/2005,0.5735,96.6664
6/23/2005,0.5736,96.5245
6/24/2005,0.5735,96.296
6/27/2005,0.5737,95.9827
6/28/2005,0.5737,96.3137
6/29/2005,0.5735,96.5018
6/30/2005,0.5735,96.6237
7/1/2005,0.5735,96.8488
7/4/2005,0.5735,96.7907
7/5/2005,0.5734,96.7821
7/6/2005,0.5733,97.23
7/7/2005,0.5734,97.1001
7/8/2005,0.5736,97.1146
7/11/2005,0.5736,96.9877
7/12/2005,0.5736,97.1928
7/13/2005,0.5736,96.9054
7/14/2005,0.5738,96.8132
7/15/2005,0.5738,96.4732
7/18/2005,0.5738,96.525
7/19/2005,0.5738,96.939
7/20/2005,0.5738,97.1163
7/21/2005,0.5738,97.2046
7/22/2005,0.5738,97.1038
7/25/2005,0.5738,97.6008
7/26/2005,0.5737,97.8982
7/27/2005,0.5739,98.1357
7/28/2005,0.5738,98.0235
7/29/2005,0.5738,98.0224
8/1/2005,0.5738,98.2332
8/2/2005,0.5737,98.3024
8/3/2005,0.5736,98.4979
8/4/2005,0.5736,98.5631
8/5/2005,0.5736,98.3507
8/8/2005,0.5736,98.5269
8/9/2005,0.5735,98.1423
8/10/2005,0.5735,98.5882
8/11/2005,0.5735,98.1382
8/12/2005,0.5733,98.1408
8/15/2005,0.5731,98.3428
8/16/2005,0.5731,98.4588
8/17/2005,0.573,98.1672
8/18/2005,0.5729,98.2724
8/19/2005,0.5729,98.4424
8/22/2005,0.5729,98.6834
8/23/2005,0.5729,98.4116
8/24/2005,0.5729,98.4214
8/25/2005,0.5729,98.6433
8/26/2005,0.5729,98.398
8/29/2005,0.5729,98.3109
8/30/2005,0.5729,97.8713
8/31/2005,0.5729,97.7868
9/1/2005,0.5729,97.0557
9/2/2005,0.5729,96.6516
9/5/2005,0.5729,96.8067
9/6/2005,0.5729,96.8614
9/7/2005,0.5729,96.9621
9/8/2005,0.5729,97.3262
9/9/2005,0.5729,97.4955
9/12/2005,0.5729,97.2248
9/13/2005,0.5729,97.3115
9/14/2005,0.5729,97.2311
9/15/2005,0.5729,97.6095
9/16/2005,0.5729,97.5458
9/19/2005,0.5729,97.6241
9/20/2005,0.5729,97.2648
9/21/2005,0.573,96.3108
9/22/2005,0.573,96.1952
9/23/2005,0.573,96.2305
9/26/2005,0.5731,95.6912
9/27/2005,0.5731,95.824
9/28/2005,0.5731,95.7404
9/29/2005,0.5731,95.3809
9/30/2005,0.5732,95.9813
10/3/2005,0.5731,95.8189
10/4/2005,0.5731,96.062
10/5/2005,0.5731,95.9065
10/6/2005,0.5731,96.0278
10/7/2005,0.5731,96.0817
10/10/2005,0.5731,95.2554
10/11/2005,0.5731,95.2546
10/12/2005,0.5731,95.1415
10/13/2005,0.5731,95.4595
10/14/2005,0.5731,95.9055
10/17/2005,0.5731,96.2745
10/18/2005,0.5731,96.0523
10/19/2005,0.5731,96.11
10/20/2005,0.5731,96.5032
10/21/2005,0.5731,96.5095
10/24/2005,0.5731,96.7246
10/25/2005,0.5731,96.6827
10/26/2005,0.5735,96.9455
10/27/2005,0.5735,96.8796
10/28/2005,0.5735,96.6502
10/31/2005,0.5737,97.1645
11/1/2005,0.5737,96.9174
11/2/2005,0.5737,96.9632
11/3/2005,0.5737,97.2359
11/4/2005,0.5736,97.2915
11/7/2005,0.5736,96.9447
11/8/2005,0.5734,97.1463
11/9/2005,0.5734,97.2595
11/10/2005,0.5734,96.5755
11/11/2005,0.5734,96.8116
11/14/2005,0.5734,96.8332
11/15/2005,0.5734,96.8093
11/16/2005,0.5734,96.4887
11/17/2005,0.5734,96.6755
11/18/2005,0.5734,96.4946
11/21/2005,0.5736,96.7563
11/22/2005,0.5736,97.1387
11/23/2005,0.5736,97.1664
11/24/2005,0.5736,97.0825
11/25/2005,0.5735,97.2317
11/28/2005,0.5735,97.3779
11/29/2005,0.5735,97.1342
11/30/2005,0.5735,96.8212
12/1/2005,0.5735,96.8198
12/2/2005,0.5735,96.2412
12/5/2005,0.5735,96.261
12/6/2005,0.5734,96.4868
12/7/2005,0.5733,96.8119
12/8/2005,0.5733,96.8487
12/9/2005,0.5733,97.3355
12/12/2005,0.5733,96.9118
12/13/2005,0.5735,96.8523
12/14/2005,0.5735,97.2084
12/15/2005,0.5735,96.8785
12/16/2005,0.5735,97.0024
12/19/2005,0.5735,97.1836
12/20/2005,0.5735,96.5399
12/21/2005,0.5735,96.4318
12/22/2005,0.5735,96.23
12/23/2005,0.5735,96.5555
12/27/2005,0.5735,96.9872
12/28/2005,0.5735,96.9525
12/29/2005,0.5735,96.8221
12/30/2005,0.5735,96.8563
1/2/2006,0.5735,96.3088
1/3/2006,0.5736,95.7846
1/4/2006,0.5736,95.9292
1/5/2006,0.5737,95.8321
1/6/2006,0.5737,95.1458
1/9/2006,0.5737,94.9984
1/10/2006,0.5737,95.0716
1/11/2006,0.5737,95.0838
1/12/2006,0.5737,94.6243
1/13/2006,0.5737,94.0813
1/16/2006,0.5737,94.0346
1/17/2006,0.5737,94.2701
1/18/2006,0.5738,94.0026
1/19/2006,0.5738,93.2495
1/20/2006,0.5738,93.5253
1/23/2006,0.5739,93.0925
1/24/2006,0.5739,93.4347
1/25/2006,0.5739,92.5748
1/26/2006,0.5739,93.2617
1/27/2006,0.5739,93.1001
1/30/2006,0.5739,92.7053
1/31/2006,0.5739,93.374
2/1/2006,0.5739,93.5589
2/2/2006,0.5739,93.7736
2/3/2006,0.5739,93.2337
2/6/2006,0.5739,93.369
2/7/2006,0.574,93.5665
2/8/2006,0.5742,93.4584
2/9/2006,0.5743,93.5132
2/10/2006,0.5743,93.2604
2/13/2006,0.5743,93.3028
2/14/2006,0.5744,93.8744
2/15/2006,0.5745,93.5941
2/16/2006,0.5745,93.0896
2/17/2006,0.5745,93.5294
2/20/2006,0.5746,93.857
2/21/2006,0.5746,94.2951
2/22/2006,0.5746,94.3531
2/23/2006,0.5747,94.6837
2/24/2006,0.5747,94.9226
2/27/2006,0.5747,95.086
2/28/2006,0.5747,94.9392
3/1/2006,0.5747,94.8398
3/2/2006,0.5747,95.158
3/3/2006,0.5747,95.1042
3/6/2006,0.5747,94.9283
3/7/2006,0.5747,95.2092
3/8/2006,0.5747,95.5456
3/9/2006,0.5747,95.4155
3/10/2006,0.575,95.4878
3/13/2006,0.5752,95.4154
3/14/2006,0.5752,95.6046
3/15/2006,0.5753,94.6342
3/16/2006,0.5753,94.4448
3/17/2006,0.5753,94.3636
3/20/2006,0.5754,94.4138
3/21/2006,0.5756,94.7587
3/22/2006,0.5756,94.49
3/23/2006,0.5757,94.3415
3/24/2006,0.5757,94.5286
3/27/2006,0.5759,94.7754
3/28/2006,0.5759,94.8176
3/29/2006,0.576,95.0371
3/30/2006,0.576,95.5669
3/31/2006,0.576,95.5755
4/3/2006,0.576,95.8375
4/4/2006,0.576,95.2555
4/5/2006,0.576,94.9828
4/6/2006,0.576,95.3409
4/7/2006,0.576,95.3244
4/10/2006,0.5762,95.4799
4/11/2006,0.5764,94.897
4/12/2006,0.5764,95.2566
4/13/2006,0.5764,94.7021
4/18/2006,0.5762,94.8231
4/19/2006,0.5761,94.8091
4/20/2006,0.5761,94.819
4/21/2006,0.5761,94.8665
4/24/2006,0.5761,94.6944
4/25/2006,0.5761,94.6638
4/26/2006,0.5761,94.4685
4/27/2006,0.5761,94.5183
4/28/2006,0.576,94.9532
5/2/2006,0.5758,95.2678
5/3/2006,0.5752,94.9825
5/4/2006,0.5752,94.8821
5/5/2006,0.5752,94.6725
5/8/2006,0.5752,94.9039
5/9/2006,0.5751,94.6479
5/10/2006,0.5751,95.0302
5/11/2006,0.5751,94.943
5/12/2006,0.5751,94.9236
5/15/2006,0.5751,95.2489
5/16/2006,0.5751,95.2118
5/17/2006,0.5751,95.1775
5/18/2006,0.575,95.2612
5/19/2006,0.575,95.2563
5/22/2006,0.575,95.3497
5/23/2006,0.575,95.1858
5/24/2006,0.575,95.1181
5/25/2006,0.575,95.389
5/26/2006,0.575,95.5096
5/29/2006,0.575,95.4986
5/30/2006,0.575,95.6657
5/31/2006,0.575,95.8382
6/1/2006,0.575,95.9101
6/2/2006,0.575,95.7486
6/5/2006,0.575,95.9144
6/6/2006,0.575,95.9804
6/7/2006,0.575,95.9979
6/8/2006,0.575,96.0023
6/9/2006,0.575,95.7095
6/12/2006,0.5758,95.4567
6/13/2006,0.575,95.5889
6/14/2006,0.575,95.8615
6/15/2006,0.575,96.1841
6/16/2006,0.575,96.268
6/19/2006,0.575,96.4041
6/20/2006,0.575,96.4383
6/21/2006,0.575,96.1527
6/22/2006,0.575,96.4228
6/23/2006,0.575,96.1982
6/26/2006,0.575,96.42
6/27/2006,0.575,97.0416
6/28/2006,0.575,97.1104
6/29/2006,0.575,97.0283
6/30/2006,0.575,97.0574
7/3/2006,0.575,97.0555
7/4/2006,0.575,97.0047
7/5/2006,0.575,96.8886
7/6/2006,0.575,96.8373
7/7/2006,0.575,96.784
7/10/2006,0.575,96.5973
7/11/2006,0.575,97.0308
7/12/2006,0.575,97.0869
7/13/2006,0.575,96.867
7/14/2006,0.575,96.6104
7/17/2006,0.575,96.4834
7/18/2006,0.575,96.2986
7/19/2006,0.575,96.369
7/20/2006,0.575,96.0942
7/21/2006,0.575,96.0684
7/24/2006,0.575,96.1182
7/25/2006,0.575,96.4641
7/26/2006,0.575,96.2258
7/27/2006,0.575,96.2154
7/28/2006,0.575,96.2794
7/31/2006,0.575,95.9667
8/1/2006,0.575,96.1394
8/2/2006,0.575,96.1341
8/3/2006,0.575,96.35
8/4/2006,0.5753,96.2166
8/7/2006,0.5756,96.3819
8/8/2006,0.576,96.0657
8/9/2006,0.576,96.1557
8/10/2006,0.576,95.8175
8/11/2006,0.5759,95.4956
8/14/2006,0.5759,95.2198
8/15/2006,0.5759,95.2938
8/16/2006,0.5759,95.3087
8/17/2006,0.5759,95.3527
8/18/2006,0.5759,95.1617
8/21/2006,0.5759,95.0103
8/22/2006,0.5759,94.8642
8/23/2006,0.5761,94.6272
8/24/2006,0.5761,94.7361
8/25/2006,0.5761,94.6359
8/28/2006,0.5762,94.9127
8/29/2006,0.5763,95.3724
8/30/2006,0.5763,95.1841
8/31/2006,0.5763,95.1862
9/1/2006,0.5763,95.5296
9/4/2006,0.5763,95.7978
9/5/2006,0.5763,95.8888
9/6/2006,0.5763,95.8516
9/7/2006,0.5763,95.6833
9/8/2006,0.5763,95.7737
9/11/2006,0.5764,95.8096
9/12/2006,0.5764,95.8986
9/13/2006,0.5766,95.9782
9/14/2006,0.5766,96.1528
9/15/2006,0.5764,95.7925
9/18/2006,0.5765,95.9754
9/19/2006,0.5765,96.3606
9/20/2006,0.5767,96.3586
9/21/2006,0.5766,96.563
9/22/2006,0.5766,96.7627
9/25/2006,0.5767,96.8558
9/26/2006,0.5767,97.1595
9/27/2006,0.5767,97.3728
9/28/2006,0.5767,97.272
9/29/2006,0.5767,97.2414
10/2/2006,0.5767,97.5892
10/3/2006,0.5767,97.6999
10/4/2006,0.5767,97.5293
10/5/2006,0.5767,97.7067
10/6/2006,0.5767,97.2788
10/9/2006,0.5767,97.5047
10/10/2006,0.5767,97.4955
10/11/2006,0.5767,97.8338
10/12/2006,0.5767,97.9162
10/13/2006,0.5767,97.752
10/16/2006,0.5767,97.7407
10/17/2006,0.5767,97.4878
10/18/2006,0.5767,97.6494
10/19/2006,0.5767,97.7399
10/20/2006,0.5767,97.5608
10/23/2006,0.5767,97.6846
10/24/2006,0.5767,97.8465
10/25/2006,0.5766,97.8452
10/26/2006,0.5765,97.9807
10/27/2006,0.5768,97.6459
10/30/2006,0.577,97.5209
10/31/2006,0.577,97.1725
11/1/2006,0.577,97.2405
11/2/2006,0.577,97.2871
11/3/2006,0.5775,97.3776
11/6/2006,0.5777,97.4932
11/7/2006,0.5777,97.6589
11/8/2006,0.5777,97.553
11/9/2006,0.5777,97.2233
11/10/2006,0.5777,96.9759
11/13/2006,0.5777,96.972
11/14/2006,0.5777,96.7503
11/15/2006,0.5777,96.8166
11/16/2006,0.5777,96.8886
11/17/2006,0.5777,97.0748
11/20/2006,0.5777,96.978
11/21/2006,0.5777,97.0375
11/22/2006,0.5778,96.9762
11/23/2006,0.5779,96.8692
11/24/2006,0.5779,96.6876
11/27/2006,0.578,96.9073
11/28/2006,0.578,96.7825
11/29/2006,0.578,96.5037
11/30/2006,0.578,96.6274
12/1/2006,0.578,96.5773
12/4/2006,0.578,96.6533
12/5/2006,0.5781,96.532
12/6/2006,0.5781,96.5274
12/7/2006,0.5781,96.7333
12/8/2006,0.5781,96.588
12/11/2006,0.5781,96.4485
12/12/2006,0.5781,96.5223
12/13/2006,0.5781,96.6858
12/14/2006,0.5781,96.3702
12/15/2006,0.5781,96.5874
12/18/2006,0.5781,96.6007
12/19/2006,0.5781,96.5966
12/20/2006,0.5781,96.3994
12/21/2006,0.5781,96.4998
12/22/2006,0.5781,96.3556
12/27/2006,0.5782,96.0846
12/28/2006,0.5782,96.0431
12/29/2006,0.5782,96.0302
1/2/2007,0.5782,95.8837
1/3/2007,0.5782,95.7801
1/4/2007,0.5783,95.8745
1/5/2007,0.5783,95.8979
1/8/2007,0.5784,95.8665
1/9/2007,0.5784,95.7847
1/10/2007,0.5784,95.946
1/11/2007,0.5784,95.9755
1/12/2007,0.5784,96.2979
1/15/2007,0.5784,96.4191
1/16/2007,0.5784,96.288
1/17/2007,0.5784,96.4602
1/18/2007,0.5784,96.1628
1/19/2007,0.5784,96.3674
1/22/2007,0.5784,96.5197
1/23/2007,0.5784,96.6398
1/24/2007,0.5784,96.8987
1/25/2007,0.5784,96.7529
1/26/2007,0.5785,96.7225
1/29/2007,0.5787,96.7064
1/30/2007,0.5787,97.1679
1/31/2007,0.5787,97.3347
2/1/2007,0.579,97.452
2/2/2007,0.5791,97.5933
2/5/2007,0.5791,97.4943
2/6/2007,0.5791,97.5893
2/7/2007,0.5791,97.6241
2/8/2007,0.5791,97.7058
2/9/2007,0.5791,97.4766
2/12/2007,0.5791,97.7963
2/13/2007,0.5791,97.6403
2/14/2007,0.5791,97.7292
2/15/2007,0.5791,97.5074
2/16/2007,0.5792,97.4232
2/19/2007,0.5792,97.5021
2/20/2007,0.5792,97.4835
2/21/2007,0.5792,97.8892
2/22/2007,0.5792,97.7808
2/23/2007,0.5794,98.0156
2/26/2007,0.5794,98.4073
2/27/2007,0.5794,98.3595
2/28/2007,0.5794,98.6151
3/1/2007,0.5794,98.2843
3/2/2007,0.5794,98.4317
3/5/2007,0.5794,98.3304
3/6/2007,0.5794,98.3843
3/7/2007,0.5794,98.3347
3/8/2007,0.5794,98.1897
3/9/2007,0.5794,98.1878
3/12/2007,0.5794,98.1386
3/13/2007,0.5794,98.1118
3/14/2007,0.5794,98.0436
3/15/2007,0.5794,97.7723
3/16/2007,0.5798,97.7956
3/19/2007,0.5798,97.7602
3/20/2007,0.58,97.6671
3/21/2007,0.58,97.8474
3/22/2007,0.5802,97.7959
3/23/2007,0.5805,97.8443
3/26/2007,0.5805,97.6666
3/27/2007,0.5805,97.5575
3/28/2007,0.5807,97.5447
3/29/2007,0.5807,97.4669
3/30/2007,0.5807,97.5792
4/2/2007,0.581,97.5388
4/3/2007,0.5812,97.415
4/4/2007,0.5812,97.2898
4/5/2007,0.5811,97.2627
4/10/2007,0.5811,97.1361
4/11/2007,0.5811,97.354
4/12/2007,0.5811,97.3362
4/13/2007,0.5811,97.473
4/16/2007,0.5812,97.3858
4/17/2007,0.5813,97.2627
4/18/2007,0.5813,97.3926
4/19/2007,0.5813,97.4125
4/20/2007,0.5817,97.3846
4/23/2007,0.5817,96.9592
4/24/2007,0.582,97.0445
4/25/2007,0.582,97.0549
4/26/2007,0.5821,97.2328
4/27/2007,0.5821,97.3043
4/30/2007,0.5826,97.3072
5/2/2007,0.5826,97.5959
5/3/2007,0.5826,97.6386
5/4/2007,0.5826,97.4161
5/7/2007,0.5826,97.3058
5/8/2007,0.5828,97.4503
5/9/2007,0.5828,97.2687
5/10/2007,0.5829,97.2498
5/11/2007,0.5829,97.3543
5/14/2007,0.5832,97.4028
5/15/2007,0.5832,97.3471
5/16/2007,0.5832,97.2827
5/17/2007,0.5832,97.4365
5/18/2007,0.5832,97.7125
5/21/2007,0.5832,97.4534
5/22/2007,0.5832,97.5665
5/23/2007,0.5832,97.6151
5/24/2007,0.5832,97.6106
5/25/2007,0.5832,97.457
5/28/2007,0.5832,97.352
5/29/2007,0.5832,97.0886
5/30/2007,0.5832,96.9613
5/31/2007,0.5832,96.7695
6/1/2007,0.5832,96.9917
6/4/2007,0.5832,97.022
6/5/2007,0.5832,96.9281
6/6/2007,0.5832,97.0937
6/7/2007,0.5833,96.872
6/8/2007,0.5835,96.4786
6/11/2007,0.5835,96.6611
6/12/2007,0.5835,96.2678
6/13/2007,0.5835,96.1886
6/14/2007,0.5835,96.2467
6/15/2007,0.5835,96.0306
6/18/2007,0.5836,96.0747
6/19/2007,0.5836,95.9716
6/20/2007,0.5837,96.1292
6/21/2007,0.5837,96.127
6/22/2007,0.5837,96.4493
6/25/2007,0.5837,96.2933
6/26/2007,0.5837,96.5141
6/27/2007,0.5837,96.541
6/28/2007,0.5837,96.299
6/29/2007,0.5837,96.2821
7/2/2007,0.5838,96.2783
7/3/2007,0.5838,95.9362
7/4/2007,0.5839,96.1516
7/5/2007,0.584,96.1089
7/6/2007,0.5841,95.6301
7/9/2007,0.5841,95.63
7/10/2007,0.5841,95.7666
7/11/2007,0.5841,95.662
7/12/2007,0.5842,95.8061
7/13/2007,0.5842,95.7026
7/16/2007,0.5842,95.2323
7/17/2007,0.5842,95.5104
7/18/2007,0.5842,95.5006
7/19/2007,0.5842,95.4973
7/20/2007,0.5842,95.702
7/23/2007,0.5842,95.5517
7/24/2007,0.5842,95.3807
7/25/2007,0.5842,95.323
7/26/2007,0.5842,94.6281
7/27/2007,0.5842,95.1654
7/30/2007,0.5842,94.9543
7/31/2007,0.5842,95.0775
8/1/2007,0.5842,94.9376
8/2/2007,0.5842,94.9237
8/3/2007,0.5842,95.1631
8/6/2007,0.5842,95.1145
8/7/2007,0.5842,95.0291
8/8/2007,0.5842,94.8602
8/9/2007,0.5842,94.8214
8/10/2007,0.5842,94.8072
8/13/2007,0.5842,94.7733
8/14/2007,0.5842,94.8414
8/15/2007,0.5842,94.8505
8/16/2007,0.5842,95.3847
8/17/2007,0.5842,95.5816
8/20/2007,0.5842,95.2892
8/21/2007,0.5842,95.4808
8/22/2007,0.5842,95.27
8/23/2007,0.5842,95.6039
8/24/2007,0.5842,95.8054
8/27/2007,0.5842,95.6799
8/28/2007,0.5842,95.6989
8/29/2007,0.5842,96.0321
8/30/2007,0.5842,96.029
8/31/2007,0.5842,96.1958
9/3/2007,0.5842,96.8983
9/4/2007,0.5842,97.0868
9/5/2007,0.5842,97.1168
9/6/2007,0.5842,97.2652
9/7/2007,0.5842,97.5387
9/10/2007,0.5842,97.4764
9/11/2007,0.5842,97.7892
9/12/2007,0.5842,97.9844
9/13/2007,0.5842,97.4294
9/14/2007,0.5842,97.1372
9/17/2007,0.5842,97.3313
9/18/2007,0.5842,96.9772
9/19/2007,0.5842,97.0851
9/20/2007,0.5842,97.2011
9/21/2007,0.5842,97.3654
9/24/2007,0.5842,97.41
9/25/2007,0.5842,97.414
9/26/2007,0.5842,97.1029
9/27/2007,0.5842,96.7821
9/28/2007,0.5842,96.8148
10/1/2007,0.5842,97.0652
10/2/2007,0.5842,97.2389
10/3/2007,0.5842,97.4699
10/4/2007,0.5842,97.9
10/5/2007,0.5842,97.9403
10/8/2007,0.5842,97.6128
10/9/2007,0.5842,97.5585
10/10/2007,0.5842,97.8239
10/11/2007,0.5842,97.7557
10/12/2007,0.5842,97.6722
10/15/2007,0.5842,97.6049
10/16/2007,0.5842,97.4759
10/17/2007,0.5842,97.3344
10/18/2007,0.5842,97.5384
10/19/2007,0.5842,98.0254
10/22/2007,0.5842,98.0475
10/23/2007,0.5842,98.0577
10/24/2007,0.5842,98.4756
10/25/2007,0.5842,98.3372
10/26/2007,0.5842,98.4241
10/29/2007,0.5842,98.1049
10/30/2007,0.5842,98.2056
10/31/2007,0.5842,98.094
11/1/2007,0.5842,98.6146
11/2/2007,0.5842,98.3125
11/5/2007,0.5842,98.8596
11/6/2007,0.5842,98.6894
11/7/2007,0.5842,98.1808
11/8/2007,0.5842,98.2481
11/9/2007,0.5842,97.9813
11/12/2007,0.5842,97.3779
11/13/2007,0.5842,97.521
11/14/2007,0.5842,97.1475
11/15/2007,0.5842,97.0465
11/16/2007,0.5842,96.995
11/19/2007,0.5842,97.1658
11/20/2007,0.5842,96.8138
11/21/2007,0.5842,96.3806
11/22/2007,0.5842,96.7897
11/23/2007,0.5842,96.8737
11/26/2007,0.5842,96.5501
11/27/2007,0.5842,96.2467
11/28/2007,0.5842,96.5821
11/29/2007,0.5842,95.7847
11/30/2007,0.5842,95.8996
12/3/2007,0.5842,96.6229
12/4/2007,0.5842,97.4448
12/5/2007,0.5842,96.9633
12/6/2007,0.5853,96.7939
12/7/2007,0.585274,96.9623
12/10/2007,0.585274,97.0775
12/11/2007,0.585274,96.9849
12/12/2007,0.585274,97.4306
12/13/2007,0.585274,97.5235
12/14/2007,0.585274,98.0165
12/17/2007,0.585274,97.397
12/18/2007,0.585274,97.7078
12/19/2007,0.585274,97.7488
12/20/2007,0.585274,97.6883
12/21/2007,0.585274,96.9659
12/24/2007,0.585274,96.9945
12/27/2007,0.585274,96.9516
12/28/2007,0.585274,97.367
12/31/2007,0.585274,97.2052
1/2/2008,?,97.716
1/3/2008,?,98.0915
1/4/2008,?,97.5717
1/7/2008,?,97.651
1/8/2008,?,97.6493
1/9/2008,?,97.9539
1/10/2008,?,98.3657
1/11/2008,?,98.422
1/14/2008,?,98.7334
1/15/2008,?,98.956
1/16/2008,?,99.2032
1/17/2008,?,99.265
1/18/2008,?,99.0463
1/21/2008,?,99.5846
1/22/2008,?,99.569
1/23/2008,?,99.1736
1/24/2008,?,99.4916
1/25/2008,?,99.3798
1/28/2008,?,99.6024
1/29/2008,?,99.6276
1/30/2008,?,99.395
1/31/2008,?,99.2831
2/1/2008,?,99.205
2/4/2008,?,98.914
2/5/2008,?,99.1604
2/6/2008,?,99.2688
2/7/2008,?,99.3313
2/8/2008,?,99.1626
2/11/2008,?,99.5608
2/12/2008,?,99.9393
2/13/2008,?,100.0037
2/14/2008,?,99.9164
2/15/2008,?,99.7247
2/18/2008,?,99.8641
2/19/2008,?,100.3431
2/20/2008,?,100.2545
2/21/2008,?,99.8016
2/22/2008,?,100.5352
2/25/2008,?,100.7695
2/26/2008,?,101.3836
2/27/2008,?,101.8587
2/28/2008,?,101.4922
2/29/2008,?,101.368
3/3/2008,?,101.5423
3/4/2008,?,101.4977
3/5/2008,?,101.0864
3/6/2008,?,101.6231
3/7/2008,?,101.4847
3/10/2008,?,101.5028
3/11/2008,?,101.0999
3/12/2008,?,100.8466
3/13/2008,?,100.8982
3/14/2008,?,100.926
3/17/2008,?,100.9449
3/18/2008,?,100.8106
3/19/2008,?,101.2668
3/20/2008,?,101.2955
3/25/2008,?,101.2216
3/26/2008,?,100.7763
3/27/2008,?,100.9375
3/28/2008,?,100.6368
3/31/2008,?,100.5277
4/1/2008,?,100.1255
4/2/2008,?,100.4032
4/3/2008,?,100.6265
4/4/2008,?,101.0667
4/7/2008,?,100.7552
4/8/2008,?,100.6705
4/9/2008,?,101.2816
4/10/2008,?,101.3578
4/11/2008,?,101.3021
4/14/2008,?,101.1238
4/15/2008,?,101.4217
4/16/2008,?,101.7618
4/17/2008,?,101.7084
4/18/2008,?,101.5662
4/21/2008,?,101.6385
4/22/2008,?,101.7899
4/23/2008,?,102.0491
4/24/2008,?,102.0528
4/25/2008,?,103.3813
4/28/2008,?,103.5952
4/29/2008,?,103.8857
4/30/2008,?,103.8556
5/2/2008,?,103.9718
5/5/2008,?,104.4856
5/6/2008,?,104.5146
5/7/2008,?,104.6415
5/8/2008,?,104.6886
5/9/2008,?,104.3423
5/12/2008,?,104.9185
5/13/2008,?,105.0469
5/14/2008,?,105.6767
5/15/2008,?,105.0833
5/16/2008,?,105.3381
5/19/2008,?,105.2964
5/20/2008,?,105.9905
5/21/2008,?,106.5244
5/22/2008,?,106.8143
5/23/2008,?,106.4413
5/26/2008,?,106.5932
5/27/2008,?,106.6518
5/28/2008,?,106.9834
5/29/2008,?,106.9118
5/30/2008,?,107.3736
6/2/2008,?,107.0914
6/3/2008,?,106.5318
6/4/2008,?,106.3154
6/5/2008,?,106.4996
6/6/2008,?,105.9771
6/9/2008,?,106.909
6/10/2008,?,105.8017
6/11/2008,?,105.601
6/12/2008,?,105.7328
6/13/2008,?,105.8132
6/16/2008,?,105.562
6/17/2008,?,106.7775
6/18/2008,?,106.9487
6/19/2008,?,107.6705
6/20/2008,?,108.3901
6/23/2008,?,108.5598
6/24/2008,?,109.5579
6/25/2008,?,110.1645
6/26/2008,?,110.4337
6/27/2008,?,110.2665
6/30/2008,?,109.7261
7/1/2008,?,109.0277
7/2/2008,?,108.2847
7/3/2008,?,109.2754
7/4/2008,?,110.6639
7/7/2008,?,110.6017
7/8/2008,?,110.8186
7/9/2008,?,111.7158
7/10/2008,?,113.0331
7/11/2008,?,113.1386
7/14/2008,?,113.2257
7/15/2008,?,113.279
7/16/2008,?,113.9067
7/17/2008,?,112.7688
7/18/2008,?,110.8195
7/21/2008,?,111.8985
7/22/2008,?,111.3665
7/23/2008,?,111.6508
7/24/2008,?,111.3023
7/25/2008,?,112.3895
7/28/2008,?,112.4266
7/29/2008,?,112.2119
7/30/2008,?,112.7135
7/31/2008,?,113.6779
8/1/2008,?,113.8575
8/4/2008,?,113.7723
8/5/2008,?,113.9345
8/6/2008,?,114.2271
8/7/2008,?,114.3122
8/8/2008,?,114.9579
8/11/2008,?,114.5931
8/12/2008,?,114.1327
8/13/2008,?,114.3721
8/14/2008,?,113.1665
8/15/2008,?,113.316
8/18/2008,?,113.6249
8/19/2008,?,113.0495
8/20/2008,?,112.6316
8/21/2008,?,112.9003
8/22/2008,?,113.1109
8/25/2008,?,112.8481
8/26/2008,?,112.1751
8/27/2008,?,112.0169
8/28/2008,?,111.5101
8/29/2008,?,110.2794
9/1/2008,?,109.9172
9/2/2008,?,109.4216
9/3/2008,?,108.7305
9/4/2008,?,106.877
9/5/2008,?,105.3204
9/8/2008,?,107.4487
9/9/2008,?,107.4145
9/10/2008,?,107.8641
9/11/2008,?,107.5973
9/12/2008,?,106.4473
9/15/2008,?,107.8613
9/16/2008,?,108.23
9/17/2008,?,108.6213
9/18/2008,?,109.6889
9/19/2008,?,110.3133
9/22/2008,?,109.0922
9/23/2008,?,108.9114
9/24/2008,?,108.7291
9/25/2008,?,109.611
9/26/2008,?,110.1334
9/29/2008,?,110.1924
9/30/2008,?,110.9056
10/1/2008,?,110.0617
10/2/2008,?,110.6719
10/3/2008,?,111.8049
10/6/2008,?,111.7235
10/7/2008,?,111.2154
10/8/2008,?,112.0737
10/9/2008,?,111.4477
10/10/2008,?,110.7396
10/13/2008,?,110.185
10/14/2008,?,110.8554
10/15/2008,?,112.0028
10/16/2008,?,112.0285
10/17/2008,?,111.8768
10/20/2008,?,111.8455
10/21/2008,?,111.7189
10/22/2008,?,112.1721
10/23/2008,?,111.4913
10/24/2008,?,111.6624
10/27/2008,?,111.8067
10/28/2008,?,112.337
10/29/2008,?,112.5783
10/30/2008,?,113.2712
10/31/2008,?,114.0162
11/3/2008,?,114.4828
11/4/2008,?,114.21
11/5/2008,?,115.1747
11/6/2008,?,114.2971
11/7/2008,?,114.9503
11/10/2008,?,115.0486
11/11/2008,?,115.38
11/12/2008,?,116.1335
11/13/2008,?,116.6301
11/14/2008,?,116.5665
11/17/2008,?,116.8775
11/18/2008,?,117.1081
11/19/2008,?,116.0184
11/20/2008,?,117.1272
11/21/2008,?,115.6728
11/24/2008,?,115.2055
11/25/2008,?,115.37
11/26/2008,?,115.0002
11/27/2008,?,113.9039
11/28/2008,?,114.3932
12/1/2008,?,113.6648
12/2/2008,?,110.844
12/3/2008,?,111.6713
12/4/2008,?,111.6136
12/5/2008,?,111.9847
12/8/2008,?,111.7611
12/9/2008,?,112.0343
12/10/2008,?,112.2236
12/11/2008,?,112.0616
12/12/2008,?,112.789
12/15/2008,?,112.8328
12/16/2008,?,111.9669
12/17/2008,?,111.9209
12/18/2008,?,111.5771
12/19/2008,?,112.3161
12/22/2008,?,112.6297
12/23/2008,?,112.3101
12/24/2008,?,112.0112
12/29/2008,?,112.2912
12/30/2008,?,112.1299
12/31/2008,?,112.6183
1/2/2009,?,112.9732
1/5/2009,?,113.1636
1/6/2009,?,113.1105
1/7/2009,?,112.8106
1/8/2009,?,111.8398
1/9/2009,?,112.1251
1/12/2009,?,112.5834
1/13/2009,?,111.5833
1/14/2009,?,111.2005
1/15/2009,?,111.5312
1/16/2009,?,110.7582
1/19/2009,?,111.0382
1/20/2009,?,110.7232
1/21/2009,?,110.4254
1/22/2009,?,109.5466
1/23/2009,?,109.117
1/26/2009,?,109.1427
1/27/2009,?,109.4804
1/28/2009,?,109.3718
1/29/2009,?,109.5158
1/30/2009,?,109.0432
2/2/2009,?,
2/3/2009,?,
2/4/2009,?,
2/5/2009,?,
2/6/2009,?,
2/9/2009,?,
2/10/2009,?,
2/11/2009,?,
2/12/2009,?,
2/13/2009,?,
2/16/2009,?,
2/17/2009,?,
2/18/2009,?,
2/19/2009,?,
2/20/2009,?,
2/23/2009,?,
2/24/2009,?,
2/25/2009,?,
2/26/2009,?,
2/27/2009,?,
3/2/2009,?,
3/3/2009,?,
3/4/2009,?,
3/5/2009,?,
3/6/2009,?,
3/9/2009,?,
3/10/2009,?,
3/11/2009,?,
3/12/2009,?,
3/13/2009,?,
3/16/2009,?,
3/17/2009,?,
3/18/2009,?,
3/19/2009,?,
3/20/2009,?,
3/23/2009,?,
3/24/2009,?,
3/25/2009,?,
3/26/2009,?,
3/27/2009,?,
3/30/2009,?,
3/31/2009,?,
4/1/2009,?,
4/2/2009,?,
4/3/2009,?,
4/6/2009,?,
4/7/2009,?,
4/8/2009,?,
4/9/2009,?,
4/14/2009,?,
4/15/2009,?,
4/16/2009,?,
4/17/2009,?,
4/20/2009,?,
4/21/2009,?,
4/22/2009,?,
4/23/2009,?,
4/24/2009,?,
4/27/2009,?,
4/28/2009,?,
4/29/2009,?,
4/30/2009,?,
5/4/2009,?,
5/5/2009,?,
5/6/2009,?,
5/7/2009,?,
5/8/2009,?,
5/11/2009,?,
5/12/2009,?,
5/13/2009,?,
5/14/2009,?,
5/15/2009,?,
5/18/2009,?,
5/19/2009,?,
5/20/2009,?,
5/21/2009,?,
5/22/2009,?,
5/25/2009,?,
5/26/2009,?,
5/27/2009,?,
5/28/2009,?,
5/29/2009,?,
6/1/2009,?,
6/2/2009,?,
6/3/2009,?,
6/4/2009,?,
6/5/2009,?,
6/8/2009,?,
6/9/2009,?,
6/10/2009,?,
6/11/2009,?,
6/12/2009,?,
6/15/2009,?,
6/16/2009,?,
6/17/2009,?,
6/18/2009,?,
6/19/2009,?,
6/22/2009,?,
6/23/2009,?,
6/24/2009,?,
6/25/2009,?,
6/26/2009,?,
6/29/2009,?,
6/30/2009,?,
7/1/2009,?,
7/2/2009,?,
7/3/2009,?,
7/6/2009,?,
7/7/2009,?,
7/8/2009,?,
7/9/2009,?,
7/10/2009,?,
7/13/2009,?,
7/14/2009,?,
7/15/2009,?,
7/16/2009,?,
7/17/2009,?,
7/20/2009,?,
7/21/2009,?,
7/22/2009,?,
7/23/2009,?,
7/24/2009,?,
7/27/2009,?,
7/28/2009,?,
7/29/2009,?,
7/30/2009,?,
7/31/2009,?,
8/3/2009,?,
8/4/2009,?,
8/5/2009,?,
8/6/2009,?,
8/7/2009,?,
8/10/2009,?,
8/11/2009,?,
8/12/2009,?,
8/13/2009,?,
8/14/2009,?,
8/17/2009,?,
8/18/2009,?,
8/19/2009,?,
8/20/2009,?,
8/21/2009,?,
8/24/2009,?,
8/25/2009,?,
8/26/2009,?,
8/27/2009,?,
8/28/2009,?,
8/31/2009,?,
9/1/2009,?,
9/2/2009,?,
9/3/2009,?,
9/4/2009,?,
9/7/2009,?,
9/8/2009,?,
9/9/2009,?,
9/10/2009,?,
9/11/2009,?,
9/14/2009,?,
9/15/2009,?,
9/16/2009,?,
9/17/2009,?,
9/18/2009,?,
9/21/2009,?,
9/22/2009,?,
9/23/2009,?,
9/24/2009,?,
9/25/2009,?,
9/28/2009,?,
9/29/2009,?,
9/30/2009,?,
10/1/2009,?,
10/2/2009,?,
10/5/2009,?,
10/6/2009,?,
10/7/2009,?,
10/8/2009,?,
10/9/2009,?,
10/12/2009,?,
10/13/2009,?,
10/14/2009,?,
10/15/2009,?,
10/16/2009,?,
10/19/2009,?,
10/20/2009,?,
10/21/2009,?,
10/22/2009,?,
10/23/2009,?,
10/26/2009,?,
10/27/2009,?,
10/28/2009,?,
10/29/2009,?,
10/30/2009,?,
11/2/2009,?,
11/3/2009,?,
11/4/2009,?,
11/5/2009,?,
11/6/2009,?,
11/9/2009,?,
11/10/2009,?,
11/11/2009,?,
11/12/2009,?,
11/13/2009,?,
11/16/2009,?,
11/17/2009,?,
11/18/2009,?,
11/19/2009,?,
11/20/2009,?,
11/23/2009,?,
11/24/2009,?,
11/25/2009,?,
11/26/2009,?,
11/27/2009,?,
11/30/2009,?,
12/1/2009,?,
12/2/2009,?,
12/3/2009,?,
12/4/2009,?,
12/7/2009,?,
12/8/2009,?,
12/9/2009,?,
12/10/2009,?,
12/11/2009,?,
12/14/2009,?,
12/15/2009,?,
12/16/2009,?,
12/17/2009,?,
12/18/2009,?,
12/21/2009,?,
12/22/2009,?,
12/23/2009,?,
12/24/2009,?,
12/28/2009,?,
12/29/2009,?,
12/30/2009,?,
12/31/2009,?,
1/4/2010,?,
1/5/2010,?,
1/6/2010,?,
1/7/2010,?,
1/8/2010,?,
1/11/2010,?,
1/12/2010,?,
1/13/2010,?,
1/14/2010,?,
1/15/2010,?,
1/18/2010,?,
1/19/2010,?,
1/20/2010,?,
1/21/2010,?,
1/22/2010,?,
1/25/2010,?,
1/26/2010,?,
1/27/2010,?,
1/28/2010,?,
1/29/2010,?,
2/1/2010,?,
2/2/2010,?,
2/3/2010,?,
2/4/2010,?,
2/5/2010,?,
2/8/2010,?,
2/9/2010,?,
2/10/2010,?,
2/11/2010,?,
2/12/2010,?,
2/15/2010,?,
2/16/2010,?,
2/17/2010,?,
2/18/2010,?,
2/19/2010,?,
2/22/2010,?,
2/23/2010,?,
2/24/2010,?,
2/25/2010,?,
2/26/2010,?,
3/1/2010,?,
3/2/2010,?,
3/3/2010,?,
3/4/2010,?,
3/5/2010,?,
3/8/2010,?,
3/9/2010,?,
3/10/2010,?,
3/11/2010,?,
3/12/2010,?,
3/15/2010,?,
3/16/2010,?,
3/17/2010,?,
3/18/2010,?,
3/19/2010,?,
3/22/2010,?,
3/23/2010,?,
3/24/2010,?,
3/25/2010,?,
3/26/2010,?,
3/29/2010,?,
3/30/2010,?,
3/31/2010,?,
4/1/2010,?,
4/6/2010,?,
4/7/2010,?,
4/8/2010,?,
4/9/2010,?,
4/12/2010,?,
4/13/2010,?,
4/14/2010,?,
4/15/2010,?,
4/16/2010,?,
4/19/2010,?,
4/20/2010,?,
4/21/2010,?,
4/22/2010,?,
4/23/2010,?,
4/26/2010,?,
4/27/2010,?,
4/28/2010,?,
4/29/2010,?,
4/30/2010,?,
5/3/2010,?,
5/4/2010,?,
5/5/2010,?,
5/6/2010,?,
5/7/2010,?,
5/10/2010,?,
5/11/2010,?,
5/12/2010,?,
5/13/2010,?,
5/14/2010,?,
5/17/2010,?,
5/18/2010,?,
5/19/2010,?,
5/20/2010,?,
5/21/2010,?,
5/24/2010,?,
5/25/2010,?,
5/26/2010,?,
5/27/2010,?,
5/28/2010,?,
5/31/2010,?,
6/1/2010,?,
6/2/2010,?,
6/3/2010,?,
6/4/2010,?,
6/7/2010,?,
6/8/2010,?,
6/9/2010,?,
6/10/2010,?,
6/11/2010,?,
6/14/2010,?,
6/15/2010,?,
6/16/2010,?,
6/17/2010,?,
6/18/2010,?,
6/21/2010,?,
6/22/2010,?,
6/23/2010,?,
6/24/2010,?,
6/25/2010,?,
6/28/2010,?,
6/29/2010,?,
6/30/2010,?,
7/1/2010,?,
7/2/2010,?,
7/5/2010,?,
7/6/2010,?,
7/7/2010,?,
7/8/2010,?,
7/9/2010,?,
7/12/2010,?,
7/13/2010,?,
7/14/2010,?,
7/15/2010,?,
7/16/2010,?,
7/19/2010,?,
7/20/2010,?,
7/21/2010,?,
7/22/2010,?,
7/23/2010,?,
7/26/2010,?,
7/27/2010,?,
7/28/2010,?,
7/29/2010,?,
7/30/2010,?,
8/2/2010,?,
8/3/2010,?,
8/4/2010,?,
8/5/2010,?,
8/6/2010,?,
8/9/2010,?,
8/10/2010,?,
8/11/2010,?,
8/12/2010,?,
8/13/2010,?,
8/16/2010,?,
8/17/2010,?,
8/18/2010,?,
8/19/2010,?,
8/20/2010,?,
8/23/2010,?,
8/24/2010,?,
8/25/2010,?,
8/26/2010,?,
8/27/2010,?,
8/30/2010,?,
8/31/2010,?,
9/1/2010,?,
9/2/2010,?,
9/3/2010,?,
9/6/2010,?,
9/7/2010,?,
9/8/2010,?,
9/9/2010,?,
9/10/2010,?,
9/13/2010,?,
9/14/2010,?,
9/15/2010,?,
9/16/2010,?,
9/17/2010,?,
9/20/2010,?,
9/21/2010,?,
9/22/2010,?,
9/23/2010,?,
9/24/2010,?,
9/27/2010,?,
9/28/2010,?,
9/29/2010,?,
9/30/2010,?,
10/1/2010,?,
10/4/2010,?,
10/5/2010,?,
10/6/2010,?,
10/7/2010,?,
10/8/2010,?,
10/11/2010,?,
10/12/2010,?,
10/13/2010,?,
10/14/2010,?,
10/15/2010,?,
10/18/2010,?,
10/19/2010,?,
10/20/2010,?,
10/21/2010,?,
10/22/2010,?,
10/25/2010,?,
10/26/2010,?,
10/27/2010,?,
10/28/2010,?,
10/29/2010,?,
11/1/2010,?,
11/2/2010,?,
11/3/2010,?,
11/4/2010,?,
11/5/2010,?,
11/8/2010,?,
11/9/2010,?,
11/10/2010,?,
11/11/2010,?,
11/12/2010,?,
11/15/2010,?,
11/16/2010,?,
11/17/2010,?,
11/18/2010,?,
11/19/2010,?,
11/22/2010,?,
11/23/2010,?,
11/24/2010,?,
11/25/2010,?,
11/26/2010,?,
11/29/2010,?,
11/30/2010,?,
12/1/2010,?,
12/2/2010,?,
12/3/2010,?,
12/6/2010,?,
12/7/2010,?,
12/8/2010,?,
12/9/2010,?,
12/10/2010,?,
12/13/2010,?,
12/14/2010,?,
12/15/2010,?,
12/16/2010,?,
12/17/2010,?,
12/20/2010,?,
12/21/2010,?,
12/22/2010,?,
12/23/2010,?,
12/24/2010,?,
12/27/2010,?,
12/28/2010,?,
12/29/2010,?,
12/30/2010,?,
12/31/2010,?,
1/3/2011,?,
1/4/2011,?,
1/5/2011,?,
1/6/2011,?,
1/7/2011,?,
1/10/2011,?,
1/11/2011,?,
1/12/2011,?,
1/13/2011,?,
1/14/2011,?,
1/17/2011,?,
1/18/2011,?,
1/19/2011,?,
1/20/2011,?,
1/21/2011,?,
1/24/2011,?,
1/25/2011,?,
1/26/2011,?,
1/27/2011,?,
1/28/2011,?,
1/31/2011,?,
2/1/2011,?,
2/2/2011,?,
2/3/2011,?,
2/4/2011,?,
2/7/2011,?,
2/8/2011,?,
2/9/2011,?,
2/10/2011,?,
2/11/2011,?,
2/14/2011,?,
2/15/2011,?,
2/16/2011,?,
2/17/2011,?,
2/18/2011,?,
2/21/2011,?,
2/22/2011,?,
2/23/2011,?,
2/24/2011,?,
2/25/2011,?,
2/28/2011,?,
3/1/2011,?,
3/2/2011,?,
3/3/2011,?,
3/4/2011,?,
3/7/2011,?,
3/8/2011,?,
3/9/2011,?,
3/10/2011,?,
3/11/2011,?,
3/14/2011,?,
3/15/2011,?,
3/16/2011,?,
3/17/2011,?,
3/18/2011,?,
3/21/2011,?,
3/22/2011,?,
3/23/2011,?,
3/24/2011,?,
3/25/2011,?,
3/28/2011,?,
3/29/2011,?,
3/30/2011,?,
3/31/2011,?,
4/1/2011,?,
4/4/2011,?,
4/5/2011,?,
4/6/2011,?,
4/7/2011,?,
4/8/2011,?,
4/11/2011,?,
4/12/2011,?,
4/13/2011,?,
4/14/2011,?,
4/15/2011,?,
4/18/2011,?,
4/19/2011,?,
4/20/2011,?,
4/21/2011,?,
4/26/2011,?,
4/27/2011,?,
4/28/2011,?,
4/29/2011,?,
5/2/2011,?,
5/3/2011,?,
5/4/2011,?,
5/5/2011,?,
5/6/2011,?,
5/9/2011,?,
5/10/2011,?,
5/11/2011,?,
5/12/2011,?,
5/13/2011,?,
5/16/2011,?,
5/17/2011,?,
5/18/2011,?,
5/19/2011,?,
5/20/2011,?,
5/23/2011,?,
5/24/2011,?,
5/25/2011,?,
5/26/2011,?,
5/27/2011,?,
5/30/2011,?,
5/31/2011,?,
6/1/2011,?,
6/2/2011,?,
6/3/2011,?,
6/6/2011,?,
6/7/2011,?,
6/8/2011,?,
6/9/2011,?,
6/10/2011,?,
6/13/2011,?,
6/14/2011,?,
6/15/2011,?,
6/16/2011,?,
6/17/2011,?,
6/20/2011,?,
6/21/2011,?,
6/22/2011,?,
6/23/2011,?,
6/24/2011,?,
6/27/2011,?,
6/28/2011,?,
6/29/2011,?,
6/30/2011,?,
7/1/2011,?,
7/4/2011,?,
7/5/2011,?,
7/6/2011,?,
7/7/2011,?,
7/8/2011,?,
7/11/2011,?,
7/12/2011,?,
7/13/2011,?,
7/14/2011,?,
7/15/2011,?,
7/18/2011,?,
7/19/2011,?,
7/20/2011,?,
7/21/2011,?,
7/22/2011,?,
7/25/2011,?,
7/26/2011,?,
7/27/2011,?,
7/28/2011,?,
7/29/2011,?,
8/1/2011,?,
8/2/2011,?,
8/3/2011,?,
8/4/2011,?,
8/5/2011,?,
8/8/2011,?,
8/9/2011,?,
8/10/2011,?,
8/11/2011,?,
8/12/2011,?,
8/15/2011,?,
8/16/2011,?,
8/17/2011,?,
8/18/2011,?,
8/19/2011,?,
8/22/2011,?,
8/23/2011,?,
8/24/2011,?,
8/25/2011,?,
8/26/2011,?,
8/29/2011,?,
8/30/2011,?,
8/31/2011,?,
9/1/2011,?,
9/2/2011,?,
9/5/2011,?,
9/6/2011,?,
9/7/2011,?,
9/8/2011,?,
9/9/2011,?,
9/12/2011,?,
9/13/2011,?,
9/14/2011,?,
9/15/2011,?,
9/16/2011,?,
9/19/2011,?,
9/20/2011,?,
9/21/2011,?,
9/22/2011,?,
9/23/2011,?,
9/26/2011,?,
9/27/2011,?,
9/28/2011,?,
9/29/2011,?,
9/30/2011,?,
10/3/2011,?,
10/4/2011,?,
10/5/2011,?,
10/6/2011,?,
10/7/2011,?,
10/10/2011,?,
10/11/2011,?,
10/12/2011,?,
10/13/2011,?,
10/14/2011,?,
10/17/2011,?,
10/18/2011,?,
10/19/2011,?,
10/20/2011,?,
10/21/2011,?,
10/24/2011,?,
10/25/2011,?,
10/26/2011,?,
10/27/2011,?,
10/28/2011,?,
10/31/2011,?,
11/1/2011,?,
11/2/2011,?,
11/3/2011,?,
11/4/2011,?,
11/7/2011,?,
11/8/2011,?,
11/9/2011,?,
11/10/2011,?,
11/11/2011,?,
11/14/2011,?,
11/15/2011,?,
11/16/2011,?,
11/17/2011,?,
11/18/2011,?,
11/21/2011,?,
11/22/2011,?,
11/23/2011,?,
11/24/2011,?,
11/25/2011,?,
11/28/2011,?,
11/29/2011,?,
11/30/2011,?,
12/1/2011,?,
12/2/2011,?,
12/5/2011,?,
12/6/2011,?,
12/7/2011,?,
12/8/2011,?,
12/9/2011,?,
12/12/2011,?,
12/13/2011,?,
12/14/2011,?,
12/15/2011,?,
12/16/2011,?,
12/19/2011,?,
12/20/2011,?,
12/21/2011,?,
12/22/2011,?,
12/23/2011,?,
12/27/2011,?,
12/28/2011,?,
12/29/2011,?,
12/30/2011,?,
1/2/2012,?,
1/3/2012,?,
1/4/2012,?,
1/5/2012,?,
1/6/2012,?,
1/9/2012,?,
1/10/2012,?,
1/11/2012,?,
1/12/2012,?,
1/13/2012,?,
1/16/2012,?,
1/17/2012,?,
1/18/2012,?,
1/19/2012,?,
1/20/2012,?,
1/23/2012,?,
1/24/2012,?,
1/25/2012,?,
1/26/2012,?,
1/27/2012,?,
1/30/2012,?,
1/31/2012,?,
2/1/2012,?,
2/2/2012,?,
2/3/2012,?,
2/6/2012,?,
2/7/2012,?,
2/8/2012,?,
2/9/2012,?,
2/10/2012,?,
2/13/2012,?,
2/14/2012,?,
2/15/2012,?,
2/16/2012,?,
2/17/2012,?,
2/20/2012,?,
2/21/2012,?,
2/22/2012,?,
2/23/2012,?,
2/24/2012,?,
2/27/2012,?,
2/28/2012,?,
2/29/2012,?,
3/1/2012,?,
3/2/2012,?,
3/5/2012,?,
3/6/2012,?,
3/7/2012,?,
3/8/2012,?,
3/9/2012,?,
3/12/2012,?,
3/13/2012,?,
3/14/2012,?,
3/15/2012,?,
3/16/2012,?,
3/19/2012,?,
3/20/2012,?,
3/21/2012,?,
3/22/2012,?,
3/23/2012,?,
3/26/2012,?,
3/27/2012,?,
3/28/2012,?,
3/29/2012,?,
3/30/2012,?,
4/2/2012,?,
4/3/2012,?,
4/4/2012,?,
4/5/2012,?,
4/10/2012,?,
4/11/2012,?,
4/12/2012,?,
4/13/2012,?,
4/16/2012,?,
4/17/2012,?,
4/18/2012,?,
4/19/2012,?,
4/20/2012,?,
4/23/2012,?,
4/24/2012,?,
4/25/2012,?,
4/26/2012,?,
4/27/2012,?,
4/30/2012,?,
5/2/2012,?,
5/3/2012,?,
5/4/2012,?,
5/7/2012,?,
5/8/2012,?,
5/9/2012,?,
5/10/2012,?,
5/11/2012,?,
5/14/2012,?,
5/15/2012,?,
5/16/2012,?,
5/17/2012,?,
5/18/2012,?,
5/21/2012,?,
5/22/2012,?,
5/23/2012,?,
5/24/2012,?,
5/25/2012,?,
5/28/2012,?,
5/29/2012,?,
5/30/2012,?,
5/31/2012,?,
6/1/2012,?,
6/4/2012,?,
6/5/2012,?,
6/6/2012,?,
6/7/2012,?,
6/8/2012,?,
6/11/2012,?,
6/12/2012,?,
6/13/2012,?,
6/14/2012,?,
6/15/2012,?,
6/18/2012,?,
6/19/2012,?,
6/20/2012,?,
6/21/2012,?,
6/22/2012,?,
6/25/2012,?,
6/26/2012,?,
6/27/2012,?,
6/28/2012,?,
6/29/2012,?,
7/2/2012,?,
7/3/2012,?,
7/4/2012,?,
7/5/2012,?,
7/6/2012,?,
7/9/2012,?,
7/10/2012,?,
7/11/2012,?,
7/12/2012,?,
7/13/2012,?,
7/16/2012,?,
7/17/2012,?,
7/18/2012,?,
7/19/2012,?,
7/20/2012,?,
7/23/2012,?,
7/24/2012,?,
7/25/2012,?,
7/26/2012,?,
7/27/2012,?,
7/30/2012,?,
7/31/2012,?,
8/1/2012,?,
8/2/2012,?,
8/3/2012,?,
8/6/2012,?,
8/7/2012,?,
8/8/2012,?,
8/9/2012,?,
8/10/2012,?,
8/13/2012,?,
8/14/2012,?,
8/15/2012,?,
8/16/2012,?,
8/17/2012,?,
8/20/2012,?,
8/21/2012,?,
8/22/2012,?,
8/23/2012,?,
8/24/2012,?,
8/27/2012,?,
8/28/2012,?,
8/29/2012,?,
8/30/2012,?,
8/31/2012,?,
9/3/2012,?,
9/4/2012,?,
9/5/2012,?,
9/6/2012,?,
9/7/2012,?,
9/10/2012,?,
9/11/2012,?,
9/12/2012,?,
9/13/2012,?,
9/14/2012,?,
9/17/2012,?,
9/18/2012,?,
9/19/2012,?,
9/20/2012,?,
9/21/2012,?,
9/24/2012,?,
9/25/2012,?,
9/26/2012,?,
9/27/2012,?,
9/28/2012,?,
10/1/2012,?,
10/2/2012,?,
10/3/2012,?,
10/4/2012,?,
10/5/2012,?,
10/8/2012,?,
10/9/2012,?,
10/10/2012,?,
10/11/2012,?,
10/12/2012,?,
10/15/2012,?,
10/16/2012,?,
10/17/2012,?,
10/18/2012,?,
10/19/2012,?,
10/22/2012,?,
10/23/2012,?,
10/24/2012,?,
10/25/2012,?,
10/26/2012,?,
10/29/2012,?,
10/30/2012,?,
10/31/2012,?,
11/1/2012,?,
11/2/2012,?,
11/5/2012,?,
11/6/2012,?,
11/7/2012,?,
11/8/2012,?,
11/9/2012,?,
11/12/2012,?,
11/13/2012,?,
11/14/2012,?,
11/15/2012,?,
11/16/2012,?,
11/19/2012,?,
11/20/2012,?,
11/21/2012,?,
11/22/2012,?,
11/23/2012,?,
11/26/2012,?,
11/27/2012,?,
11/28/2012,?,
11/29/2012,?,
11/30/2012,?,
12/3/2012,?,
12/4/2012,?,
12/5/2012,?,
12/6/2012,?,
12/7/2012,?,
12/10/2012,?,
12/11/2012,?,
12/12/2012,?,
12/13/2012,?,
12/14/2012,?,
12/17/2012,?,
12/18/2012,?,
12/19/2012,?,
12/20/2012,?,
12/21/2012,?,
12/24/2012,?,
12/27/2012,?,
12/28/2012,?,
12/31/2012,?,
1/2/2013,?,
1/3/2013,?,
1/4/2013,?,
1/7/2013,?,
1/8/2013,?,
1/9/2013,?,
1/10/2013,?,
1/11/2013,?,
1/14/2013,?,
1/15/2013,?,
1/16/2013,?,
1/17/2013,?,
1/18/2013,?,
1/21/2013,?,
1/22/2013,?,
1/23/2013,?,
1/24/2013,?,
1/25/2013,?,
1/28/2013,?,
1/29/2013,?,
1/30/2013,?,
1/31/2013,?,
2/1/2013,?,
2/4/2013,?,
2/5/2013,?,
2/6/2013,?,
2/7/2013,?,
2/8/2013,?,
2/11/2013,?,
2/12/2013,?,
2/13/2013,?,
2/14/2013,?,
2/15/2013,?,
2/18/2013,?,
2/19/2013,?,
2/20/2013,?,
2/21/2013,?,
2/22/2013,?,
2/25/2013,?,
2/26/2013,?,
2/27/2013,?,
2/28/2013,?,
3/1/2013,?,
3/4/2013,?,
3/5/2013,?,
3/6/2013,?,
3/7/2013,?,
3/8/2013,?,
3/11/2013,?,
3/12/2013,?,
3/13/2013,?,
3/14/2013,?,
3/15/2013,?,
3/18/2013,?,
3/19/2013,?,
3/20/2013,?,
3/21/2013,?,
3/22/2013,?,
3/25/2013,?,
3/26/2013,?,
3/27/2013,?,
3/28/2013,?,
4/2/2013,?,
4/3/2013,?,
4/4/2013,?,
4/5/2013,?,
4/8/2013,?,
4/9/2013,?,
4/10/2013,?,
4/11/2013,?,
4/12/2013,?,
4/15/2013,?,
4/16/2013,?,
4/17/2013,?,
4/18/2013,?,
4/19/2013,?,
4/22/2013,?,
4/23/2013,?,
4/24/2013,?,
4/25/2013,?,
4/26/2013,?,
4/29/2013,?,
4/30/2013,?,
5/2/2013,?,
5/3/2013,?,
5/6/2013,?,
5/7/2013,?,
5/8/2013,?,
5/9/2013,?,
5/10/2013,?,
5/13/2013,?,
5/14/2013,?,
5/15/2013,?,
5/16/2013,?,
5/17/2013,?,
5/20/2013,?,
5/21/2013,?,
5/22/2013,?,
5/23/2013,?,
5/24/2013,?,
5/27/2013,?,
5/28/2013,?,
5/29/2013,?,
5/30/2013,?,
5/31/2013,?,
6/3/2013,?,
6/4/2013,?,
6/5/2013,?,
6/6/2013,?,
6/7/2013,?,
6/10/2013,?,
6/11/2013,?,
6/12/2013,?,
6/13/2013,?,
6/14/2013,?,
6/17/2013,?,
6/18/2013,?,
6/19/2013,?,
6/20/2013,?,
6/21/2013,?,
6/24/2013,?,
6/25/2013,?,
6/26/2013,?,
6/27/2013,?,
6/28/2013,?,
7/1/2013,?,
7/2/2013,?,
7/3/2013,?,
7/4/2013,?,
7/5/2013,?,
7/8/2013,?,
7/9/2013,?,
7/10/2013,?,
7/11/2013,?,
7/12/2013,?,
7/15/2013,?,
7/16/2013,?,
7/17/2013,?,
7/18/2013,?,
7/19/2013,?,
7/22/2013,?,
7/23/2013,?,
7/24/2013,?,
7/25/2013,?,
7/26/2013,?,
7/29/2013,?,
7/30/2013,?,
7/31/2013,?,
8/1/2013,?,
8/2/2013,?,
8/5/2013,?,
8/6/2013,?,
8/7/2013,?,
8/8/2013,?,
8/9/2013,?,
8/12/2013,?,
8/13/2013,?,
8/14/2013,?,
8/15/2013,?,
8/16/2013,?,
8/19/2013,?,
8/20/2013,?,
8/21/2013,?,
8/22/2013,?,
8/23/2013,?,
8/26/2013,?,
8/27/2013,?,
8/28/2013,?,
8/29/2013,?,
8/30/2013,?,
9/2/2013,?,
9/3/2013,?,
9/4/2013,?,
9/5/2013,?,
9/6/2013,?,
9/9/2013,?,
9/10/2013,?,
9/11/2013,?,
9/12/2013,?,
9/13/2013,?,
9/16/2013,?,
9/17/2013,?,
9/18/2013,?,
9/19/2013,?,
9/20/2013,?,
9/23/2013,?,
9/24/2013,?,
9/25/2013,?,
9/26/2013,?,
9/27/2013,?,
9/30/2013,?,
10/1/2013,?,
10/2/2013,?,
10/3/2013,?,
10/4/2013,?,
10/7/2013,?,
10/8/2013,?,
10/9/2013,?,
10/10/2013,?,
10/11/2013,?,
10/14/2013,?,
10/15/2013,?,
10/16/2013,?,
10/17/2013,?,
10/18/2013,?,
10/21/2013,?,
10/22/2013,?,
10/23/2013,?,
10/24/2013,?,
10/25/2013,?,
10/28/2013,?,
10/29/2013,?,
10/30/2013,?,
10/31/2013,?,
11/1/2013,?,
11/4/2013,?,
11/5/2013,?,
11/6/2013,?,
11/7/2013,?,
11/8/2013,?,
11/11/2013,?,
11/12/2013,?,
11/13/2013,?,
11/14/2013,?,
11/15/2013,?,
11/18/2013,?,
11/19/2013,?,
11/20/2013,?,
11/21/2013,?,
11/22/2013,?,
11/25/2013,?,
11/26/2013,?,
11/27/2013,?,
11/28/2013,?,
11/29/2013,?,
12/2/2013,?,
12/3/2013,?,
12/4/2013,?,
12/5/2013,?,
12/6/2013,?,
12/9/2013,?,
12/10/2013,?,
12/11/2013,?,
12/12/2013,?,
12/13/2013,?,
12/16/2013,?,
12/17/2013,?,
12/18/2013,?,
12/19/2013,?,
12/20/2013,?,
12/23/2013,?,
12/24/2013,?,
12/27/2013,?,
12/30/2013,?,
12/31/2013,?,
1/2/2014,?,
1/3/2014,?,
1/6/2014,?,
1/7/2014,?,
1/8/2014,?,
1/9/2014,?,
1/10/2014,?,
1/13/2014,?,
1/14/2014,?,
1/15/2014,?,
1/16/2014,?,
1/17/2014,?,
1/20/2014,?,
1/21/2014,?,
1/22/2014,?,
1/23/2014,?,
1/24/2014,?,
1/27/2014,?,
1/28/2014,?,
1/29/2014,?,
1/30/2014,?,
1/31/2014,?,
2/3/2014,?,
2/4/2014,?,
2/5/2014,?,
2/6/2014,?,
2/7/2014,?,
2/10/2014,?,
2/11/2014,?,
2/12/2014,?,
2/13/2014,?,
2/14/2014,?,
2/17/2014,?,
2/18/2014,?,
2/19/2014,?,
2/20/2014,?,
2/21/2014,?,
2/24/2014,?,
2/25/2014,?,
2/26/2014,?,
2/27/2014,?,
2/28/2014,?,
3/3/2014,?,
3/4/2014,?,
3/5/2014,?,
3/6/2014,?,
3/7/2014,?,
3/10/2014,?,
3/11/2014,?,
3/12/2014,?,
3/13/2014,?,
3/14/2014,?,
3/17/2014,?,
3/18/2014,?,
3/19/2014,?,
3/20/2014,?,
3/21/2014,?,
3/24/2014,?,
3/25/2014,?,
3/26/2014,?,
3/27/2014,?,
3/28/2014,?,
3/31/2014,?,
4/1/2014,?,
4/2/2014,?,
4/3/2014,?,
4/4/2014,?,
4/7/2014,?,
4/8/2014,?,
4/9/2014,?,
4/10/2014,?,
4/11/2014,?,
4/14/2014,?,
4/15/2014,?,
4/16/2014,?,
4/17/2014,?,
4/22/2014,?,
4/23/2014,?,
4/24/2014,?,
4/25/2014,?,
4/28/2014,?,
4/29/2014,?,
4/30/2014,?,
5/2/2014,?,
5/5/2014,?,
5/6/2014,?,
5/7/2014,?,
5/8/2014,?,
5/9/2014,?,
5/12/2014,?,
5/13/2014,?,
5/14/2014,?,
5/15/2014,?,
5/16/2014,?,
5/19/2014,?,
5/20/2014,?,
5/21/2014,?,
5/22/2014,?,
5/23/2014,?,
5/26/2014,?,
5/27/2014,?,
5/28/2014,?,
5/29/2014,?,
5/30/2014,?,
6/2/2014,?,
6/3/2014,?,
6/4/2014,?,
6/5/2014,?,
6/6/2014,?,
6/9/2014,?,
6/10/2014,?,
6/11/2014,?,
6/12/2014,?,
6/13/2014,?,
6/16/2014,?,
6/17/2014,?,
6/18/2014,?,
6/19/2014,?,
6/20/2014,?,
6/23/2014,?,
6/24/2014,?,
6/25/2014,?,
6/26/2014,?,
6/27/2014,?,
6/30/2014,?,
7/1/2014,?,
7/2/2014,?,
7/3/2014,?,
7/4/2014,?,
7/7/2014,?,
7/8/2014,?,
7/9/2014,?,
7/10/2014,?,
7/11/2014,?,
7/14/2014,?,
7/15/2014,?,
7/16/2014,?,
7/17/2014,?,
7/18/2014,?,
7/21/2014,?,
7/22/2014,?,
7/23/2014,?,
7/24/2014,?,
7/25/2014,?,
7/28/2014,?,
7/29/2014,?,
7/30/2014,?,
7/31/2014,?,
8/1/2014,?,
8/4/2014,?,
8/5/2014,?,
8/6/2014,?,
8/7/2014,?,
8/8/2014,?,
8/11/2014,?,
8/12/2014,?,
8/13/2014,?,
8/14/2014,?,
8/15/2014,?,
8/18/2014,?,
8/19/2014,?,
8/20/2014,?,
8/21/2014,?,
8/22/2014,?,
8/25/2014,?,
8/26/2014,?,
8/27/2014,?,
8/28/2014,?,
8/29/2014,?,
9/1/2014,?,
9/2/2014,?,
9/3/2014,?,
9/4/2014,?,
9/5/2014,?,
9/8/2014,?,
9/9/2014,?,
9/10/2014,?,
9/11/2014,?,
9/12/2014,?,
9/15/2014,?,
9/16/2014,?,
9/17/2014,?,
9/18/2014,?,
9/19/2014,?,
9/22/2014,?,
9/23/2014,?,
9/24/2014,?,
9/25/2014,?,
9/26/2014,?,
9/29/2014,?,
9/30/2014,?,
10/1/2014,?,
10/2/2014,?,
10/3/2014,?,
10/6/2014,?,
10/7/2014,?,
10/8/2014,?,
10/9/2014,?,
10/10/2014,?,
10/13/2014,?,
10/14/2014,?,
10/15/2014,?,
10/16/2014,?,
10/17/2014,?,
10/20/2014,?,
10/21/2014,?,
10/22/2014,?,
10/23/2014,?,
10/24/2014,?,
10/27/2014,?,
10/28/2014,?,
10/29/2014,?,
10/30/2014,?,
10/31/2014,?,
11/3/2014,?,
11/4/2014,?,
11/5/2014,?,
11/6/2014,?,
11/7/2014,?,
11/10/2014,?,
11/11/2014,?,
11/12/2014,?,
11/13/2014,?,
11/14/2014,?,
11/17/2014,?,
11/18/2014,?,
11/19/2014,?,
11/20/2014,?,
11/21/2014,?,
11/24/2014,?,
11/25/2014,?,
11/26/2014,?,
11/27/2014,?,
11/28/2014,?,
12/1/2014,?,
12/2/2014,?,
12/3/2014,?,
12/4/2014,?,
12/5/2014,?,
12/8/2014,?,
12/9/2014,?,
12/10/2014,?,
12/11/2014,?,
12/12/2014,?,
12/15/2014,?,
12/16/2014,?,
12/17/2014,?,
12/18/2014,?,
12/19/2014,?,
12/22/2014,?,
12/23/2014,?,
12/24/2014,?,
12/29/2014,?,
12/30/2014,?,
12/31/2014,?,
1/2/2015,?,
1/5/2015,?,
1/6/2015,?,
1/7/2015,?,
1/8/2015,?,
1/9/2015,?,
1/12/2015,?,
1/13/2015,?,
1/14/2015,?,
1/15/2015,?,
1/16/2015,?,
1/19/2015,?,
1/20/2015,?,
1/21/2015,?,
1/22/2015,?,
1/23/2015,?,
1/26/2015,?,
1/27/2015,?,
1/28/2015,?,
1/29/2015,?,
1/30/2015,?,
2/2/2015,?,
2/3/2015,?,
2/4/2015,?,
2/5/2015,?,
2/6/2015,?,
2/9/2015,?,
2/10/2015,?,
2/11/2015,?,
2/12/2015,?,
2/13/2015,?,
2/16/2015,?,
2/17/2015,?,
2/18/2015,?,
2/19/2015,?,
2/20/2015,?,
2/23/2015,?,
2/24/2015,?,
2/25/2015,?,
2/26/2015,?,
2/27/2015,?,
3/2/2015,?,
3/3/2015,?,
3/4/2015,?,
3/5/2015,?,
3/6/2015,?,
3/9/2015,?,
3/10/2015,?,
3/11/2015,?,
3/12/2015,?,
3/13/2015,?,
3/16/2015,?,
3/17/2015,?,
3/18/2015,?,
3/19/2015,?,
3/20/2015,?,
3/23/2015,?,
3/24/2015,?,
3/25/2015,?,
3/26/2015,?,
3/27/2015,?,
3/30/2015,?,
3/31/2015,?,
4/1/2015,?,
4/2/2015,?,
4/7/2015,?,
4/8/2015,?,
4/9/2015,?,
4/10/2015,?,
4/13/2015,?,
4/14/2015,?,
4/15/2015,?,
4/16/2015,?,
4/17/2015,?,
4/20/2015,?,
4/21/2015,?,
4/22/2015,?,
4/23/2015,?,
4/24/2015,?,
4/27/2015,?,
4/28/2015,?,
4/29/2015,?,
4/30/2015,?,
