Date,JPY
1/4/1999,133.73
1/5/1999,130.96
1/6/1999,131.42
1/7/1999,129.43
1/8/1999,130.09
1/11/1999,126.33
1/12/1999,129.63
1/13/1999,131.89
1/14/1999,132.74
1/15/1999,131.74
1/18/1999,132.9
1/19/1999,132.14
1/20/1999,131.59
1/21/1999,130.34
1/22/1999,131.88
1/25/1999,132.09
1/26/1999,131.81
1/27/1999,131.91
1/28/1999,132.25
1/29/1999,132.1
2/1/1999,130.88
2/2/1999,127.7
2/3/1999,126.86
2/4/1999,127.65
2/5/1999,127.95
2/8/1999,127.82
2/9/1999,129.91
2/10/1999,130.73
2/11/1999,129.35
2/12/1999,128.92
2/15/1999,129.31
2/16/1999,131.82
2/17/1999,133.48
2/18/1999,134.4
2/19/1999,133.97
2/22/1999,133.61
2/23/1999,133.14
2/24/1999,133.86
2/25/1999,132.87
2/26/1999,131.33
3/1/1999,131.13
3/2/1999,131.37
3/3/1999,132.18
3/4/1999,133.92
3/5/1999,133.19
3/8/1999,132.77
3/9/1999,132.45
3/10/1999,131.74
3/11/1999,131
3/12/1999,130.8
3/15/1999,128.85
3/16/1999,128.65
3/17/1999,130.18
3/18/1999,129.78
3/19/1999,127.99
3/22/1999,128
3/23/1999,128.94
3/24/1999,128.6
3/25/1999,128.65
3/26/1999,128.93
3/29/1999,128.78
3/30/1999,128.86
3/31/1999,127.81
4/1/1999,128.72
4/2/1999,129.85
4/5/1999,130.55
4/6/1999,129.99
4/7/1999,131.27
4/8/1999,130.45
4/9/1999,130.75
4/12/1999,130.27
4/13/1999,129.66
4/14/1999,128.55
4/15/1999,128.01
4/16/1999,126.16
4/19/1999,125.67
4/20/1999,125.48
4/21/1999,126.26
4/22/1999,126.95
4/23/1999,127.25
4/26/1999,126.22
4/27/1999,127.34
4/28/1999,127.05
4/29/1999,126.16
4/30/1999,126.9
5/3/1999,126.93
5/4/1999,128.04
5/5/1999,128.78
5/6/1999,130.6
5/7/1999,130.13
5/10/1999,129.82
5/11/1999,129.97
5/12/1999,128.88
5/13/1999,129.2
5/14/1999,130.78
5/17/1999,131.47
5/18/1999,131.62
5/19/1999,132.4
5/20/1999,132.16
5/21/1999,131.25
5/24/1999,130.86
5/25/1999,130.41
5/26/1999,128.77
5/27/1999,128.05
5/28/1999,126.7
5/31/1999,127.18
6/1/1999,126.35
6/2/1999,125.71
6/3/1999,125.8
6/4/1999,125.45
6/7/1999,124.7
6/8/1999,125.99
6/9/1999,124.48
6/10/1999,124.5
6/11/1999,124.09
6/14/1999,125.42
6/15/1999,125.27
6/16/1999,124.4
6/17/1999,123.97
6/18/1999,124.52
6/21/1999,126.3
6/22/1999,125.6
6/23/1999,125.55
6/24/1999,126.05
6/25/1999,126.8
6/28/1999,125.96
6/29/1999,125.3
6/30/1999,124.82
7/1/1999,124.12
7/2/1999,123.93
7/5/1999,125.18
7/6/1999,124.87
7/7/1999,124.77
7/8/1999,124.72
7/9/1999,124.66
7/12/1999,123.82
7/13/1999,123.83
7/14/1999,122.97
7/15/1999,123.04
7/16/1999,123.15
7/19/1999,121.6
7/20/1999,123.09
7/21/1999,124.2
7/22/1999,124.06
7/23/1999,121.96
7/26/1999,123.8
7/27/1999,124.27
7/28/1999,123.15
7/29/1999,123.18
7/30/1999,123.19
8/2/1999,121.88
8/3/1999,122.69
8/4/1999,123.39
8/5/1999,123.37
8/6/1999,123.13
8/9/1999,123.37
8/10/1999,123.25
8/11/1999,122.92
8/12/1999,123.25
8/13/1999,122.41
8/16/1999,121.28
8/17/1999,120.34
8/18/1999,118.9
8/19/1999,117.02
8/20/1999,119.16
8/23/1999,118.03
8/24/1999,117.42
8/25/1999,115.7
8/26/1999,116.38
8/27/1999,116.68
8/30/1999,116.1
8/31/1999,115.53
9/1/1999,116
9/2/1999,116.16
9/3/1999,117.32
9/6/1999,116.3
9/7/1999,117.44
9/8/1999,117.49
9/9/1999,115.36
9/10/1999,115
9/13/1999,109.85
9/14/1999,110.25
9/15/1999,107.94
9/16/1999,108.08
9/17/1999,110.66
9/20/1999,112.08
9/21/1999,108.72
9/22/1999,109.48
9/23/1999,108.45
9/24/1999,109.4
9/27/1999,109.67
9/28/1999,111.31
9/29/1999,112.85
9/30/1999,112.67
10/1/1999,113.25
10/4/1999,113.6
10/5/1999,113.98
10/6/1999,115.58
10/7/1999,115.48
10/8/1999,114.55
10/11/1999,113.42
10/12/1999,113.45
10/13/1999,116.24
10/14/1999,114.95
10/15/1999,115.15
10/18/1999,114.23
10/19/1999,114.3
10/20/1999,114.44
10/21/1999,114.52
10/22/1999,113.65
10/25/1999,112.66
10/26/1999,111.33
10/27/1999,109.75
10/28/1999,109.79
10/29/1999,109.59
11/1/1999,110.23
11/2/1999,110.12
11/3/1999,109.17
11/4/1999,110
11/5/1999,109.79
11/8/1999,110.36
11/9/1999,109.37
11/10/1999,109.33
11/11/1999,109.3
11/12/1999,108.22
11/15/1999,107.99
11/16/1999,109.42
11/17/1999,109.58
11/18/1999,109.63
11/19/1999,109.1
11/22/1999,108.35
11/23/1999,107.98
11/24/1999,106.62
11/25/1999,106.25
11/26/1999,104.86
11/29/1999,102.82
11/30/1999,103
12/1/1999,103.35
12/2/1999,103.03
12/3/1999,102.57
12/6/1999,104.62
12/7/1999,105.05
12/8/1999,105.32
12/9/1999,104.4
12/10/1999,103.81
12/13/1999,103.95
12/14/1999,104.06
12/15/1999,103.7
12/16/1999,104.47
12/17/1999,104.68
12/20/1999,103.84
12/21/1999,103.07
12/22/1999,102.48
12/23/1999,102.52
12/24/1999,104.29
12/27/1999,103.75
12/28/1999,103.13
12/29/1999,103.02
12/30/1999,102.73
1/3/2000,102.75
1/4/2000,105.88
1/5/2000,107.34
1/6/2000,108.72
1/7/2000,108.09
1/10/2000,107.26
1/11/2000,108.85
1/12/2000,109.1
1/13/2000,108.89
1/14/2000,108.05
1/17/2000,105.81
1/18/2000,106.42
1/19/2000,106.99
1/20/2000,106.44
1/21/2000,105.53
1/24/2000,105.54
1/25/2000,105.69
1/26/2000,106.04
1/27/2000,105.43
1/28/2000,103.74
1/31/2000,104.62
2/1/2000,104.62
2/2/2000,105.51
2/3/2000,105.78
2/4/2000,105.99
2/7/2000,106.02
2/8/2000,107.91
2/9/2000,108.16
2/10/2000,107.11
2/11/2000,107.42
2/14/2000,106.85
2/15/2000,106.46
2/16/2000,106.97
2/17/2000,109.3
2/18/2000,109.27
2/21/2000,109.73
2/22/2000,111.11
2/23/2000,111.88
2/24/2000,109.55
2/25/2000,108.79
2/28/2000,105.22
2/29/2000,106.81
3/1/2000,104.65
3/2/2000,104.38
3/3/2000,104.17
3/6/2000,103.47
3/7/2000,103
3/8/2000,102.24
3/9/2000,102.44
3/10/2000,102.27
3/13/2000,102.23
3/14/2000,100.93
3/15/2000,101.74
3/16/2000,101.73
3/17/2000,102.31
3/20/2000,103.71
3/21/2000,103.46
3/22/2000,102.88
3/23/2000,103.88
3/24/2000,104.09
3/27/2000,103.77
3/28/2000,102.59
3/29/2000,100.77
3/30/2000,100.35
3/31/2000,98.53
4/3/2000,100.27
4/4/2000,100.74
4/5/2000,101.71
4/6/2000,101.04
4/7/2000,100.71
4/10/2000,101.92
4/11/2000,102.61
4/12/2000,101.11
4/13/2000,101.09
4/14/2000,100.86
4/17/2000,99.4
4/18/2000,98.97
4/19/2000,98.79
4/20/2000,98.37
4/25/2000,98.15
4/26/2000,97.85
4/27/2000,97.57
4/28/2000,97.48
5/2/2000,99.15
5/3/2000,97.46
5/4/2000,97.35
5/5/2000,97.21
5/8/2000,97.17
5/9/2000,98.25
5/10/2000,99.13
5/11/2000,98.53
5/12/2000,98.01
5/15/2000,100.07
5/16/2000,98.89
5/17/2000,97.98
5/18/2000,97.6
5/19/2000,95.69
5/22/2000,96.57
5/23/2000,97.3
5/24/2000,97.58
5/25/2000,96.81
5/26/2000,98.22
5/29/2000,99.32
5/30/2000,99.8
5/31/2000,99.9
6/1/2000,101.41
6/2/2000,101.62
6/5/2000,101.51
6/6/2000,101.24
6/7/2000,101
6/8/2000,102.12
6/9/2000,101.42
6/12/2000,101.55
6/13/2000,102.05
6/14/2000,102.52
6/15/2000,100.92
6/16/2000,101.65
6/19/2000,101.86
6/20/2000,100.62
6/21/2000,99.76
6/22/2000,99.1
6/23/2000,98.12
6/26/2000,98.38
6/27/2000,99.16
6/28/2000,99.56
6/29/2000,99.56
6/30/2000,100.57
7/3/2000,100.58
7/4/2000,100.78
7/5/2000,101.73
7/6/2000,102.44
7/7/2000,101.86
7/10/2000,101.82
7/11/2000,101.77
7/12/2000,102.29
7/13/2000,100.12
7/14/2000,100.82
7/17/2000,101.65
7/18/2000,100.93
7/19/2000,99.6
7/20/2000,99.74
7/21/2000,101.53
7/24/2000,101.64
7/25/2000,102.78
7/26/2000,102.43
7/27/2000,102.26
7/28/2000,101.29
7/31/2000,101.04
8/1/2000,101.56
8/2/2000,99.8
8/3/2000,97.85
8/4/2000,98.02
8/7/2000,98.85
8/8/2000,98.2
8/9/2000,96.81
8/10/2000,97.93
8/11/2000,99.31
8/14/2000,98.58
8/15/2000,99.78
8/16/2000,98.45
8/17/2000,99.12
8/18/2000,99.42
8/21/2000,97.63
8/22/2000,97.27
8/23/2000,95.7
8/24/2000,96.64
8/25/2000,96.61
8/28/2000,95.88
8/29/2000,95.44
8/30/2000,94.8
8/31/2000,94.77
9/1/2000,94.77
9/4/2000,95.12
9/5/2000,94.18
9/6/2000,93.27
9/7/2000,91.21
9/8/2000,92.25
9/11/2000,91.35
9/12/2000,91.55
9/13/2000,92.83
9/14/2000,93.15
9/15/2000,92.64
9/18/2000,91.1
9/19/2000,91.31
9/20/2000,90.3
9/21/2000,90.72
9/22/2000,95.75
9/25/2000,94.37
9/26/2000,93.95
9/27/2000,95.49
9/28/2000,94.98
9/29/2000,94.94
10/2/2000,95.49
10/3/2000,95.14
10/4/2000,95.31
10/5/2000,95.95
10/6/2000,94.82
10/9/2000,94.75
10/10/2000,94.2
10/11/2000,94.17
10/12/2000,93
10/13/2000,93
10/16/2000,92.09
10/17/2000,91.73
10/18/2000,92.27
10/19/2000,90.93
10/20/2000,92.06
10/23/2000,91
10/24/2000,90.76
10/25/2000,89.8
10/26/2000,89.3
10/27/2000,90.53
10/30/2000,92.21
10/31/2000,91.88
11/1/2000,92.83
11/2/2000,93.63
11/3/2000,93.63
11/6/2000,92.86
11/7/2000,92.13
11/8/2000,92.22
11/9/2000,91.55
11/10/2000,93.42
11/13/2000,92.82
11/14/2000,92.6
11/15/2000,93.22
11/16/2000,93.29
11/17/2000,92.95
11/20/2000,92.7
11/21/2000,93.28
11/22/2000,92.46
11/23/2000,92.9
11/24/2000,93.78
11/27/2000,93.44
11/28/2000,94.54
11/29/2000,95.01
11/30/2000,96.44
12/1/2000,97.75
12/4/2000,98.6
12/5/2000,97.52
12/6/2000,97.76
12/7/2000,98.9
12/8/2000,98.75
12/11/2000,97.53
12/12/2000,97.89
12/13/2000,98.4
12/14/2000,99.55
12/15/2000,100.93
12/18/2000,100.54
12/19/2000,99.96
12/20/2000,102.05
12/21/2000,102.37
12/22/2000,103.78
12/27/2000,106.08
12/28/2000,106.4
12/29/2000,106.92
1/2/2001,108.26
1/3/2001,108.88
1/4/2001,108.25
1/5/2001,111.22
1/8/2001,110.55
1/9/2001,108.78
1/10/2001,109.33
1/11/2001,111.75
1/12/2001,112.35
1/15/2001,111.92
1/16/2001,111.27
1/17/2001,110.6
1/18/2001,111.28
1/19/2001,110.66
1/22/2001,108.28
1/23/2001,110.22
1/24/2001,109.79
1/25/2001,107.15
1/26/2001,107.69
1/29/2001,107.15
1/30/2001,107.38
1/31/2001,107.87
2/1/2001,108.7
2/2/2001,108.43
2/5/2001,108.78
2/6/2001,107.05
2/7/2001,108.36
2/8/2001,106.97
2/9/2001,108.3
2/12/2001,109.22
2/13/2001,108.59
2/14/2001,106.61
2/15/2001,105.51
2/16/2001,104.88
2/19/2001,106.71
2/20/2001,104.86
2/21/2001,106.69
2/22/2001,105.33
2/23/2001,105.7
2/26/2001,106.07
2/27/2001,106.41
2/28/2001,108.45
3/1/2001,108.72
3/2/2001,111.55
3/5/2001,111.14
3/6/2001,109.89
3/7/2001,111.38
3/8/2001,111.38
3/9/2001,111.71
3/12/2001,111.44
3/13/2001,110.27
3/14/2001,110.06
3/15/2001,110.53
3/16/2001,109.85
3/19/2001,109.83
3/20/2001,110.64
3/21/2001,111.25
3/22/2001,110.25
3/23/2001,109.69
3/26/2001,110.08
3/27/2001,110.16
3/28/2001,107.81
3/29/2001,108.96
3/30/2001,110.74
4/2/2001,110.83
4/3/2001,111.36
4/4/2001,113.52
4/5/2001,112.04
4/6/2001,111.38
4/9/2001,112.8
4/10/2001,111.34
4/11/2001,109.8
4/12/2001,109
4/17/2001,108.75
4/18/2001,107.82
4/19/2001,107.49
4/20/2001,110.18
4/23/2001,109.71
4/24/2001,109.14
4/25/2001,109.55
4/26/2001,110.36
4/27/2001,112.01
4/30/2001,109.67
5/2/2001,108.81
5/3/2001,108.24
5/4/2001,108.19
5/7/2001,108.2
5/8/2001,108.21
5/9/2001,107.5
5/10/2001,108.17
5/11/2001,107.35
5/14/2001,107.62
5/15/2001,108.35
5/16/2001,109.26
5/17/2001,108.58
5/18/2001,108.35
5/21/2001,107.79
5/22/2001,106.96
5/23/2001,104.01
5/24/2001,103.15
5/25/2001,103.54
5/28/2001,103.98
5/29/2001,102.88
5/30/2001,102.77
5/31/2001,101
6/1/2001,100.62
6/4/2001,101.9
6/5/2001,101.44
6/6/2001,103.13
6/7/2001,101.7
6/8/2001,102.14
6/11/2001,103.39
6/12/2001,103.16
6/13/2001,104.28
6/14/2001,103.52
6/15/2001,104.74
6/18/2001,105.71
6/19/2001,105.43
6/20/2001,105
6/21/2001,106.12
6/22/2001,105.98
6/25/2001,106.71
6/26/2001,106.71
6/27/2001,107.05
6/28/2001,106.15
6/29/2001,105.37
7/2/2001,105.16
7/3/2001,105.43
7/4/2001,105.16
7/5/2001,105.74
7/6/2001,105.65
7/9/2001,106.19
7/10/2001,107.28
7/11/2001,107.21
7/12/2001,106.16
7/13/2001,106.12
7/16/2001,107.45
7/17/2001,106.65
7/18/2001,107.8
7/19/2001,107.7
7/20/2001,108.36
7/23/2001,107.62
7/24/2001,108.07
7/25/2001,108.9
7/26/2001,108.58
7/27/2001,108.65
7/30/2001,109.45
7/31/2001,109.3
8/1/2001,109.85
8/2/2001,109.02
8/3/2001,109.05
8/6/2001,109.08
8/7/2001,108.74
8/8/2001,107.94
8/9/2001,109.16
8/10/2001,109.31
8/13/2001,109.33
8/14/2001,110.04
8/15/2001,109.62
8/16/2001,109.66
8/17/2001,110.34
8/20/2001,110.18
8/21/2001,109.4
8/22/2001,110.39
8/23/2001,109.65
8/24/2001,109.56
8/27/2001,109.18
8/28/2001,108.75
8/29/2001,108.94
8/30/2001,108.95
8/31/2001,108.65
9/3/2001,107.92
9/4/2001,107.1
9/5/2001,106.93
9/6/2001,107.36
9/7/2001,108.32
9/10/2001,109.05
9/11/2001,109.3
9/12/2001,108.15
9/13/2001,107.88
9/14/2001,108.33
9/17/2001,108.61
9/18/2001,108.5
9/19/2001,108.84
9/20/2001,108.15
9/21/2001,107.18
9/24/2001,107.47
9/25/2001,107.53
9/26/2001,108.62
9/27/2001,109.75
9/28/2001,109.02
10/1/2001,109.2
10/2/2001,110.73
10/3/2001,111.54
10/4/2001,109.95
10/5/2001,110.31
10/8/2001,110.35
10/9/2001,110.61
10/10/2001,109.63
10/11/2001,109.55
10/12/2001,109.65
10/15/2001,109.8
10/16/2001,110.05
10/17/2001,109.75
10/18/2001,109.23
10/19/2001,109.1
10/22/2001,109.18
10/23/2001,109.03
10/24/2001,109.48
10/25/2001,109.56
10/26/2001,109.25
10/29/2001,109.94
10/30/2001,110.42
10/31/2001,110.37
11/1/2001,110.72
11/2/2001,110.05
11/5/2001,109.3
11/6/2001,108.46
11/7/2001,108.98
11/8/2001,108.25
11/9/2001,107.47
11/12/2001,107.66
11/13/2001,107.14
11/14/2001,107.2
11/15/2001,107.91
11/16/2001,108.46
11/19/2001,108.48
11/20/2001,108.47
11/21/2001,108.02
11/22/2001,108.66
11/23/2001,109.1
11/26/2001,109.33
11/27/2001,108.99
11/28/2001,108.94
11/29/2001,109.23
11/30/2001,110.06
12/3/2001,110.21
12/4/2001,110.5
12/5/2001,110.84
12/6/2001,110.72
12/7/2001,111.5
12/10/2001,111.82
12/11/2001,112.3
12/12/2001,112.6
12/13/2001,113.29
12/14/2001,115.05
12/17/2001,115.68
12/18/2001,115.26
12/19/2001,114.68
12/20/2001,115.05
12/21/2001,115.88
12/24/2001,114.23
12/27/2001,115.9
12/28/2001,115.33
1/2/2002,119.53
1/3/2002,119.02
1/4/2002,117.18
1/7/2002,116.72
1/8/2002,118.22
1/9/2002,118.05
1/10/2002,117.96
1/11/2002,117.82
1/14/2002,117.64
1/15/2002,116.97
1/16/2002,115.83
1/17/2002,116.47
1/18/2002,117.08
1/21/2002,117.24
1/22/2002,118.53
1/23/2002,118.72
1/24/2002,117.95
1/25/2002,116.35
1/28/2002,114.91
1/29/2002,114.94
1/30/2002,114.69
1/31/2002,114.73
2/1/2002,115.66
2/4/2002,115.22
2/5/2002,115.68
2/6/2002,115.55
2/7/2002,115.74
2/8/2002,117.46
2/11/2002,117.76
2/12/2002,116.95
2/13/2002,115.65
2/14/2002,114.91
2/15/2002,115.61
2/18/2002,115.68
2/19/2002,116.3
2/20/2002,116.9
2/21/2002,116.79
2/22/2002,117.07
2/25/2002,116.66
2/26/2002,116.38
2/27/2002,116.6
2/28/2002,116.07
3/1/2002,115.69
3/4/2002,114.4
3/5/2002,114.46
3/6/2002,114.86
3/7/2002,112.96
3/8/2002,112.5
3/11/2002,112.52
3/12/2002,112.4
3/13/2002,113.02
3/14/2002,113.25
3/15/2002,114.12
3/18/2002,115.31
3/19/2002,115.97
3/20/2002,115.72
3/21/2002,116.56
3/22/2002,116.76
3/25/2002,116.66
3/26/2002,116.32
3/27/2002,115.92
3/28/2002,115.51
4/2/2002,117.2
4/3/2002,116.87
4/4/2002,116.68
4/5/2002,115.98
4/8/2002,115.61
4/9/2002,115.29
4/10/2002,114.74
4/11/2002,115.8
4/12/2002,116.28
4/15/2002,115.79
4/16/2002,115.73
4/17/2002,115.97
4/18/2002,116.09
4/19/2002,115.92
4/22/2002,115.36
4/23/2002,115.42
4/24/2002,115.43
4/25/2002,115.27
4/26/2002,115.22
4/29/2002,115.69
4/30/2002,115.66
5/2/2002,115.51
5/3/2002,115.55
5/6/2002,116.34
5/7/2002,116.97
5/8/2002,116.86
5/9/2002,116.6
5/10/2002,116.6
5/13/2002,116.42
5/14/2002,116.17
5/15/2002,115.83
5/16/2002,116.3
5/17/2002,115.65
5/20/2002,115.59
5/21/2002,115.02
5/22/2002,115.15
5/23/2002,115.28
5/24/2002,114.94
5/27/2002,114.83
5/28/2002,115.31
5/29/2002,115.87
5/30/2002,115.76
5/31/2002,116.39
6/3/2002,115.67
6/4/2002,116.44
6/5/2002,116.55
6/6/2002,117.13
6/7/2002,117.56
6/10/2002,117.93
6/11/2002,118.14
6/12/2002,118.73
6/13/2002,118.24
6/14/2002,117.75
6/17/2002,117.1
6/18/2002,118.13
6/19/2002,118.37
6/20/2002,118.68
6/21/2002,117.92
6/24/2002,118.62
6/25/2002,118.2
6/26/2002,118.54
6/27/2002,118.07
6/28/2002,118.2
7/1/2002,118.72
7/2/2002,118.51
7/3/2002,117.44
7/4/2002,117.46
7/5/2002,116.98
7/8/2002,116.8
7/9/2002,117.32
7/10/2002,116.7
7/11/2002,115.43
7/12/2002,115.62
7/15/2002,116.22
7/16/2002,117.18
7/17/2002,117.39
7/18/2002,117.7
7/19/2002,117.74
7/22/2002,117.33
7/23/2002,116.37
7/24/2002,115.72
7/25/2002,116.8
7/26/2002,117.55
7/29/2002,117.42
7/30/2002,117.64
7/31/2002,117.42
8/1/2002,116.94
8/2/2002,117.62
8/5/2002,117.1
8/6/2002,117.12
8/7/2002,116.89
8/8/2002,116.92
8/9/2002,117.17
8/12/2002,116.53
8/13/2002,116.54
8/14/2002,114.9
8/15/2002,114.82
8/16/2002,115.37
8/19/2002,116.15
8/20/2002,116.3
8/21/2002,115.81
8/22/2002,116.24
8/23/2002,116.3
8/26/2002,116.13
8/27/2002,115.46
8/28/2002,116.02
8/29/2002,116.04
8/30/2002,116.35
9/2/2002,116.08
9/3/2002,116.23
9/4/2002,117.05
9/5/2002,117.34
9/6/2002,117.32
9/9/2002,116.79
9/10/2002,116.44
9/11/2002,116.93
9/12/2002,117.17
9/13/2002,117.94
9/16/2002,118.3
9/17/2002,118.64
9/18/2002,118.5
9/19/2002,118.85
9/20/2002,120.66
9/23/2002,121.04
9/24/2002,121.02
9/25/2002,119.99
9/26/2002,120.22
9/27/2002,119.81
9/30/2002,119.67
10/1/2002,120.67
10/2/2002,120.94
10/3/2002,121.47
10/4/2002,121.11
10/7/2002,121.84
10/8/2002,121.73
10/9/2002,121.89
10/10/2002,122.08
10/11/2002,122.53
10/14/2002,122.57
10/15/2002,122.56
10/16/2002,121.86
10/17/2002,121.34
10/18/2002,121.83
10/21/2002,121.53
10/22/2002,122.32
10/23/2002,121.17
10/24/2002,121.08
10/25/2002,121.21
10/28/2002,121.53
10/29/2002,121.21
10/30/2002,120.65
10/31/2002,121.04
11/1/2002,121.58
11/4/2002,121.85
11/5/2002,121.95
11/6/2002,121.84
11/7/2002,121.98
11/8/2002,121.95
11/11/2002,120.9
11/12/2002,120.61
11/13/2002,120.8
11/14/2002,120.85
11/15/2002,121.05
11/18/2002,121.98
11/19/2002,122.75
11/20/2002,122.67
11/21/2002,122.75
11/22/2002,122.88
11/25/2002,121.84
11/26/2002,120.92
11/27/2002,120.57
11/28/2002,121.37
11/29/2002,121.56
12/2/2002,123.14
12/3/2002,124.08
12/4/2002,124.75
12/5/2002,125.18
12/6/2002,125.02
12/9/2002,123.65
12/10/2002,124.66
12/11/2002,124.18
12/12/2002,124.55
12/13/2002,124.46
12/16/2002,123.64
12/17/2002,124.4
12/18/2002,124.35
12/19/2002,123.87
12/20/2002,123.79
12/23/2002,123.35
12/24/2002,123.78
12/27/2002,124.45
12/30/2002,124.27
12/31/2002,124.39
1/2/2003,124.4
1/3/2003,124.56
1/6/2003,124.4
1/7/2003,124.82
1/8/2003,124.9
1/9/2003,125.16
1/10/2003,125.72
1/13/2003,125.74
1/14/2003,125.04
1/15/2003,124.47
1/16/2003,124.74
1/17/2003,125.34
1/20/2003,125.96
1/21/2003,126.5
1/22/2003,126.51
1/23/2003,126.99
1/24/2003,127.4
1/27/2003,127.92
1/28/2003,128.08
1/29/2003,128.49
1/30/2003,128.23
1/31/2003,129.17
2/3/2003,129.27
2/4/2003,129.95
2/5/2003,130.3
2/6/2003,129.62
2/7/2003,129.49
2/10/2003,130.23
2/11/2003,130.04
2/12/2003,129.96
2/13/2003,130.38
2/14/2003,130.04
2/17/2003,128.83
2/18/2003,127.32
2/19/2003,127.56
2/20/2003,127.84
2/21/2003,128.7
2/24/2003,126.35
2/25/2003,126.22
2/26/2003,126.21
2/27/2003,126.45
2/28/2003,127.32
3/3/2003,127.42
3/4/2003,128.38
3/5/2003,128.77
3/6/2003,128.73
3/7/2003,128.68
3/10/2003,128.71
3/11/2003,129.34
3/12/2003,129.21
3/13/2003,128.6
3/14/2003,127.7
3/17/2003,127.16
3/18/2003,126.06
3/19/2003,126.08
3/20/2003,127.47
3/21/2003,127.82
3/24/2003,128.28
3/25/2003,128.22
3/26/2003,128.19
3/27/2003,128.39
3/28/2003,128.89
3/31/2003,129.18
4/1/2003,128.8
4/2/2003,128.72
4/3/2003,127.85
4/4/2003,128.7
4/7/2003,127.82
4/8/2003,127.9
4/9/2003,128.86
4/10/2003,129.18
4/11/2003,129.13
4/14/2003,129.68
4/15/2003,129.79
4/16/2003,130.39
4/17/2003,130.29
4/22/2003,131.37
4/23/2003,131.63
4/24/2003,132.03
4/25/2003,132.73
4/28/2003,132.54
4/29/2003,131.91
4/30/2003,132.98
5/2/2003,133.4
5/5/2003,133.46
5/6/2003,133.92
5/7/2003,133.62
5/8/2003,132.78
5/9/2003,134.76
5/12/2003,135.05
5/13/2003,134.41
5/14/2003,134.25
5/15/2003,132.85
5/16/2003,133.53
5/19/2003,135.93
5/20/2003,136.36
5/21/2003,136.95
5/22/2003,137.1
5/23/2003,137.87
5/26/2003,138.53
5/27/2003,138.93
5/28/2003,138.86
5/29/2003,139.53
5/30/2003,140.31
6/2/2003,138.65
6/3/2003,139.45
6/4/2003,138.6
6/5/2003,139.28
6/6/2003,139.28
6/9/2003,138.62
6/10/2003,138.22
6/11/2003,138.4
6/12/2003,138.14
6/13/2003,138.44
6/16/2003,139.43
6/17/2003,139.34
6/18/2003,138.69
6/19/2003,138.52
6/20/2003,137.94
6/23/2003,136.19
6/24/2003,136.33
6/25/2003,135.68
6/26/2003,135.78
6/27/2003,136.76
6/30/2003,137.32
7/1/2003,138.2
7/2/2003,137.36
7/3/2003,135.73
7/4/2003,135.4
7/7/2003,134.12
7/8/2003,133.78
7/9/2003,134.1
7/10/2003,133.51
7/11/2003,133.25
7/14/2003,132.93
7/15/2003,132.81
7/16/2003,131.93
7/17/2003,133.29
7/18/2003,133.49
7/21/2003,133.84
7/22/2003,135.18
7/23/2003,135.67
7/24/2003,136.5
7/25/2003,136.46
7/28/2003,137.23
7/29/2003,137.26
7/30/2003,136.97
7/31/2003,135.72
8/1/2003,134.63
8/4/2003,136.28
8/5/2003,136.49
8/6/2003,136.95
8/7/2003,136.11
8/8/2003,134.83
8/11/2003,133.86
8/12/2003,134.04
8/13/2003,134.25
8/14/2003,134.76
8/15/2003,134
8/18/2003,133.93
8/19/2003,132.32
8/20/2003,131.46
8/21/2003,129.76
8/22/2003,128.37
8/25/2003,127.85
8/26/2003,127.06
8/27/2003,128.62
8/28/2003,127.11
8/29/2003,127.26
9/1/2003,127.58
9/2/2003,126.94
9/3/2003,125.4
9/4/2003,126.39
9/5/2003,127.64
9/8/2003,129.41
9/9/2003,129.57
9/10/2003,130.51
9/11/2003,131.33
9/12/2003,130.79
9/15/2003,132.54
9/16/2003,130.64
9/17/2003,130.58
9/18/2003,130.15
9/19/2003,129.92
9/22/2003,128.36
9/23/2003,127.93
9/24/2003,127.81
9/25/2003,128.35
9/26/2003,128.77
9/29/2003,127.36
9/30/2003,128.8
10/1/2003,129.64
10/2/2003,129.68
10/3/2003,129.29
10/6/2003,128.66
10/7/2003,129.92
10/8/2003,129.36
10/9/2003,128.63
10/10/2003,127.85
10/13/2003,126.82
10/14/2003,127.79
10/15/2003,127.71
10/16/2003,127.45
10/17/2003,127.2
10/20/2003,128.21
10/21/2003,128.07
10/22/2003,128.14
10/23/2003,129.32
10/24/2003,129.02
10/27/2003,127.37
10/28/2003,126.69
10/29/2003,126.21
10/30/2003,126.97
10/31/2003,126.72
11/3/2003,127.71
11/4/2003,126.47
11/5/2003,125.7
11/6/2003,125.9
11/7/2003,125.82
11/10/2003,124.8
11/11/2003,125.03
11/12/2003,126.42
11/13/2003,126.69
11/14/2003,127.42
11/17/2003,128.56
11/18/2003,128.17
11/19/2003,129.82
11/20/2003,129.66
11/21/2003,129.37
11/24/2003,128.93
11/25/2003,129.41
11/26/2003,129.67
11/27/2003,129.99
11/28/2003,131.24
12/1/2003,131.41
12/2/2003,130.86
12/3/2003,131.25
12/4/2003,130.67
12/5/2003,130.79
12/8/2003,131.4
12/9/2003,131.45
12/10/2003,132.33
12/11/2003,131.87
12/12/2003,132.14
12/15/2003,132.09
12/16/2003,132.74
12/17/2003,132.76
12/18/2003,133.38
12/19/2003,133.63
12/22/2003,133.53
12/23/2003,133.19
12/24/2003,133.12
12/29/2003,133.68
12/30/2003,133.72
12/31/2003,135.05
1/2/2004,134.72
1/5/2004,134.53
1/6/2004,135.46
1/7/2004,134.63
1/8/2004,134.11
1/9/2004,136.18
1/12/2004,136.57
1/13/2004,135.64
1/14/2004,134.7
1/15/2004,134.09
1/16/2004,132.47
1/19/2004,132.43
1/20/2004,134.43
1/21/2004,134.86
1/22/2004,135.27
1/23/2004,134.48
1/26/2004,133.43
1/27/2004,132.51
1/28/2004,133.05
1/29/2004,132.13
1/30/2004,131.06
2/2/2004,131.57
2/3/2004,132.82
2/4/2004,132.04
2/5/2004,132.73
2/6/2004,133.54
2/9/2004,134.43
2/10/2004,134.51
2/11/2004,133.84
2/12/2004,135.04
2/13/2004,135.04
2/16/2004,134.39
2/17/2004,135.75
2/18/2004,135.65
2/19/2004,135.85
2/20/2004,136.51
2/23/2004,136.12
2/24/2004,136.48
2/25/2004,137.24
2/26/2004,136.4
2/27/2004,135.63
3/1/2004,136.28
3/2/2004,135.98
3/3/2004,133.81
3/4/2004,134.43
3/5/2004,135.5
3/8/2004,138.6
3/9/2004,137.7
3/10/2004,136.36
3/11/2004,135.58
3/12/2004,136.15
3/15/2004,136.02
3/16/2004,135
3/17/2004,132.75
3/18/2004,131.22
3/19/2004,132
3/22/2004,132.17
3/23/2004,131.17
3/24/2004,129.76
3/25/2004,128.72
3/26/2004,128.59
3/29/2004,128.13
3/30/2004,128.99
3/31/2004,126.97
4/1/2004,127.82
4/2/2004,128.36
4/5/2004,126.34
4/6/2004,128.24
4/7/2004,127.94
4/8/2004,128.37
4/13/2004,126.92
4/14/2004,128.44
4/15/2004,129.39
4/16/2004,129.49
4/19/2004,129.92
4/20/2004,128.61
4/21/2004,129.79
4/22/2004,130.08
4/23/2004,129.55
4/26/2004,128.93
4/27/2004,130.47
4/28/2004,130.17
4/29/2004,130.86
4/30/2004,131.87
5/3/2004,131.51
5/4/2004,132.53
5/5/2004,131.93
5/6/2004,132.64
5/7/2004,133.54
5/10/2004,134.43
5/11/2004,134.32
5/12/2004,134.18
5/13/2004,135.14
5/14/2004,135.52
5/17/2004,136.68
5/18/2004,136.43
5/19/2004,135.29
5/20/2004,134.87
5/21/2004,134.78
5/24/2004,134.62
5/25/2004,136.05
5/26/2004,135.07
5/27/2004,135.59
5/28/2004,135.77
5/31/2004,133.24
6/1/2004,134.04
6/2/2004,135.64
6/3/2004,136.19
6/4/2004,135.78
6/7/2004,135.36
6/8/2004,135.08
6/9/2004,132.57
6/10/2004,131.84
6/11/2004,132.19
6/14/2004,133.45
6/15/2004,134.01
6/16/2004,132.63
6/17/2004,131.8
6/18/2004,131.42
6/21/2004,131.19
6/22/2004,131.17
6/23/2004,131.6
6/24/2004,130.32
6/25/2004,130.84
6/28/2004,131.59
6/29/2004,131.83
6/30/2004,132.4
7/1/2004,131.64
7/2/2004,132.64
7/5/2004,133.98
7/6/2004,134.38
7/7/2004,133.96
7/8/2004,134.58
7/9/2004,134.24
7/12/2004,134.12
7/13/2004,133.97
7/14/2004,134.8
7/15/2004,134.98
7/16/2004,135.37
7/19/2004,134.26
7/20/2004,134.31
7/21/2004,134.08
7/22/2004,134.26
7/23/2004,134.06
7/26/2004,133.22
7/27/2004,133.62
7/28/2004,134.15
7/29/2004,135
7/30/2004,134.19
8/2/2004,134.09
8/3/2004,133.23
8/4/2004,133.72
8/5/2004,134.13
8/6/2004,134.62
8/9/2004,135.77
8/10/2004,136.08
8/11/2004,135.84
8/12/2004,135.86
8/13/2004,136.5
8/16/2004,136.66
8/17/2004,136.45
8/18/2004,135.56
8/19/2004,135.36
8/20/2004,134.76
8/23/2004,134.19
8/24/2004,133.02
8/25/2004,133.19
8/26/2004,133.04
8/27/2004,132.36
8/30/2004,132.37
8/31/2004,133.05
9/1/2004,133.09
9/2/2004,133.05
9/3/2004,132.96
9/6/2004,132.88
9/7/2004,132.54
9/8/2004,132.01
9/9/2004,133.71
9/10/2004,134.61
9/13/2004,134.91
9/14/2004,134.46
9/15/2004,134.19
9/16/2004,133.24
9/17/2004,134.32
9/20/2004,133.21
9/21/2004,134.57
9/22/2004,135.37
9/23/2004,136.34
9/24/2004,136.17
9/27/2004,136.3
9/28/2004,137.4
9/29/2004,136.62
9/30/2004,137.17
10/1/2004,136.85
10/4/2004,136.54
10/5/2004,136.51
10/6/2004,136.45
10/7/2004,136.84
10/8/2004,136.05
10/11/2004,135.32
10/12/2004,135.22
10/13/2004,134.91
10/14/2004,135.41
10/15/2004,135.66
10/18/2004,136.51
10/19/2004,135.81
10/20/2004,136.43
10/21/2004,135.73
10/22/2004,135.64
10/25/2004,136.3
10/26/2004,136.51
10/27/2004,136.37
10/28/2004,135.2
10/29/2004,135.13
11/1/2004,135.53
11/2/2004,135.17
11/3/2004,135.86
11/4/2004,136.64
11/5/2004,136.51
11/8/2004,136.56
11/9/2004,136.57
11/10/2004,137.44
11/11/2004,137.65
11/12/2004,136.93
11/15/2004,136.48
11/16/2004,136.64
11/17/2004,135.97
11/18/2004,135.54
11/19/2004,134.97
11/22/2004,134.47
11/23/2004,134.81
11/24/2004,135.26
11/25/2004,135.75
11/26/2004,136.39
11/29/2004,136.24
11/30/2004,136.54
12/1/2004,136.83
12/2/2004,136.78
12/3/2004,137.05
12/6/2004,137.47
12/7/2004,138.3
12/8/2004,138.63
12/9/2004,139.17
12/10/2004,139.59
12/13/2004,139.01
12/14/2004,139.7
12/15/2004,139.51
12/16/2004,138.93
12/17/2004,138.37
12/20/2004,139.44
12/21/2004,139.85
12/22/2004,139.18
12/23/2004,139.88
12/24/2004,140.26
12/27/2004,140.34
12/28/2004,140.49
12/29/2004,140.76
12/30/2004,141.03
12/31/2004,139.65
1/3/2005,138.84
1/4/2005,138.49
1/5/2005,138.09
1/6/2005,138.3
1/7/2005,138.06
1/10/2005,136.83
1/11/2005,136.7
1/12/2005,135.47
1/13/2005,135.71
1/14/2005,134.32
1/17/2005,133.52
1/18/2005,134.08
1/19/2005,133.98
1/20/2005,133.22
1/21/2005,134.6
1/24/2005,134.34
1/25/2005,134.85
1/26/2005,134.47
1/27/2005,134.78
1/28/2005,134.69
1/31/2005,134.96
2/1/2005,135.16
2/2/2005,135.3
2/3/2005,135.54
2/4/2005,134.71
2/7/2005,133.98
2/8/2005,134.85
2/9/2005,134.85
2/10/2005,135.96
2/11/2005,136.11
2/14/2005,136.2
2/15/2005,136.42
2/16/2005,137
2/17/2005,137.8
2/18/2005,137.63
2/21/2005,137.76
2/22/2005,137.42
2/23/2005,138.45
2/24/2005,139.07
2/25/2005,138.74
2/28/2005,138.04
3/1/2005,137.9
3/2/2005,137.43
3/3/2005,137.83
3/4/2005,138.33
3/7/2005,138.88
3/8/2005,138.94
3/9/2005,139.18
3/10/2005,139.62
3/11/2005,139.67
3/14/2005,140.12
3/15/2005,139.74
3/16/2005,139.33
3/17/2005,139.72
3/18/2005,139.28
3/21/2005,139.09
3/22/2005,138.45
3/23/2005,137.7
3/24/2005,138.1
3/29/2005,138.61
3/30/2005,139.13
3/31/2005,138.44
4/1/2005,139.07
4/4/2005,139.18
4/5/2005,139.16
4/6/2005,139.75
4/7/2005,139.84
4/8/2005,139.46
4/11/2005,139.76
4/12/2005,139.97
4/13/2005,138.71
4/14/2005,138.64
4/15/2005,139.08
4/18/2005,139.6
4/19/2005,139.54
4/20/2005,139.5
4/21/2005,140.27
4/22/2005,138.96
4/25/2005,137.31
4/26/2005,137.54
4/27/2005,137.35
4/28/2005,136.63
4/29/2005,136.24
5/2/2005,135.54
5/3/2005,135.23
5/4/2005,135.21
5/5/2005,135.28
5/6/2005,135.71
5/9/2005,135.46
5/10/2005,135.86
5/11/2005,135.7
5/12/2005,135.66
5/13/2005,135.2
5/16/2005,135.63
5/17/2005,135.52
5/18/2005,135.44
5/19/2005,135.62
5/20/2005,135.98
5/23/2005,135.45
5/24/2005,135.39
5/25/2005,135.33
5/26/2005,135.58
5/27/2005,135.27
5/30/2005,134.68
5/31/2005,133.47
6/1/2005,132.84
6/2/2005,132.72
6/3/2005,132.57
6/6/2005,131.44
6/7/2005,131.13
6/8/2005,131.69
6/9/2005,131.37
6/10/2005,131.42
6/13/2005,131.74
6/14/2005,132.33
6/15/2005,132.06
6/16/2005,132.26
6/17/2005,132.47
6/20/2005,133.09
6/21/2005,132.2
6/22/2005,131.79
6/23/2005,130.88
6/24/2005,131.92
6/27/2005,132.91
6/28/2005,132.94
6/29/2005,133.03
6/30/2005,133.95
7/1/2005,134.24
7/4/2005,132.67
7/5/2005,133.03
7/6/2005,133.23
7/7/2005,133.53
7/8/2005,133.84
7/11/2005,134.4
7/12/2005,135.33
7/13/2005,135.67
7/14/2005,135.24
7/15/2005,135.35
7/18/2005,135.29
7/19/2005,135.07
7/20/2005,136.35
7/21/2005,135.21
7/22/2005,134.98
7/25/2005,134.87
7/26/2005,134.56
7/27/2005,134.92
7/28/2005,136
7/29/2005,135.91
8/1/2005,136.67
8/2/2005,136.07
8/3/2005,136.81
8/4/2005,137.33
8/5/2005,138.13
8/8/2005,138.13
8/9/2005,138.64
8/10/2005,137.4
8/11/2005,136.94
8/12/2005,136.32
8/15/2005,135.54
8/16/2005,134.63
8/17/2005,134.85
8/18/2005,134.82
8/19/2005,134.51
8/22/2005,133.93
8/23/2005,134.61
8/24/2005,134.77
8/25/2005,135.02
8/26/2005,134.93
8/29/2005,135.73
8/30/2005,135.81
8/31/2005,136.06
9/1/2005,136.95
9/2/2005,137.66
9/5/2005,136.69
9/6/2005,136.75
9/7/2005,136.97
9/8/2005,137.16
9/9/2005,136.63
9/12/2005,135.2
9/13/2005,136.17
9/14/2005,135.42
9/15/2005,134.89
9/16/2005,135.78
9/19/2005,135.31
9/20/2005,135.43
9/21/2005,135.95
9/22/2005,135.89
9/23/2005,135.07
9/26/2005,135.21
9/27/2005,136.01
9/28/2005,136.08
9/29/2005,135.92
9/30/2005,136.25
10/3/2005,136.07
10/4/2005,136.44
10/5/2005,136.06
10/6/2005,137.3
10/7/2005,137.82
10/10/2005,137.9
10/11/2005,137.22
10/12/2005,137.49
10/13/2005,137.54
10/14/2005,137.67
10/17/2005,138
10/18/2005,138.29
10/19/2005,138.07
10/20/2005,138.19
10/21/2005,138.87
10/24/2005,138.15
10/25/2005,138.78
10/26/2005,139.67
10/27/2005,139.89
10/28/2005,140.03
10/31/2005,139.64
11/1/2005,140.02
11/2/2005,140.26
11/3/2005,140.76
11/4/2005,140.52
11/7/2005,139.23
11/8/2005,138.22
11/9/2005,137.68
11/10/2005,138.41
11/11/2005,138.11
11/14/2005,139.06
11/15/2005,139.11
11/16/2005,139.4
11/17/2005,138.82
11/18/2005,139.27
11/21/2005,140.41
11/22/2005,139.72
11/23/2005,139.78
11/24/2005,140.03
11/25/2005,140.44
11/28/2005,140.39
11/29/2005,140.57
11/30/2005,140.8
12/1/2005,141.18
12/2/2005,141.36
12/5/2005,142.19
12/6/2005,142.64
12/7/2005,141.68
12/8/2005,141.82
12/9/2005,142.01
12/12/2005,143.46
12/13/2005,143.47
12/14/2005,142.23
12/15/2005,139.28
12/16/2005,139.28
12/19/2005,139.24
12/20/2005,139.36
12/21/2005,139.18
12/22/2005,138.84
12/23/2005,138.34
12/27/2005,138.61
12/28/2005,139.61
12/29/2005,139.43
12/30/2005,138.9
1/2/2006,139.56
1/3/2006,139.45
1/4/2006,140.19
1/5/2006,140.31
1/6/2006,140.21
1/9/2006,137.85
1/10/2006,138.12
1/11/2006,138.31
1/12/2006,137.5
1/13/2006,138.13
1/16/2006,139.23
1/17/2006,139.23
1/18/2006,139.51
1/19/2006,139.06
1/20/2006,139.15
1/23/2006,140.35
1/24/2006,140.45
1/25/2006,141.12
1/26/2006,141.85
1/27/2006,142.19
1/30/2006,141.99
1/31/2006,142.17
2/1/2006,142.22
2/2/2006,143.04
2/3/2006,143.05
2/6/2006,142.28
2/7/2006,141.24
2/8/2006,141.51
2/9/2006,141.91
2/10/2006,140.77
2/13/2006,140.35
2/14/2006,139.57
2/15/2006,139.96
2/16/2006,140.11
2/17/2006,140.77
2/20/2006,141.11
2/21/2006,141.61
2/22/2006,140.91
2/23/2006,139.88
2/24/2006,139.11
2/27/2006,137.77
2/28/2006,138.18
3/1/2006,138.56
3/2/2006,138.73
3/3/2006,139.96
3/6/2006,141.04
3/7/2006,140.34
3/8/2006,140.35
3/9/2006,140.1
3/10/2006,141.11
3/13/2006,141.94
3/14/2006,141.31
3/15/2006,141.31
3/16/2006,142.06
3/17/2006,141.47
3/20/2006,141.07
3/21/2006,141.61
3/22/2006,141.34
3/23/2006,141.12
3/24/2006,141.52
3/27/2006,140.15
3/28/2006,141.09
3/29/2006,141.58
3/30/2006,141.9
3/31/2006,142.42
4/3/2006,142.77
4/4/2006,143.69
4/5/2006,144.16
4/6/2006,144.81
4/7/2006,143.57
4/10/2006,143.22
4/11/2006,143.73
4/12/2006,143.22
4/13/2006,143.48
4/18/2006,144.53
4/19/2006,144.6
4/20/2006,145.27
4/21/2006,144.36
4/24/2006,142.17
4/25/2006,142.11
4/26/2006,142.87
4/27/2006,142.71
4/28/2006,143.29
5/2/2006,143.48
5/3/2006,143.38
5/4/2006,143.62
5/5/2006,144.51
5/8/2006,141.88
5/9/2006,141.62
5/10/2006,141.27
5/11/2006,141.41
5/12/2006,141.56
5/15/2006,141.32
5/16/2006,141.33
5/17/2006,140.88
5/18/2006,141.94
5/19/2006,142.64
5/22/2006,143.55
5/23/2006,143.04
5/24/2006,143.86
5/25/2006,143.08
5/26/2006,143.5
5/29/2006,143.23
5/30/2006,144.05
5/31/2006,144.32
6/1/2006,144.19
6/2/2006,144.59
6/5/2006,144.66
6/6/2006,144.74
6/7/2006,144.89
6/8/2006,145.66
6/9/2006,144.25
6/12/2006,143.89
6/13/2006,144.14
6/14/2006,144.68
6/15/2006,144.84
6/16/2006,145.41
6/19/2006,145.43
6/20/2006,144.43
6/21/2006,145.22
6/22/2006,145.48
6/23/2006,145.5
6/26/2006,146.13
6/27/2006,146.42
6/28/2006,146.12
6/29/2006,146
6/30/2006,145.75
7/3/2006,146.66
7/4/2006,146.57
7/5/2006,146.74
7/6/2006,147.09
7/7/2006,146.59
7/10/2006,145.17
7/11/2006,145.69
7/12/2006,146.56
7/13/2006,146.33
7/14/2006,146.83
7/17/2006,146.66
7/18/2006,146.61
7/19/2006,146.91
7/20/2006,147.68
7/21/2006,146.96
7/24/2006,147.32
7/25/2006,147.52
7/26/2006,147.1
7/27/2006,147.25
7/28/2006,146.57
7/31/2006,145.82
8/1/2006,146.42
8/2/2006,146.88
8/3/2006,146.84
8/4/2006,147.66
8/7/2006,147.87
8/8/2006,147.7
8/9/2006,148.17
8/10/2006,147.62
8/11/2006,148.21
8/14/2006,148.34
8/15/2006,148.36
8/16/2006,148.7
8/17/2006,148.56
8/18/2006,148.33
8/21/2006,149.43
8/22/2006,149.17
8/23/2006,149.09
8/24/2006,149.28
8/25/2006,149.64
8/28/2006,149.85
8/29/2006,149.54
8/30/2006,150.08
8/31/2006,150.56
9/1/2006,150.3
9/4/2006,149.22
9/5/2006,148.47
9/6/2006,149.23
9/7/2006,148.05
9/8/2006,147.91
9/11/2006,149.14
9/12/2006,149.49
9/13/2006,149.23
9/14/2006,149.58
9/15/2006,149.09
9/18/2006,149.47
9/19/2006,148.81
9/20/2006,148.7
9/21/2006,148.84
9/22/2006,148.89
9/25/2006,148.78
9/26/2006,147.83
9/27/2006,148.9
9/28/2006,149.57
9/29/2006,149.34
10/2/2006,149.99
10/3/2006,149.86
10/4/2006,149.8
10/5/2006,149.45
10/6/2006,149.47
10/9/2006,150.09
10/10/2006,149.97
10/11/2006,149.96
10/12/2006,149.87
10/13/2006,149.84
10/16/2006,149.13
10/17/2006,148.67
10/18/2006,148.83
10/19/2006,149.08
10/20/2006,149.29
10/23/2006,149.71
10/24/2006,149.98
10/25/2006,149.93
10/26/2006,150.4
10/27/2006,150.26
10/30/2006,149.17
10/31/2006,149.59
11/1/2006,149.24
11/2/2006,149.4
11/3/2006,149.62
11/6/2006,150.45
11/7/2006,150.37
11/8/2006,150.35
11/9/2006,151.16
11/10/2006,151.17
11/13/2006,151.28
11/14/2006,150.88
11/15/2006,151.01
11/16/2006,151.16
11/17/2006,151.17
11/20/2006,151.57
11/21/2006,151.24
11/22/2006,150.75
11/23/2006,150.61
11/24/2006,151.36
11/27/2006,152.24
11/28/2006,152.99
11/29/2006,153.01
11/30/2006,153.29
12/1/2006,153.77
12/4/2006,153.89
12/5/2006,152.74
12/6/2006,152.66
12/7/2006,152.87
12/8/2006,153.48
12/11/2006,154.33
12/12/2006,154.94
12/13/2006,155.34
12/14/2006,155.04
12/15/2006,155.04
12/18/2006,154.34
12/19/2006,155.48
12/20/2006,156
12/21/2006,155.85
12/22/2006,156.26
12/27/2006,156.1
12/28/2006,156.61
12/29/2006,156.93
1/2/2007,157.76
1/3/2007,157.76
1/4/2007,156.11
1/5/2007,154.55
1/8/2007,154.42
1/9/2007,155.26
1/10/2007,154.99
1/11/2007,156.16
1/12/2007,155.24
1/15/2007,156
1/16/2007,156.27
1/17/2007,155.75
1/18/2007,156.79
1/19/2007,157.13
1/22/2007,157.53
1/23/2007,158.02
1/24/2007,158.06
1/25/2007,156.88
1/26/2007,156.71
1/29/2007,157.7
1/30/2007,157.99
1/31/2007,157.27
2/1/2007,156.85
2/2/2007,157.63
2/5/2007,155.85
2/6/2007,155.56
2/7/2007,156.74
2/8/2007,157.68
2/9/2007,158.06
2/12/2007,157.94
2/13/2007,157.99
2/14/2007,158.55
2/15/2007,157.78
2/16/2007,156.27
2/19/2007,157.01
2/20/2007,158.01
2/21/2007,158.91
2/22/2007,159
2/23/2007,159.35
2/26/2007,158.7
2/27/2007,157.68
2/28/2007,156.45
3/1/2007,155.42
3/2/2007,153.91
3/5/2007,150.93
3/6/2007,152.69
3/7/2007,152.81
3/8/2007,154.02
3/9/2007,154.28
3/12/2007,154.44
3/13/2007,154.14
3/14/2007,153.66
3/15/2007,155.09
3/16/2007,155.62
3/19/2007,156.17
3/20/2007,156.15
3/21/2007,156.64
3/22/2007,157.27
3/23/2007,156.65
3/26/2007,157.05
3/27/2007,157.91
3/28/2007,156.38
3/29/2007,156.75
3/30/2007,157.32
4/2/2007,157.35
4/3/2007,158.53
4/4/2007,158.7
4/5/2007,159
4/10/2007,160.05
4/11/2007,160
4/12/2007,160.62
4/13/2007,160.55
4/16/2007,161.96
4/17/2007,161.81
4/18/2007,160.77
4/19/2007,160.13
4/20/2007,161.45
4/23/2007,160.91
4/24/2007,161.39
4/25/2007,161.95
4/26/2007,162.26
4/27/2007,162.76
4/30/2007,162.82
5/2/2007,163.28
5/3/2007,163.47
5/4/2007,163.15
5/7/2007,163.31
5/8/2007,162.29
5/9/2007,162.35
5/10/2007,162.86
5/11/2007,161.46
5/14/2007,163.06
5/15/2007,163.08
5/16/2007,163.64
5/17/2007,163.77
5/18/2007,163
5/21/2007,163.32
5/22/2007,163.47
5/23/2007,163.85
5/24/2007,163.2
5/25/2007,163.5
5/28/2007,163.71
5/29/2007,164.23
5/30/2007,163.26
5/31/2007,163.56
6/1/2007,163.81
6/4/2007,164.34
6/5/2007,164.42
6/6/2007,163.67
6/7/2007,163.43
6/8/2007,162.4
6/11/2007,162.55
6/12/2007,162.56
6/13/2007,162.52
6/14/2007,163.56
6/15/2007,164.42
6/18/2007,165.46
6/19/2007,165.46
6/20/2007,165.88
6/21/2007,165.5
6/22/2007,166.75
6/25/2007,166.21
6/26/2007,165.78
6/27/2007,164.69
6/28/2007,165.61
6/29/2007,166.63
7/2/2007,166.66
7/3/2007,166.63
7/4/2007,166.87
7/5/2007,167.1
7/6/2007,167.57
7/9/2007,168.13
7/10/2007,167.86
7/11/2007,167.39
7/12/2007,168.39
7/13/2007,168.68
7/16/2007,167.84
7/17/2007,168.07
7/18/2007,168.3
7/19/2007,168.66
7/20/2007,168.46
7/23/2007,167.58
7/24/2007,167.22
7/25/2007,165.55
7/26/2007,164.52
7/27/2007,162.12
7/30/2007,161.58
7/31/2007,163.59
8/1/2007,161.9
8/2/2007,162.8
8/3/2007,163.24
8/6/2007,162.88
8/7/2007,163.67
8/8/2007,164.5
8/9/2007,162.68
8/10/2007,160.37
8/13/2007,161.47
8/14/2007,160.74
8/15/2007,157.39
8/16/2007,153.19
8/17/2007,152.74
8/20/2007,155.14
8/21/2007,154.98
8/22/2007,155.32
8/23/2007,158.26
8/24/2007,157.7
8/27/2007,158.63
8/28/2007,157.55
8/29/2007,156.48
8/30/2007,157.33
8/31/2007,159.25
9/3/2007,157.86
9/4/2007,156.84
9/5/2007,157.11
9/6/2007,157.32
9/7/2007,157.79
9/10/2007,156.64
9/11/2007,157.31
9/12/2007,158.14
9/13/2007,159.52
9/14/2007,159.2
9/17/2007,159.45
9/18/2007,160.16
9/19/2007,161.8
9/20/2007,161.43
9/21/2007,162.46
9/24/2007,162.35
9/25/2007,161.24
9/26/2007,162.93
9/27/2007,163.29
9/28/2007,163.55
10/1/2007,164.76
10/2/2007,163.92
10/3/2007,164.86
10/4/2007,164.51
10/5/2007,164.6
10/8/2007,165.49
10/9/2007,164.54
10/10/2007,166.05
10/11/2007,166.96
10/12/2007,166.51
10/15/2007,167.52
10/16/2007,165.17
10/17/2007,166.27
10/18/2007,165
10/19/2007,164.86
10/22/2007,161.4
10/23/2007,163.5
10/24/2007,162.67
10/25/2007,163.64
10/26/2007,164.5
10/29/2007,165.17
10/30/2007,165.41
10/31/2007,166.49
11/1/2007,166.29
11/2/2007,166.88
11/5/2007,165.39
11/6/2007,166.9
11/7/2007,166.07
11/8/2007,165.9
11/9/2007,163.22
11/12/2007,159.55
11/13/2007,160.96
11/14/2007,163.26
11/15/2007,161.98
11/16/2007,161.98
11/19/2007,161.58
11/20/2007,162.85
11/21/2007,160.92
11/22/2007,161.22
11/23/2007,159.87
11/26/2007,160.96
11/27/2007,160.11
11/28/2007,162.02
11/29/2007,162.26
11/30/2007,163.43
12/3/2007,161.82
12/4/2007,161.85
12/5/2007,162.33
12/6/2007,161.55
12/7/2007,163.38
12/10/2007,164.53
12/11/2007,164.24
12/12/2007,163.41
12/13/2007,164.21
12/14/2007,163.99
12/17/2007,163.12
12/18/2007,163.44
12/19/2007,162.54
12/20/2007,162.3
12/21/2007,163.27
12/24/2007,164.25
12/27/2007,166.22
12/28/2007,166.13
12/31/2007,164.93
1/2/2008,163.83
1/3/2008,160.68
1/4/2008,160.86
1/7/2008,160.65
1/8/2008,161.23
1/9/2008,160.61
1/10/2008,161.08
1/11/2008,161.18
1/14/2008,160.55
1/15/2008,160.02
1/16/2008,157.29
1/17/2008,157.07
1/18/2008,157.7
1/21/2008,153.85
1/22/2008,154.13
1/23/2008,153.5
1/24/2008,156.3
1/25/2008,158.35
1/28/2008,157.67
1/29/2008,158.02
1/30/2008,158.39
1/31/2008,157.93
2/1/2008,158.51
2/4/2008,158.5
2/5/2008,157.79
2/6/2008,155.58
2/7/2008,154.59
2/8/2008,155.89
2/11/2008,155.42
2/12/2008,156.18
2/13/2008,156.83
2/14/2008,158.22
2/15/2008,157.78
2/18/2008,158.36
2/19/2008,158.64
2/20/2008,158.32
2/21/2008,159.27
2/22/2008,158.76
2/25/2008,159.71
2/26/2008,160.45
2/27/2008,159.95
2/28/2008,160.57
2/29/2008,158.03
3/3/2008,156.79
3/4/2008,156.78
3/5/2008,157.65
3/6/2008,158.55
3/7/2008,157.47
3/10/2008,156.87
3/11/2008,158.37
3/12/2008,158.45
3/13/2008,156.45
3/14/2008,157.07
3/17/2008,152.5
3/18/2008,154.42
3/19/2008,156.16
3/20/2008,153.2
3/25/2008,155.9
3/26/2008,155.89
3/27/2008,157.53
3/28/2008,157.86
3/31/2008,157.37
4/1/2008,157.55
4/2/2008,159.4
4/3/2008,159.75
4/4/2008,160.88
4/7/2008,161.13
4/8/2008,160.75
4/9/2008,161.36
4/10/2008,159.18
4/11/2008,159.83
4/14/2008,159.38
4/15/2008,159.87
4/16/2008,161.41
4/17/2008,162.74
4/18/2008,163.99
4/21/2008,164.43
4/22/2008,164.43
4/23/2008,164.3
4/24/2008,163.07
4/25/2008,163.01
4/28/2008,163.55
4/29/2008,161.73
4/30/2008,162.62
5/2/2008,161.94
5/5/2008,162.73
5/6/2008,162.25
5/7/2008,162.55
5/8/2008,160.15
5/9/2008,158.81
5/12/2008,160.42
5/13/2008,160.71
5/14/2008,162.48
5/15/2008,162.61
5/16/2008,162.29
5/19/2008,162.04
5/20/2008,162.84
5/21/2008,162.82
5/22/2008,162.71
5/23/2008,162.97
5/26/2008,162.97
5/27/2008,163.65
5/28/2008,164.07
5/29/2008,163.76
5/30/2008,163.74
6/2/2008,162.64
6/3/2008,163
6/4/2008,161.82
6/5/2008,163.46
6/6/2008,165.75
6/9/2008,166.76
6/10/2008,165.77
6/11/2008,166.37
6/12/2008,166.08
6/13/2008,166.05
6/16/2008,167.26
6/17/2008,167.59
6/18/2008,167.62
6/19/2008,166.94
6/20/2008,167.83
6/23/2008,167.46
6/24/2008,168
6/25/2008,168.4
6/26/2008,169.23
6/27/2008,167.08
6/30/2008,166.44
7/1/2008,166.57
7/2/2008,168.41
7/3/2008,168.62
7/4/2008,167.31
7/7/2008,168.47
7/8/2008,167.96
7/9/2008,168.87
7/10/2008,168.5
7/11/2008,168.35
7/14/2008,169.24
7/15/2008,167.48
7/16/2008,165.66
7/17/2008,167.43
7/18/2008,169.03
7/21/2008,169.65
7/22/2008,169.26
7/23/2008,169.75
7/24/2008,168.92
7/25/2008,168.77
7/28/2008,169.63
7/29/2008,169.33
7/30/2008,168.2
7/31/2008,169.02
8/1/2008,167.44
8/4/2008,168.39
8/5/2008,167.06
8/6/2008,168.16
8/7/2008,169.16
8/8/2008,165.61
8/11/2008,164.73
8/12/2008,163.97
8/13/2008,162.05
8/14/2008,163.36
8/15/2008,162.7
8/18/2008,162.2
8/19/2008,161.11
8/20/2008,162.22
8/21/2008,160.35
8/22/2008,162.55
8/25/2008,162.32
8/26/2008,160.19
8/27/2008,160.98
8/28/2008,161.44
8/29/2008,160.22
9/1/2008,157.72
9/2/2008,158.01
9/3/2008,156.75
9/4/2008,156.76
9/5/2008,151.54
9/8/2008,154.42
9/9/2008,152.9
9/10/2008,150.52
9/11/2008,148.69
9/12/2008,150.91
9/15/2008,149.87
9/16/2008,148.07
9/17/2008,150.26
9/18/2008,151.96
9/19/2008,153.03
9/22/2008,155.2
9/23/2008,155.42
9/24/2008,155.57
9/25/2008,155.91
9/26/2008,154.13
9/29/2008,152.3
9/30/2008,150.47
10/1/2008,149.55
10/2/2008,146.45
10/3/2008,145.09
10/6/2008,140.78
10/7/2008,139.51
10/8/2008,138.42
10/9/2008,137.84
10/10/2008,134.68
10/13/2008,136.63
10/14/2008,141.25
10/15/2008,138.18
10/16/2008,135.91
10/17/2008,135.57
10/20/2008,136.45
10/21/2008,133.06
10/22/2008,126.88
10/23/2008,124.41
10/24/2008,117.4
10/27/2008,115.75
10/28/2008,119.42
10/29/2008,124
10/30/2008,128.73
10/31/2008,124.97
11/3/2008,126.38
11/4/2008,127.35
11/5/2008,127.4
11/6/2008,124.86
11/7/2008,124.29
11/10/2008,127.89
11/11/2008,124.77
11/12/2008,121.81
11/13/2008,120.34
11/14/2008,122.17
11/17/2008,121.93
11/18/2008,121.92
11/19/2008,122.07
11/20/2008,119.87
11/21/2008,119.3
11/24/2008,122.52
11/25/2008,123.08
11/26/2008,123.1
11/27/2008,123.04
11/28/2008,121.46
12/1/2008,118.42
12/2/2008,118.56
12/3/2008,117.39
12/4/2008,117.1
12/5/2008,116.91
12/8/2008,120.1
12/9/2008,118.85
12/10/2008,119.77
12/11/2008,120.67
12/12/2008,120.21
12/15/2008,122.42
12/16/2008,123.2
12/17/2008,124.35
12/18/2008,129.22
12/19/2008,124.74
12/22/2008,125.66
12/23/2008,126.03
12/24/2008,126.65
12/29/2008,128.98
12/30/2008,127.4
12/31/2008,126.14
1/2/2009,126.64
1/5/2009,126.81
1/6/2009,125.84
1/7/2009,126.77
1/8/2009,124.34
1/9/2009,124.4
1/12/2009,120.48
1/13/2009,118.54
1/14/2009,117.66
1/15/2009,116.97
1/16/2009,120.11
1/19/2009,119.16
1/20/2009,116.9
1/21/2009,116.11
1/22/2009,114.98
1/23/2009,113.65
1/26/2009,115.82
1/27/2009,117.59
1/28/2009,118.57
1/29/2009,118.07
1/30/2009,114.98
2/2/2009,114.04
2/3/2009,115.02
2/4/2009,114.28
2/5/2009,115.04
2/6/2009,116.7
2/9/2009,119.21
2/10/2009,118.39
2/11/2009,116.5
2/12/2009,115.46
2/13/2009,117.59
2/16/2009,117.33
2/17/2009,116.2
2/18/2009,116.83
2/19/2009,118.99
2/20/2009,118.62
2/23/2009,121.09
2/24/2009,122.4
2/25/2009,123.76
2/26/2009,125.33
2/27/2009,123.23
3/2/2009,122.52
3/3/2009,123.64
3/4/2009,124.67
3/5/2009,124.71
3/6/2009,122.53
3/9/2009,124.4
3/10/2009,125.45
3/11/2009,125.35
3/12/2009,124.3
3/13/2009,127.03
3/16/2009,128.51
3/17/2009,128.1
3/18/2009,128.94
3/19/2009,129.67
3/20/2009,129.87
3/23/2009,131.12
3/24/2009,132.68
3/25/2009,132.24
3/26/2009,133.63
3/27/2009,129.91
3/30/2009,127.93
3/31/2009,131.17
4/1/2009,130.86
4/2/2009,133.48
4/3/2009,134.08
4/6/2009,136.02
4/7/2009,132.8
4/8/2009,132.37
4/9/2009,133.05
4/14/2009,132.57
4/15/2009,130.7
4/16/2009,130.5
4/17/2009,129.67
4/20/2009,127.8
4/21/2009,126.82
4/22/2009,126.85
4/23/2009,128.28
4/24/2009,128.3
4/27/2009,126.82
4/28/2009,125.08
4/29/2009,128.53
4/30/2009,130.34
5/4/2009,131.52
5/5/2009,132.59
5/6/2009,131.17
5/7/2009,132.72
5/8/2009,133.36
5/11/2009,132.82
5/12/2009,132.9
5/13/2009,130.9
5/14/2009,129.41
5/15/2009,128.67
5/18/2009,129.28
5/19/2009,130.91
5/20/2009,131.06
5/21/2009,130.84
5/22/2009,131.41
5/25/2009,133.22
5/26/2009,132.06
5/27/2009,132.48
5/28/2009,134.38
5/29/2009,135.22
6/1/2009,134.89
6/2/2009,136.09
6/3/2009,136.33
6/4/2009,136.32
6/5/2009,137.48
6/8/2009,136.53
6/9/2009,136.8
6/10/2009,138.03
6/11/2009,137.39
6/12/2009,137.55
6/15/2009,136.08
6/16/2009,134.78
6/17/2009,133.28
6/18/2009,133.57
6/19/2009,134.84
6/22/2009,133.02
6/23/2009,133.49
6/24/2009,133.77
6/25/2009,134.34
6/26/2009,134.5
6/29/2009,134.03
6/30/2009,135.51
7/1/2009,136.53
7/2/2009,135.95
7/3/2009,134.32
7/6/2009,132.44
7/7/2009,133.61
7/8/2009,131.02
7/9/2009,130.05
7/10/2009,128.21
7/13/2009,129.03
7/14/2009,130.34
7/15/2009,131.57
7/16/2009,132.63
7/17/2009,132.06
7/20/2009,134.44
7/21/2009,134.1
7/22/2009,132.49
7/23/2009,134.23
7/24/2009,134.92
7/27/2009,135.61
7/28/2009,134.53
7/29/2009,133.86
7/30/2009,133.89
7/31/2009,135.33
8/3/2009,135.86
8/4/2009,136.22
8/5/2009,137.38
8/6/2009,137.31
8/7/2009,136.89
8/10/2009,138.01
8/11/2009,136.72
8/12/2009,135.77
8/13/2009,137.52
8/14/2009,135.61
8/17/2009,132.94
8/18/2009,134.12
8/19/2009,132.55
8/20/2009,134.11
8/21/2009,134.19
8/24/2009,135.57
8/25/2009,135.05
8/26/2009,134.32
8/27/2009,133.61
8/28/2009,134.75
8/31/2009,133.1
9/1/2009,133.26
9/2/2009,131.63
9/3/2009,132.47
9/4/2009,132.45
9/7/2009,133.33
9/8/2009,133.57
9/9/2009,134.13
9/10/2009,133.92
9/11/2009,132.62
9/14/2009,132.3
9/15/2009,133.26
9/16/2009,132.6
9/17/2009,134.38
9/18/2009,134.17
9/21/2009,135.46
9/22/2009,135.09
9/23/2009,134.96
9/24/2009,133.85
9/25/2009,132.59
9/28/2009,131.15
9/29/2009,130.91
9/30/2009,131.07
10/1/2009,130.78
10/2/2009,129.95
10/5/2009,131.41
10/6/2009,131.21
10/7/2009,130.68
10/8/2009,130.46
10/9/2009,131.12
10/12/2009,132.99
10/13/2009,133.02
10/14/2009,133.39
10/15/2009,134.07
10/16/2009,135.6
10/19/2009,135.66
10/20/2009,135.53
10/21/2009,135.82
10/22/2009,136.9
10/23/2009,137.97
10/26/2009,138.09
10/27/2009,136.91
10/28/2009,134.76
10/29/2009,135.13
10/30/2009,134.66
11/2/2009,132.95
11/3/2009,132.25
11/4/2009,134.3
11/5/2009,134.3
11/6/2009,134.76
11/9/2009,134.81
11/10/2009,134.51
11/11/2009,135.11
11/12/2009,134.32
11/13/2009,133.51
11/16/2009,134.02
11/17/2009,132.76
11/18/2009,133.39
11/19/2009,132.05
11/20/2009,131.87
11/23/2009,133.03
11/24/2009,132.57
11/25/2009,132.1
11/26/2009,130.7
11/27/2009,129.2
11/30/2009,129.77
12/1/2009,131.02
12/2/2009,131.55
12/3/2009,133.17
12/4/2009,133.08
12/7/2009,133.24
12/8/2009,130.74
12/9/2009,129.91
12/10/2009,130.03
12/11/2009,131.13
12/14/2009,129.55
12/15/2009,130.22
12/16/2009,130.61
12/17/2009,129.27
12/18/2009,129.68
12/21/2009,130.1
12/22/2009,130.83
12/23/2009,130.95
12/24/2009,131.73
12/28/2009,131.86
12/29/2009,132.44
12/30/2009,132.35
12/31/2009,133.16
1/4/2010,133.62
1/5/2010,132.54
1/6/2010,132.69
1/7/2010,133.5
1/8/2010,133.36
1/11/2010,134.23
1/12/2010,132.41
1/13/2010,133.02
1/14/2010,132.88
1/15/2010,130.76
1/18/2010,130.33
1/19/2010,129.79
1/20/2010,128.65
1/21/2010,129.14
1/22/2010,127.35
1/25/2010,127.74
1/26/2010,126.31
1/27/2010,125.95
1/28/2010,126.36
1/29/2010,126.15
2/1/2010,125.6
2/2/2010,126.2
2/3/2010,126.73
2/4/2010,125.68
2/5/2010,122.49
2/8/2010,122.07
2/9/2010,123.4
2/10/2010,123.01
2/11/2010,123.03
2/12/2010,122.33
2/15/2010,122.42
2/16/2010,122.68
2/17/2010,124.69
2/18/2010,123.3
2/19/2010,124.17
2/22/2010,124.38
2/23/2010,123.19
2/24/2010,122.16
2/25/2010,120.66
2/26/2010,120.92
3/1/2010,120.67
3/2/2010,120.68
3/3/2010,121.1
3/4/2010,120.86
3/5/2010,121.48
3/8/2010,123.48
3/9/2010,121.72
3/10/2010,123.16
3/11/2010,123.84
3/12/2010,124.57
3/15/2010,124.3
3/16/2010,124.22
3/17/2010,124.43
3/18/2010,123.33
3/19/2010,122.86
3/22/2010,121.25
3/23/2010,122.16
3/24/2010,122.62
3/25/2010,123.44
3/26/2010,124
3/29/2010,124.75
3/30/2010,124.8
3/31/2010,125.93
4/1/2010,126.28
4/6/2010,126.04
4/7/2010,125.04
4/8/2010,123.76
4/9/2010,125.34
4/12/2010,126.99
4/13/2010,126.34
4/14/2010,127.42
4/15/2010,126.18
4/16/2010,125.3
4/19/2010,123.5
4/20/2010,125.32
4/21/2010,124.65
4/22/2010,124.03
4/23/2010,125.11
4/26/2010,125.46
4/27/2010,124.7
4/28/2010,124.48
4/29/2010,124.76
4/30/2010,125.81
5/3/2010,124.95
5/4/2010,123.66
5/5/2010,122.66
5/6/2010,119.34
5/7/2010,117.84
5/10/2010,120.97
5/11/2010,117.38
5/12/2010,118.06
5/13/2010,116.99
5/14/2010,115.55
5/17/2010,114.17
5/18/2010,115.32
5/19/2010,112.49
5/20/2010,111.93
5/21/2010,112.08
5/24/2010,111.63
5/25/2010,109.53
5/26/2010,111.35
5/27/2010,110.79
5/28/2010,113.06
5/31/2010,112.62
6/1/2010,110.65
6/2/2010,112.36
6/3/2010,113.74
6/4/2010,111.73
6/7/2010,109.86
6/8/2010,109.32
6/9/2010,109.99
6/10/2010,109.84
6/11/2010,111.13
6/14/2010,112.43
6/15/2010,111.77
6/16/2010,112.15
6/17/2010,112.89
6/18/2010,112.12
6/21/2010,113.1
6/22/2010,111.09
6/23/2010,110.76
6/24/2010,109.59
6/25/2010,109.99
6/28/2010,110.25
6/29/2010,108.31
6/30/2010,108.79
7/1/2010,108.14
7/2/2010,109.88
7/5/2010,109.93
7/6/2010,110.46
7/7/2010,109.56
7/8/2010,111.49
7/9/2010,111.85
7/12/2010,111.35
7/13/2010,110.95
7/14/2010,112.49
7/15/2010,113.11
7/16/2010,112.54
7/19/2010,112.84
7/20/2010,111.5
7/21/2010,111.52
7/22/2010,111.57
7/23/2010,112.48
7/26/2010,112.31
7/27/2010,113.79
7/28/2010,114.01
7/29/2010,113.64
7/30/2010,112.62
8/2/2010,113.27
8/3/2010,113.51
8/4/2010,112.92
8/5/2010,113.66
8/6/2010,113.14
8/9/2010,113.48
8/10/2010,113.23
8/11/2010,110.56
8/12/2010,109.5
8/13/2010,109.78
8/16/2010,109.49
8/17/2010,109.66
8/18/2010,109.93
8/19/2010,109.82
8/20/2010,108.54
8/23/2010,108.23
8/24/2010,106.19
8/25/2010,106.49
8/26/2010,107.15
8/27/2010,107.74
8/30/2010,107.54
8/31/2010,107.07
9/1/2010,107.54
9/2/2010,107.81
9/3/2010,108.38
9/6/2010,108.42
9/7/2010,106.86
9/8/2010,106.41
9/9/2010,106.46
9/10/2010,106.84
9/13/2010,107.69
9/14/2010,107.04
9/15/2010,111.04
9/16/2010,111.93
9/17/2010,111.98
9/20/2010,112.07
9/21/2010,112.05
9/22/2010,113.14
9/23/2010,112.49
9/24/2010,113.2
9/27/2010,113.52
9/28/2010,113.22
9/29/2010,113.85
9/30/2010,113.68
10/1/2010,114.26
10/4/2010,114.1
10/5/2010,114.8
10/6/2010,114.98
10/7/2010,115.1
10/8/2010,114.21
10/11/2010,114.24
10/12/2010,113.35
10/13/2010,114.23
10/14/2010,114.43
10/15/2010,114.28
10/18/2010,113
10/19/2010,113.16
10/20/2010,112.59
10/21/2010,113.65
10/22/2010,113.18
10/25/2010,113.21
10/26/2010,113.11
10/27/2010,112.78
10/28/2010,112.57
10/29/2010,111.87
11/1/2010,111.94
11/2/2010,113.18
11/3/2010,113.67
11/4/2010,115.15
11/5/2010,114.41
11/8/2010,112.88
11/9/2010,112.44
11/10/2010,113.48
11/11/2010,112.78
11/12/2010,112.59
11/15/2010,113.31
11/16/2010,113.21
11/17/2010,112.5
11/18/2010,113.72
11/19/2010,114.09
11/22/2010,113.97
11/23/2010,112.5
11/24/2010,111.28
11/25/2010,111.35
11/26/2010,110.92
11/29/2010,110.73
11/30/2010,109
12/1/2010,110.37
12/2/2010,110.97
12/3/2010,110.86
12/6/2010,110.06
12/7/2010,110.43
12/8/2010,111.08
12/9/2010,111.02
12/10/2010,110.8
12/13/2010,111.55
12/14/2010,111.63
12/15/2010,111.88
12/16/2010,111.28
12/17/2010,111.26
12/20/2010,110.1
12/21/2010,110
12/22/2010,109.68
12/23/2010,108.95
12/24/2010,108.63
12/27/2010,108.89
12/28/2010,108.2
12/29/2010,107.99
12/30/2010,108.24
12/31/2010,108.65
1/3/2011,108.7
1/4/2011,110.2
1/5/2011,108.72
1/6/2011,108.92
1/7/2011,108.29
1/10/2011,107.17
1/11/2011,107.61
1/12/2011,108.17
1/13/2011,109.5
1/14/2011,110.71
1/17/2011,109.91
1/18/2011,110.29
1/19/2011,110.85
1/20/2011,110.93
1/21/2011,111.87
1/24/2011,112.46
1/25/2011,112.08
1/26/2011,112.47
1/27/2011,113.9
1/28/2011,112.76
1/31/2011,112.49
2/1/2011,112.19
2/2/2011,112.35
2/3/2011,112.46
2/4/2011,111.42
2/7/2011,111.52
2/8/2011,112.09
2/9/2011,112.65
2/10/2011,112.71
2/11/2011,113.01
2/14/2011,112.15
2/15/2011,113.21
2/16/2011,113.12
2/17/2011,113.39
2/18/2011,113.62
2/21/2011,113.68
2/22/2011,113.63
2/23/2011,113.69
2/24/2011,112.69
2/25/2011,112.52
2/28/2011,113.26
3/1/2011,113.39
3/2/2011,113.33
3/3/2011,113.43
3/4/2011,115.63
3/7/2011,115.15
3/8/2011,114.64
3/9/2011,115.14
3/10/2011,114.78
3/11/2011,113.24
3/14/2011,114.16
3/15/2011,112.39
3/16/2011,112.43
3/17/2011,110.42
3/18/2011,114.68
3/21/2011,115.04
3/22/2011,115.15
3/23/2011,114.42
3/24/2011,114.34
3/25/2011,114.57
3/28/2011,114.59
3/29/2011,115.6
3/30/2011,117.01
3/31/2011,117.61
4/1/2011,118.56
4/4/2011,119.56
4/5/2011,119.4
4/6/2011,121.82
4/7/2011,121.7
4/8/2011,122.8
4/11/2011,122.26
4/12/2011,121.87
4/13/2011,121.84
4/14/2011,119.85
4/15/2011,120.37
4/18/2011,118.25
4/19/2011,118.23
4/20/2011,120.13
4/21/2011,119.52
4/26/2011,119.43
4/27/2011,120.66
4/28/2011,120.97
4/29/2011,120.67
5/2/2011,120.85
5/3/2011,119.36
5/4/2011,120.62
5/5/2011,118.2
5/6/2011,116.5
5/9/2011,116.28
5/10/2011,115.72
5/11/2011,116.47
5/12/2011,114.54
5/13/2011,115.32
5/16/2011,114.35
5/17/2011,115.69
5/18/2011,115.45
5/19/2011,116.83
5/20/2011,116.27
5/23/2011,114.68
5/24/2011,115.45
5/25/2011,115.47
5/26/2011,115.95
5/27/2011,115.7
5/30/2011,115.36
5/31/2011,117.22
6/1/2011,117.11
6/2/2011,116.6
6/3/2011,116.89
6/6/2011,117.05
6/7/2011,117.55
6/8/2011,116.6
6/9/2011,116.86
6/10/2011,116
6/13/2011,115.39
6/14/2011,115.91
6/15/2011,115.54
6/16/2011,113.63
6/17/2011,114.71
6/20/2011,114.24
6/21/2011,115.2
6/22/2011,115.36
6/23/2011,114.58
6/24/2011,114.06
6/27/2011,114.74
6/28/2011,115.31
6/29/2011,116.93
6/30/2011,116.25
7/1/2011,116.92
7/4/2011,117.11
7/5/2011,117.23
7/6/2011,116.03
7/7/2011,115.64
7/8/2011,115.98
7/11/2011,113.16
7/12/2011,111.35
7/13/2011,111.65
7/14/2011,112.24
7/15/2011,111.97
7/18/2011,111.1
7/19/2011,111.77
7/20/2011,112.05
7/21/2011,112.09
7/22/2011,112.83
7/25/2011,112.46
7/26/2011,113.02
7/27/2011,112.46
7/28/2011,110.86
7/29/2011,110.59
8/1/2011,110.84
8/2/2011,109.61
8/3/2011,110.18
8/4/2011,113.24
8/5/2011,111.25
8/8/2011,110.79
8/9/2011,110.24
8/10/2011,109.84
8/11/2011,108.29
8/12/2011,109.07
8/15/2011,109.87
8/16/2011,110.12
8/17/2011,110.77
8/18/2011,110.08
8/19/2011,110
8/22/2011,110.65
8/23/2011,110.72
8/24/2011,110.51
8/25/2011,111.31
8/26/2011,110.41
8/29/2011,111.05
8/30/2011,110.55
8/31/2011,110.55
9/1/2011,110.08
9/2/2011,109.56
9/5/2011,108.56
9/6/2011,109.09
9/7/2011,108.38
9/8/2011,108.41
9/9/2011,107.48
9/12/2011,105.32
9/13/2011,105.01
9/14/2011,105.48
9/15/2011,105.67
9/16/2011,105.6
9/19/2011,104.62
9/20/2011,104.92
9/21/2011,104.07
9/22/2011,102.59
9/23/2011,102.32
9/26/2011,103.05
9/27/2011,103.83
9/28/2011,104.22
9/29/2011,104.46
9/30/2011,103.79
10/3/2011,102.39
10/4/2011,101.08
10/5/2011,102.25
10/6/2011,101.87
10/7/2011,103.02
10/10/2011,104.26
10/11/2011,104.26
10/12/2011,105.77
10/13/2011,105.48
10/14/2011,106.42
10/17/2011,106.43
10/18/2011,104.97
10/19/2011,106.19
10/20/2011,106.07
10/21/2011,105.82
10/24/2011,105.45
10/25/2011,105.98
10/26/2011,105.67
10/27/2011,106.39
10/28/2011,107.29
10/31/2011,109.22
11/1/2011,106.58
11/2/2011,107.78
11/3/2011,107.33
11/4/2011,107.55
11/7/2011,107.3
11/8/2011,107.51
11/9/2011,105.96
11/10/2011,105.66
11/11/2011,105.59
11/14/2011,105.18
11/15/2011,104.16
11/16/2011,103.77
11/17/2011,103.76
11/18/2011,104.06
11/21/2011,103.44
11/22/2011,104.15
11/23/2011,103.37
11/24/2011,103.07
11/25/2011,102.59
11/28/2011,103.82
11/29/2011,103.82
11/30/2011,104
12/1/2011,104.84
12/2/2011,105.25
12/5/2011,104.81
12/6/2011,104.15
12/7/2011,103.99
12/8/2011,103.72
12/9/2011,103.95
12/12/2011,103.12
12/13/2011,102.6
12/14/2011,101.44
12/15/2011,101.3
12/16/2011,101.7
12/19/2011,101.52
12/20/2011,101.88
12/21/2011,101.66
12/22/2011,101.93
12/23/2011,101.93
12/27/2011,101.75
12/28/2011,101.51
12/29/2011,100.24
12/30/2011,100.2
1/2/2012,99.52
1/3/2012,99.86
1/4/2012,99.43
1/5/2012,98.67
1/6/2012,98.56
1/9/2012,97.87
1/10/2012,98.39
1/11/2012,97.87
1/12/2012,97.92
1/13/2012,98.06
1/16/2012,97.25
1/17/2012,98.2
1/18/2012,98.53
1/19/2012,99.19
1/20/2012,99.53
1/23/2012,100.1
1/24/2012,100.89
1/25/2012,101.02
1/26/2012,101.98
1/27/2012,101.18
1/30/2012,100.53
1/31/2012,100.63
2/1/2012,100.29
2/2/2012,99.66
2/3/2012,100.3
2/6/2012,99.97
2/7/2012,100.67
2/8/2012,102.11
2/9/2012,102.63
2/10/2012,102.43
2/13/2012,102.86
2/14/2012,102.85
2/15/2012,102.73
2/16/2012,102.31
2/17/2012,104.39
2/20/2012,105.47
2/21/2012,105.38
2/22/2012,106.22
2/23/2012,106.72
2/24/2012,107.99
2/27/2012,107.81
2/28/2012,108.39
2/29/2012,107.92
3/1/2012,107.95
3/2/2012,107.74
3/5/2012,107.54
3/6/2012,106.66
3/7/2012,105.95
3/8/2012,108.18
3/9/2012,107.93
3/12/2012,107.79
3/13/2012,108.03
3/14/2012,109.16
3/15/2012,108.82
3/16/2012,109.81
3/19/2012,109.73
3/20/2012,110.48
3/21/2012,111.11
3/22/2012,109.4
3/23/2012,109.1
3/26/2012,109.82
3/27/2012,110.57
3/28/2012,110.74
3/29/2012,109.21
3/30/2012,109.56
4/2/2012,109.95
4/3/2012,109.3
4/4/2012,108.22
4/5/2012,107.06
4/10/2012,106.48
4/11/2012,106.18
4/12/2012,106.54
4/13/2012,106.49
4/16/2012,105.18
4/17/2012,105.96
4/18/2012,106.64
4/19/2012,106.92
4/20/2012,107.81
4/23/2012,106.51
4/24/2012,106.87
4/25/2012,107.35
4/26/2012,106.96
4/27/2012,106.75
4/30/2012,105.85
5/2/2012,105.31
5/3/2012,105.49
5/4/2012,105.41
5/7/2012,104.19
5/8/2012,104.01
5/9/2012,102.99
5/10/2012,103.31
5/11/2012,103.48
5/14/2012,102.64
5/15/2012,102.65
5/16/2012,102.53
5/17/2012,101.77
5/18/2012,100.95
5/21/2012,101.06
5/22/2012,101.99
5/23/2012,100.59
5/24/2012,99.75
5/25/2012,99.8
5/28/2012,99.75
5/29/2012,99.64
5/30/2012,98.38
5/31/2012,97.66
6/1/2012,96.25
6/4/2012,97.16
6/5/2012,97.25
6/6/2012,98.82
6/7/2012,100.08
6/8/2012,98.9
6/11/2012,99.6
6/12/2012,99.4
6/13/2012,99.8
6/14/2012,99.51
6/15/2012,99.24
6/18/2012,99.75
6/19/2012,99.57
6/20/2012,100.24
6/21/2012,101.46
6/22/2012,100.68
6/25/2012,99.57
6/26/2012,98.97
6/27/2012,99.49
6/28/2012,98.6
6/29/2012,100.13
7/2/2012,100.51
7/3/2012,100.26
7/4/2012,100.28
7/5/2012,99.14
7/6/2012,98.87
7/9/2012,97.81
7/10/2012,97.64
7/11/2012,97.14
7/12/2012,96.63
7/13/2012,96.6
7/16/2012,96.25
7/17/2012,97.14
7/18/2012,96.63
7/19/2012,96.51
7/20/2012,95.86
7/23/2012,94.72
7/24/2012,94.63
7/25/2012,94.97
7/26/2012,95.79
7/27/2012,96.29
7/30/2012,95.78
7/31/2012,96.03
8/1/2012,96.2
8/2/2012,96.64
8/3/2012,95.85
8/6/2012,96.99
8/7/2012,97.58
8/8/2012,96.68
8/9/2012,96.53
8/10/2012,96.12
8/13/2012,96.61
8/14/2012,97.14
8/15/2012,96.98
8/16/2012,97.38
8/17/2012,97.97
8/20/2012,97.82
8/21/2012,98.81
8/22/2012,98.65
8/23/2012,98.68
8/24/2012,98.16
8/27/2012,98.71
8/28/2012,98.59
8/29/2012,98.63
8/30/2012,98.63
8/31/2012,98.96
9/3/2012,98.43
9/4/2012,98.58
9/5/2012,98.67
9/6/2012,99.36
9/7/2012,100.26
9/10/2012,99.98
9/11/2012,99.7
9/12/2012,100.45
9/13/2012,100.24
9/14/2012,102.24
9/17/2012,102.61
9/18/2012,102.64
9/19/2012,102.38
9/20/2012,101.21
9/21/2012,101.58
9/24/2012,100.79
9/25/2012,100.57
9/26/2012,99.82
9/27/2012,99.98
9/28/2012,100.37
10/1/2012,100.42
10/2/2012,101.02
10/3/2012,101.1
10/4/2012,101.88
10/5/2012,102.02
10/8/2012,101.45
10/9/2012,101.35
10/10/2012,100.94
10/11/2012,101.26
10/12/2012,101.7
10/15/2012,102.1
10/16/2012,102.94
10/17/2012,103.23
10/18/2012,104.01
10/19/2012,103.27
10/22/2012,104.27
10/23/2012,103.84
10/24/2012,103.33
10/25/2012,104.15
10/26/2012,103.15
10/29/2012,102.69
10/30/2012,103
10/31/2012,103.78
11/1/2012,103.82
11/2/2012,103.55
11/5/2012,102.6
11/6/2012,102.6
11/7/2012,102.11
11/8/2012,101.74
11/9/2012,100.44
11/12/2012,101.13
11/13/2012,100.93
11/14/2012,102
11/15/2012,103.66
11/16/2012,103.44
11/19/2012,103.6
11/20/2012,104.39
11/21/2012,105.49
11/22/2012,106.42
11/23/2012,106.19
11/26/2012,106.47
11/27/2012,106.46
11/28/2012,105.44
11/29/2012,106.72
11/30/2012,107.37
12/3/2012,107.36
12/4/2012,107.28
12/5/2012,107.31
12/6/2012,107.66
12/7/2012,106.19
12/10/2012,106.23
12/11/2012,107.11
12/12/2012,108.12
12/13/2012,109.18
12/14/2012,109.55
12/17/2012,110.39
12/18/2012,110.53
12/19/2012,112.36
12/20/2012,111.52
12/21/2012,110.99
12/24/2012,111.64
12/27/2012,113.87
12/28/2012,113.5
12/31/2012,113.61
1/2/2013,115.38
1/3/2013,113.93
1/4/2013,114.96
1/7/2013,114.48
1/8/2013,114.56
1/9/2013,114.34
1/10/2013,115.76
1/11/2013,118.18
1/14/2013,119.1
1/15/2013,118.04
1/16/2013,117.06
1/17/2013,119.32
1/18/2013,119.87
1/21/2013,119.37
1/22/2013,118.18
1/23/2013,117.98
1/24/2013,119.73
1/25/2013,122.71
1/28/2013,122.21
1/29/2013,121.52
1/30/2013,123.55
1/31/2013,123.32
2/1/2013,125.78
2/4/2013,125.63
2/5/2013,126.33
2/6/2013,126.48
2/7/2013,126.88
2/8/2013,123.52
2/11/2013,125.12
2/12/2013,126.6
2/13/2013,125.95
2/14/2013,124.39
2/15/2013,124.03
2/18/2013,125.24
2/19/2013,124.81
2/20/2013,125.09
2/21/2013,122.85
2/22/2013,122.98
2/25/2013,125
2/26/2013,120.2
2/27/2013,120.06
2/28/2013,121.07
3/1/2013,120.53
3/4/2013,121.67
3/5/2013,121.45
3/6/2013,121.85
3/7/2013,122.8
3/8/2013,125.5
3/11/2013,124.91
3/12/2013,125.25
3/13/2013,124.59
3/14/2013,124.79
3/15/2013,125.56
3/18/2013,122.88
3/19/2013,123.49
3/20/2013,123.69
3/21/2013,122.95
3/22/2013,122.85
3/25/2013,122.55
3/26/2013,121.25
3/27/2013,120.3
3/28/2013,120.87
4/2/2013,119.79
4/3/2013,119.96
4/4/2013,122.31
4/5/2013,124.49
4/8/2013,128.46
4/9/2013,128.92
4/10/2013,129.69
4/11/2013,130.39
4/12/2013,129.54
4/15/2013,127.83
4/16/2013,128.37
4/17/2013,128.61
4/18/2013,128.4
4/19/2013,130.21
4/22/2013,130
4/23/2013,128.56
4/24/2013,129.46
4/25/2013,129.67
4/26/2013,128.13
4/29/2013,128.27
4/30/2013,127.35
5/2/2013,129.04
5/3/2013,128.6
5/6/2013,130.18
5/7/2013,129.98
5/8/2013,129.89
5/9/2013,129.8
5/10/2013,131.94
5/13/2013,132.01
5/14/2013,131.88
5/15/2013,132.04
5/16/2013,132.15
5/17/2013,131.87
5/20/2013,131.86
5/21/2013,132.33
5/22/2013,133.26
5/23/2013,131.07
5/24/2013,131.25
5/27/2013,130.59
5/28/2013,131.98
5/29/2013,130.9
5/30/2013,131.7
5/31/2013,130.47
6/3/2013,130.37
6/4/2013,131.28
6/5/2013,130.13
6/6/2013,129.96
6/7/2013,126.81
6/10/2013,130.47
6/11/2013,128.6
6/12/2013,128.3
6/13/2013,125.36
6/14/2013,126.37
6/17/2013,126.36
6/18/2013,127.55
6/19/2013,127.44
6/20/2013,129.26
6/21/2013,128.66
6/24/2013,128.54
6/25/2013,127.79
6/26/2013,127.33
6/27/2013,127.93
6/28/2013,129.39
7/1/2013,129.99
7/2/2013,130.08
7/3/2013,128.85
7/4/2013,129.64
7/5/2013,128.97
7/8/2013,130.04
7/9/2013,130.07
7/10/2013,128.44
7/11/2013,129.63
7/12/2013,129.75
7/15/2013,130.68
7/16/2013,130.35
7/17/2013,131.15
7/18/2013,131.22
7/19/2013,131.67
7/22/2013,131.47
7/23/2013,131.91
7/24/2013,132.6
7/25/2013,131.81
7/26/2013,130.84
7/29/2013,129.91
7/30/2013,129.99
7/31/2013,130
8/1/2013,130.69
8/2/2013,131.78
8/5/2013,130.62
8/6/2013,130.27
8/7/2013,129.21
8/8/2013,128.68
8/9/2013,128.96
8/12/2013,128.66
8/13/2013,130.27
8/14/2013,130.17
8/15/2013,130.48
8/16/2013,130.03
8/19/2013,130.72
8/20/2013,130.33
8/21/2013,130.52
8/22/2013,131.45
8/23/2013,132.35
8/26/2013,131.74
8/27/2013,130.07
8/28/2013,130.1
8/29/2013,130.34
8/30/2013,130.01
9/2/2013,131.09
9/3/2013,130.98
9/4/2013,131.06
9/5/2013,131.64
9/6/2013,130.71
9/9/2013,131.3
9/10/2013,132.8
9/11/2013,132.96
9/12/2013,132.18
9/13/2013,132.43
9/16/2013,132.05
9/17/2013,132.44
9/18/2013,132.18
9/19/2013,134.09
9/20/2013,134.57
9/23/2013,133.59
9/24/2013,132.92
9/25/2013,133.14
9/26/2013,133.41
9/27/2013,133.28
9/30/2013,131.78
10/1/2013,132.6
10/2/2013,131.76
10/3/2013,132.81
10/4/2013,132.03
10/7/2013,131.46
10/8/2013,131.94
10/9/2013,131.55
10/10/2013,132.37
10/11/2013,133.38
10/14/2013,133.19
10/15/2013,132.89
10/16/2013,133.38
10/17/2013,133.64
10/18/2013,133.73
10/21/2013,134.17
10/22/2013,134.52
10/23/2013,133.95
10/24/2013,134.32
10/25/2013,134.15
10/28/2013,134.65
10/29/2013,134.88
10/30/2013,135.11
10/31/2013,133.99
11/1/2013,132.9
11/4/2013,133.28
11/5/2013,132.59
11/6/2013,133.33
11/7/2013,132
11/8/2013,131.58
11/11/2013,132.86
11/12/2013,133.87
11/13/2013,133.27
11/14/2013,134.26
11/15/2013,134.99
11/18/2013,135.23
11/19/2013,134.89
11/20/2013,135.2
11/21/2013,135.83
11/22/2013,136.74
11/25/2013,137.57
11/26/2013,137.34
11/27/2013,138.43
11/28/2013,139.06
11/29/2013,139.21
12/2/2013,139.16
12/3/2013,139.31
12/4/2013,139.31
12/5/2013,138.73
12/6/2013,139.63
12/9/2013,141.33
12/10/2013,141.35
12/11/2013,141.22
12/12/2013,141.51
12/13/2013,141.93
12/16/2013,141.87
12/17/2013,141.61
12/18/2013,141.61
12/19/2013,142.55
12/20/2013,142.66
12/23/2013,142.38
12/24/2013,142.66
12/27/2013,145.02
12/30/2013,145.02
12/31/2013,144.72
1/2/2014,143.82
1/3/2014,142.46
1/6/2014,142.28
1/7/2014,142.43
1/8/2014,142.33
1/9/2014,142.92
1/10/2014,142.67
1/13/2014,141.37
1/14/2014,141.62
1/15/2014,141.86
1/16/2014,142.21
1/17/2014,141.8
1/20/2014,141.05
1/21/2014,141.58
1/22/2014,141.57
1/23/2014,141.99
1/24/2014,140.18
1/27/2014,140.39
1/28/2014,140.61
1/29/2014,139.73
1/30/2014,139.28
1/31/2014,138.13
2/3/2014,137.82
2/4/2014,137.05
2/5/2014,136.78
2/6/2014,136.93
2/7/2014,138.79
2/10/2014,139.26
2/11/2014,140
2/12/2014,138.89
2/13/2014,139.42
2/14/2014,139.48
2/17/2014,139.6
2/18/2014,140.77
2/19/2014,140.08
2/20/2014,139.91
2/21/2014,140.5
2/24/2014,140.69
2/25/2014,140.65
2/26/2014,140.5
2/27/2014,139.15
2/28/2014,140.63
3/3/2014,139.51
3/4/2014,140.2
3/5/2014,140.71
3/6/2014,141.22
3/7/2014,143.02
3/10/2014,143.39
3/11/2014,143.05
3/12/2014,142.68
3/13/2014,143.3
3/14/2014,140.63
3/17/2014,141.45
3/18/2014,141.1
3/19/2014,141.31
3/20/2014,140.85
3/21/2014,141.07
3/24/2014,141.05
3/25/2014,141.22
3/26/2014,141.25
3/27/2014,140.75
3/28/2014,140.9
3/31/2014,142.42
4/1/2014,142.53
4/2/2014,143.03
4/3/2014,143.12
4/4/2014,142.33
4/7/2014,141.65
4/8/2014,140.9
4/9/2014,140.73
4/10/2014,141
4/11/2014,140.69
4/14/2014,140.87
4/15/2014,140.62
4/16/2014,141.55
4/17/2014,141.57
4/22/2014,141.69
4/23/2014,141.46
4/24/2014,141.63
4/25/2014,141.05
4/28/2014,141.85
4/29/2014,142.03
4/30/2014,142.07
5/2/2014,142.06
5/5/2014,141.44
5/6/2014,141.89
5/7/2014,141.68
5/8/2014,141.95
5/9/2014,140.14
5/12/2014,140.31
5/13/2014,140.25
5/14/2014,139.65
5/15/2014,139.17
5/16/2014,138.95
5/19/2014,138.79
5/20/2014,138.88
5/21/2014,138.18
5/22/2014,138.96
5/23/2014,138.92
5/26/2014,138.97
5/27/2014,139.01
5/28/2014,138.73
5/29/2014,138.34
5/30/2014,138.36
6/2/2014,138.94
6/3/2014,139.64
6/4/2014,139.78
6/5/2014,139.24
6/6/2014,139.71
6/9/2014,139.39
6/10/2014,138.63
6/11/2014,138.19
6/12/2014,138.12
6/13/2014,138.08
6/16/2014,137.81
6/17/2014,138.4
6/18/2014,138.65
6/19/2014,138.82
6/20/2014,138.68
6/23/2014,138.46
6/24/2014,138.8
6/25/2014,138.73
6/26/2014,138.49
6/27/2014,138.09
6/30/2014,138.44
7/1/2014,138.98
7/2/2014,138.65
7/3/2014,139.06
7/4/2014,138.67
7/7/2014,138.53
7/8/2014,138.26
7/9/2014,138.38
7/10/2014,137.87
7/11/2014,137.75
7/14/2014,138.29
7/15/2014,138.28
7/16/2014,137.73
7/17/2014,137.27
7/18/2014,137.07
7/21/2014,136.97
7/22/2014,136.93
7/23/2014,136.51
7/24/2014,136.97
7/25/2014,136.97
7/28/2014,136.74
7/29/2014,137.04
7/30/2014,137.05
7/31/2014,137.66
8/1/2014,137.92
8/4/2014,137.72
8/5/2014,137.46
8/6/2014,136.58
8/7/2014,136.76
8/8/2014,136.45
8/11/2014,136.72
8/12/2014,136.49
8/13/2014,136.89
8/14/2014,136.99
8/15/2014,137.33
8/18/2014,137.22
8/19/2014,137.12
8/20/2014,137.23
8/21/2014,137.71
8/22/2014,137.7
8/25/2014,137.13
8/26/2014,137.15
8/27/2014,136.88
8/28/2014,136.68
8/29/2014,137.11
9/1/2014,136.97
9/2/2014,137.63
9/3/2014,138.11
9/4/2014,136.89
9/5/2014,136.27
9/8/2014,136.32
9/9/2014,136.9
9/10/2014,137.9
9/11/2014,138.38
9/12/2014,138.72
9/15/2014,138.48
9/16/2014,138.67
9/17/2014,139.05
9/18/2014,140.11
9/19/2014,139.84
9/22/2014,140.09
9/23/2014,139.87
9/24/2014,139.5
9/25/2014,138.88
9/26/2014,138.93
9/29/2014,138.97
9/30/2014,138.11
10/1/2014,138.53
10/2/2014,137.47
10/3/2014,137.46
10/6/2014,137.25
10/7/2014,136.9
10/8/2014,136.97
10/9/2014,137.37
10/10/2014,136.27
10/13/2014,135.95
10/14/2014,135.29
10/15/2014,135.5
10/16/2014,134.95
10/17/2014,136.45
10/20/2014,136.62
10/21/2014,136.2
10/22/2014,135.79
10/23/2014,136.42
10/24/2014,136.64
10/27/2014,136.76
10/28/2014,137.45
10/29/2014,137.75
10/30/2014,137.27
10/31/2014,140.18
11/3/2014,142.19
11/4/2014,141.96
11/5/2014,143.21
11/6/2014,143.33
11/7/2014,142.89
11/10/2014,142.56
11/11/2014,143.88
11/12/2014,143.63
11/13/2014,143.87
11/14/2014,144.94
11/17/2014,145.3
11/18/2014,145.91
11/19/2014,147.45
11/20/2014,148.25
11/21/2014,146.46
11/24/2014,146.82
11/25/2014,146.66
11/26/2014,146.91
11/27/2014,146.67
11/28/2014,147.69
12/1/2014,147.62
12/2/2014,148.08
12/3/2014,147.2
12/4/2014,147.64
12/5/2014,149.03
12/8/2014,148.45
12/9/2014,148.02
12/10/2014,147.33
12/11/2014,147.2
12/12/2014,147.41
12/15/2014,147.67
12/16/2014,145.79
12/17/2014,145.89
12/18/2014,145.96
12/19/2014,146.41
12/22/2014,147.06
12/23/2014,146.8
12/24/2014,147.07
12/29/2014,146.96
12/30/2014,145.41
12/31/2014,145.23
1/2/2015,145.21
1/5/2015,143
1/6/2015,141.69
1/7/2015,141.17
1/8/2015,141
1/9/2015,140.81
1/12/2015,140.56
1/13/2015,139.56
1/14/2015,137.48
1/15/2015,136.48
1/16/2015,135.06
1/19/2015,136.27
1/20/2015,137.37
1/21/2015,136.07
1/22/2015,136.7
1/23/2015,132.12
1/26/2015,133.03
1/27/2015,133.08
1/28/2015,133.7
1/29/2015,133.43
1/30/2015,133.08
2/2/2015,133.06
2/3/2015,133.48
2/4/2015,134.49
2/5/2015,133.98
2/6/2015,134.28
2/9/2015,133.72
2/10/2015,134.67
2/11/2015,135.5
2/12/2015,135.72
2/13/2015,135.46
2/16/2015,135.26
2/17/2015,135.61
2/18/2015,135.69
2/19/2015,135.52
2/20/2015,133.91
2/23/2015,134.5
2/24/2015,135.36
2/25/2015,134.92
2/26/2015,134.54
2/27/2015,134.05
3/2/2015,134.47
3/3/2015,133.74
3/4/2015,133.15
3/5/2015,133.1
3/6/2015,131.48
3/9/2015,131.31
3/10/2015,130.29
3/11/2015,128.33
3/12/2015,128.29
3/13/2015,128.41
3/16/2015,127.96
3/17/2015,128.9
3/18/2015,128.35
3/19/2015,129.12
3/20/2015,130.26
3/23/2015,130.8
3/24/2015,130.89
3/25/2015,131.13
3/26/2015,130.67
3/27/2015,129.39
3/30/2015,130.02
3/31/2015,128.95
4/1/2015,129.29
4/2/2015,129.59
4/7/2015,130.33
4/8/2015,130.09
4/9/2015,129.22
4/10/2015,127.32
4/13/2015,127.2
4/14/2015,126.67
4/15/2015,126.52
4/16/2015,127.64
4/17/2015,128.45
4/20/2015,127.68
4/21/2015,127.75
4/22/2015,128.45
4/23/2015,129.36
4/24/2015,129.36
4/27/2015,129.23
4/28/2015,130.09
4/29/2015,131.2
4/30/2015,133.26
