Date,TRY
1/4/1999,2.163162126
1/5/1999,2.163293906
1/6/1999,2.163428815
1/7/1999,2.163554015
1/8/1999,2.163674725
1/11/1999,2.163803108
1/12/1999,2.163935192
1/13/1999,2.164067868
1/14/1999,2.164202315
1/15/1999,2.1643418
1/18/1999,2.164491265
1/19/1999,2.16464886
1/20/1999,2.16480783
1/21/1999,2.164961825
1/22/1999,2.165120426
1/25/1999,2.165278196
1/26/1999,2.165434412
1/27/1999,2.165598058
1/28/1999,2.165761981
1/29/1999,2.165918864
2/1/1999,2.16608212
2/2/1999,2.16624386
2/3/1999,2.166408699
2/4/1999,2.166573206
2/5/1999,2.166743108
2/8/1999,2.166917303
2/9/1999,2.16709935
2/10/1999,2.167277599
2/11/1999,2.167456291
2/12/1999,2.16762961
2/15/1999,2.167809261
2/16/1999,2.167986332
2/17/1999,2.16816419
2/18/1999,2.168338736
2/19/1999,2.168513798
2/22/1999,2.16869191
2/23/1999,2.168869313
2/24/1999,2.169044628
2/25/1999,2.169214242
2/26/1999,2.169388863
3/1/1999,2.169567653
3/2/1999,2.169747771
3/3/1999,2.169930642
3/4/1999,2.1701175
3/5/1999,2.170306695
3/8/1999,2.170498037
3/9/1999,2.170692992
3/10/1999,2.170882319
3/11/1999,2.171061079
3/12/1999,2.171234387
3/15/1999,2.171416043
3/16/1999,2.171586728
3/17/1999,2.171757121
3/18/1999,2.171909035
3/19/1999,2.172057088
3/22/1999,2.172218393
3/23/1999,2.172371241
3/24/1999,2.172530472
3/25/1999,2.17268325
3/26/1999,2.172843924
3/29/1999,2.172987534
3/30/1999,2.173137955
3/31/1999,2.173299109
4/1/1999,2.173462364
4/2/1999,2.173624079
4/5/1999,2.17378782
4/6/1999,2.173953745
4/7/1999,2.174123991
4/8/1999,2.174295107
4/9/1999,2.174459674
4/12/1999,2.174625923
4/13/1999,2.174795956
4/14/1999,2.174962271
4/15/1999,2.175116887
4/16/1999,2.175265473
4/19/1999,2.175415888
4/20/1999,2.175572653
4/21/1999,2.175726306
4/22/1999,2.175882066
4/23/1999,2.176039587
4/26/1999,2.176199493
4/27/1999,2.176355582
4/28/1999,2.176506716
4/29/1999,2.176652578
4/30/1999,2.176806096
5/3/1999,2.176966185
5/4/1999,2.177131834
5/5/1999,2.177304734
5/6/1999,2.177472916
5/7/1999,2.177644871
5/10/1999,2.177812534
5/11/1999,2.177974843
5/12/1999,2.178149824
5/13/1999,2.178325647
5/14/1999,2.1784949
5/17/1999,2.178664639
5/18/1999,2.178837652
5/19/1999,2.179015279
5/20/1999,2.179194538
5/21/1999,2.179366313
5/24/1999,2.179534998
5/25/1999,2.179705744
5/26/1999,2.179880441
5/27/1999,2.180058346
5/28/1999,2.180242143
5/31/1999,2.180441292
6/1/1999,2.180641782
6/2/1999,2.180849093
6/3/1999,2.181046943
6/4/1999,2.181247001
6/7/1999,2.181448085
6/8/1999,2.18164455
6/9/1999,2.181845081
6/10/1999,2.182049289
6/11/1999,2.182254488
6/14/1999,2.182460364
6/15/1999,2.182665888
6/16/1999,2.182874228
6/17/1999,2.183081663
6/18/1999,2.18328855
6/21/1999,2.183500515
6/22/1999,2.183714631
6/23/1999,2.183931059
6/24/1999,2.184147897
6/25/1999,2.184362326
6/28/1999,2.18458054
6/29/1999,2.184802304
6/30/1999,2.185027027
7/1/1999,2.185253161
7/2/1999,2.18548564
7/5/1999,2.185716634
7/6/1999,2.185946258
7/7/1999,2.186170012
7/8/1999,2.186401554
7/9/1999,2.186630291
7/12/1999,2.186852273
7/13/1999,2.187077782
7/14/1999,2.187307502
7/15/1999,2.187538842
7/16/1999,2.187769928
7/19/1999,2.188006153
7/20/1999,2.18823777
7/21/1999,2.188466174
7/22/1999,2.18869012
7/23/1999,2.188919728
7/26/1999,2.189146157
7/27/1999,2.189378094
7/28/1999,2.189607332
7/29/1999,2.189839559
7/30/1999,2.190070529
8/2/1999,2.190300361
8/3/1999,2.190528291
8/4/1999,2.190756002
8/5/1999,2.190981205
8/6/1999,2.191204701
8/9/1999,2.191427773
8/10/1999,2.191652875
8/11/1999,2.191871963
8/12/1999,2.192075131
8/13/1999,2.192284501
8/16/1999,2.192500081
8/17/1999,2.192708985
8/18/1999,2.192918259
8/19/1999,2.193129355
8/20/1999,2.193339976
8/23/1999,2.193550202
8/24/1999,2.193759548
8/25/1999,2.193968659
8/26/1999,2.194178667
8/27/1999,2.194390946
8/30/1999,2.194609745
8/31/1999,2.194830502
9/1/1999,2.1950448
9/2/1999,2.195255749
9/3/1999,2.195467355
9/6/1999,2.195683104
9/7/1999,2.195899027
9/8/1999,2.196116342
9/9/1999,2.196336105
9/10/1999,2.196559334
9/13/1999,2.196785302
9/14/1999,2.197008692
9/15/1999,2.197235677
9/16/1999,2.197461382
9/17/1999,2.197690525
9/20/1999,2.197921074
9/21/1999,2.19815059
9/22/1999,2.198379072
9/23/1999,2.19861165
9/24/1999,2.198845355
9/27/1999,2.199083367
9/28/1999,2.199316599
9/29/1999,2.199550102
9/30/1999,2.199785429
10/1/1999,2.200022172
10/4/1999,2.200261111
10/5/1999,2.200498488
10/6/1999,2.200726819
10/7/1999,2.200955665
10/8/1999,2.201190589
10/11/1999,2.201428203
10/12/1999,2.201661916
10/13/1999,2.201889512
10/14/1999,2.202115738
10/15/1999,2.202346986
10/18/1999,2.202583798
10/19/1999,2.202814649
10/20/1999,2.203048399
10/21/1999,2.203280287
10/22/1999,2.203515859
10/25/1999,2.203748664
10/26/1999,2.203981826
10/27/1999,2.204213287
10/28/1999,2.204445267
10/29/1999,2.204684891
11/1/1999,2.204923311
11/2/1999,2.205165266
11/3/1999,2.205404617
11/4/1999,2.205650309
11/5/1999,2.205895545
11/8/1999,2.206144243
11/9/1999,2.206394922
11/10/1999,2.206642916
11/11/1999,2.206895248
11/12/1999,2.20714721
11/15/1999,2.207402399
11/16/1999,2.207659164
11/17/1999,2.207915232
11/18/1999,2.20816559
11/19/1999,2.208412593
11/22/1999,2.208663489
11/23/1999,2.208913806
11/24/1999,2.209165782
11/25/1999,2.209420373
11/26/1999,2.20967501
11/29/1999,2.209928032
11/30/1999,2.210182011
12/1/1999,2.210436201
12/2/1999,2.210693514
12/3/1999,2.210948627
12/6/1999,2.211204494
12/7/1999,2.211463197
12/8/1999,2.211718034
12/9/1999,2.211973417
12/10/1999,2.212223593
12/13/1999,2.212475563
12/14/1999,2.212724823
12/15/1999,2.212973038
12/16/1999,2.213221253
12/17/1999,2.213470718
12/20/1999,2.213720769
12/21/1999,2.213975543
12/22/1999,2.214231242
12/23/1999,2.214487824
12/24/1999,2.214744454
12/27/1999,2.214998744
12/28/1999,2.215257939
12/29/1999,2.215518986
12/30/1999,2.215777904
1/3/2000,2.21603578
1/4/2000,2.216288208
1/5/2000,2.216540218
1/6/2000,2.216791558
1/7/2000,2.217045672
1/10/2000,2.21729214
1/11/2000,2.217542893
1/12/2000,2.217793816
1/13/2000,2.218047096
1/14/2000,2.218301095
1/17/2000,2.218556108
1/18/2000,2.218807922
1/19/2000,2.21906231
1/20/2000,2.219317925
1/21/2000,2.219567848
1/24/2000,2.219820093
1/25/2000,2.220070861
1/26/2000,2.220323109
1/27/2000,2.220579628
1/28/2000,2.220839915
1/31/2000,2.221100127
2/1/2000,2.221361701
2/2/2000,2.221623497
2/3/2000,2.221888056
2/4/2000,2.222154958
2/7/2000,2.222422001
2/8/2000,2.222688083
2/9/2000,2.22295524
2/10/2000,2.223224618
2/11/2000,2.223497537
2/14/2000,2.22377175
2/15/2000,2.224039482
2/16/2000,2.224314031
2/17/2000,2.224590174
2/18/2000,2.224867362
2/21/2000,2.225146871
2/22/2000,2.225421422
2/23/2000,2.225697912
2/24/2000,2.225976385
2/25/2000,2.226259957
2/28/2000,2.226544838
2/29/2000,2.226824712
3/1/2000,2.227111571
3/2/2000,2.227393977
3/3/2000,2.227672863
3/6/2000,2.227949765
3/7/2000,2.228214072
3/8/2000,2.228482242
3/9/2000,2.228747646
3/10/2000,2.229014561
3/13/2000,2.229279349
3/14/2000,2.229548007
3/15/2000,2.229811964
3/16/2000,2.230076534
3/17/2000,2.23033794
3/20/2000,2.230597424
3/21/2000,2.230857345
3/22/2000,2.23112385
3/23/2000,2.231388779
3/24/2000,2.231653462
3/27/2000,2.231908046
3/28/2000,2.232164356
3/29/2000,2.232424332
3/30/2000,2.232682895
3/31/2000,2.232945043
4/3/2000,2.233204183
4/4/2000,2.233461044
4/5/2000,2.233713336
4/6/2000,2.233975734
4/7/2000,2.234237711
4/10/2000,2.234502723
4/11/2000,2.234765153
4/12/2000,2.235024567
4/13/2000,2.235279273
4/14/2000,2.235535671
4/17/2000,2.235792941
4/18/2000,2.236053683
4/19/2000,2.2363127
4/20/2000,2.236569688
4/25/2000,2.236823948
4/26/2000,2.237079514
4/27/2000,2.237330091
4/28/2000,2.237576542
5/2/2000,2.237826901
5/3/2000,2.23807487
5/4/2000,2.238320009
5/5/2000,2.238560139
5/8/2000,2.238791772
5/9/2000,2.239018859
5/10/2000,2.239240436
5/11/2000,2.239426242
5/12/2000,2.239580506
5/15/2000,2.23974699
5/16/2000,2.239917983
5/17/2000,2.240059432
5/18/2000,2.240213325
5/19/2000,2.240345192
5/22/2000,2.240479143
5/23/2000,2.240590026
5/24/2000,2.240705383
5/25/2000,2.240822373
5/26/2000,2.24094735
5/29/2000,2.241057975
5/30/2000,2.241161947
5/31/2000,2.241271447
6/1/2000,2.241390259
6/2/2000,2.241476032
6/5/2000,2.241578788
6/6/2000,2.24168449
6/7/2000,2.241799516
6/8/2000,2.24192788
6/9/2000,2.242057633
6/12/2000,2.242152729
6/13/2000,2.242253853
6/14/2000,2.24235815
6/15/2000,2.242458572
6/16/2000,2.242555996
6/19/2000,2.242649228
6/20/2000,2.24270887
6/21/2000,2.242760265
6/22/2000,2.242808525
6/23/2000,2.242880247
6/26/2000,2.242959947
6/27/2000,2.24305303
6/28/2000,2.243155487
6/29/2000,2.243259805
6/30/2000,2.24336023
7/3/2000,2.243479575
7/4/2000,2.243580408
7/5/2000,2.243680621
7/6/2000,2.24379228
7/7/2000,2.243904838
7/10/2000,2.244027575
7/11/2000,2.24414247
7/12/2000,2.244244089
7/13/2000,2.244350467
7/14/2000,2.244461833
7/17/2000,2.24457806
7/18/2000,2.24470098
7/19/2000,2.244826236
7/20/2000,2.244947683
7/21/2000,2.245074721
7/24/2000,2.245213024
7/25/2000,2.24536091
7/26/2000,2.245506161
7/27/2000,2.245658464
7/28/2000,2.245812466
7/31/2000,2.245960349
8/1/2000,2.246102549
8/2/2000,2.246250917
8/3/2000,2.246403178
8/4/2000,2.246565517
8/7/2000,2.246728584
8/8/2000,2.246896549
8/9/2000,2.247067803
8/10/2000,2.247245895
8/11/2000,2.247417684
8/14/2000,2.247588056
8/15/2000,2.247764196
8/16/2000,2.247940899
8/17/2000,2.248121628
8/18/2000,2.248292982
8/21/2000,2.248465527
8/22/2000,2.248636425
8/23/2000,2.248794189
8/24/2000,2.248956692
8/25/2000,2.249111587
8/28/2000,2.249274154
8/29/2000,2.249438312
8/30/2000,2.249609165
8/31/2000,2.249773984
9/1/2000,2.24994469
9/4/2000,2.250120705
9/5/2000,2.250290954
9/6/2000,2.250457376
9/7/2000,2.250624989
9/8/2000,2.250792754
9/11/2000,2.250961713
9/12/2000,2.251137579
9/13/2000,2.251305624
9/14/2000,2.251480172
9/15/2000,2.251662279
9/18/2000,2.251840599
9/19/2000,2.252014721
9/20/2000,2.252186091
9/21/2000,2.252318145
9/22/2000,2.252465924
9/25/2000,2.252606782
9/26/2000,2.252768944
9/27/2000,2.252923827
9/28/2000,2.253079581
9/29/2000,2.25323078
10/2/2000,2.253386223
10/3/2000,2.253537517
10/4/2000,2.25369484
10/5/2000,2.253860439
10/6/2000,2.25402564
10/9/2000,2.254196662
10/10/2000,2.254371272
10/11/2000,2.254552952
10/12/2000,2.254740018
10/13/2000,2.254925699
10/16/2000,2.255109074
10/17/2000,2.255295002
10/18/2000,2.255490092
10/19/2000,2.255680542
10/20/2000,2.255873691
10/23/2000,2.256061874
10/24/2000,2.256249632
10/25/2000,2.25644354
10/26/2000,2.256634959
10/27/2000,2.256819788
10/30/2000,2.2570064
10/31/2000,2.257190419
11/1/2000,2.257370138
11/2/2000,2.257548179
11/3/2000,2.257741098
11/6/2000,2.257932395
11/7/2000,2.258114866
11/8/2000,2.258299908
11/9/2000,2.258483965
11/10/2000,2.258666251
11/13/2000,2.258852266
11/14/2000,2.259039149
11/15/2000,2.259230833
11/16/2000,2.259422325
11/17/2000,2.25960088
11/20/2000,2.259779648
11/21/2000,2.259949304
11/22/2000,2.260112622
11/23/2000,2.260266342
11/24/2000,2.260422062
11/27/2000,2.260567704
11/28/2000,2.260719991
11/29/2000,2.260878
11/30/2000,2.261034155
12/1/2000,2.261182821
12/4/2000,2.261335678
12/5/2000,2.261494688
12/6/2000,2.261661119
12/7/2000,2.261827239
12/8/2000,2.262002147
12/11/2000,2.262176797
12/12/2000,2.262349743
12/13/2000,2.262528879
12/14/2000,2.262713511
12/15/2000,2.262898924
12/18/2000,2.263075994
12/19/2000,2.263252762
12/20/2000,2.263430585
12/21/2000,2.263609794
12/22/2000,2.263791936
12/27/2000,2.263979081
12/28/2000,2.264166776
12/29/2000,2.264349108
1/2/2001,2.264538093
1/3/2001,2.264729135
1/4/2001,2.264911801
1/5/2001,2.265093791
1/8/2001,2.265280659
1/9/2001,2.265456497
1/10/2001,2.265641357
1/11/2001,2.265837936
1/12/2001,2.266035549
1/15/2001,2.266228255
1/16/2001,2.266426616
1/17/2001,2.266629131
1/18/2001,2.266833255
1/19/2001,2.267043762
1/22/2001,2.267244492
1/23/2001,2.267448108
1/24/2001,2.26765026
1/25/2001,2.267850473
1/26/2001,2.268050308
1/29/2001,2.268246777
1/30/2001,2.268449597
1/31/2001,2.268656641
2/1/2001,2.26886673
2/2/2001,2.269080342
2/5/2001,2.26929772
2/6/2001,2.269510551
2/7/2001,2.269721303
2/8/2001,2.269934824
2/9/2001,2.270144169
2/12/2001,2.27035519
2/13/2001,2.270565222
2/14/2001,2.270777121
2/15/2001,2.270991607
2/16/2001,2.271208635
2/19/2001,2.27142506
2/20/2001,2.271641356
2/21/2001,2.271861443
2/22/2001,2.272080115
2/23/2001,2.27229517
2/26/2001,2.272494067
2/27/2001,2.272686022
2/28/2001,2.27286796
3/1/2001,2.273054768
3/2/2001,2.273231256
3/5/2001,2.273419856
3/6/2001,2.273606718
3/7/2001,2.27380048
3/8/2001,2.273994284
3/9/2001,2.274194618
3/12/2001,2.27438649
3/13/2001,2.274578259
3/14/2001,2.274776323
3/15/2001,2.274968079
3/16/2001,2.275169364
3/19/2001,2.275371855
3/20/2001,2.275575506
3/21/2001,2.275780945
3/22/2001,2.275987452
3/23/2001,2.276200193
3/26/2001,2.276404251
3/27/2001,2.27660493
3/28/2001,2.27680648
3/29/2001,2.277015143
3/30/2001,2.277219361
4/2/2001,2.277427554
4/3/2001,2.27764375
4/4/2001,2.277859767
4/5/2001,2.278071145
4/6/2001,2.27828491
4/9/2001,2.278490388
4/10/2001,2.278693541
4/11/2001,2.278906948
4/12/2001,2.279121731
4/17/2001,2.279337451
4/18/2001,2.279548321
4/19/2001,2.279771227
4/20/2001,2.279994934
4/23/2001,2.280219834
4/24/2001,2.280445783
4/25/2001,2.280673561
4/26/2001,2.280896388
4/27/2001,2.281104834
4/30/2001,2.28131788
5/2/2001,2.281531134
5/3/2001,2.281748998
5/4/2001,2.281973434
5/7/2001,2.282200049
5/8/2001,2.282429775
5/9/2001,2.28265904
5/10/2001,2.282888971
5/11/2001,2.283121383
5/14/2001,2.283353533
5/15/2001,2.283592293
5/16/2001,2.283835904
5/17/2001,2.284076364
5/18/2001,2.284325172
5/21/2001,2.284575455
5/22/2001,2.284820768
5/23/2001,2.285063663
5/24/2001,2.285308276
5/25/2001,2.285556037
5/28/2001,2.28580143
5/29/2001,2.286046275
5/30/2001,2.286297285
5/31/2001,2.286555309
6/1/2001,2.286812006
6/4/2001,2.28706352
6/5/2001,2.28731182
6/6/2001,2.287558733
6/7/2001,2.28779901
6/8/2001,2.288045914
6/11/2001,2.288296878
6/12/2001,2.288546257
6/13/2001,2.288801587
6/14/2001,2.289063623
6/15/2001,2.289332373
6/18/2001,2.289602086
6/19/2001,2.289873509
6/20/2001,2.290137394
6/21/2001,2.290401144
6/22/2001,2.290659681
6/25/2001,2.290912649
6/26/2001,2.29116293
6/27/2001,2.291417946
6/28/2001,2.29167601
6/29/2001,2.291935279
7/2/2001,2.292200549
7/3/2001,2.292465584
7/4/2001,2.292728486
7/5/2001,2.2929945
7/6/2001,2.293265783
7/9/2001,2.293531281
7/10/2001,2.29378693
7/11/2001,2.294048347
7/12/2001,2.294319048
7/13/2001,2.294589769
7/16/2001,2.29485715
7/17/2001,2.295125251
7/18/2001,2.29539779
7/19/2001,2.295670854
7/20/2001,2.295954902
7/23/2001,2.29625005
7/24/2001,2.296545093
7/25/2001,2.296819386
7/26/2001,2.297073904
7/27/2001,2.297327117
7/30/2001,2.297603227
7/31/2001,2.297866498
8/1/2001,2.298144271
8/2/2001,2.298423636
8/3/2001,2.298689894
8/6/2001,2.298964358
8/7/2001,2.299249671
8/8/2001,2.299526468
8/9/2001,2.299789013
8/10/2001,2.300062715
8/13/2001,2.300328738
8/14/2001,2.300578144
8/15/2001,2.30079381
8/16/2001,2.301015736
8/17/2001,2.301260792
8/20/2001,2.301496697
8/21/2001,2.30174545
8/22/2001,2.302002543
8/23/2001,2.302252112
8/24/2001,2.30250942
8/27/2001,2.302758889
8/28/2001,2.303009531
8/29/2001,2.303268944
8/30/2001,2.303535051
8/31/2001,2.303804186
9/3/2001,2.304073749
9/4/2001,2.304345784
9/5/2001,2.304612832
9/6/2001,2.304886445
9/7/2001,2.305147134
9/10/2001,2.305416539
9/11/2001,2.305688268
9/12/2001,2.305969195
9/13/2001,2.306252974
9/14/2001,2.306534479
9/17/2001,2.306818943
9/18/2001,2.307114535
9/19/2001,2.30740853
9/20/2001,2.307705707
9/21/2001,2.308003035
9/24/2001,2.308295111
9/25/2001,2.308597425
9/26/2001,2.308898712
9/27/2001,2.309204381
9/28/2001,2.309509283
10/1/2001,2.309817286
10/2/2001,2.310125865
10/3/2001,2.310439824
10/4/2001,2.310766718
10/5/2001,2.311097466
10/8/2001,2.311430212
10/9/2001,2.311757971
10/10/2001,2.312082496
10/11/2001,2.312401917
10/12/2001,2.312709902
10/15/2001,2.313011411
10/16/2001,2.31332439
10/17/2001,2.313625441
10/18/2001,2.313935844
10/19/2001,2.314222297
10/22/2001,2.314527197
10/23/2001,2.314833715
10/24/2001,2.315147475
10/25/2001,2.315459479
10/26/2001,2.315773319
10/29/2001,2.316085036
10/30/2001,2.316407094
10/31/2001,2.316728914
11/1/2001,2.317047833
11/2/2001,2.317357941
11/5/2001,2.317677574
11/6/2001,2.317982584
11/7/2001,2.318287179
11/8/2001,2.318582827
11/9/2001,2.318872289
11/12/2001,2.319165147
11/13/2001,2.319470163
11/14/2001,2.319778384
11/15/2001,2.320085722
11/16/2001,2.320389916
11/19/2001,2.320681766
11/20/2001,2.320962829
11/21/2001,2.321248816
11/22/2001,2.321532895
11/23/2001,2.321821906
11/26/2001,2.32208393
11/27/2001,2.322376226
11/28/2001,2.322674367
11/29/2001,2.322985013
11/30/2001,2.323295987
12/3/2001,2.323598574
12/4/2001,2.323910729
12/5/2001,2.324232734
12/6/2001,2.324553228
12/7/2001,2.324873796
12/10/2001,2.325195498
12/11/2001,2.325515527
12/12/2001,2.325834942
12/13/2001,2.326159416
12/14/2001,2.32648535
12/17/2001,2.326810303
12/18/2001,2.327133422
12/19/2001,2.327458745
12/20/2001,2.327783351
12/21/2001,2.328114902
12/24/2001,2.328445527
12/27/2001,2.328770858
12/28/2001,2.329096962
1/2/2002,2.329425333
1/3/2002,2.329745624
1/4/2002,2.330076135
1/7/2002,2.330400534
1/8/2002,2.330734527
1/9/2002,2.331068289
1/10/2002,2.331404869
1/11/2002,2.331741221
1/14/2002,2.332071719
1/15/2002,2.332403376
1/16/2002,2.332723378
1/17/2002,2.33304206
1/18/2002,2.333363553
1/21/2002,2.33367261
1/22/2002,2.333972595
1/23/2002,2.334276882
1/24/2002,2.334589833
1/25/2002,2.334910926
1/28/2002,2.335223425
1/29/2002,2.335544019
1/30/2002,2.335862642
1/31/2002,2.336179558
2/1/2002,2.336503238
2/4/2002,2.336833261
2/5/2002,2.337166234
2/6/2002,2.337492541
2/7/2002,2.337803786
2/8/2002,2.338121861
2/11/2002,2.33842431
2/12/2002,2.338732828
2/13/2002,2.339049485
2/14/2002,2.33936898
2/15/2002,2.33968318
2/18/2002,2.340003637
2/19/2002,2.340320587
2/20/2002,2.340626196
2/21/2002,2.340934149
2/22/2002,2.34123444
2/25/2002,2.341541862
2/26/2002,2.34185
2/27/2002,2.342156567
2/28/2002,2.342458179
3/1/2002,2.342744135
3/4/2002,2.343008897
3/5/2002,2.343279137
3/6/2002,2.343555082
3/7/2002,2.343815965
3/8/2002,2.344045241
3/11/2002,2.344285878
3/12/2002,2.344532366
3/13/2002,2.344780877
3/14/2002,2.345007621
3/15/2002,2.345257323
3/18/2002,2.345445335
3/19/2002,2.345662219
3/20/2002,2.345892033
3/21/2002,2.346124134
3/22/2002,2.34634703
3/25/2002,2.346546175
3/26/2002,2.346736784
3/27/2002,2.346903747
3/28/2002,2.347057773
4/2/2002,2.347216768
4/3/2002,2.347401876
4/4/2002,2.347597405
4/5/2002,2.347770718
4/8/2002,2.347959038
4/9/2002,2.348136449
4/10/2002,2.348312784
4/11/2002,2.34845825
4/12/2002,2.348613629
4/15/2002,2.348757095
4/16/2002,2.348904603
4/17/2002,2.349032242
4/18/2002,2.349165797
4/19/2002,2.349314778
4/22/2002,2.349460145
4/23/2002,2.349606396
4/24/2002,2.349764441
4/25/2002,2.349932962
4/26/2002,2.350120613
4/29/2002,2.350316054
4/30/2002,2.350510987
5/2/2002,2.350704911
5/3/2002,2.350926857
5/6/2002,2.351148715
5/7/2002,2.351371604
5/8/2002,2.351606711
5/9/2002,2.351831673
5/10/2002,2.352046641
5/13/2002,2.352276022
5/14/2002,2.352509137
5/15/2002,2.35274055
5/16/2002,2.352976936
5/17/2002,2.353225042
5/20/2002,2.353469719
5/21/2002,2.353706071
5/22/2002,2.353924803
5/23/2002,2.354140574
5/24/2002,2.354363007
5/27/2002,2.354582479
5/28/2002,2.354800564
5/29/2002,2.355044106
5/30/2002,2.355298702
5/31/2002,2.355565161
6/3/2002,2.355820847
6/4/2002,2.356071057
6/5/2002,2.356317704
6/6/2002,2.356581607
6/7/2002,2.356823103
6/10/2002,2.357045666
6/11/2002,2.35728407
6/12/2002,2.35751713
6/13/2002,2.357756924
6/14/2002,2.35799983
6/17/2002,2.358246932
6/18/2002,2.358505514
6/19/2002,2.358763993
6/20/2002,2.359024246
6/21/2002,2.359277677
6/24/2002,2.359535499
6/25/2002,2.359787628
6/26/2002,2.360044324
6/27/2002,2.3603
6/28/2002,2.360539463
7/1/2002,2.360784171
7/2/2002,2.361015094
7/3/2002,2.361241018
7/4/2002,2.361450658
7/5/2002,2.361693643
7/8/2002,2.361945387
7/9/2002,2.362195183
7/10/2002,2.362448881
7/11/2002,2.362705224
7/12/2002,2.362946812
7/15/2002,2.363199655
7/16/2002,2.363436113
7/17/2002,2.363685328
7/18/2002,2.363945999
7/19/2002,2.364225058
7/22/2002,2.364497983
7/23/2002,2.364762745
7/24/2002,2.365039758
7/25/2002,2.365315012
7/26/2002,2.365585789
7/29/2002,2.365857052
7/30/2002,2.36613129
7/31/2002,2.366426968
8/1/2002,2.366749739
8/2/2002,2.367075203
8/5/2002,2.36740771
8/6/2002,2.367743677
8/7/2002,2.368074521
8/8/2002,2.36840151
8/9/2002,2.368738582
8/12/2002,2.369085
8/13/2002,2.369438802
8/14/2002,2.369794529
8/15/2002,2.370146185
8/16/2002,2.370509091
8/19/2002,2.37087586
8/20/2002,2.371239265
8/21/2002,2.371599299
8/22/2002,2.371953037
8/23/2002,2.372312916
8/26/2002,2.372675205
8/27/2002,2.373042657
8/28/2002,2.373401874
8/29/2002,2.373763093
8/30/2002,2.374133705
9/2/2002,2.374510616
9/3/2002,2.374891901
9/4/2002,2.375257957
9/5/2002,2.375614747
9/6/2002,2.375973192
9/9/2002,2.376349706
9/10/2002,2.376730253
9/11/2002,2.377100294
9/12/2002,2.377458633
9/13/2002,2.377822406
9/16/2002,2.378171268
9/17/2002,2.37850059
9/18/2002,2.378841937
9/19/2002,2.379152128
9/20/2002,2.379501715
9/23/2002,2.379838935
9/24/2002,2.380164772
9/25/2002,2.380492713
9/26/2002,2.38082626
9/27/2002,2.381161032
9/30/2002,2.381502611
10/1/2002,2.381839846
10/2/2002,2.382190315
10/3/2002,2.382528716
10/4/2002,2.38286978
10/7/2002,2.383205417
10/8/2002,2.383520608
10/9/2002,2.38380149
10/10/2002,2.384093381
10/11/2002,2.384359547
10/14/2002,2.384635821
10/15/2002,2.384931004
10/16/2002,2.385218769
10/17/2002,2.385445335
10/18/2002,2.385656792
10/21/2002,2.385867904
10/22/2002,2.386070162
10/23/2002,2.386235851
10/24/2002,2.386335333
10/25/2002,2.386481152
10/28/2002,2.386656276
10/29/2002,2.386914423
10/30/2002,2.387183644
10/31/2002,2.387426113
11/1/2002,2.387665021
11/4/2002,2.387915542
11/5/2002,2.388186799
11/6/2002,2.388456574
11/7/2002,2.388719372
11/8/2002,2.388966244
11/11/2002,2.389223927
11/12/2002,2.389446856
11/13/2002,2.389646098
11/14/2002,2.389852542
11/15/2002,2.390044094
11/18/2002,2.390239636
11/19/2002,2.390415949
11/20/2002,2.390580279
11/21/2002,2.390735216
11/22/2002,2.390900911
11/25/2002,2.391109544
11/26/2002,2.39132354
11/27/2002,2.391521242
11/28/2002,2.391739647
11/29/2002,2.391972456
12/2/2002,2.392199939
12/3/2002,2.3924277
12/4/2002,2.392671795
12/5/2002,2.392919304
12/6/2002,2.393153362
12/9/2002,2.393372966
12/10/2002,2.393592901
12/11/2002,2.393816779
12/12/2002,2.394027206
12/13/2002,2.394208277
12/16/2002,2.394378221
12/17/2002,2.39453143
12/18/2002,2.394664496
12/19/2002,2.394787953
12/20/2002,2.394957565
12/23/2002,2.395125846
12/24/2002,2.395291749
12/27/2002,2.395454405
12/30/2002,2.395597842
12/31/2002,2.395742813
1/2/2003,2.395895247
1/3/2003,2.39605454
1/6/2003,2.396243881
1/7/2003,2.396473098
1/8/2003,2.396676856
1/9/2003,2.396846192
1/10/2003,2.397016976
1/13/2003,2.397194048
1/14/2003,2.397363958
1/15/2003,2.397543265
1/16/2003,2.397715839
1/17/2003,2.397880174
1/20/2003,2.398017662
1/21/2003,2.398162103
1/22/2003,2.398319427
1/23/2003,2.398477009
1/24/2003,2.398636097
1/27/2003,2.398801747
1/28/2003,2.398964732
1/29/2003,2.399125984
1/30/2003,2.399298625
1/31/2003,2.399475172
2/3/2003,2.399650375
2/4/2003,2.399829368
2/5/2003,2.400012594
2/6/2003,2.400198683
2/7/2003,2.400393852
2/10/2003,2.40058393
2/11/2003,2.400773367
2/12/2003,2.40094846
2/13/2003,2.401122075
2/14/2003,2.401303398
2/17/2003,2.401477519
2/18/2003,2.401654316
2/19/2003,2.401823203
2/20/2003,2.401990852
2/21/2003,2.402144571
2/24/2003,2.402300569
2/25/2003,2.402448989
2/26/2003,2.402602024
2/27/2003,2.402756835
2/28/2003,2.402913236
3/3/2003,2.403057541
3/4/2003,2.403198859
3/5/2003,2.40334632
3/6/2003,2.403470349
3/7/2003,2.403558323
3/10/2003,2.403635219
3/11/2003,2.403714313
3/12/2003,2.403835073
3/13/2003,2.403946815
3/14/2003,2.404074761
3/17/2003,2.404200638
3/18/2003,2.404323867
3/19/2003,2.404425032
3/20/2003,2.404488754
3/21/2003,2.404563747
3/24/2003,2.404651504
3/25/2003,2.404755954
3/26/2003,2.404859385
3/27/2003,2.404955449
3/28/2003,2.405072675
3/31/2003,2.405181707
4/1/2003,2.405299872
4/2/2003,2.405445823
4/3/2003,2.405599486
4/4/2003,2.405767375
4/7/2003,2.405949453
4/8/2003,2.406122101
4/9/2003,2.406310251
4/10/2003,2.406514323
4/11/2003,2.406721498
4/14/2003,2.406909173
4/15/2003,2.407096962
4/16/2003,2.407292238
4/17/2003,2.407474887
4/22/2003,2.407640933
4/23/2003,2.407819961
4/24/2003,2.407996887
4/25/2003,2.408173264
4/28/2003,2.408350325
4/29/2003,2.408531709
4/30/2003,2.408720481
5/2/2003,2.408911906
5/5/2003,2.409110091
5/6/2003,2.409316808
5/7/2003,2.409523012
5/8/2003,2.409750946
5/9/2003,2.409964034
5/12/2003,2.410157609
5/13/2003,2.410337516
5/14/2003,2.410523872
5/15/2003,2.410698887
5/16/2003,2.410886051
5/19/2003,2.411091022
5/20/2003,2.411300066
5/21/2003,2.411504593
5/22/2003,2.411697768
5/23/2003,2.411871813
5/26/2003,2.412032676
5/27/2003,2.412191316
5/28/2003,2.412341277
5/29/2003,2.412495982
5/30/2003,2.412653395
6/2/2003,2.412812203
6/3/2003,2.412967261
6/4/2003,2.413124571
6/5/2003,2.413279709
6/6/2003,2.413431746
6/9/2003,2.413599868
6/10/2003,2.413764106
6/11/2003,2.413925779
6/12/2003,2.414094164
6/13/2003,2.414267286
6/16/2003,2.414446879
6/17/2003,2.41462691
6/18/2003,2.414797872
6/19/2003,2.414952628
6/20/2003,2.415119574
6/23/2003,2.415286076
6/24/2003,2.415433333
6/25/2003,2.415588459
6/26/2003,2.415753004
6/27/2003,2.415920842
6/30/2003,2.416090642
7/1/2003,2.416261003
7/2/2003,2.416435274
7/3/2003,2.416614468
7/4/2003,2.416794504
7/7/2003,2.416970758
7/8/2003,2.417143691
7/9/2003,2.417314842
7/10/2003,2.417486089
7/11/2003,2.417656826
7/14/2003,2.417823419
7/15/2003,2.418001077
7/16/2003,2.418173248
7/17/2003,2.418349359
7/18/2003,2.418528745
7/21/2003,2.418711681
7/22/2003,2.418902703
7/23/2003,2.419101623
7/24/2003,2.419305345
7/25/2003,2.41951476
7/28/2003,2.419722967
7/29/2003,2.419940271
7/30/2003,2.420159023
7/31/2003,2.420385811
8/1/2003,2.420612296
8/4/2003,2.420833243
8/5/2003,2.421045306
8/6/2003,2.42126256
8/7/2003,2.421466417
8/8/2003,2.421665099
8/11/2003,2.421889359
8/12/2003,2.42209372
8/13/2003,2.422295492
8/14/2003,2.422511962
8/15/2003,2.422721614
8/18/2003,2.42292731
8/19/2003,2.423140479
8/20/2003,2.423342426
8/21/2003,2.423547051
8/22/2003,2.423746877
8/25/2003,2.423951305
8/26/2003,2.424149828
8/27/2003,2.424340303
8/28/2003,2.424533861
8/29/2003,2.42472073
9/1/2003,2.42491144
9/2/2003,2.425097034
9/3/2003,2.425286059
9/4/2003,2.42547279
9/5/2003,2.425668694
9/8/2003,2.42586805
9/9/2003,2.426057509
9/10/2003,2.426237604
9/11/2003,2.426400485
9/12/2003,2.426566852
9/15/2003,2.426734282
9/16/2003,2.426906944
9/17/2003,2.427085823
9/18/2003,2.427268081
9/19/2003,2.427447738
9/22/2003,2.427614833
9/23/2003,2.427781672
9/24/2003,2.427946234
9/25/2003,2.428115073
9/26/2003,2.428289804
9/29/2003,2.42845856
9/30/2003,2.428640699
10/1/2003,2.428819314
10/2/2003,2.428997059
10/3/2003,2.429171128
10/6/2003,2.429351473
10/7/2003,2.429539439
10/8/2003,2.429726966
10/9/2003,2.42991792
10/10/2003,2.43010661
10/13/2003,2.430297044
10/14/2003,2.430483169
10/15/2003,2.43067759
10/16/2003,2.430874118
10/17/2003,2.431053423
10/20/2003,2.431234322
10/21/2003,2.431414912
10/22/2003,2.431586846
10/23/2003,2.431747912
10/24/2003,2.431908428
10/27/2003,2.432058682
10/28/2003,2.432209929
10/29/2003,2.432361249
10/30/2003,2.43251598
10/31/2003,2.432673419
11/3/2003,2.432826529
11/4/2003,2.432984413
11/5/2003,2.433143661
11/6/2003,2.433300641
11/7/2003,2.433462839
11/10/2003,2.433621627
11/11/2003,2.4337805
11/12/2003,2.4339406
11/13/2003,2.434102146
11/14/2003,2.434267573
11/17/2003,2.434428797
11/18/2003,2.434593262
11/19/2003,2.434750789
11/20/2003,2.434907466
11/21/2003,2.435062141
11/24/2003,2.435202157
11/25/2003,2.435341871
11/26/2003,2.43548013
11/27/2003,2.435592363
11/28/2003,2.435702379
12/1/2003,2.435801732
12/2/2003,2.435924188
12/3/2003,2.436049711
12/4/2003,2.436190528
12/5/2003,2.436337337
12/8/2003,2.436498841
12/9/2003,2.436652826
12/10/2003,2.436811893
12/11/2003,2.436982293
12/12/2003,2.437150182
12/15/2003,2.437320858
12/16/2003,2.437494036
12/17/2003,2.437669432
12/18/2003,2.437857757
12/19/2003,2.438044971
12/22/2003,2.438226477
12/23/2003,2.438415109
12/24/2003,2.43860504
12/29/2003,2.438794298
12/30/2003,2.438985296
12/31/2003,2.439177965
1/2/2004,2.439375897
1/5/2004,2.439584604
1/6/2004,2.439803595
1/7/2004,2.440032232
1/8/2004,2.440268479
1/9/2004,2.440504338
1/12/2004,2.440752686
1/13/2004,2.440996244
1/14/2004,2.441241341
1/15/2004,2.441487684
1/16/2004,2.441728708
1/19/2004,2.441988479
1/20/2004,2.442252033
1/21/2004,2.442516272
1/22/2004,2.442789415
1/23/2004,2.443059778
1/26/2004,2.443308154
1/27/2004,2.443559199
1/28/2004,2.443806756
1/29/2004,2.444061738
1/30/2004,2.44432513
2/2/2004,2.444596726
2/3/2004,2.444872301
2/4/2004,2.445150149
2/5/2004,2.445426846
2/6/2004,2.445704403
2/9/2004,2.445978641
2/10/2004,2.446248356
2/11/2004,2.446522289
2/12/2004,2.446797305
2/13/2004,2.447075206
2/16/2004,2.447363943
2/17/2004,2.447653713
2/18/2004,2.447941066
2/19/2004,2.448227573
2/20/2004,2.448516992
2/23/2004,2.448808126
2/24/2004,2.449094804
2/25/2004,2.449369254
2/26/2004,2.449635897
2/27/2004,2.449907774
3/1/2004,2.450170846
3/2/2004,2.450444671
3/3/2004,2.450725416
3/4/2004,2.450991976
3/5/2004,2.451248788
3/8/2004,2.451515011
3/9/2004,2.451790819
3/10/2004,2.452065983
3/11/2004,2.452338602
3/12/2004,2.452610342
3/15/2004,2.452877321
3/16/2004,2.453152018
3/17/2004,2.453425457
3/18/2004,2.453708696
3/19/2004,2.453992824
3/22/2004,2.454280367
3/23/2004,2.454560092
3/24/2004,2.454841852
3/25/2004,2.455143338
3/26/2004,2.455450345
3/29/2004,2.455759663
3/30/2004,2.456060246
3/31/2004,2.456365745
4/1/2004,2.456677171
4/2/2004,2.456991462
4/5/2004,2.457324557
4/6/2004,2.457673883
4/7/2004,2.458026137
4/8/2004,2.458381944
4/13/2004,2.458720618
4/14/2004,2.459058346
4/15/2004,2.459400851
4/16/2004,2.459753328
4/19/2004,2.460111929
4/20/2004,2.460461395
4/21/2004,2.460813654
4/22/2004,2.461182919
4/23/2004,2.461555245
4/26/2004,2.461932582
4/27/2004,2.462317977
4/28/2004,2.462695249
4/29/2004,2.463066797
4/30/2004,2.46345351
5/3/2004,2.46383427
5/4/2004,2.46421625
5/5/2004,2.464602346
5/6/2004,2.464996714
5/7/2004,2.465394832
5/10/2004,2.465765596
5/11/2004,2.466155216
5/12/2004,2.466558713
5/13/2004,2.466976119
5/14/2004,2.467413208
5/17/2004,2.467848387
5/18/2004,2.468292441
5/19/2004,2.468733964
5/20/2004,2.469149527
5/21/2004,2.469549408
5/24/2004,2.469933254
5/25/2004,2.470345217
5/26/2004,2.470759731
5/27/2004,2.471179493
5/28/2004,2.471611886
5/31/2004,2.472041475
6/1/2004,2.472466905
6/2/2004,2.472898729
6/3/2004,2.473328935
6/4/2004,2.473759825
6/7/2004,2.474198487
6/8/2004,2.474647251
6/9/2004,2.475094338
6/10/2004,2.475538627
6/11/2004,2.475980431
6/14/2004,2.476428857
6/15/2004,2.47687072
6/16/2004,2.477307286
6/17/2004,2.477746554
6/18/2004,2.478185164
6/21/2004,2.478625923
6/22/2004,2.479071968
6/23/2004,2.479524196
6/24/2004,2.479971199
6/25/2004,2.48040314
6/28/2004,2.480835375
6/29/2004,2.48127129
6/30/2004,2.481715981
7/1/2004,2.482153554
7/2/2004,2.482579547
7/5/2004,2.482990858
7/6/2004,2.483412713
7/7/2004,2.483837763
7/8/2004,2.484260016
7/9/2004,2.484683117
7/12/2004,2.485107067
7/13/2004,2.485535447
7/14/2004,2.485965989
7/15/2004,2.486393322
7/16/2004,2.486814588
7/19/2004,2.48721925
7/20/2004,2.487621551
7/21/2004,2.488036111
7/22/2004,2.488469011
7/23/2004,2.488902209
7/26/2004,2.489337265
7/27/2004,2.489766885
7/28/2004,2.490193191
7/29/2004,2.490624713
7/30/2004,2.491046919
8/2/2004,2.491475164
8/3/2004,2.491912593
8/4/2004,2.492337397
8/5/2004,2.492758203
8/6/2004,2.493182013
8/9/2004,2.49361123
8/10/2004,2.494038017
8/11/2004,2.494471795
8/12/2004,2.494906954
8/13/2004,2.495358078
8/16/2004,2.49581932
8/17/2004,2.496282075
8/18/2004,2.496753654
8/19/2004,2.497226018
8/20/2004,2.4977
8/23/2004,2.498174188
8/24/2004,2.498644667
8/25/2004,2.499116013
8/26/2004,2.499589566
8/27/2004,2.500061654
8/30/2004,2.500531355
8/31/2004,2.501009038
9/1/2004,2.501481156
9/2/2004,2.501944677
9/3/2004,2.50241594
9/6/2004,2.502894039
9/7/2004,2.503371681
9/8/2004,2.503856686
9/9/2004,2.504340909
9/10/2004,2.504830666
9/13/2004,2.505326813
9/14/2004,2.505823797
9/15/2004,2.506310642
9/16/2004,2.506789518
9/17/2004,2.50725643
9/20/2004,2.507719306
9/21/2004,2.508186695
9/22/2004,2.508652078
9/23/2004,2.509096689
9/24/2004,2.509541037
9/27/2004,2.509982823
9/28/2004,2.510427404
9/29/2004,2.510876661
9/30/2004,2.511327792
10/1/2004,2.511780631
10/4/2004,2.512229974
10/5/2004,2.512683419
10/6/2004,2.51313148
10/7/2004,2.513600771
10/8/2004,2.514056041
10/11/2004,2.514515609
10/12/2004,2.514984721
10/13/2004,2.515456443
10/14/2004,2.515923474
10/15/2004,2.516387952
10/18/2004,2.516849268
10/19/2004,2.517316552
10/20/2004,2.517782312
10/21/2004,2.518245769
10/22/2004,2.518701729
10/25/2004,2.519159429
10/26/2004,2.519622338
10/27/2004,2.520091248
10/28/2004,2.520556722
10/29/2004,2.521019965
11/1/2004,2.52148245
11/2/2004,2.521947043
11/3/2004,2.522416101
11/4/2004,2.522891376
11/5/2004,2.523362075
11/8/2004,2.523847208
11/9/2004,2.524337817
11/10/2004,2.524829108
11/11/2004,2.525333071
11/12/2004,2.525833363
11/15/2004,2.52632752
11/16/2004,2.526813246
11/17/2004,2.52729324
11/18/2004,2.527783743
11/19/2004,2.528270185
11/22/2004,2.528754137
11/23/2004,2.529244846
11/24/2004,2.529718607
11/25/2004,2.530207767
11/26/2004,2.530706184
11/29/2004,2.531201326
11/30/2004,2.531693982
12/1/2004,2.532196368
12/2/2004,2.532702748
12/3/2004,2.533210914
12/6/2004,2.533701066
12/7/2004,2.534200178
12/8/2004,2.53470089
12/9/2004,2.535200623
12/10/2004,2.535688057
12/13/2004,2.536179572
12/14/2004,2.536660982
12/15/2004,2.537123056
12/16/2004,2.537578712
12/17/2004,2.538040018
12/20/2004,2.538488889
12/21/2004,2.538929686
12/22/2004,2.539370467
12/23/2004,2.539823181
12/24/2004,2.540281475
12/27/2004,2.540741764
12/28/2004,2.541196847
12/29/2004,2.541633995
12/30/2004,2.542073646
12/31/2004,2.542505872
1/3/2005,1.815
1/4/2005,1.807
1/5/2005,1.8329
1/6/2005,1.845
1/7/2005,1.825
1/10/2005,1.8155
1/11/2005,1.8142
1/12/2005,1.8098
1/13/2005,1.7968
1/14/2005,1.7708
1/17/2005,1.7497
1/18/2005,1.7464
1/19/2005,1.7598
1/20/2005,1.748
1/21/2005,1.7505
1/24/2005,1.7549
1/25/2005,1.7357
1/26/2005,1.7353
1/27/2005,1.7541
1/28/2005,1.7377
1/31/2005,1.742
2/1/2005,1.7342
2/2/2005,1.7354
2/3/2005,1.7216
2/4/2005,1.7107
2/7/2005,1.6905
2/8/2005,1.7008
2/9/2005,1.7
2/10/2005,1.7144
2/11/2005,1.6982
2/14/2005,1.7053
2/15/2005,1.7036
2/16/2005,1.7126
2/17/2005,1.7116
2/18/2005,1.704
2/21/2005,1.7062
2/22/2005,1.712
2/23/2005,1.7272
2/24/2005,1.7145
2/25/2005,1.704
2/28/2005,1.7009
3/1/2005,1.6941
3/2/2005,1.6841
3/3/2005,1.6784
3/4/2005,1.6732
3/7/2005,1.6642
3/8/2005,1.6792
3/9/2005,1.707
3/10/2005,1.7215
3/11/2005,1.7002
3/14/2005,1.729
3/15/2005,1.7301
3/16/2005,1.7783
3/17/2005,1.7886
3/18/2005,1.7546
3/21/2005,1.7768
3/22/2005,1.7606
3/23/2005,1.7776
3/24/2005,1.7575
3/29/2005,1.8019
3/30/2005,1.7846
3/31/2005,1.7572
4/1/2005,1.7521
4/4/2005,1.7564
4/5/2005,1.7515
4/6/2005,1.7462
4/7/2005,1.7354
4/8/2005,1.7335
4/11/2005,1.7507
4/12/2005,1.7467
4/13/2005,1.7373
4/14/2005,1.7472
4/15/2005,1.7776
4/18/2005,1.7934
4/19/2005,1.789
4/20/2005,1.773
4/21/2005,1.7813
4/22/2005,1.7762
4/25/2005,1.772
4/26/2005,1.7662
4/27/2005,1.7763
4/28/2005,1.7893
4/29/2005,1.8031
5/2/2005,1.7838
5/3/2005,1.7673
5/4/2005,1.7534
5/5/2005,1.7352
5/6/2005,1.7476
5/9/2005,1.7383
5/10/2005,1.7496
5/11/2005,1.7636
5/12/2005,1.7316
5/13/2005,1.7298
5/16/2005,1.7469
5/17/2005,1.746
5/18/2005,1.738
5/19/2005,1.7266
5/20/2005,1.7228
5/23/2005,1.7422
5/24/2005,1.7504
5/25/2005,1.7455
5/26/2005,1.7358
5/27/2005,1.728
5/30/2005,1.7134
5/31/2005,1.6748
6/1/2005,1.6718
6/2/2005,1.6549
6/3/2005,1.6793
6/6/2005,1.6741
6/7/2005,1.6719
6/8/2005,1.684
6/9/2005,1.6741
6/10/2005,1.6652
6/13/2005,1.6631
6/14/2005,1.6618
6/15/2005,1.6631
6/16/2005,1.6564
6/17/2005,1.6591
6/20/2005,1.6609
6/21/2005,1.6485
6/22/2005,1.6435
6/23/2005,1.6381
6/24/2005,1.6375
6/27/2005,1.644
6/28/2005,1.6349
6/29/2005,1.6264
6/30/2005,1.6194
7/1/2005,1.6163
7/4/2005,1.6008
7/5/2005,1.605
7/6/2005,1.6089
7/7/2005,1.6241
7/8/2005,1.605
7/11/2005,1.6125
7/12/2005,1.6299
7/13/2005,1.6215
7/14/2005,1.6114
7/15/2005,1.6078
7/18/2005,1.6089
7/19/2005,1.5965
7/20/2005,1.6085
7/21/2005,1.617
7/22/2005,1.6286
7/25/2005,1.6149
7/26/2005,1.6233
7/27/2005,1.61
7/28/2005,1.6172
7/29/2005,1.6102
8/1/2005,1.6138
8/2/2005,1.6171
8/3/2005,1.6223
8/4/2005,1.6233
8/5/2005,1.63
8/8/2005,1.6347
8/9/2005,1.6362
8/10/2005,1.6316
8/11/2005,1.647
8/12/2005,1.687
8/15/2005,1.672
8/16/2005,1.657
8/17/2005,1.674
8/18/2005,1.6735
8/19/2005,1.6694
8/22/2005,1.671
8/23/2005,1.6724
8/24/2005,1.675
8/25/2005,1.676
8/26/2005,1.6742
8/29/2005,1.669
8/30/2005,1.6533
8/31/2005,1.6489
9/1/2005,1.6653
9/2/2005,1.674
9/5/2005,1.6728
9/6/2005,1.663
9/7/2005,1.663
9/8/2005,1.66
9/9/2005,1.6544
9/12/2005,1.6463
9/13/2005,1.64
9/14/2005,1.6468
9/15/2005,1.6384
9/16/2005,1.642
9/19/2005,1.634
9/20/2005,1.631
9/21/2005,1.634
9/22/2005,1.637
9/23/2005,1.6274
9/26/2005,1.6251
9/27/2005,1.615
9/28/2005,1.6272
9/29/2005,1.627
9/30/2005,1.623
10/3/2005,1.62
10/4/2005,1.6151
10/5/2005,1.6194
10/6/2005,1.642
10/7/2005,1.6412
10/10/2005,1.6268
10/11/2005,1.6207
10/12/2005,1.6307
10/13/2005,1.6461
10/14/2005,1.6499
10/17/2005,1.6381
10/18/2005,1.625
10/19/2005,1.64
10/20/2005,1.6334
10/21/2005,1.6384
10/24/2005,1.6299
10/25/2005,1.6371
10/26/2005,1.6367
10/27/2005,1.6413
10/28/2005,1.6405
10/31/2005,1.6224
11/1/2005,1.6258
11/2/2005,1.6177
11/3/2005,1.6245
11/4/2005,1.6096
11/7/2005,1.6112
11/8/2005,1.6033
11/9/2005,1.599
11/10/2005,1.606
11/11/2005,1.596
11/14/2005,1.5974
11/15/2005,1.5901
11/16/2005,1.5868
11/17/2005,1.589
11/18/2005,1.6033
11/21/2005,1.6119
11/22/2005,1.603
11/23/2005,1.6049
11/24/2005,1.6014
11/25/2005,1.5956
11/28/2005,1.596
11/29/2005,1.6004
11/30/2005,1.5986
12/1/2005,1.5986
12/2/2005,1.5916
12/5/2005,1.5974
12/6/2005,1.5961
12/7/2005,1.5898
12/8/2005,1.5996
12/9/2005,1.5988
12/12/2005,1.6118
12/13/2005,1.608
12/14/2005,1.615
12/15/2005,1.618
12/16/2005,1.6185
12/19/2005,1.616
12/20/2005,1.6151
12/21/2005,1.6043
12/22/2005,1.6026
12/23/2005,1.601
12/27/2005,1.6014
12/28/2005,1.6075
12/29/2005,1.5963
12/30/2005,1.5924
1/2/2006,1.598
1/3/2006,1.601
1/4/2006,1.6145
1/5/2006,1.616
1/6/2006,1.6181
1/9/2006,1.612
1/10/2006,1.6307
1/11/2006,1.621
1/12/2006,1.6211
1/13/2006,1.616
1/16/2006,1.6148
1/17/2006,1.6129
1/18/2006,1.621
1/19/2006,1.6154
1/20/2006,1.613
1/23/2006,1.627
1/24/2006,1.622
1/25/2006,1.626
1/26/2006,1.623
1/27/2006,1.6134
1/30/2006,1.605
1/31/2006,1.6057
2/1/2006,1.603
2/2/2006,1.603
2/3/2006,1.597
2/6/2006,1.592
2/7/2006,1.5922
2/8/2006,1.595
2/9/2006,1.593
2/10/2006,1.5883
2/13/2006,1.5805
2/14/2006,1.578
2/15/2006,1.5938
2/16/2006,1.5783
2/17/2006,1.5751
2/20/2006,1.5732
2/21/2006,1.5683
2/22/2006,1.5805
2/23/2006,1.5765
2/24/2006,1.5724
2/27/2006,1.561
2/28/2006,1.5585
3/1/2006,1.5708
3/2/2006,1.555
3/3/2006,1.566
3/6/2006,1.5748
3/7/2006,1.58
3/8/2006,1.61
3/9/2006,1.6015
3/10/2006,1.6085
3/13/2006,1.6055
3/14/2006,1.611
3/15/2006,1.6025
3/16/2006,1.614
3/17/2006,1.6131
3/20/2006,1.621
3/21/2006,1.626
3/22/2006,1.6255
3/23/2006,1.6107
3/24/2006,1.6149
3/27/2006,1.616
3/28/2006,1.64
3/29/2006,1.6365
3/30/2006,1.6285
3/31/2006,1.6323
4/3/2006,1.6245
4/4/2006,1.632
4/5/2006,1.6378
4/6/2006,1.6489
4/7/2006,1.626
4/10/2006,1.6275
4/11/2006,1.621
4/12/2006,1.6275
4/13/2006,1.635
4/18/2006,1.6464
4/19/2006,1.643
4/20/2006,1.6415
4/21/2006,1.634
4/24/2006,1.6385
4/25/2006,1.6437
4/26/2006,1.6505
4/27/2006,1.648
4/28/2006,1.66
5/2/2006,1.67
5/3/2006,1.6615
5/4/2006,1.6675
5/5/2006,1.6745
5/8/2006,1.6865
5/9/2006,1.7065
5/10/2006,1.7174
5/11/2006,1.7305
5/12/2006,1.813
5/15/2006,1.8857
5/16/2006,1.858
5/17/2006,1.848
5/18/2006,1.916
5/19/2006,1.8878
5/22/2006,1.9385
5/23/2006,1.934
5/24/2006,1.987
5/25/2006,1.977
5/26/2006,1.9735
5/29/2006,1.9555
5/30/2006,1.9885
5/31/2006,2.0039
6/1/2006,1.9915
6/2/2006,1.9705
6/5/2006,2.046
6/6/2006,2.0075
6/7/2006,2.001
6/8/2006,1.98
6/9/2006,1.9499
6/12/2006,1.947
6/13/2006,2.026
6/14/2006,2.0125
6/15/2006,2.0055
6/16/2006,2.0145
6/19/2006,2.0215
6/20/2006,2.0312
6/21/2006,2.1075
6/22/2006,2.1263
6/23/2006,2.1335
6/26/2006,2.0805
6/27/2006,2.0626
6/28/2006,2.0325
6/29/2006,2.0115
6/30/2006,2.0075
7/3/2006,2.0165
7/4/2006,1.974
7/5/2006,2.016
7/6/2006,2.0176
7/7/2006,1.992
7/10/2006,1.9902
7/11/2006,1.9675
7/12/2006,1.9854
7/13/2006,2.0155
7/14/2006,2.005
7/17/2006,1.994
7/18/2006,1.9833
7/19/2006,1.9685
7/20/2006,1.9635
7/21/2006,1.9723
7/24/2006,1.96
7/25/2006,1.935
7/26/2006,1.9138
7/27/2006,1.92
7/28/2006,1.9045
7/31/2006,1.901
8/1/2006,1.915
8/2/2006,1.928
8/3/2006,1.9145
8/4/2006,1.9061
8/7/2006,1.8839
8/8/2006,1.8826
8/9/2006,1.872
8/10/2006,1.865
8/11/2006,1.8501
8/14/2006,1.8645
8/15/2006,1.868
8/16/2006,1.8555
8/17/2006,1.8546
8/18/2006,1.846
8/21/2006,1.8672
8/22/2006,1.8649
8/23/2006,1.8689
8/24/2006,1.8984
8/25/2006,1.8882
8/28/2006,1.9054
8/29/2006,1.8887
8/30/2006,1.8855
8/31/2006,1.871
9/1/2006,1.8847
9/4/2006,1.872
9/5/2006,1.8606
9/6/2006,1.8737
9/7/2006,1.8825
9/8/2006,1.8802
9/11/2006,1.8802
9/12/2006,1.8779
9/13/2006,1.863
9/14/2006,1.8806
9/15/2006,1.8666
9/18/2006,1.8503
9/19/2006,1.859
9/20/2006,1.8686
9/21/2006,1.875
9/22/2006,1.9618
9/25/2006,1.9275
9/26/2006,1.943
9/27/2006,1.8965
9/28/2006,1.9128
9/29/2006,1.9112
10/2/2006,1.9215
10/3/2006,1.9125
10/4/2006,1.9219
10/5/2006,1.909
10/6/2006,1.8912
10/9/2006,1.8924
10/10/2006,1.88
10/11/2006,1.8725
10/12/2006,1.8574
10/13/2006,1.846
10/16/2006,1.8494
10/17/2006,1.8548
10/18/2006,1.8496
10/19/2006,1.83
10/20/2006,1.8405
10/23/2006,1.835
10/24/2006,1.8462
10/25/2006,1.8475
10/26/2006,1.8345
10/27/2006,1.8403
10/30/2006,1.855
10/31/2006,1.8515
11/1/2006,1.8575
11/2/2006,1.8672
11/3/2006,1.8712
11/6/2006,1.8393
11/7/2006,1.8432
11/8/2006,1.8627
11/9/2006,1.8575
11/10/2006,1.86
11/13/2006,1.8642
11/14/2006,1.8565
11/15/2006,1.855
11/16/2006,1.845
11/17/2006,1.8458
11/20/2006,1.8741
11/21/2006,1.874
11/22/2006,1.894
11/23/2006,1.908
11/24/2006,1.929
11/27/2006,1.925
11/28/2006,1.947
11/29/2006,1.933
11/30/2006,1.921
12/1/2006,1.9253
12/4/2006,1.9417
12/5/2006,1.933
12/6/2006,1.9201
12/7/2006,1.9045
12/8/2006,1.9055
12/11/2006,1.887
12/12/2006,1.8879
12/13/2006,1.8919
12/14/2006,1.879
12/15/2006,1.8676
12/18/2006,1.8663
12/19/2006,1.8845
12/20/2006,1.8855
12/21/2006,1.8836
12/22/2006,1.881
12/27/2006,1.8751
12/28/2006,1.8648
12/29/2006,1.864
1/2/2007,1.8758
1/3/2007,1.862
1/4/2007,1.858
1/5/2007,1.8762
1/8/2007,1.878
1/9/2007,1.868
1/10/2007,1.8918
1/11/2007,1.873
1/12/2007,1.8485
1/15/2007,1.8467
1/16/2007,1.8575
1/17/2007,1.8459
1/18/2007,1.8375
1/19/2007,1.8345
1/22/2007,1.8214
1/23/2007,1.8425
1/24/2007,1.8368
1/25/2007,1.8403
1/26/2007,1.8448
1/29/2007,1.846
1/30/2007,1.8535
1/31/2007,1.8405
2/1/2007,1.832
2/2/2007,1.826
2/5/2007,1.819
2/6/2007,1.8115
2/7/2007,1.8215
2/8/2007,1.8263
2/9/2007,1.8209
2/12/2007,1.8301
2/13/2007,1.827
2/14/2007,1.8295
2/15/2007,1.826
2/16/2007,1.821
2/19/2007,1.8161
2/20/2007,1.8178
2/21/2007,1.8185
2/22/2007,1.811
2/23/2007,1.8144
2/26/2007,1.8224
2/27/2007,1.8566
2/28/2007,1.8715
3/1/2007,1.8928
3/2/2007,1.883
3/5/2007,1.9049
3/6/2007,1.88
3/7/2007,1.884
3/8/2007,1.87
3/9/2007,1.8703
3/12/2007,1.8571
3/13/2007,1.8751
3/14/2007,1.8757
3/15/2007,1.863
3/16/2007,1.8765
3/19/2007,1.8571
3/20/2007,1.855
3/21/2007,1.853
3/22/2007,1.8497
3/23/2007,1.8479
3/26/2007,1.8354
3/27/2007,1.8538
3/28/2007,1.8612
3/29/2007,1.8598
3/30/2007,1.8455
4/2/2007,1.8551
4/3/2007,1.8473
4/4/2007,1.8312
4/5/2007,1.832
4/10/2007,1.842
4/11/2007,1.8375
4/12/2007,1.855
4/13/2007,1.8602
4/16/2007,1.8395
4/17/2007,1.8371
4/18/2007,1.8356
4/19/2007,1.846
4/20/2007,1.8217
4/23/2007,1.8205
4/24/2007,1.8185
4/25/2007,1.8168
4/26/2007,1.8135
4/27/2007,1.8241
4/30/2007,1.854
5/2/2007,1.845
5/3/2007,1.845
5/4/2007,1.836
5/7/2007,1.823
5/8/2007,1.819
5/9/2007,1.8131
5/10/2007,1.8145
5/11/2007,1.8136
5/14/2007,1.809
5/15/2007,1.81
5/16/2007,1.797
5/17/2007,1.7876
5/18/2007,1.7945
5/21/2007,1.778
5/22/2007,1.7755
5/23/2007,1.7861
5/24/2007,1.7915
5/25/2007,1.7885
5/28/2007,1.7826
5/29/2007,1.7879
5/30/2007,1.7895
5/31/2007,1.7775
6/1/2007,1.7638
6/4/2007,1.767
6/5/2007,1.778
6/6/2007,1.785
6/7/2007,1.7883
6/8/2007,1.8022
6/11/2007,1.7893
6/12/2007,1.7816
6/13/2007,1.7853
6/14/2007,1.7738
6/15/2007,1.7608
6/18/2007,1.7478
6/19/2007,1.7464
6/20/2007,1.7435
6/21/2007,1.7592
6/22/2007,1.76
6/25/2007,1.771
6/26/2007,1.7827
6/27/2007,1.7886
6/28/2007,1.7796
6/29/2007,1.774
7/2/2007,1.7721
7/3/2007,1.7606
7/4/2007,1.7616
7/5/2007,1.7664
7/6/2007,1.7607
7/9/2007,1.7507
7/10/2007,1.7628
7/11/2007,1.783
7/12/2007,1.772
7/13/2007,1.754
7/16/2007,1.7545
7/17/2007,1.7617
7/18/2007,1.7608
7/19/2007,1.7525
7/20/2007,1.752
7/23/2007,1.7307
7/24/2007,1.7092
7/25/2007,1.71
7/26/2007,1.7518
7/27/2007,1.7916
7/30/2007,1.7947
7/31/2007,1.7498
8/1/2007,1.7758
8/2/2007,1.7476
8/3/2007,1.745
8/6/2007,1.7715
8/7/2007,1.7558
8/8/2007,1.7349
8/9/2007,1.7523
8/10/2007,1.781
8/13/2007,1.7595
8/14/2007,1.7752
8/15/2007,1.8085
8/16/2007,1.8755
8/17/2007,1.8636
8/20/2007,1.8185
8/21/2007,1.837
8/22/2007,1.8122
8/23/2007,1.7963
8/24/2007,1.8116
8/27/2007,1.7969
8/28/2007,1.8128
8/29/2007,1.811
8/30/2007,1.7943
8/31/2007,1.7817
9/3/2007,1.7763
9/4/2007,1.776
9/5/2007,1.7717
9/6/2007,1.782
9/7/2007,1.7697
9/10/2007,1.7955
9/11/2007,1.779
9/12/2007,1.775
9/13/2007,1.7576
9/14/2007,1.7526
9/17/2007,1.7576
9/18/2007,1.7524
9/19/2007,1.7313
9/20/2007,1.735
9/21/2007,1.7294
9/24/2007,1.7297
9/25/2007,1.7405
9/26/2007,1.7212
9/27/2007,1.7238
9/28/2007,1.7159
10/1/2007,1.718
10/2/2007,1.7126
10/3/2007,1.7121
10/4/2007,1.7023
10/5/2007,1.6779
10/8/2007,1.6711
10/9/2007,1.6679
10/10/2007,1.6782
10/11/2007,1.6851
10/12/2007,1.6956
10/15/2007,1.7183
10/16/2007,1.7314
10/17/2007,1.7099
10/18/2007,1.7335
10/19/2007,1.7161
10/22/2007,1.7628
10/23/2007,1.7279
10/24/2007,1.7254
10/25/2007,1.7121
10/26/2007,1.7161
10/29/2007,1.7132
10/30/2007,1.7179
10/31/2007,1.6987
11/1/2007,1.6998
11/2/2007,1.706
11/5/2007,1.7235
11/6/2007,1.7059
11/7/2007,1.7345
11/8/2007,1.7359
11/9/2007,1.7536
11/12/2007,1.766
11/13/2007,1.7601
11/14/2007,1.7375
11/15/2007,1.732
11/16/2007,1.7343
11/19/2007,1.7409
11/20/2007,1.765
11/21/2007,1.7861
11/22/2007,1.7773
11/23/2007,1.7815
11/26/2007,1.7727
11/27/2007,1.8245
11/28/2007,1.7676
11/29/2007,1.7571
11/30/2007,1.734
12/3/2007,1.734
12/4/2007,1.7505
12/5/2007,1.733
12/6/2007,1.715
12/7/2007,1.7185
12/10/2007,1.719
12/11/2007,1.7175
12/12/2007,1.7213
12/13/2007,1.7231
12/14/2007,1.7142
12/17/2007,1.7121
12/18/2007,1.7146
12/19/2007,1.7187
12/20/2007,1.7152
12/21/2007,1.7172
12/24/2007,1.7048
12/27/2007,1.7072
12/28/2007,1.7178
12/31/2007,1.717
1/2/2008,1.7134
1/3/2008,1.7292
1/4/2008,1.7107
1/7/2008,1.7228
1/8/2008,1.7055
1/9/2008,1.7066
1/10/2008,1.702
1/11/2008,1.7031
1/14/2008,1.7147
1/15/2008,1.7132
1/16/2008,1.7356
1/17/2008,1.7387
1/18/2008,1.7341
1/21/2008,1.7579
1/22/2008,1.7754
1/23/2008,1.768
1/24/2008,1.7525
1/25/2008,1.738
1/28/2008,1.7546
1/29/2008,1.7402
1/30/2008,1.7445
1/31/2008,1.7483
2/1/2008,1.7364
2/4/2008,1.7253
2/5/2008,1.7205
2/6/2008,1.7335
2/7/2008,1.762
2/8/2008,1.75
2/11/2008,1.7795
2/12/2008,1.7689
2/13/2008,1.7545
2/14/2008,1.7499
2/15/2008,1.7603
2/18/2008,1.7494
2/19/2008,1.7565
2/20/2008,1.778
2/21/2008,1.7743
2/22/2008,1.789
2/25/2008,1.7765
2/26/2008,1.7758
2/27/2008,1.7793
2/28/2008,1.789
2/29/2008,1.8183
3/3/2008,1.8577
3/4/2008,1.8482
3/5/2008,1.8383
3/6/2008,1.8664
3/7/2008,1.9247
3/10/2008,1.9044
3/11/2008,1.8942
3/12/2008,1.891
3/13/2008,1.9312
3/14/2008,1.8898
3/17/2008,2.0027
3/18/2008,1.9505
3/19/2008,1.9274
3/20/2008,1.9237
3/25/2008,1.9409
3/26/2008,1.9845
3/27/2008,2.0004
3/28/2008,2.0437
3/31/2008,2.0675
4/1/2008,2.0588
4/2/2008,2.0118
4/3/2008,1.9933
4/4/2008,2.0339
4/7/2008,2.0071
4/8/2008,2.0272
4/9/2008,2.0295
4/10/2008,2.0856
4/11/2008,2.068
4/14/2008,2.0898
4/15/2008,2.0828
4/16/2008,2.1189
4/17/2008,2.1085
4/18/2008,2.081
4/21/2008,2.0878
4/22/2008,2.0865
4/23/2008,2.0656
4/24/2008,2.0471
4/25/2008,2.0131
4/28/2008,1.9995
4/29/2008,2.0008
4/30/2008,2.003
5/2/2008,1.9532
5/5/2008,1.9538
5/6/2008,1.9524
5/7/2008,1.931
5/8/2008,1.9496
5/9/2008,1.9679
5/12/2008,1.9426
5/13/2008,1.9364
5/14/2008,1.9399
5/15/2008,1.9315
5/16/2008,1.9111
5/19/2008,1.9177
5/20/2008,1.933
5/21/2008,1.9648
5/22/2008,1.9705
5/23/2008,1.9591
5/26/2008,1.9648
5/27/2008,1.9677
5/28/2008,1.923
5/29/2008,1.9039
5/30/2008,1.8834
6/2/2008,1.903
6/3/2008,1.9132
6/4/2008,1.92
6/5/2008,1.89
6/6/2008,1.9301
6/9/2008,1.964
6/10/2008,1.9365
6/11/2008,1.9464
6/12/2008,1.935
6/13/2008,1.93
6/16/2008,1.9231
6/17/2008,1.9034
6/18/2008,1.9041
6/19/2008,1.9015
6/20/2008,1.914
6/23/2008,1.9068
6/24/2008,1.9173
6/25/2008,1.9098
6/26/2008,1.9121
6/27/2008,1.941
6/30/2008,1.9323
7/1/2008,1.9569
7/2/2008,1.9661
7/3/2008,1.995
7/4/2008,1.9372
7/7/2008,1.9224
7/8/2008,1.9263
7/9/2008,1.92
7/10/2008,1.9159
7/11/2008,1.9421
7/14/2008,1.923
7/15/2008,1.952
7/16/2008,1.9303
7/17/2008,1.9109
7/18/2008,1.8795
7/21/2008,1.8907
7/22/2008,1.9054
7/23/2008,1.8847
7/24/2008,1.8883
7/25/2008,1.8966
7/28/2008,1.8963
7/29/2008,1.8917
7/30/2008,1.8552
7/31/2008,1.809
8/1/2008,1.805
8/4/2008,1.7935
8/5/2008,1.7882
8/6/2008,1.7977
8/7/2008,1.805
8/8/2008,1.7883
8/11/2008,1.7729
8/12/2008,1.7609
8/13/2008,1.7583
8/14/2008,1.766
8/15/2008,1.7474
8/18/2008,1.7415
8/19/2008,1.748
8/20/2008,1.7545
8/21/2008,1.766
8/22/2008,1.7562
8/25/2008,1.7528
8/26/2008,1.7447
8/27/2008,1.7595
8/28/2008,1.7568
8/29/2008,1.7415
9/1/2008,1.7315
9/2/2008,1.7248
9/3/2008,1.7515
9/4/2008,1.768
9/5/2008,1.7659
9/8/2008,1.7359
9/9/2008,1.7298
9/10/2008,1.7484
9/11/2008,1.769
9/12/2008,1.7605
9/15/2008,1.7865
9/16/2008,1.8203
9/17/2008,1.8006
9/18/2008,1.854
9/19/2008,1.788
9/22/2008,1.8096
9/23/2008,1.8295
9/24/2008,1.8266
9/25/2008,1.8178
9/26/2008,1.8164
9/29/2008,1.8056
9/30/2008,1.8136
10/1/2008,1.792
10/2/2008,1.813
10/3/2008,1.8092
10/6/2008,1.819
10/7/2008,1.854
10/8/2008,1.9122
10/9/2008,1.8943
10/10/2008,1.938
10/13/2008,1.9216
10/14/2008,1.8905
10/15/2008,1.9035
10/16/2008,2.0064
10/17/2008,2.0321
10/20/2008,2.0331
10/21/2008,2.0483
10/22/2008,2.1097
10/23/2008,2.2204
10/24/2008,2.1434
10/27/2008,2.0949
10/28/2008,1.9571
10/29/2008,1.9392
10/30/2008,1.9842
10/31/2008,1.9906
11/3/2008,1.9718
11/4/2008,1.9379
11/5/2008,1.9409
11/6/2008,1.953
11/7/2008,1.9799
11/10/2008,1.9625
11/11/2008,2.0205
11/12/2008,2.0601
11/13/2008,2.0486
11/14/2008,2.0736
11/17/2008,2.0674
11/18/2008,2.0995
11/19/2008,2.1196
11/20/2008,2.1354
11/21/2008,2.118
11/24/2008,2.0477
11/25/2008,2.0393
11/26/2008,2.0665
11/27/2008,2.0329
11/28/2008,2.0097
12/1/2008,2.0189
12/2/2008,2.0189
12/3/2008,1.9926
12/4/2008,1.9875
12/5/2008,2.01
12/8/2008,2.0341
12/9/2008,2.034
12/10/2008,2.028
12/11/2008,2.0504
12/12/2008,2.0987
12/15/2008,2.1172
12/16/2008,2.1448
12/17/2008,2.1779
12/18/2008,2.1938
12/19/2008,2.119
12/22/2008,2.1215
12/23/2008,2.1257
12/24/2008,2.1313
12/29/2008,2.1628
12/30/2008,2.1606
12/31/2008,2.1488
1/2/2009,2.138
1/5/2009,2.0897
1/6/2009,2.0256
1/7/2009,2.0672
1/8/2009,2.1232
1/9/2009,2.1212
1/12/2009,2.1114
1/13/2009,2.1233
1/14/2009,2.1085
1/15/2009,2.1197
1/16/2009,2.1333
1/19/2009,2.1768
1/20/2009,2.1659
1/21/2009,2.1455
1/22/2009,2.1454
1/23/2009,2.1433
1/26/2009,2.1331
1/27/2009,2.1377
1/28/2009,2.1408
1/29/2009,2.1229
1/30/2009,2.117
2/2/2009,2.1195
2/3/2009,2.1138
2/4/2009,2.1074
2/5/2009,2.1032
2/6/2009,2.0891
2/9/2009,2.0976
2/10/2009,2.099
2/11/2009,2.1222
2/12/2009,2.1249
2/13/2009,2.113
2/16/2009,2.1248
2/17/2009,2.1209
2/18/2009,2.1338
2/19/2009,2.1361
2/20/2009,2.1585
2/23/2009,2.1552
2/24/2009,2.1675
2/25/2009,2.1605
2/26/2009,2.158
2/27/2009,2.1558
3/2/2009,2.1752
3/3/2009,2.1802
3/4/2009,2.1708
3/5/2009,2.208
3/6/2009,2.265
3/9/2009,2.2826
3/10/2009,2.2793
3/11/2009,2.214
3/12/2009,2.2284
3/13/2009,2.2032
3/16/2009,2.2067
3/17/2009,2.2111
3/18/2009,2.2459
3/19/2009,2.3047
3/20/2009,2.2872
3/23/2009,2.2674
3/24/2009,2.2415
3/25/2009,2.2433
3/26/2009,2.255
3/27/2009,2.2222
3/30/2009,2.2352
3/31/2009,2.2212
4/1/2009,2.1782
4/2/2009,2.1665
4/3/2009,2.1447
4/6/2009,2.123
4/7/2009,2.138
4/8/2009,2.1143
4/9/2009,2.09
4/14/2009,2.0856
4/15/2009,2.1162
4/16/2009,2.1164
4/17/2009,2.1052
4/20/2009,2.1251
4/21/2009,2.1511
4/22/2009,2.1314
4/23/2009,2.135
4/24/2009,2.1362
4/27/2009,2.1355
4/28/2009,2.1292
4/29/2009,2.1182
4/30/2009,2.1145
5/4/2009,2.1045
5/5/2009,2.0918
5/6/2009,2.093
5/7/2009,2.0601
5/8/2009,2.0833
5/11/2009,2.1136
5/12/2009,2.1349
5/13/2009,2.1254
5/14/2009,2.1431
5/15/2009,2.1249
5/18/2009,2.0981
5/19/2009,2.0923
5/20/2009,2.0996
5/21/2009,2.1173
5/22/2009,2.1468
5/25/2009,2.1672
5/26/2009,2.1709
5/27/2009,2.1844
5/28/2009,2.1775
5/29/2009,2.1737
6/1/2009,2.1719
6/2/2009,2.1779
6/3/2009,2.1748
6/4/2009,2.1784
6/5/2009,2.1834
6/8/2009,2.1594
6/9/2009,2.1656
6/10/2009,2.1698
6/11/2009,2.16
6/12/2009,2.1532
6/15/2009,2.1438
6/16/2009,2.1435
6/17/2009,2.1575
6/18/2009,2.1822
6/19/2009,2.1642
6/22/2009,2.1652
6/23/2009,2.1944
6/24/2009,2.1829
6/25/2009,2.1691
6/26/2009,2.1645
6/29/2009,2.1619
6/30/2009,2.1614
7/1/2009,2.1559
7/2/2009,2.1489
7/3/2009,2.148
7/6/2009,2.154
7/7/2009,2.1593
7/8/2009,2.1623
7/9/2009,2.1625
7/10/2009,2.1636
7/13/2009,2.1701
7/14/2009,2.154
7/15/2009,2.1625
7/16/2009,2.157
7/17/2009,2.1525
7/20/2009,2.1476
7/21/2009,2.136
7/22/2009,2.1247
7/23/2009,2.118
7/24/2009,2.11
7/27/2009,2.1122
7/28/2009,2.0992
7/29/2009,2.0975
7/30/2009,2.0861
7/31/2009,2.087
8/3/2009,2.0956
8/4/2009,2.1091
8/5/2009,2.1019
8/6/2009,2.122
8/7/2009,2.13
8/10/2009,2.0929
8/11/2009,2.1225
8/12/2009,2.1267
8/13/2009,2.1056
8/14/2009,2.116
8/17/2009,2.1222
8/18/2009,2.1117
8/19/2009,2.1285
8/20/2009,2.125
8/21/2009,2.1324
8/24/2009,2.1261
8/25/2009,2.1351
8/26/2009,2.1472
8/27/2009,2.1431
8/28/2009,2.1532
8/31/2009,2.148
9/1/2009,2.1558
9/2/2009,2.1512
9/3/2009,2.1549
9/4/2009,2.142
9/7/2009,2.1374
9/8/2009,2.1521
9/9/2009,2.166
9/10/2009,2.1912
9/11/2009,2.1865
9/14/2009,2.1853
9/15/2009,2.1781
9/16/2009,2.1695
9/17/2009,2.165
9/18/2009,2.1691
9/21/2009,2.1875
9/22/2009,2.1882
9/23/2009,2.1918
9/24/2009,2.186
9/25/2009,2.1779
9/28/2009,2.1868
9/29/2009,2.168
9/30/2009,2.1734
10/1/2009,2.175
10/2/2009,2.1806
10/5/2009,2.172
10/6/2009,2.1615
10/7/2009,2.1625
10/8/2009,2.158
10/9/2009,2.1616
10/12/2009,2.1595
10/13/2009,2.166
10/14/2009,2.1546
10/15/2009,2.152
10/16/2009,2.1768
10/19/2009,2.1749
10/20/2009,2.1757
10/21/2009,2.1883
10/22/2009,2.204
10/23/2009,2.2051
10/26/2009,2.2199
10/27/2009,2.2188
10/28/2009,2.219
10/29/2009,2.2145
10/30/2009,2.211
11/2/2009,2.2174
11/3/2009,2.211
11/4/2009,2.2094
11/5/2009,2.2129
11/6/2009,2.2059
11/9/2009,2.211
11/10/2009,2.2112
11/11/2009,2.2098
11/12/2009,2.2081
11/13/2009,2.203
11/16/2009,2.2092
11/17/2009,2.205
11/18/2009,2.215
11/19/2009,2.2165
11/20/2009,2.2196
11/23/2009,2.2403
11/24/2009,2.241
11/25/2009,2.2433
11/26/2009,2.2797
11/27/2009,2.283
11/30/2009,2.298
12/1/2009,2.2662
12/2/2009,2.2622
12/3/2009,2.2413
12/4/2009,2.2333
12/7/2009,2.2133
12/8/2009,2.224
12/9/2009,2.2173
12/10/2009,2.202
12/11/2009,2.2058
12/14/2009,2.2023
12/15/2009,2.1992
12/16/2009,2.1965
12/17/2009,2.1791
12/18/2009,2.181
12/21/2009,2.1892
12/22/2009,2.1798
12/23/2009,2.1784
12/24/2009,2.1797
12/28/2009,2.1777
12/29/2009,2.1758
12/30/2009,2.169
12/31/2009,2.1547
1/4/2010,2.1411
1/5/2010,2.1284
1/6/2010,2.1185
1/7/2010,2.1195
1/8/2010,2.103
1/11/2010,2.11
1/12/2010,2.1084
1/13/2010,2.1072
1/14/2010,2.1149
1/15/2010,2.09
1/18/2010,2.0854
1/19/2010,2.085
1/20/2010,2.0735
1/21/2010,2.0778
1/22/2010,2.108
1/25/2010,2.1049
1/26/2010,2.1101
1/27/2010,2.1006
1/28/2010,2.0898
1/29/2010,2.0793
2/1/2010,2.0745
2/2/2010,2.072
2/3/2010,2.0741
2/4/2010,2.0735
2/5/2010,2.0785
2/8/2010,2.0851
2/9/2010,2.08
2/10/2010,2.0791
2/11/2010,2.0758
2/12/2010,2.0619
2/15/2010,2.0611
2/16/2010,2.0649
2/17/2010,2.0666
2/18/2010,2.0633
2/19/2010,2.0616
2/22/2010,2.0681
2/23/2010,2.0849
2/24/2010,2.0958
2/25/2010,2.0894
2/26/2010,2.1016
3/1/2010,2.0879
3/2/2010,2.0793
3/3/2010,2.0986
3/4/2010,2.112
3/5/2010,2.1001
3/8/2010,2.088
3/9/2010,2.0894
3/10/2010,2.0933
3/11/2010,2.095
3/12/2010,2.1018
3/15/2010,2.0922
3/16/2010,2.0944
3/17/2010,2.0821
3/18/2010,2.0815
3/19/2010,2.0776
3/22/2010,2.0884
3/23/2010,2.0863
3/24/2010,2.0611
3/25/2010,2.0545
3/26/2010,2.0521
3/29/2010,2.0641
3/30/2010,2.0583
3/31/2010,2.0512
4/1/2010,2.0481
4/6/2010,2.0243
4/7/2010,2.0039
4/8/2010,2.0008
4/9/2010,1.9969
4/12/2010,2.0198
4/13/2010,2.0217
4/14/2010,2.0162
4/15/2010,2.004
4/16/2010,1.9968
4/19/2010,2.0093
4/20/2010,2.0064
4/21/2010,1.9852
4/22/2010,1.982
4/23/2010,1.9763
4/26/2010,1.9667
4/27/2010,1.9779
4/28/2010,1.986
4/29/2010,1.9673
4/30/2010,1.9757
5/3/2010,1.9749
5/4/2010,1.9704
5/5/2010,1.9606
5/6/2010,1.9566
5/7/2010,1.9923
5/10/2010,1.969
5/11/2010,1.9521
5/12/2010,1.9352
5/13/2010,1.911
5/14/2010,1.9143
5/17/2010,1.9039
5/18/2010,1.908
5/19/2010,1.9418
5/20/2010,1.9625
5/21/2010,1.9836
5/24/2010,1.9488
5/25/2010,1.9464
5/26/2010,1.9406
5/27/2010,1.9255
5/28/2010,1.9299
5/31/2010,1.936
6/1/2010,1.9288
6/2/2010,1.9317
6/3/2010,1.9317
6/4/2010,1.9228
6/7/2010,1.911
6/8/2010,1.914
6/9/2010,1.9184
6/10/2010,1.9224
6/11/2010,1.915
6/14/2010,1.9241
6/15/2010,1.9316
6/16/2010,1.9291
6/17/2010,1.9308
6/18/2010,1.929
6/21/2010,1.9233
6/22/2010,1.9165
6/23/2010,1.9239
6/24/2010,1.9435
6/25/2010,1.944
6/28/2010,1.9403
6/29/2010,1.9303
6/30/2010,1.94
7/1/2010,1.9552
7/2/2010,1.9742
7/5/2010,1.962
7/6/2010,1.9589
7/7/2010,1.9632
7/8/2010,1.963
7/9/2010,1.9628
7/12/2010,1.9582
7/13/2010,1.9564
7/14/2010,1.9612
7/15/2010,1.9695
7/16/2010,1.9907
7/19/2010,1.9944
7/20/2010,1.9802
7/21/2010,1.9586
7/22/2010,1.9591
7/23/2010,1.9577
7/26/2010,1.9652
7/27/2010,1.9701
7/28/2010,1.9646
7/29/2010,1.9768
7/30/2010,1.9703
8/2/2010,1.96
8/3/2010,1.9762
8/4/2010,1.9819
8/5/2010,1.9791
8/6/2010,1.9734
8/9/2010,1.9772
8/10/2010,1.9696
8/11/2010,1.9688
8/12/2010,1.9504
8/13/2010,1.9391
8/16/2010,1.9382
8/17/2010,1.9285
8/18/2010,1.9285
8/19/2010,1.9275
8/20/2010,1.9282
8/23/2010,1.9336
8/24/2010,1.9335
8/25/2010,1.9318
8/26/2010,1.9345
8/27/2010,1.9383
8/30/2010,1.9297
8/31/2010,1.9373
9/1/2010,1.9485
9/2/2010,1.9402
9/3/2010,1.933
9/6/2010,1.9345
9/7/2010,1.9267
9/8/2010,1.9286
9/9/2010,1.923
9/10/2010,1.9164
9/13/2010,1.9164
9/14/2010,1.9294
9/15/2010,1.9398
9/16/2010,1.9549
9/17/2010,1.9606
9/20/2010,1.9562
9/21/2010,1.9595
9/22/2010,1.9849
9/23/2010,1.9861
9/24/2010,1.99
9/27/2010,1.9876
9/28/2010,1.983
9/29/2010,1.9817
9/30/2010,1.9806
10/1/2010,1.9856
10/4/2010,1.9817
10/5/2010,1.9889
10/6/2010,1.965
10/7/2010,1.9823
10/8/2010,1.9782
10/11/2010,1.968
10/12/2010,1.9659
10/13/2010,1.9723
10/14/2010,1.9762
10/15/2010,1.9808
10/18/2010,1.9748
10/19/2010,1.9775
10/20/2010,1.9811
10/21/2010,1.9907
10/22/2010,1.9896
10/25/2010,1.9845
10/26/2010,1.9785
10/27/2010,1.9834
10/28/2010,1.9869
10/29/2010,1.9887
11/1/2010,1.9872
11/2/2010,1.983
11/3/2010,1.9768
11/4/2010,1.983
11/5/2010,1.9674
11/8/2010,1.9621
11/9/2010,1.9623
11/10/2010,1.9488
11/11/2010,1.954
11/12/2010,1.962
11/15/2010,1.9726
11/16/2010,1.9801
11/17/2010,1.9691
11/18/2010,1.9747
11/19/2010,1.9785
11/22/2010,1.9718
11/23/2010,1.992
11/24/2010,1.9755
11/25/2010,1.966
11/26/2010,1.9707
11/29/2010,1.9745
11/30/2010,1.9645
12/1/2010,1.961
12/2/2010,1.96
12/3/2010,1.9813
12/6/2010,1.9722
12/7/2010,1.9714
12/8/2010,1.9735
12/9/2010,1.9883
12/10/2010,1.9847
12/13/2010,1.997
12/14/2010,2.0196
12/15/2010,2.0277
12/16/2010,2.0223
12/17/2010,2.0371
12/20/2010,2.047
12/21/2010,2.0479
12/22/2010,2.0355
12/23/2010,2.0302
12/24/2010,2.0289
12/27/2010,2.0356
12/28/2010,2.0564
12/29/2010,2.0545
12/30/2010,2.0636
12/31/2010,2.0694
1/3/2011,2.0807
1/4/2011,2.0744
1/5/2011,2.049
1/6/2011,2.0251
1/7/2011,2.0344
1/10/2011,2.0524
1/11/2011,2.0465
1/12/2011,2.0377
1/13/2011,2.0455
1/14/2011,2.073
1/17/2011,2.0554
1/18/2011,2.0545
1/19/2011,2.0792
1/20/2011,2.1278
1/21/2011,2.1309
1/24/2011,2.1262
1/25/2011,2.1294
1/26/2011,2.1589
1/27/2011,2.166
1/28/2011,2.1859
1/31/2011,2.1972
2/1/2011,2.1873
2/2/2011,2.1824
2/3/2011,2.1885
2/4/2011,2.1736
2/7/2011,2.1387
2/8/2011,2.1509
2/9/2011,2.165
2/10/2011,2.177
2/11/2011,2.1575
2/14/2011,2.146
2/15/2011,2.1504
2/16/2011,2.1425
2/17/2011,2.139
2/18/2011,2.1509
2/21/2011,2.1609
2/22/2011,2.1824
2/23/2011,2.1878
2/24/2011,2.2132
2/25/2011,2.1975
2/28/2011,2.2122
3/1/2011,2.2214
3/2/2011,2.2353
3/3/2011,2.2243
3/4/2011,2.2303
3/7/2011,2.2473
3/8/2011,2.2152
3/9/2011,2.2069
3/10/2011,2.1823
3/11/2011,2.1861
3/14/2011,2.2024
3/15/2011,2.2034
3/16/2011,2.2126
3/17/2011,2.2182
3/18/2011,2.2303
3/21/2011,2.2398
3/22/2011,2.2311
3/23/2011,2.2022
3/24/2011,2.193
3/25/2011,2.1955
3/28/2011,2.1869
3/29/2011,2.1982
3/30/2011,2.192
3/31/2011,2.1947
4/1/2011,2.1766
4/4/2011,2.1848
4/5/2011,2.1721
4/6/2011,2.1762
4/7/2011,2.162
4/8/2011,2.1646
4/11/2011,2.1855
4/12/2011,2.1938
4/13/2011,2.1921
4/14/2011,2.1947
4/15/2011,2.1932
4/18/2011,2.1788
4/19/2011,2.1936
4/20/2011,2.2056
4/21/2011,2.2102
4/26/2011,2.2289
4/27/2011,2.2329
4/28/2011,2.2487
4/29/2011,2.258
5/2/2011,2.2569
5/3/2011,2.2642
5/4/2011,2.2877
5/5/2011,2.2888
5/6/2011,2.24
5/9/2011,2.2202
5/10/2011,2.2398
5/11/2011,2.2644
5/12/2011,2.244
5/13/2011,2.2592
5/16/2011,2.2477
5/17/2011,2.2484
5/18/2011,2.2534
5/19/2011,2.2438
5/20/2011,2.261
5/23/2011,2.2534
5/24/2011,2.2547
5/25/2011,2.2603
5/26/2011,2.2655
5/27/2011,2.2895
5/30/2011,2.2871
5/31/2011,2.2955
6/1/2011,2.2837
6/2/2011,2.2978
6/3/2011,2.2959
6/6/2011,2.3102
6/7/2011,2.3188
6/8/2011,2.3183
6/9/2011,2.3102
6/10/2011,2.2828
6/13/2011,2.2614
6/14/2011,2.282
6/15/2011,2.2811
6/16/2011,2.2858
6/17/2011,2.2779
6/20/2011,2.294
6/21/2011,2.309
6/22/2011,2.3255
6/23/2011,2.3215
6/24/2011,2.3207
6/27/2011,2.3352
6/28/2011,2.3461
6/29/2011,2.3604
6/30/2011,2.35
7/1/2011,2.3362
7/4/2011,2.3444
7/5/2011,2.3533
7/6/2011,2.3394
7/7/2011,2.3342
7/8/2011,2.3124
7/11/2011,2.3104
7/12/2011,2.3101
7/13/2011,2.325
7/14/2011,2.3376
7/15/2011,2.3344
7/18/2011,2.3468
7/19/2011,2.3517
7/20/2011,2.3575
7/21/2011,2.3793
7/22/2011,2.418
7/25/2011,2.4719
7/26/2011,2.4783
7/27/2011,2.4399
7/28/2011,2.3955
7/29/2011,2.3973
8/1/2011,2.4116
8/2/2011,2.4136
8/3/2011,2.4336
8/4/2011,2.4567
8/5/2011,2.4556
8/8/2011,2.4837
8/9/2011,2.5164
8/10/2011,2.5171
8/11/2011,2.535
8/12/2011,2.5346
8/15/2011,2.5386
8/16/2011,2.5604
8/17/2011,2.5566
8/18/2011,2.5519
8/19/2011,2.57
8/22/2011,2.577
8/23/2011,2.5783
8/24/2011,2.5665
8/25/2011,2.5396
8/26/2011,2.5275
8/29/2011,2.5217
8/30/2011,2.5036
8/31/2011,2.4879
9/1/2011,2.4584
9/2/2011,2.486
9/5/2011,2.489
9/6/2011,2.4955
9/7/2011,2.4647
9/8/2011,2.4815
9/9/2011,2.4563
9/12/2011,2.4485
9/13/2011,2.428
9/14/2011,2.4287
9/15/2011,2.454
9/16/2011,2.4575
9/19/2011,2.4537
9/20/2011,2.4431
9/21/2011,2.4719
9/22/2011,2.4636
9/23/2011,2.4797
9/26/2011,2.5002
9/27/2011,2.5066
9/28/2011,2.5178
9/29/2011,2.5249
9/30/2011,2.51
10/3/2011,2.4885
10/4/2011,2.5056
10/5/2011,2.498
10/6/2011,2.4587
10/7/2011,2.4828
10/10/2011,2.4921
10/11/2011,2.5075
10/12/2011,2.5188
10/13/2011,2.5174
10/14/2011,2.5391
10/17/2011,2.5514
10/18/2011,2.5568
10/19/2011,2.5637
10/20/2011,2.5696
10/21/2011,2.5513
10/24/2011,2.5253
10/25/2011,2.4955
10/26/2011,2.4577
10/27/2011,2.4798
10/28/2011,2.4716
10/31/2011,2.4563
11/1/2011,2.4508
11/2/2011,2.4528
11/3/2011,2.423
11/4/2011,2.4225
11/7/2011,2.4477
11/8/2011,2.4494
11/9/2011,2.4428
11/10/2011,2.4303
11/11/2011,2.4283
11/14/2011,2.4336
11/15/2011,2.4299
11/16/2011,2.4335
11/17/2011,2.4465
11/18/2011,2.4686
11/21/2011,2.4812
11/22/2011,2.5043
11/23/2011,2.4997
11/24/2011,2.4911
11/25/2011,2.4946
11/28/2011,2.4817
11/29/2011,2.4692
11/30/2011,2.4622
12/1/2011,2.4718
12/2/2011,2.4567
12/5/2011,2.4585
12/6/2011,2.4618
12/7/2011,2.4529
12/8/2011,2.4566
12/9/2011,2.47
12/12/2011,2.4687
12/13/2011,2.4641
12/14/2011,2.4467
12/15/2011,2.4455
12/16/2011,2.452
12/19/2011,2.469
12/20/2011,2.476
12/21/2011,2.4594
12/22/2011,2.465
12/23/2011,2.4765
12/27/2011,2.4831
12/28/2011,2.484
12/29/2011,2.465
12/30/2011,2.4432
1/2/2012,2.4376
1/3/2012,2.4505
1/4/2012,2.4275
1/5/2012,2.4185
1/6/2012,2.3955
1/9/2012,2.3844
1/10/2012,2.3921
1/11/2012,2.3671
1/12/2012,2.3545
1/13/2012,2.3642
1/16/2012,2.3482
1/17/2012,2.3523
1/18/2012,2.361
1/19/2012,2.362
1/20/2012,2.364
1/23/2012,2.369
1/24/2012,2.3767
1/25/2012,2.366
1/26/2012,2.358
1/27/2012,2.3389
1/30/2012,2.3478
1/31/2012,2.333
2/1/2012,2.3232
2/2/2012,2.314
2/3/2012,2.3112
2/6/2012,2.3017
2/7/2012,2.3076
2/8/2012,2.3191
2/9/2012,2.3331
2/10/2012,2.3305
2/13/2012,2.3312
2/14/2012,2.3307
2/15/2012,2.3101
2/16/2012,2.3048
2/17/2012,2.3094
2/20/2012,2.3094
2/21/2012,2.3182
2/22/2012,2.3173
2/23/2012,2.346
2/24/2012,2.3639
2/27/2012,2.3697
2/28/2012,2.358
2/29/2012,2.345
3/1/2012,2.3343
3/2/2012,2.3277
3/5/2012,2.3355
3/6/2012,2.3485
3/7/2012,2.3459
3/8/2012,2.3514
3/9/2012,2.3493
3/12/2012,2.3585
3/13/2012,2.345
3/14/2012,2.3459
3/15/2012,2.3555
3/16/2012,2.3583
3/19/2012,2.3801
3/20/2012,2.4
3/21/2012,2.3989
3/22/2012,2.389
3/23/2012,2.3862
3/26/2012,2.3767
3/27/2012,2.3809
3/28/2012,2.3763
3/29/2012,2.3677
3/30/2012,2.3774
4/2/2012,2.376
4/3/2012,2.3677
4/4/2012,2.3584
4/5/2012,2.3468
4/10/2012,2.3624
4/11/2012,2.3711
4/12/2012,2.3664
4/13/2012,2.3536
4/16/2012,2.3453
4/17/2012,2.3515
4/18/2012,2.3456
4/19/2012,2.3444
4/20/2012,2.362
4/23/2012,2.357
4/24/2012,2.351
4/25/2012,2.3417
4/26/2012,2.3359
4/27/2012,2.328
4/30/2012,2.3234
5/2/2012,2.3134
5/3/2012,2.3125
5/4/2012,2.3053
5/7/2012,2.3
5/8/2012,2.2994
5/9/2012,2.3236
5/10/2012,2.3135
5/11/2012,2.3135
5/14/2012,2.325
5/15/2012,2.321
5/16/2012,2.318
5/17/2012,2.3199
5/18/2012,2.327
5/21/2012,2.3371
5/22/2012,2.3314
5/23/2012,2.3409
5/24/2012,2.318
5/25/2012,2.3106
5/28/2012,2.3074
5/29/2012,2.3008
5/30/2012,2.293
5/31/2012,2.296
6/1/2012,2.3048
6/4/2012,2.3024
6/5/2012,2.3002
6/6/2012,2.2996
6/7/2012,2.2964
6/8/2012,2.2848
6/11/2012,2.2827
6/12/2012,2.286
6/13/2012,2.287
6/14/2012,2.289
6/15/2012,2.291
6/18/2012,2.2883
6/19/2012,2.2756
6/20/2012,2.2797
6/21/2012,2.2735
6/22/2012,2.2661
6/25/2012,2.2703
6/26/2012,2.2683
6/27/2012,2.2587
6/28/2012,2.2691
6/29/2012,2.2834
7/2/2012,2.2775
7/3/2012,2.266
7/4/2012,2.2677
7/5/2012,2.2467
7/6/2012,2.2527
7/9/2012,2.2441
7/10/2012,2.2353
7/11/2012,2.2191
7/12/2012,2.2141
7/13/2012,2.2165
7/16/2012,2.2115
7/17/2012,2.2253
7/18/2012,2.2131
7/19/2012,2.2129
7/20/2012,2.2075
7/23/2012,2.2043
7/24/2012,2.2105
7/25/2012,2.214
7/26/2012,2.2317
7/27/2012,2.2386
7/30/2012,2.211
7/31/2012,2.199
8/1/2012,2.2112
8/2/2012,2.2147
8/3/2012,2.1897
8/6/2012,2.2035
8/7/2012,2.2142
8/8/2012,2.2094
8/9/2012,2.1959
8/10/2012,2.1942
8/13/2012,2.2099
8/14/2012,2.2147
8/15/2012,2.2137
8/16/2012,2.2088
8/17/2012,2.2247
8/20/2012,2.2161
8/21/2012,2.2334
8/22/2012,2.236
8/23/2012,2.252
8/24/2012,2.2508
8/27/2012,2.2555
8/28/2012,2.2595
8/29/2012,2.2768
8/30/2012,2.2921
8/31/2012,2.2921
9/3/2012,2.2878
9/4/2012,2.2881
9/5/2012,2.2905
9/6/2012,2.2951
9/7/2012,2.2918
9/10/2012,2.3025
9/11/2012,2.3065
9/12/2012,2.3284
9/13/2012,2.3386
9/14/2012,2.3501
9/17/2012,2.3542
9/18/2012,2.3486
9/19/2012,2.3323
9/20/2012,2.3335
9/21/2012,2.3314
9/24/2012,2.3259
9/25/2012,2.3194
9/26/2012,2.3053
9/27/2012,2.3038
9/28/2012,2.3203
10/1/2012,2.3117
10/2/2012,2.317
10/3/2012,2.3127
10/4/2012,2.3386
10/5/2012,2.3375
10/8/2012,2.3494
10/9/2012,2.349
10/10/2012,2.3375
10/11/2012,2.3407
10/12/2012,2.3437
10/15/2012,2.3463
10/16/2012,2.3585
10/17/2012,2.3629
10/18/2012,2.357
10/19/2012,2.3445
10/22/2012,2.3449
10/23/2012,2.3437
10/24/2012,2.3365
10/25/2012,2.3369
10/26/2012,2.3288
10/29/2012,2.3237
10/30/2012,2.3307
10/31/2012,2.3312
11/1/2012,2.3251
11/2/2012,2.2975
11/5/2012,2.2793
11/6/2012,2.2741
11/7/2012,2.2713
11/8/2012,2.273
11/9/2012,2.276
11/12/2012,2.29
11/13/2012,2.2885
11/14/2012,2.2965
11/15/2012,2.2982
11/16/2012,2.2944
11/19/2012,2.3007
11/20/2012,2.3016
11/21/2012,2.3097
11/22/2012,2.3194
11/23/2012,2.3201
11/26/2012,2.327
11/27/2012,2.324
11/28/2012,2.3101
11/29/2012,2.3241
11/30/2012,2.3213
12/3/2012,2.3329
12/4/2012,2.3367
12/5/2012,2.335
12/6/2012,2.3388
12/7/2012,2.3118
12/10/2012,2.3167
12/11/2012,2.3173
12/12/2012,2.3198
12/13/2012,2.328
12/14/2012,2.3306
12/17/2012,2.3472
12/18/2012,2.3476
12/19/2012,2.3682
12/20/2012,2.367
12/21/2012,2.3709
12/24/2012,2.3769
12/27/2012,2.3757
12/28/2012,2.3584
12/31/2012,2.3551
1/2/2013,2.3594
1/3/2013,2.3354
1/4/2013,2.3287
1/7/2013,2.3239
1/8/2013,2.3281
1/9/2013,2.3212
1/10/2013,2.3275
1/11/2013,2.3489
1/14/2013,2.3622
1/15/2013,2.3623
1/16/2013,2.35
1/17/2013,2.3499
1/18/2013,2.346
1/21/2013,2.35
1/22/2013,2.3593
1/23/2013,2.3591
1/24/2013,2.3661
1/25/2013,2.3787
1/28/2013,2.3734
1/29/2013,2.3805
1/30/2013,2.3959
1/31/2013,2.3876
2/1/2013,2.3936
2/4/2013,2.379
2/5/2013,2.3837
2/6/2013,2.3858
2/7/2013,2.394
2/8/2013,2.3707
2/11/2013,2.3744
2/12/2013,2.3859
2/13/2013,2.3788
2/14/2013,2.3605
2/15/2013,2.3572
2/18/2013,2.3587
2/19/2013,2.372
2/20/2013,2.3792
2/21/2013,2.3656
2/22/2013,2.3639
2/25/2013,2.3879
2/26/2013,2.3637
2/27/2013,2.364
2/28/2013,2.358
3/1/2013,2.3457
3/4/2013,2.3444
3/5/2013,2.3391
3/6/2013,2.3365
3/7/2013,2.3407
3/8/2013,2.349
3/11/2013,2.3438
3/12/2013,2.3517
3/13/2013,2.351
3/14/2013,2.3456
3/15/2013,2.3666
3/18/2013,2.3466
3/19/2013,2.3509
3/20/2013,2.356
3/21/2013,2.3425
3/22/2013,2.3558
3/25/2013,2.3528
3/26/2013,2.3386
3/27/2013,2.3271
3/28/2013,2.3212
4/2/2013,2.317
4/3/2013,2.3205
4/4/2013,2.3176
4/5/2013,2.3294
4/8/2013,2.3292
4/9/2013,2.3248
4/10/2013,2.337
4/11/2013,2.3464
4/12/2013,2.3353
4/15/2013,2.3414
4/16/2013,2.3524
4/17/2013,2.3549
4/18/2013,2.3422
4/19/2013,2.3568
4/22/2013,2.3515
4/23/2013,2.3478
4/24/2013,2.3476
4/25/2013,2.354
4/26/2013,2.342
4/29/2013,2.3521
4/30/2013,2.352
5/2/2013,2.3633
5/3/2013,2.3543
5/6/2013,2.3543
5/7/2013,2.3594
5/8/2013,2.357
5/9/2013,2.3583
5/10/2013,2.3403
5/13/2013,2.345
5/14/2013,2.3506
5/15/2013,2.3464
5/16/2013,2.3591
5/17/2013,2.3646
5/20/2013,2.3736
5/21/2013,2.3788
5/22/2013,2.3791
5/23/2013,2.3872
5/24/2013,2.3913
5/27/2013,2.3871
5/28/2013,2.3912
5/29/2013,2.4129
5/30/2013,2.4274
5/31/2013,2.4456
6/3/2013,2.4605
6/4/2013,2.4518
6/5/2013,2.4592
6/6/2013,2.4773
6/7/2013,2.498
6/10/2013,2.5053
6/11/2013,2.5172
6/12/2013,2.4906
6/13/2013,2.4897
6/14/2013,2.4674
6/17/2013,2.4906
6/18/2013,2.5167
6/19/2013,2.5238
6/20/2013,2.5324
6/21/2013,2.5515
6/24/2013,2.5445
6/25/2013,2.5315
6/26/2013,2.5208
6/27/2013,2.507
6/28/2013,2.521
7/1/2013,2.5099
7/2/2013,2.5062
7/3/2013,2.5264
7/4/2013,2.5343
7/5/2013,2.511
7/8/2013,2.5025
7/9/2013,2.4955
7/10/2013,2.4938
7/11/2013,2.5359
7/12/2013,2.5599
7/15/2013,2.5303
7/16/2013,2.5231
7/17/2013,2.5299
7/18/2013,2.5122
7/19/2013,2.5227
7/22/2013,2.5244
7/23/2013,2.5195
7/24/2013,2.5278
7/25/2013,2.5424
7/26/2013,2.5493
7/29/2013,2.5535
7/30/2013,2.557
7/31/2013,2.5623
8/1/2013,2.5635
8/2/2013,2.5711
8/5/2013,2.563
8/6/2013,2.562
8/7/2013,2.5713
8/8/2013,2.5708
8/9/2013,2.5657
8/12/2013,2.5566
8/13/2013,2.5624
8/14/2013,2.5664
8/15/2013,2.57
8/16/2013,2.5844
8/19/2013,2.6055
8/20/2013,2.6091
8/21/2013,2.6185
8/22/2013,2.6463
8/23/2013,2.664
8/26/2013,2.6698
8/27/2013,2.7082
8/28/2013,2.765
8/29/2013,2.6943
8/30/2013,2.6868
9/2/2013,2.6641
9/3/2013,2.6985
9/4/2013,2.704
9/5/2013,2.7421
9/6/2013,2.7031
9/9/2013,2.6955
9/10/2013,2.6766
9/11/2013,2.669
9/12/2013,2.6875
9/13/2013,2.6955
9/16/2013,2.6592
9/17/2013,2.6839
9/18/2013,2.6704
9/19/2013,2.6491
9/20/2013,2.68
9/23/2013,2.688
9/24/2013,2.6961
9/25/2013,2.7087
9/26/2013,2.721
9/27/2013,2.7566
9/30/2013,2.751
10/1/2013,2.727
10/2/2013,2.7275
10/3/2013,2.7241
10/4/2013,2.7152
10/7/2013,2.7087
10/8/2013,2.6939
10/9/2013,2.6857
10/10/2013,2.68
10/11/2013,2.6837
10/14/2013,2.6929
10/15/2013,2.6828
10/16/2013,2.6929
10/17/2013,2.689
10/18/2013,2.6903
10/21/2013,2.7021
10/22/2013,2.7109
10/23/2013,2.716
10/24/2013,2.7316
10/25/2013,2.7367
10/28/2013,2.7373
10/29/2013,2.7388
10/30/2013,2.7358
10/31/2013,2.7167
11/1/2013,2.7252
11/4/2013,2.7273
11/5/2013,2.7332
11/6/2013,2.7428
11/7/2013,2.7102
11/8/2013,2.7178
11/11/2013,2.7286
11/12/2013,2.7516
11/13/2013,2.7528
11/14/2013,2.75
11/15/2013,2.7443
11/18/2013,2.7299
11/19/2013,2.7149
11/20/2013,2.7197
11/21/2013,2.72
11/22/2013,2.7251
11/25/2013,2.703
11/26/2013,2.728
11/27/2013,2.7499
11/28/2013,2.7424
11/29/2013,2.7475
12/2/2013,2.7524
12/3/2013,2.7675
12/4/2013,2.7809
12/5/2013,2.7784
12/6/2013,2.7876
12/9/2013,2.7864
12/10/2013,2.7902
12/11/2013,2.7999
12/12/2013,2.8073
12/13/2013,2.7992
12/16/2013,2.797
12/17/2013,2.8055
12/18/2013,2.8137
12/19/2013,2.8338
12/20/2013,2.8583
12/23/2013,2.866
12/24/2013,2.8476
12/27/2013,2.9859
12/30/2013,2.9348
12/31/2013,2.9605
1/2/2014,2.9843
1/3/2014,2.9637
1/6/2014,2.9837
1/7/2014,2.9566
1/8/2014,2.9581
1/9/2014,2.9745
1/10/2014,2.9585
1/13/2014,2.973
1/14/2014,2.9979
1/15/2014,2.9858
1/16/2014,2.9991
1/17/2014,3.0142
1/20/2014,3.0379
1/21/2014,3.0459
1/22/2014,3.0634
1/23/2014,3.1056
1/24/2014,3.1888
1/27/2014,3.165
1/28/2014,3.098
1/29/2014,3.0445
1/30/2014,3.0808
1/31/2014,3.0742
2/3/2014,3.0533
2/4/2014,3.0411
2/5/2014,3.0323
2/6/2014,3.0043
2/7/2014,3.0162
2/10/2014,3.0251
2/11/2014,3.0076
2/12/2014,2.977
2/13/2014,3.0167
2/14/2014,2.9962
2/17/2014,2.9858
2/18/2014,2.9933
2/19/2014,3.0102
2/20/2014,3.0292
2/21/2014,3.0097
2/24/2014,2.9945
2/25/2014,3.0369
2/26/2014,3.0461
2/27/2014,3.0364
2/28/2014,3.0555
3/3/2014,3.0576
3/4/2014,3.052
3/5/2014,3.031
3/6/2014,3.0256
3/7/2014,3.0483
3/10/2014,3.0742
3/11/2014,3.0859
3/12/2014,3.1113
3/13/2014,3.103
3/14/2014,3.104
3/17/2014,3.0932
3/18/2014,3.0885
3/19/2014,3.091
3/20/2014,3.079
3/21/2014,3.0862
3/24/2014,3.0829
3/25/2014,3.0751
3/26/2014,3.0445
3/27/2014,3.0055
3/28/2014,3.0138
3/31/2014,2.9693
4/1/2014,2.9659
4/2/2014,2.9286
4/3/2014,2.9493
4/4/2014,2.929
4/7/2014,2.9103
4/8/2014,2.8855
4/9/2014,2.9185
4/10/2014,2.9092
4/11/2014,2.949
4/14/2014,2.941
4/15/2014,2.9369
4/16/2014,2.9588
4/17/2014,2.9552
4/22/2014,2.9568
4/23/2014,2.9739
4/24/2014,2.945
4/25/2014,2.9539
4/28/2014,2.954
4/29/2014,2.9321
4/30/2014,2.9328
5/2/2014,2.9152
5/5/2014,2.9132
5/6/2014,2.9183
5/7/2014,2.9133
5/8/2014,2.8975
5/9/2014,2.8662
5/12/2014,2.8634
5/13/2014,2.8393
5/14/2014,2.8519
5/15/2014,2.8466
5/16/2014,2.8755
5/19/2014,2.8791
5/20/2014,2.8934
5/21/2014,2.8841
5/22/2014,2.8697
5/23/2014,2.8471
5/26/2014,2.8467
5/27/2014,2.864
5/28/2014,2.8616
5/29/2014,2.85
5/30/2014,2.8498
6/2/2014,2.8543
6/3/2014,2.8765
6/4/2014,2.8876
6/5/2014,2.8606
6/6/2014,2.8529
6/9/2014,2.8325
6/10/2014,2.8274
6/11/2014,2.846
6/12/2014,2.8498
6/13/2014,2.8752
6/16/2014,2.8979
6/17/2014,2.8972
6/18/2014,2.9086
6/19/2014,2.9025
6/20/2014,2.9121
6/23/2014,2.9044
6/24/2014,2.9065
6/25/2014,2.9135
6/26/2014,2.9
6/27/2014,2.8944
6/30/2014,2.8969
7/1/2014,2.9066
7/2/2014,2.9053
7/3/2014,2.9102
7/4/2014,2.8939
7/7/2014,2.8967
7/8/2014,2.8902
7/9/2014,2.8927
7/10/2014,2.8997
7/11/2014,2.8856
7/14/2014,2.8881
7/15/2014,2.8878
7/16/2014,2.8711
7/17/2014,2.876
7/18/2014,2.875
7/21/2014,2.8662
7/22/2014,2.8574
7/23/2014,2.8204
7/24/2014,2.8194
7/25/2014,2.8145
7/28/2014,2.8204
7/29/2014,2.8259
7/30/2014,2.8504
7/31/2014,2.8551
8/1/2014,2.8795
8/4/2014,2.8658
8/5/2014,2.8518
8/6/2014,2.8874
8/7/2014,2.89
8/8/2014,2.892
8/11/2014,2.8783
8/12/2014,2.8893
8/13/2014,2.883
8/14/2014,2.8836
8/15/2014,2.8918
8/18/2014,2.9014
8/19/2014,2.8929
8/20/2014,2.8866
8/21/2014,2.891
8/22/2014,2.8966
8/25/2014,2.8758
8/26/2014,2.8615
8/27/2014,2.8425
8/28/2014,2.8549
8/29/2014,2.8506
9/1/2014,2.8367
9/2/2014,2.8511
9/3/2014,2.8427
9/4/2014,2.8047
9/5/2014,2.8072
9/8/2014,2.8032
9/9/2014,2.8371
9/10/2014,2.8505
9/11/2014,2.844
9/12/2014,2.8507
9/15/2014,2.8584
9/16/2014,2.8635
9/17/2014,2.862
9/18/2014,2.8745
9/19/2014,2.861
9/22/2014,2.8774
9/23/2014,2.8791
9/24/2014,2.8672
9/25/2014,2.8684
9/26/2014,2.8736
9/29/2014,2.9047
9/30/2014,2.8779
10/1/2014,2.8842
10/2/2014,2.8749
10/3/2014,2.8755
10/6/2014,2.8588
10/7/2014,2.8657
10/8/2014,2.8992
10/9/2014,2.8836
10/10/2014,2.8836
10/13/2014,2.8822
10/14/2014,2.8809
10/15/2014,2.8772
10/16/2014,2.9017
10/17/2014,2.8817
10/20/2014,2.873
10/21/2014,2.8584
10/22/2014,2.8489
10/23/2014,2.8336
10/24/2014,2.8332
10/27/2014,2.837
10/28/2014,2.8261
10/29/2014,2.8029
10/30/2014,2.7888
10/31/2014,2.7769
11/3/2014,2.7839
11/4/2014,2.7866
11/5/2014,2.7919
11/6/2014,2.802
11/7/2014,2.8189
11/10/2014,2.8092
11/11/2014,2.8137
11/12/2014,2.818
11/13/2014,2.8054
11/14/2014,2.7905
11/17/2014,2.7854
11/18/2014,2.7819
11/19/2014,2.8001
11/20/2014,2.7954
11/21/2014,2.7595
11/24/2014,2.7649
11/25/2014,2.7675
11/26/2014,2.7687
11/27/2014,2.7664
11/28/2014,2.7594
12/1/2014,2.7673
12/2/2014,2.7655
12/3/2014,2.7572
12/4/2014,2.7556
12/5/2014,2.766
12/8/2014,2.7946
12/9/2014,2.794
12/10/2014,2.8
12/11/2014,2.8153
12/12/2014,2.8523
12/15/2014,2.9025
12/16/2014,2.9797
12/17/2014,2.933
12/18/2014,2.8533
12/19/2014,2.8552
12/22/2014,2.8423
12/23/2014,2.8407
12/24/2014,2.841
12/29/2014,2.8313
12/30/2014,2.8587
12/31/2014,2.832
1/2/2015,2.8332
1/5/2015,2.7869
1/6/2015,2.7732
1/7/2015,2.7547
1/8/2015,2.7181
1/9/2015,2.7154
1/12/2015,2.709
1/13/2015,2.6875
1/14/2015,2.6957
1/15/2015,2.672
1/16/2015,2.6888
1/19/2015,2.7149
1/20/2015,2.701
1/21/2015,2.7141
1/22/2015,2.7128
1/23/2015,2.634
1/26/2015,2.6526
1/27/2015,2.6768
1/28/2015,2.6959
1/29/2015,2.7267
1/30/2015,2.7579
2/2/2015,2.7356
2/3/2015,2.7382
2/4/2015,2.7796
2/5/2015,2.7898
2/6/2015,2.7878
2/9/2015,2.808
2/10/2015,2.8155
2/11/2015,2.8252
2/12/2015,2.821
2/13/2015,2.8105
2/16/2015,2.7919
2/17/2015,2.7935
2/18/2015,2.794
2/19/2015,2.789
2/20/2015,2.7835
2/23/2015,2.8037
2/24/2015,2.8082
2/25/2015,2.8017
2/26/2015,2.8085
2/27/2015,2.83
3/2/2015,2.8211
3/3/2015,2.8296
3/4/2015,2.8317
3/5/2015,2.8663
3/6/2015,2.8275
3/9/2015,2.8334
3/10/2015,2.8375
3/11/2015,2.7721
3/12/2015,2.7517
3/13/2015,2.789
3/16/2015,2.767
3/17/2015,2.7784
3/18/2015,2.7793
3/19/2015,2.7776
3/20/2015,2.7882
3/23/2015,2.7924
3/24/2015,2.8043
3/25/2015,2.8089
3/26/2015,2.8425
3/27/2015,2.8302
3/30/2015,2.8265
3/31/2015,2.8131
4/1/2015,2.8064
4/2/2015,2.8145
4/7/2015,2.8079
4/8/2015,2.814
4/9/2015,2.7915
4/10/2015,2.7921
4/13/2015,2.7985
4/14/2015,2.8284
4/15/2015,2.8711
4/16/2015,2.8899
4/17/2015,2.9037
4/20/2015,2.8995
4/21/2015,2.8755
4/22/2015,2.9145
4/23/2015,2.9398
4/24/2015,2.9565
4/27/2015,2.9414
4/28/2015,2.9161
4/29/2015,2.9437
4/30/2015,2.9815
