Date,CHF
1/4/1999,1.6168
1/5/1999,1.6123
1/6/1999,1.6116
1/7/1999,1.6165
1/8/1999,1.6138
1/11/1999,1.6104
1/12/1999,1.6072
1/13/1999,1.5931
1/14/1999,1.5934
1/15/1999,1.5984
1/18/1999,1.6004
1/19/1999,1.6001
1/20/1999,1.6024
1/21/1999,1.603
1/22/1999,1.5983
1/25/1999,1.5966
1/26/1999,1.6022
1/27/1999,1.6082
1/28/1999,1.6129
1/29/1999,1.6123
2/1/1999,1.6089
2/2/1999,1.6002
2/3/1999,1.5975
2/4/1999,1.6017
2/5/1999,1.6012
2/8/1999,1.6018
2/9/1999,1.5999
2/10/1999,1.5963
2/11/1999,1.5966
2/12/1999,1.5992
2/15/1999,1.595
2/16/1999,1.5975
2/17/1999,1.5973
2/18/1999,1.5982
2/19/1999,1.5982
2/22/1999,1.5986
2/23/1999,1.5954
2/24/1999,1.594
2/25/1999,1.5905
2/26/1999,1.589
3/1/1999,1.593
3/2/1999,1.5912
3/3/1999,1.5926
3/4/1999,1.5883
3/5/1999,1.5912
3/8/1999,1.5933
3/9/1999,1.5931
3/10/1999,1.6014
3/11/1999,1.5972
3/12/1999,1.5975
3/15/1999,1.601
3/16/1999,1.5995
3/17/1999,1.5987
3/18/1999,1.5975
3/19/1999,1.5986
3/22/1999,1.5966
3/23/1999,1.5945
3/24/1999,1.5908
3/25/1999,1.5944
3/26/1999,1.5965
3/29/1999,1.5943
3/30/1999,1.5956
3/31/1999,1.5981
4/1/1999,1.5957
4/2/1999,1.5973
4/5/1999,1.5968
4/6/1999,1.595
4/7/1999,1.5952
4/8/1999,1.5958
4/9/1999,1.5968
4/12/1999,1.603
4/13/1999,1.6032
4/14/1999,1.6052
4/15/1999,1.6035
4/16/1999,1.6027
4/19/1999,1.6015
4/20/1999,1.604
4/21/1999,1.6
4/22/1999,1.601
4/23/1999,1.6023
4/26/1999,1.6027
4/27/1999,1.6047
4/28/1999,1.6088
4/29/1999,1.6072
4/30/1999,1.6113
5/3/1999,1.6111
5/4/1999,1.6098
5/5/1999,1.6041
5/6/1999,1.608
5/7/1999,1.6078
5/10/1999,1.6075
5/11/1999,1.6082
5/12/1999,1.6052
5/13/1999,1.6013
5/14/1999,1.602
5/17/1999,1.6023
5/18/1999,1.6023
5/19/1999,1.6017
5/20/1999,1.602
5/21/1999,1.6034
5/24/1999,1.6023
5/25/1999,1.5964
5/26/1999,1.5949
5/27/1999,1.5939
5/28/1999,1.5941
5/31/1999,1.5943
6/1/1999,1.5928
6/2/1999,1.5912
6/3/1999,1.5928
6/4/1999,1.5877
6/7/1999,1.5858
6/8/1999,1.5909
6/9/1999,1.5914
6/10/1999,1.5947
6/11/1999,1.597
6/14/1999,1.5952
6/15/1999,1.5941
6/16/1999,1.5944
6/17/1999,1.5976
6/18/1999,1.5969
6/21/1999,1.5967
6/22/1999,1.5952
6/23/1999,1.597
6/24/1999,1.5977
6/25/1999,1.5995
6/28/1999,1.5995
6/29/1999,1.6012
6/30/1999,1.6034
7/1/1999,1.6043
7/2/1999,1.606
7/5/1999,1.6055
7/6/1999,1.604
7/7/1999,1.6034
7/8/1999,1.6029
7/9/1999,1.6065
7/12/1999,1.6072
7/13/1999,1.6031
7/14/1999,1.6043
7/15/1999,1.6055
7/16/1999,1.6059
7/19/1999,1.6067
7/20/1999,1.6038
7/21/1999,1.6059
7/22/1999,1.6068
7/23/1999,1.6053
7/26/1999,1.6066
7/27/1999,1.6
7/28/1999,1.5986
7/29/1999,1.5979
7/30/1999,1.5976
8/2/1999,1.5963
8/3/1999,1.5994
8/4/1999,1.6002
8/5/1999,1.5986
8/6/1999,1.6019
8/9/1999,1.5993
8/10/1999,1.6003
8/11/1999,1.6023
8/12/1999,1.6023
8/13/1999,1.6015
8/16/1999,1.602
8/17/1999,1.6012
8/18/1999,1.6016
8/19/1999,1.5997
8/20/1999,1.5975
8/23/1999,1.5973
8/24/1999,1.6009
8/25/1999,1.601
8/26/1999,1.602
8/27/1999,1.6014
8/30/1999,1.6019
8/31/1999,1.5997
9/1/1999,1.6004
9/2/1999,1.5991
9/3/1999,1.5969
9/6/1999,1.5978
9/7/1999,1.5989
9/8/1999,1.5993
9/9/1999,1.6002
9/10/1999,1.6025
9/13/1999,1.6056
9/14/1999,1.6046
9/15/1999,1.6032
9/16/1999,1.6032
9/17/1999,1.6047
9/20/1999,1.6049
9/21/1999,1.6048
9/22/1999,1.6024
9/23/1999,1.6039
9/24/1999,1.6002
9/27/1999,1.6019
9/28/1999,1.6023
9/29/1999,1.6003
9/30/1999,1.5967
10/1/1999,1.5985
10/4/1999,1.5915
10/5/1999,1.5932
10/6/1999,1.5907
10/7/1999,1.5924
10/8/1999,1.5956
10/11/1999,1.5949
10/12/1999,1.5945
10/13/1999,1.5907
10/14/1999,1.5908
10/15/1999,1.5872
10/18/1999,1.5882
10/19/1999,1.5891
10/20/1999,1.5912
10/21/1999,1.5922
10/22/1999,1.5972
10/25/1999,1.598
10/26/1999,1.5989
10/27/1999,1.5995
10/28/1999,1.6023
10/29/1999,1.603
11/1/1999,1.6042
11/2/1999,1.6051
11/3/1999,1.6077
11/4/1999,1.6115
11/5/1999,1.6137
11/8/1999,1.61
11/9/1999,1.6087
11/10/1999,1.6079
11/11/1999,1.6085
11/12/1999,1.6078
11/15/1999,1.6057
11/16/1999,1.6047
11/17/1999,1.6015
11/18/1999,1.602
11/19/1999,1.6032
11/22/1999,1.6029
11/23/1999,1.6009
11/24/1999,1.5997
11/25/1999,1.5999
11/26/1999,1.6012
11/29/1999,1.6029
11/30/1999,1.6021
12/1/1999,1.6007
12/2/1999,1.5999
12/3/1999,1.5967
12/6/1999,1.5969
12/7/1999,1.5999
12/8/1999,1.6014
12/9/1999,1.5991
12/10/1999,1.5984
12/13/1999,1.602
12/14/1999,1.6017
12/15/1999,1.6001
12/16/1999,1.6016
12/17/1999,1.6028
12/20/1999,1.6004
12/21/1999,1.5994
12/22/1999,1.599
12/23/1999,1.6011
12/24/1999,1.6043
12/27/1999,1.6046
12/28/1999,1.6057
12/29/1999,1.6059
12/30/1999,1.6051
1/3/2000,1.6043
1/4/2000,1.6053
1/5/2000,1.606
1/6/2000,1.6068
1/7/2000,1.6079
1/10/2000,1.6089
1/11/2000,1.6093
1/12/2000,1.6098
1/13/2000,1.6111
1/14/2000,1.613
1/17/2000,1.6136
1/18/2000,1.6131
1/19/2000,1.612
1/20/2000,1.6147
1/21/2000,1.6102
1/24/2000,1.6136
1/25/2000,1.6121
1/26/2000,1.6116
1/27/2000,1.6113
1/28/2000,1.6121
1/31/2000,1.6091
2/1/2000,1.6078
2/2/2000,1.6101
2/3/2000,1.6083
2/4/2000,1.6077
2/7/2000,1.6065
2/8/2000,1.6074
2/9/2000,1.6092
2/10/2000,1.606
2/11/2000,1.6056
2/14/2000,1.6066
2/15/2000,1.6061
2/16/2000,1.6036
2/17/2000,1.6042
2/18/2000,1.6032
2/21/2000,1.6031
2/22/2000,1.6072
2/23/2000,1.6105
2/24/2000,1.6101
2/25/2000,1.6083
2/28/2000,1.6064
2/29/2000,1.6067
3/1/2000,1.6066
3/2/2000,1.6075
3/3/2000,1.6063
3/6/2000,1.6072
3/7/2000,1.6083
3/8/2000,1.6061
3/9/2000,1.6061
3/10/2000,1.6078
3/13/2000,1.6108
3/14/2000,1.6114
3/15/2000,1.6115
3/16/2000,1.6112
3/17/2000,1.6126
3/20/2000,1.6126
3/21/2000,1.6116
3/22/2000,1.6095
3/23/2000,1.6045
3/24/2000,1.5936
3/27/2000,1.5908
3/28/2000,1.5904
3/29/2000,1.5896
3/30/2000,1.5909
3/31/2000,1.5907
4/3/2000,1.5886
4/4/2000,1.5817
4/5/2000,1.5732
4/6/2000,1.5725
4/7/2000,1.5727
4/10/2000,1.5731
4/11/2000,1.5718
4/12/2000,1.5745
4/13/2000,1.5738
4/14/2000,1.5737
4/17/2000,1.5686
4/18/2000,1.571
4/19/2000,1.5748
4/20/2000,1.5727
4/25/2000,1.5712
4/26/2000,1.5721
4/27/2000,1.5742
4/28/2000,1.571
5/2/2000,1.5599
5/3/2000,1.5411
5/4/2000,1.5472
5/5/2000,1.5467
5/8/2000,1.5494
5/9/2000,1.5481
5/10/2000,1.5604
5/11/2000,1.5559
5/12/2000,1.5528
5/15/2000,1.5554
5/16/2000,1.5525
5/17/2000,1.5488
5/18/2000,1.5534
5/19/2000,1.5512
5/22/2000,1.5527
5/23/2000,1.5632
5/24/2000,1.5641
5/25/2000,1.5575
5/26/2000,1.5642
5/29/2000,1.5677
5/30/2000,1.5718
5/31/2000,1.5716
6/1/2000,1.574
6/2/2000,1.5729
6/5/2000,1.5734
6/6/2000,1.574
6/7/2000,1.5676
6/8/2000,1.5664
6/9/2000,1.5661
6/12/2000,1.5624
6/13/2000,1.5628
6/14/2000,1.5651
6/15/2000,1.5648
6/16/2000,1.5611
6/19/2000,1.5618
6/20/2000,1.5577
6/21/2000,1.5522
6/22/2000,1.5451
6/23/2000,1.5521
6/26/2000,1.5478
6/27/2000,1.5486
6/28/2000,1.5479
6/29/2000,1.5558
6/30/2000,1.5576
7/3/2000,1.5551
7/4/2000,1.5528
7/5/2000,1.5532
7/6/2000,1.5484
7/7/2000,1.5458
7/10/2000,1.5461
7/11/2000,1.5516
7/12/2000,1.5523
7/13/2000,1.5532
7/14/2000,1.5476
7/17/2000,1.5465
7/18/2000,1.5502
7/19/2000,1.5473
7/20/2000,1.5488
7/21/2000,1.5511
7/24/2000,1.5555
7/25/2000,1.5538
7/26/2000,1.5519
7/27/2000,1.5531
7/28/2000,1.5486
7/31/2000,1.5477
8/1/2000,1.546
8/2/2000,1.5449
8/3/2000,1.5425
8/4/2000,1.5464
8/7/2000,1.5474
8/8/2000,1.544
8/9/2000,1.5443
8/10/2000,1.5449
8/11/2000,1.5531
8/14/2000,1.5541
8/15/2000,1.5591
8/16/2000,1.559
8/17/2000,1.5629
8/18/2000,1.5622
8/21/2000,1.5598
8/22/2000,1.5608
8/23/2000,1.5525
8/24/2000,1.5489
8/25/2000,1.5453
8/28/2000,1.5437
8/29/2000,1.5447
8/30/2000,1.5483
8/31/2000,1.5498
9/1/2000,1.55
9/4/2000,1.5532
9/5/2000,1.549
9/6/2000,1.5482
9/7/2000,1.5468
9/8/2000,1.549
9/11/2000,1.5298
9/12/2000,1.5218
9/13/2000,1.5286
9/14/2000,1.5265
9/15/2000,1.5278
9/18/2000,1.5235
9/19/2000,1.52
9/20/2000,1.5123
9/21/2000,1.51
9/22/2000,1.5318
9/25/2000,1.5221
9/26/2000,1.5188
9/27/2000,1.5254
9/28/2000,1.5257
9/29/2000,1.524
10/2/2000,1.5237
10/3/2000,1.517
10/4/2000,1.5155
10/5/2000,1.5228
10/6/2000,1.5252
10/9/2000,1.5213
10/10/2000,1.5191
10/11/2000,1.5109
10/12/2000,1.5115
10/13/2000,1.5067
10/16/2000,1.5122
10/17/2000,1.5123
10/18/2000,1.5086
10/19/2000,1.504
10/20/2000,1.5058
10/23/2000,1.5014
10/24/2000,1.5016
10/25/2000,1.5015
10/26/2000,1.5088
10/27/2000,1.5124
10/30/2000,1.5235
10/31/2000,1.521
11/1/2000,1.5279
11/2/2000,1.5288
11/3/2000,1.53
11/6/2000,1.5252
11/7/2000,1.5214
11/8/2000,1.5198
11/9/2000,1.5209
11/10/2000,1.5233
11/13/2000,1.5215
11/14/2000,1.5194
11/15/2000,1.5228
11/16/2000,1.5272
11/17/2000,1.5244
11/20/2000,1.5291
11/21/2000,1.5216
11/22/2000,1.5204
11/23/2000,1.5191
11/24/2000,1.5205
11/27/2000,1.5152
11/28/2000,1.5148
11/29/2000,1.5134
11/30/2000,1.5095
12/1/2000,1.5134
12/4/2000,1.5166
12/5/2000,1.5095
12/6/2000,1.5116
12/7/2000,1.5152
12/8/2000,1.5128
12/11/2000,1.5091
12/12/2000,1.504
12/13/2000,1.5036
12/14/2000,1.5055
12/15/2000,1.5086
12/18/2000,1.5055
12/19/2000,1.5064
12/20/2000,1.5162
12/21/2000,1.5244
12/22/2000,1.522
12/27/2000,1.5243
12/28/2000,1.5276
12/29/2000,1.5232
1/2/2001,1.5218
1/3/2001,1.522
1/4/2001,1.5217
1/5/2001,1.529
1/8/2001,1.5271
1/9/2001,1.5232
1/10/2001,1.5243
1/11/2001,1.5324
1/12/2001,1.541
1/15/2001,1.5427
1/16/2001,1.5385
1/17/2001,1.5374
1/18/2001,1.5283
1/19/2001,1.5268
1/22/2001,1.534
1/23/2001,1.5316
1/24/2001,1.5323
1/25/2001,1.5247
1/26/2001,1.5278
1/29/2001,1.5228
1/30/2001,1.5204
1/31/2001,1.5302
2/1/2001,1.5327
2/2/2001,1.5377
2/5/2001,1.5383
2/6/2001,1.5385
2/7/2001,1.5392
2/8/2001,1.5312
2/9/2001,1.5348
2/12/2001,1.5369
2/13/2001,1.5372
2/14/2001,1.5355
2/15/2001,1.5315
2/16/2001,1.537
2/19/2001,1.5362
2/20/2001,1.5351
2/21/2001,1.5361
2/22/2001,1.5317
2/23/2001,1.5334
2/26/2001,1.5337
2/27/2001,1.5368
2/28/2001,1.5416
3/1/2001,1.5411
3/2/2001,1.5379
3/5/2001,1.5376
3/6/2001,1.5373
3/7/2001,1.5372
3/8/2001,1.5418
3/9/2001,1.5431
3/12/2001,1.5413
3/13/2001,1.5374
3/14/2001,1.5361
3/15/2001,1.5387
3/16/2001,1.5367
3/19/2001,1.5354
3/20/2001,1.5318
3/21/2001,1.5338
3/22/2001,1.5283
3/23/2001,1.5319
3/26/2001,1.5328
3/27/2001,1.5347
3/28/2001,1.5304
3/29/2001,1.5278
3/30/2001,1.5271
4/2/2001,1.5264
4/3/2001,1.5272
4/4/2001,1.5264
4/5/2001,1.5291
4/6/2001,1.5276
4/9/2001,1.5293
4/10/2001,1.5275
4/11/2001,1.5224
4/12/2001,1.5184
4/17/2001,1.5225
4/18/2001,1.5285
4/19/2001,1.529
4/20/2001,1.5311
4/23/2001,1.5311
4/24/2001,1.5282
4/25/2001,1.532
4/26/2001,1.5334
4/27/2001,1.5378
4/30/2001,1.5366
5/2/2001,1.5416
5/3/2001,1.5419
5/4/2001,1.5434
5/7/2001,1.5432
5/8/2001,1.5419
5/9/2001,1.5401
5/10/2001,1.5404
5/11/2001,1.5353
5/14/2001,1.5327
5/15/2001,1.5319
5/16/2001,1.5329
5/17/2001,1.533
5/18/2001,1.5341
5/21/2001,1.5316
5/22/2001,1.5317
5/23/2001,1.5269
5/24/2001,1.5269
5/25/2001,1.5272
5/28/2001,1.5272
5/29/2001,1.526
5/30/2001,1.5252
5/31/2001,1.5206
6/1/2001,1.5209
6/4/2001,1.5218
6/5/2001,1.5142
6/6/2001,1.5181
6/7/2001,1.5236
6/8/2001,1.5219
6/11/2001,1.5228
6/12/2001,1.5222
6/13/2001,1.528
6/14/2001,1.5254
6/15/2001,1.5255
6/18/2001,1.5292
6/19/2001,1.53
6/20/2001,1.5248
6/21/2001,1.5204
6/22/2001,1.5168
6/25/2001,1.5202
6/26/2001,1.5222
6/27/2001,1.5223
6/28/2001,1.5193
6/29/2001,1.5228
7/2/2001,1.5209
7/3/2001,1.5236
7/4/2001,1.5194
7/5/2001,1.5216
7/6/2001,1.522
7/9/2001,1.5196
7/10/2001,1.5238
7/11/2001,1.5194
7/12/2001,1.5138
7/13/2001,1.5118
7/16/2001,1.5135
7/17/2001,1.5121
7/18/2001,1.504
7/19/2001,1.507
7/20/2001,1.5078
7/23/2001,1.5055
7/24/2001,1.5064
7/25/2001,1.5054
7/26/2001,1.5107
7/27/2001,1.5081
7/30/2001,1.5114
7/31/2001,1.5102
8/1/2001,1.5106
8/2/2001,1.5094
8/3/2001,1.5076
8/6/2001,1.5076
8/7/2001,1.506
8/8/2001,1.5059
8/9/2001,1.5057
8/10/2001,1.5117
8/13/2001,1.5139
8/14/2001,1.5155
8/15/2001,1.5184
8/16/2001,1.5193
8/17/2001,1.5183
8/20/2001,1.5187
8/21/2001,1.5166
8/22/2001,1.5199
8/23/2001,1.5194
8/24/2001,1.5193
8/27/2001,1.5194
8/28/2001,1.5166
8/29/2001,1.5168
8/30/2001,1.5171
8/31/2001,1.5165
9/3/2001,1.5156
9/4/2001,1.5151
9/5/2001,1.5101
9/6/2001,1.5115
9/7/2001,1.5118
9/10/2001,1.5145
9/11/2001,1.5146
9/12/2001,1.503
9/13/2001,1.504
9/14/2001,1.4984
9/17/2001,1.488
9/18/2001,1.4788
9/19/2001,1.4835
9/20/2001,1.4735
9/21/2001,1.4464
9/24/2001,1.4602
9/25/2001,1.46
9/26/2001,1.4795
9/27/2001,1.4811
9/28/2001,1.4761
10/1/2001,1.4799
10/2/2001,1.4803
10/3/2001,1.4844
10/4/2001,1.4856
10/5/2001,1.4874
10/8/2001,1.4762
10/9/2001,1.4814
10/10/2001,1.4826
10/11/2001,1.4852
10/12/2001,1.4825
10/15/2001,1.4776
10/16/2001,1.4809
10/17/2001,1.484
10/18/2001,1.478
10/19/2001,1.4777
10/22/2001,1.4754
10/23/2001,1.4791
10/24/2001,1.4798
10/25/2001,1.4779
10/26/2001,1.4746
10/29/2001,1.4738
10/30/2001,1.4703
10/31/2001,1.4682
11/1/2001,1.4725
11/2/2001,1.4741
11/5/2001,1.4713
11/6/2001,1.4715
11/7/2001,1.4704
11/8/2001,1.4679
11/9/2001,1.4667
11/12/2001,1.4634
11/13/2001,1.4655
11/14/2001,1.4701
11/15/2001,1.4709
11/16/2001,1.4674
11/19/2001,1.4651
11/20/2001,1.458
11/21/2001,1.4573
11/22/2001,1.4594
11/23/2001,1.4617
11/26/2001,1.4663
11/27/2001,1.4641
11/28/2001,1.4586
11/29/2001,1.4635
11/30/2001,1.4724
12/3/2001,1.4732
12/4/2001,1.4726
12/5/2001,1.4747
12/6/2001,1.4741
12/7/2001,1.4787
12/10/2001,1.4806
12/11/2001,1.4792
12/12/2001,1.4739
12/13/2001,1.473
12/14/2001,1.4737
12/17/2001,1.4772
12/18/2001,1.4744
12/19/2001,1.4734
12/20/2001,1.4675
12/21/2001,1.4642
12/24/2001,1.4721
12/27/2001,1.4835
12/28/2001,1.4829
1/2/2002,1.4833
1/3/2002,1.4856
1/4/2002,1.4789
1/7/2002,1.4719
1/8/2002,1.4703
1/9/2002,1.4791
1/10/2002,1.4833
1/11/2002,1.4795
1/14/2002,1.4791
1/15/2002,1.4791
1/16/2002,1.4705
1/17/2002,1.4659
1/18/2002,1.4698
1/21/2002,1.4692
1/22/2002,1.4686
1/23/2002,1.4737
1/24/2002,1.4687
1/25/2002,1.4716
1/28/2002,1.4736
1/29/2002,1.4717
1/30/2002,1.4709
1/31/2002,1.4748
2/1/2002,1.4781
2/4/2002,1.4805
2/5/2002,1.4751
2/6/2002,1.4703
2/7/2002,1.4722
2/8/2002,1.4722
2/11/2002,1.4781
2/12/2002,1.4766
2/13/2002,1.4776
2/14/2002,1.4828
2/15/2002,1.4813
2/18/2002,1.4804
2/19/2002,1.4786
2/20/2002,1.4812
2/21/2002,1.4793
2/22/2002,1.4796
2/25/2002,1.4772
2/26/2002,1.4761
2/27/2002,1.4767
2/28/2002,1.4759
3/1/2002,1.4759
3/4/2002,1.4779
3/5/2002,1.4766
3/6/2002,1.4767
3/7/2002,1.4719
3/8/2002,1.4708
3/11/2002,1.4716
3/12/2002,1.4678
3/13/2002,1.4681
3/14/2002,1.4655
3/15/2002,1.4617
3/18/2002,1.4633
3/19/2002,1.4661
3/20/2002,1.4642
3/21/2002,1.4633
3/22/2002,1.4602
3/25/2002,1.4608
3/26/2002,1.4614
3/27/2002,1.4656
3/28/2002,1.467
4/2/2002,1.4625
4/3/2002,1.4627
4/4/2002,1.4617
4/5/2002,1.4658
4/8/2002,1.4637
4/9/2002,1.4665
4/10/2002,1.4666
4/11/2002,1.4674
4/12/2002,1.4656
4/15/2002,1.4674
4/16/2002,1.4695
4/17/2002,1.4707
4/18/2002,1.4685
4/19/2002,1.4673
4/22/2002,1.4667
4/23/2002,1.4684
4/24/2002,1.4656
4/25/2002,1.4647
4/26/2002,1.4644
4/29/2002,1.4637
4/30/2002,1.4621
5/2/2002,1.4564
5/3/2002,1.4548
5/6/2002,1.4563
5/7/2002,1.4592
5/8/2002,1.4563
5/9/2002,1.4547
5/10/2002,1.4547
5/13/2002,1.4543
5/14/2002,1.4554
5/15/2002,1.4562
5/16/2002,1.4559
5/17/2002,1.4568
5/20/2002,1.4538
5/21/2002,1.4525
5/22/2002,1.4526
5/23/2002,1.4537
5/24/2002,1.458
5/27/2002,1.459
5/28/2002,1.4627
5/29/2002,1.4658
5/30/2002,1.4657
5/31/2002,1.4644
6/3/2002,1.4673
6/4/2002,1.4682
6/5/2002,1.4704
6/6/2002,1.4744
6/7/2002,1.471
6/10/2002,1.4725
6/11/2002,1.4752
6/12/2002,1.4774
6/13/2002,1.4762
6/14/2002,1.4752
6/17/2002,1.4765
6/18/2002,1.4762
6/19/2002,1.474
6/20/2002,1.47
6/21/2002,1.4693
6/24/2002,1.4694
6/25/2002,1.4688
6/26/2002,1.4658
6/27/2002,1.4722
6/28/2002,1.4721
7/1/2002,1.4699
7/2/2002,1.4663
7/3/2002,1.462
7/4/2002,1.4646
7/5/2002,1.4659
7/8/2002,1.4688
7/9/2002,1.4721
7/10/2002,1.4719
7/11/2002,1.4673
7/12/2002,1.4681
7/15/2002,1.4694
7/16/2002,1.4675
7/17/2002,1.466
7/18/2002,1.4642
7/19/2002,1.4635
7/22/2002,1.4559
7/23/2002,1.4549
7/24/2002,1.4517
7/25/2002,1.4494
7/26/2002,1.4502
7/29/2002,1.4529
7/30/2002,1.4579
7/31/2002,1.4546
8/1/2002,1.4505
8/2/2002,1.4504
8/5/2002,1.4543
8/6/2002,1.4546
8/7/2002,1.459
8/8/2002,1.4621
8/9/2002,1.4588
8/12/2002,1.4618
8/13/2002,1.4644
8/14/2002,1.4596
8/15/2002,1.4626
8/16/2002,1.4645
8/19/2002,1.4673
8/20/2002,1.4694
8/21/2002,1.4692
8/22/2002,1.4691
8/23/2002,1.4724
8/26/2002,1.4699
8/27/2002,1.4697
8/28/2002,1.4706
8/29/2002,1.4702
8/30/2002,1.4694
9/2/2002,1.4714
9/3/2002,1.4698
9/4/2002,1.4646
9/5/2002,1.4582
9/6/2002,1.459
9/9/2002,1.4576
9/10/2002,1.4603
9/11/2002,1.4624
9/12/2002,1.4656
9/13/2002,1.4679
9/16/2002,1.4684
9/17/2002,1.4717
9/18/2002,1.469
9/19/2002,1.4678
9/20/2002,1.4662
9/23/2002,1.4636
9/24/2002,1.4626
9/25/2002,1.4645
9/26/2002,1.4644
9/27/2002,1.4666
9/30/2002,1.4611
10/1/2002,1.4574
10/2/2002,1.4604
10/3/2002,1.4597
10/4/2002,1.4618
10/7/2002,1.4621
10/8/2002,1.4671
10/9/2002,1.4666
10/10/2002,1.4626
10/11/2002,1.4636
10/14/2002,1.4622
10/15/2002,1.4672
10/16/2002,1.4681
10/17/2002,1.4669
10/18/2002,1.4682
10/21/2002,1.4693
10/22/2002,1.4693
10/23/2002,1.4662
10/24/2002,1.4675
10/25/2002,1.4663
10/28/2002,1.468
10/29/2002,1.4657
10/30/2002,1.4649
10/31/2002,1.4633
11/1/2002,1.4606
11/4/2002,1.4633
11/5/2002,1.4613
11/6/2002,1.4633
11/7/2002,1.4641
11/8/2002,1.4633
11/11/2002,1.4632
11/12/2002,1.4616
11/13/2002,1.4632
11/14/2002,1.4651
11/15/2002,1.4664
11/18/2002,1.4676
11/19/2002,1.4681
11/20/2002,1.4675
11/21/2002,1.4687
11/22/2002,1.4718
11/25/2002,1.4746
11/26/2002,1.4736
11/27/2002,1.4757
11/28/2002,1.4746
11/29/2002,1.4754
12/2/2002,1.4774
12/3/2002,1.4721
12/4/2002,1.4721
12/5/2002,1.4727
12/6/2002,1.4717
12/9/2002,1.4737
12/10/2002,1.4736
12/11/2002,1.474
12/12/2002,1.4768
12/13/2002,1.4768
12/16/2002,1.477
12/17/2002,1.4732
12/18/2002,1.4663
12/19/2002,1.4635
12/20/2002,1.4619
12/23/2002,1.458
12/24/2002,1.4538
12/27/2002,1.4567
12/30/2002,1.4548
12/31/2002,1.4524
1/2/2003,1.4528
1/3/2003,1.4555
1/6/2003,1.4563
1/7/2003,1.4565
1/8/2003,1.4586
1/9/2003,1.4597
1/10/2003,1.4602
1/13/2003,1.4613
1/14/2003,1.4623
1/15/2003,1.4636
1/16/2003,1.4626
1/17/2003,1.4598
1/20/2003,1.4608
1/21/2003,1.4614
1/22/2003,1.4622
1/23/2003,1.4635
1/24/2003,1.4666
1/27/2003,1.4673
1/28/2003,1.4692
1/29/2003,1.4678
1/30/2003,1.4702
1/31/2003,1.4678
2/3/2003,1.4684
2/4/2003,1.4673
2/5/2003,1.4666
2/6/2003,1.4666
2/7/2003,1.4667
2/10/2003,1.4658
2/11/2003,1.4669
2/12/2003,1.4674
2/13/2003,1.4688
2/14/2003,1.4692
2/17/2003,1.4725
2/18/2003,1.4701
2/19/2003,1.4722
2/20/2003,1.4707
2/21/2003,1.4673
2/24/2003,1.4692
2/25/2003,1.4649
2/26/2003,1.4612
2/27/2003,1.463
2/28/2003,1.4629
3/3/2003,1.4621
3/4/2003,1.4595
3/5/2003,1.459
3/6/2003,1.464
3/7/2003,1.4653
3/10/2003,1.4686
3/11/2003,1.4664
3/12/2003,1.4674
3/13/2003,1.4689
3/14/2003,1.4677
3/17/2003,1.4671
3/18/2003,1.4714
3/19/2003,1.4713
3/20/2003,1.4714
3/21/2003,1.4756
3/24/2003,1.475
3/25/2003,1.472
3/26/2003,1.4739
3/27/2003,1.4793
3/28/2003,1.4766
3/31/2003,1.4764
4/1/2003,1.4768
4/2/2003,1.4827
4/3/2003,1.4854
4/4/2003,1.4865
4/7/2003,1.4873
4/8/2003,1.4859
4/9/2003,1.4878
4/10/2003,1.4948
4/11/2003,1.4974
4/14/2003,1.4966
4/15/2003,1.4999
4/16/2003,1.5021
4/17/2003,1.4998
4/22/2003,1.5058
4/23/2003,1.5068
4/24/2003,1.5055
4/25/2003,1.5021
4/28/2003,1.5039
4/29/2003,1.5075
4/30/2003,1.5131
5/2/2003,1.5104
5/5/2003,1.5134
5/6/2003,1.5144
5/7/2003,1.514
5/8/2003,1.5046
5/9/2003,1.5074
5/12/2003,1.5133
5/13/2003,1.5165
5/14/2003,1.5129
5/15/2003,1.5103
5/16/2003,1.5074
5/19/2003,1.5135
5/20/2003,1.5123
5/21/2003,1.5077
5/22/2003,1.5124
5/23/2003,1.5216
5/26/2003,1.5262
5/27/2003,1.5279
5/28/2003,1.5237
5/29/2003,1.5288
5/30/2003,1.5277
6/2/2003,1.5277
6/3/2003,1.5364
6/4/2003,1.5366
6/5/2003,1.5437
6/6/2003,1.5444
6/9/2003,1.5454
6/10/2003,1.5422
6/11/2003,1.5378
6/12/2003,1.5384
6/13/2003,1.5487
6/16/2003,1.5429
6/17/2003,1.541
6/18/2003,1.5463
6/19/2003,1.5518
6/20/2003,1.5429
6/23/2003,1.5343
6/24/2003,1.5317
6/25/2003,1.5323
6/26/2003,1.5394
6/27/2003,1.5452
6/30/2003,1.5544
7/1/2003,1.5582
7/2/2003,1.5516
7/3/2003,1.5517
7/4/2003,1.55
7/7/2003,1.5546
7/8/2003,1.5516
7/9/2003,1.5432
7/10/2003,1.5489
7/11/2003,1.5485
7/14/2003,1.5514
7/15/2003,1.5515
7/16/2003,1.5457
7/17/2003,1.5359
7/18/2003,1.5366
7/21/2003,1.538
7/22/2003,1.5434
7/23/2003,1.545
7/24/2003,1.5494
7/25/2003,1.5479
7/28/2003,1.5481
7/29/2003,1.5484
7/30/2003,1.5494
7/31/2003,1.5464
8/1/2003,1.5303
8/4/2003,1.5367
8/5/2003,1.5321
8/6/2003,1.5344
8/7/2003,1.5372
8/8/2003,1.5367
8/11/2003,1.5383
8/12/2003,1.5426
8/13/2003,1.5462
8/14/2003,1.5474
8/15/2003,1.5438
8/18/2003,1.5454
8/19/2003,1.5483
8/20/2003,1.543
8/21/2003,1.5424
8/22/2003,1.5422
8/25/2003,1.54
8/26/2003,1.537
8/27/2003,1.5372
8/28/2003,1.5415
8/29/2003,1.5369
9/1/2003,1.537
9/2/2003,1.5359
9/3/2003,1.5318
9/4/2003,1.5379
9/5/2003,1.5405
9/8/2003,1.5383
9/9/2003,1.5437
9/10/2003,1.5501
9/11/2003,1.5532
9/12/2003,1.5561
9/15/2003,1.5574
9/16/2003,1.5575
9/17/2003,1.5493
9/18/2003,1.5583
9/19/2003,1.5597
9/22/2003,1.5535
9/23/2003,1.5533
9/24/2003,1.5533
9/25/2003,1.5495
9/26/2003,1.5433
9/29/2003,1.5425
9/30/2003,1.5404
10/1/2003,1.5396
10/2/2003,1.5411
10/3/2003,1.544
10/6/2003,1.5468
10/7/2003,1.5494
10/8/2003,1.5492
10/9/2003,1.5498
10/10/2003,1.55
10/13/2003,1.5493
10/14/2003,1.5467
10/15/2003,1.5455
10/16/2003,1.5487
10/17/2003,1.5514
10/20/2003,1.5524
10/21/2003,1.5534
10/22/2003,1.5536
10/23/2003,1.5467
10/24/2003,1.5471
10/27/2003,1.5476
10/28/2003,1.5516
10/29/2003,1.5512
10/30/2003,1.5495
10/31/2003,1.5506
11/3/2003,1.5545
11/4/2003,1.563
11/5/2003,1.5652
11/6/2003,1.5662
11/7/2003,1.5702
11/10/2003,1.5729
11/11/2003,1.5689
11/12/2003,1.5668
11/13/2003,1.5717
11/14/2003,1.5668
11/17/2003,1.558
11/18/2003,1.5568
11/19/2003,1.5518
11/20/2003,1.5481
11/21/2003,1.5463
11/24/2003,1.5527
11/25/2003,1.5535
11/26/2003,1.5499
11/27/2003,1.5489
11/28/2003,1.5484
12/1/2003,1.5504
12/2/2003,1.5552
12/3/2003,1.5569
12/4/2003,1.5579
12/5/2003,1.5577
12/8/2003,1.5479
12/9/2003,1.5473
12/10/2003,1.5462
12/11/2003,1.5509
12/12/2003,1.5498
12/15/2003,1.5516
12/16/2003,1.5529
12/17/2003,1.5539
12/18/2003,1.5563
12/19/2003,1.5552
12/22/2003,1.5565
12/23/2003,1.5611
12/24/2003,1.559
12/29/2003,1.5587
12/30/2003,1.5594
12/31/2003,1.5579
1/2/2004,1.5615
1/5/2004,1.5594
1/6/2004,1.5666
1/7/2004,1.5676
1/8/2004,1.5697
1/9/2004,1.5667
1/12/2004,1.565
1/13/2004,1.5623
1/14/2004,1.5601
1/15/2004,1.5626
1/16/2004,1.567
1/19/2004,1.5701
1/20/2004,1.572
1/21/2004,1.5691
1/22/2004,1.5673
1/23/2004,1.5659
1/26/2004,1.5645
1/27/2004,1.5681
1/28/2004,1.5688
1/29/2004,1.5621
1/30/2004,1.5626
2/2/2004,1.5687
2/3/2004,1.5662
2/4/2004,1.5693
2/5/2004,1.5699
2/6/2004,1.5694
2/9/2004,1.5688
2/10/2004,1.569
2/11/2004,1.5738
2/12/2004,1.5765
2/13/2004,1.579
2/16/2004,1.5754
2/17/2004,1.5747
2/18/2004,1.5768
2/19/2004,1.5763
2/20/2004,1.5758
2/23/2004,1.5786
2/24/2004,1.5745
2/25/2004,1.574
2/26/2004,1.574
2/27/2004,1.578
3/1/2004,1.5783
3/2/2004,1.5838
3/3/2004,1.5807
3/4/2004,1.5793
3/5/2004,1.5778
3/8/2004,1.5822
3/9/2004,1.5801
3/10/2004,1.5758
3/11/2004,1.567
3/12/2004,1.5692
3/15/2004,1.5645
3/16/2004,1.5692
3/17/2004,1.567
3/18/2004,1.5625
3/19/2004,1.5587
3/22/2004,1.5574
3/23/2004,1.5524
3/24/2004,1.5533
3/25/2004,1.5505
3/26/2004,1.556
3/29/2004,1.5583
3/30/2004,1.5586
3/31/2004,1.5594
4/1/2004,1.5595
4/2/2004,1.5637
4/5/2004,1.5673
4/6/2004,1.5657
4/7/2004,1.5583
4/8/2004,1.5521
4/13/2004,1.5495
4/14/2004,1.5479
4/15/2004,1.552
4/16/2004,1.5541
4/19/2004,1.5492
4/20/2004,1.5548
4/21/2004,1.5551
4/22/2004,1.5551
4/23/2004,1.5598
4/26/2004,1.5566
4/27/2004,1.5488
4/28/2004,1.5487
4/29/2004,1.5446
4/30/2004,1.5511
5/3/2004,1.5524
5/4/2004,1.5522
5/5/2004,1.5474
5/6/2004,1.5494
5/7/2004,1.5492
5/10/2004,1.5417
5/11/2004,1.5426
5/12/2004,1.5411
5/13/2004,1.5383
5/14/2004,1.54
5/17/2004,1.536
5/18/2004,1.5346
5/19/2004,1.5382
5/20/2004,1.5365
5/21/2004,1.5369
5/24/2004,1.5351
5/25/2004,1.5379
5/26/2004,1.5378
5/27/2004,1.5355
5/28/2004,1.5304
5/31/2004,1.5276
6/1/2004,1.528
6/2/2004,1.5276
6/3/2004,1.526
6/4/2004,1.5273
6/7/2004,1.5242
6/8/2004,1.5229
6/9/2004,1.5197
6/10/2004,1.5126
6/11/2004,1.512
6/14/2004,1.5145
6/15/2004,1.5179
6/16/2004,1.5239
6/17/2004,1.516
6/18/2004,1.5104
6/21/2004,1.5085
6/22/2004,1.5133
6/23/2004,1.5167
6/24/2004,1.513
6/25/2004,1.5146
6/28/2004,1.5211
6/29/2004,1.528
6/30/2004,1.5242
7/1/2004,1.5232
7/2/2004,1.5208
7/5/2004,1.5182
7/6/2004,1.5188
7/7/2004,1.5185
7/8/2004,1.5189
7/9/2004,1.5188
7/12/2004,1.5183
7/13/2004,1.5206
7/14/2004,1.5248
7/15/2004,1.5264
7/16/2004,1.5271
7/19/2004,1.5264
7/20/2004,1.532
7/21/2004,1.5337
7/22/2004,1.5329
7/23/2004,1.5289
7/26/2004,1.5331
7/27/2004,1.5367
7/28/2004,1.536
7/29/2004,1.5393
7/30/2004,1.5414
8/2/2004,1.5361
8/3/2004,1.5413
8/4/2004,1.5394
8/5/2004,1.5383
8/6/2004,1.538
8/9/2004,1.5392
8/10/2004,1.5389
8/11/2004,1.5416
8/12/2004,1.5397
8/13/2004,1.5347
8/16/2004,1.5325
8/17/2004,1.537
8/18/2004,1.535
8/19/2004,1.5349
8/20/2004,1.5398
8/23/2004,1.541
8/24/2004,1.541
8/25/2004,1.5403
8/26/2004,1.5398
8/27/2004,1.5401
8/30/2004,1.5409
8/31/2004,1.5428
9/1/2004,1.5386
9/2/2004,1.5338
9/3/2004,1.534
9/6/2004,1.5337
9/7/2004,1.5325
9/8/2004,1.5379
9/9/2004,1.5384
9/10/2004,1.5401
9/13/2004,1.5417
9/14/2004,1.5439
9/15/2004,1.5417
9/16/2004,1.5457
9/17/2004,1.548
9/20/2004,1.5468
9/21/2004,1.5452
9/22/2004,1.5477
9/23/2004,1.5477
9/24/2004,1.5473
9/27/2004,1.5493
9/28/2004,1.551
9/29/2004,1.5509
9/30/2004,1.5524
10/1/2004,1.5495
10/4/2004,1.552
10/5/2004,1.5532
10/6/2004,1.5543
10/7/2004,1.5535
10/8/2004,1.5529
10/11/2004,1.5496
10/12/2004,1.5489
10/13/2004,1.546
10/14/2004,1.5449
10/15/2004,1.5414
10/18/2004,1.5382
10/19/2004,1.5385
10/20/2004,1.5374
10/21/2004,1.5365
10/22/2004,1.5384
10/25/2004,1.5326
10/26/2004,1.5333
10/27/2004,1.5321
10/28/2004,1.5316
10/29/2004,1.5299
11/1/2004,1.5318
11/2/2004,1.5317
11/3/2004,1.5331
11/4/2004,1.5304
11/5/2004,1.5316
11/8/2004,1.5286
11/9/2004,1.5273
11/10/2004,1.5222
11/11/2004,1.5191
11/12/2004,1.5205
11/15/2004,1.5241
11/16/2004,1.5238
11/17/2004,1.5203
11/18/2004,1.5171
11/19/2004,1.5153
11/22/2004,1.5157
11/23/2004,1.515
11/24/2004,1.5143
11/25/2004,1.5113
11/26/2004,1.5146
11/29/2004,1.517
11/30/2004,1.5114
12/1/2004,1.52
12/2/2004,1.5268
12/3/2004,1.5273
12/6/2004,1.5272
12/7/2004,1.5305
12/8/2004,1.533
12/9/2004,1.5344
12/10/2004,1.5349
12/13/2004,1.5348
12/14/2004,1.5368
12/15/2004,1.5282
12/16/2004,1.532
12/17/2004,1.5367
12/20/2004,1.5382
12/21/2004,1.5403
12/22/2004,1.5436
12/23/2004,1.5443
12/24/2004,1.5458
12/27/2004,1.5484
12/28/2004,1.5441
12/29/2004,1.5426
12/30/2004,1.544
12/31/2004,1.5429
1/3/2005,1.5444
1/4/2005,1.5477
1/5/2005,1.5528
1/6/2005,1.5498
1/7/2005,1.5488
1/10/2005,1.5469
1/11/2005,1.547
1/12/2005,1.5488
1/13/2005,1.5479
1/14/2005,1.5491
1/17/2005,1.545
1/18/2005,1.5433
1/19/2005,1.5416
1/20/2005,1.5414
1/21/2005,1.5491
1/24/2005,1.5441
1/25/2005,1.546
1/26/2005,1.5505
1/27/2005,1.5468
1/28/2005,1.5461
1/31/2005,1.5473
2/1/2005,1.5516
2/2/2005,1.5528
2/3/2005,1.5583
2/4/2005,1.5591
2/7/2005,1.5593
2/8/2005,1.5591
2/9/2005,1.5575
2/10/2005,1.5588
2/11/2005,1.5551
2/14/2005,1.5545
2/15/2005,1.5507
2/16/2005,1.5469
2/17/2005,1.5485
2/18/2005,1.5475
2/21/2005,1.5447
2/22/2005,1.538
2/23/2005,1.5389
2/24/2005,1.5391
2/25/2005,1.5426
2/28/2005,1.5392
3/1/2005,1.5357
3/2/2005,1.5413
3/3/2005,1.5461
3/4/2005,1.5491
3/7/2005,1.5518
3/8/2005,1.5509
3/9/2005,1.5535
3/10/2005,1.5484
3/11/2005,1.55
3/14/2005,1.5516
3/15/2005,1.5503
3/16/2005,1.5462
3/17/2005,1.5471
3/18/2005,1.5495
3/21/2005,1.5516
3/22/2005,1.5523
3/23/2005,1.5557
3/24/2005,1.5538
3/29/2005,1.5522
3/30/2005,1.5513
3/31/2005,1.5486
4/1/2005,1.5527
4/4/2005,1.5535
4/5/2005,1.5541
4/6/2005,1.5508
4/7/2005,1.5497
4/8/2005,1.5505
4/11/2005,1.5489
4/12/2005,1.5494
4/13/2005,1.5499
4/14/2005,1.5547
4/15/2005,1.5532
4/18/2005,1.5476
4/19/2005,1.545
4/20/2005,1.544
4/21/2005,1.5427
4/22/2005,1.5435
4/25/2005,1.5441
4/26/2005,1.5418
4/27/2005,1.5434
4/28/2005,1.5397
4/29/2005,1.5374
5/2/2005,1.5402
5/3/2005,1.5438
5/4/2005,1.541
5/5/2005,1.5457
5/6/2005,1.5485
5/9/2005,1.5476
5/10/2005,1.5467
5/11/2005,1.5443
5/12/2005,1.5461
5/13/2005,1.5449
5/16/2005,1.5445
5/17/2005,1.543
5/18/2005,1.5426
5/19/2005,1.5433
5/20/2005,1.5483
5/23/2005,1.5467
5/24/2005,1.5467
5/25/2005,1.5458
5/26/2005,1.5472
5/27/2005,1.5479
5/30/2005,1.5447
5/31/2005,1.5372
6/1/2005,1.531
6/2/2005,1.5348
6/3/2005,1.5359
6/6/2005,1.5319
6/7/2005,1.5303
6/8/2005,1.5336
6/9/2005,1.5343
6/10/2005,1.5348
6/13/2005,1.5379
6/14/2005,1.5397
6/15/2005,1.5388
6/16/2005,1.5395
6/17/2005,1.5441
6/20/2005,1.5446
6/21/2005,1.5425
6/22/2005,1.5419
6/23/2005,1.5391
6/24/2005,1.5412
6/27/2005,1.5429
6/28/2005,1.5445
6/29/2005,1.5471
6/30/2005,1.5499
7/1/2005,1.5519
7/4/2005,1.5484
7/5/2005,1.5521
7/6/2005,1.5545
7/7/2005,1.5472
7/8/2005,1.553
7/11/2005,1.5554
7/12/2005,1.5563
7/13/2005,1.5588
7/14/2005,1.5581
7/15/2005,1.5594
7/18/2005,1.5601
7/19/2005,1.5634
7/20/2005,1.5632
7/21/2005,1.5603
7/22/2005,1.5635
7/25/2005,1.5635
7/26/2005,1.5603
7/27/2005,1.5618
7/28/2005,1.5625
7/29/2005,1.5607
8/1/2005,1.5591
8/2/2005,1.5566
8/3/2005,1.5585
8/4/2005,1.5571
8/5/2005,1.5593
8/8/2005,1.5595
8/9/2005,1.556
8/10/2005,1.5566
8/11/2005,1.5537
8/12/2005,1.5533
8/15/2005,1.5513
8/16/2005,1.5518
8/17/2005,1.5486
8/18/2005,1.5463
8/19/2005,1.5488
8/22/2005,1.5513
8/23/2005,1.5534
8/24/2005,1.5545
8/25/2005,1.5478
8/26/2005,1.5467
8/29/2005,1.5453
8/30/2005,1.5512
8/31/2005,1.5485
9/1/2005,1.5463
9/2/2005,1.5437
9/5/2005,1.5429
9/6/2005,1.5436
9/7/2005,1.5431
9/8/2005,1.543
9/9/2005,1.5435
9/12/2005,1.5443
9/13/2005,1.5474
9/14/2005,1.5469
9/15/2005,1.5469
9/16/2005,1.551
9/19/2005,1.5511
9/20/2005,1.5524
9/21/2005,1.5519
9/22/2005,1.5534
9/23/2005,1.5557
9/26/2005,1.5566
9/27/2005,1.5578
9/28/2005,1.5556
9/29/2005,1.5578
9/30/2005,1.5561
10/3/2005,1.5537
10/4/2005,1.5508
10/5/2005,1.5506
10/6/2005,1.546
10/7/2005,1.5484
10/10/2005,1.5496
10/11/2005,1.5474
10/12/2005,1.5478
10/13/2005,1.5514
10/14/2005,1.5506
10/17/2005,1.5536
10/18/2005,1.5558
10/19/2005,1.5516
10/20/2005,1.5511
10/21/2005,1.5463
10/24/2005,1.5446
10/25/2005,1.5441
10/26/2005,1.5474
10/27/2005,1.5462
10/28/2005,1.5459
10/31/2005,1.5455
11/1/2005,1.5466
11/2/2005,1.5422
11/3/2005,1.5428
11/4/2005,1.5439
11/7/2005,1.5429
11/8/2005,1.5412
11/9/2005,1.5431
11/10/2005,1.5393
11/11/2005,1.5381
11/14/2005,1.5397
11/15/2005,1.5413
11/16/2005,1.5469
11/17/2005,1.5467
11/18/2005,1.5468
11/21/2005,1.5488
11/22/2005,1.5471
11/23/2005,1.5491
11/24/2005,1.5501
11/25/2005,1.5473
11/28/2005,1.5471
11/29/2005,1.5476
11/30/2005,1.5485
12/1/2005,1.5467
12/2/2005,1.5437
12/5/2005,1.5442
12/6/2005,1.541
12/7/2005,1.5401
12/8/2005,1.5387
12/9/2005,1.5398
12/12/2005,1.5413
12/13/2005,1.5433
12/14/2005,1.5421
12/15/2005,1.542
12/16/2005,1.546
12/19/2005,1.5505
12/20/2005,1.5521
12/21/2005,1.5529
12/22/2005,1.5551
12/23/2005,1.5566
12/27/2005,1.5573
12/28/2005,1.5581
12/29/2005,1.5585
12/30/2005,1.5551
1/2/2006,1.5536
1/3/2006,1.5535
1/4/2006,1.5512
1/5/2006,1.5463
1/6/2006,1.5452
1/9/2006,1.5426
1/10/2006,1.5437
1/11/2006,1.5474
1/12/2006,1.5477
1/13/2006,1.5491
1/16/2006,1.5497
1/17/2006,1.5489
1/18/2006,1.5468
1/19/2006,1.5537
1/20/2006,1.5512
1/23/2006,1.5471
1/24/2006,1.5489
1/25/2006,1.5479
1/26/2006,1.55
1/27/2006,1.5526
1/30/2006,1.5555
1/31/2006,1.5547
2/1/2006,1.5538
2/2/2006,1.5555
2/3/2006,1.5549
2/6/2006,1.5558
2/7/2006,1.5549
2/8/2006,1.5529
2/9/2006,1.5563
2/10/2006,1.5551
2/13/2006,1.5559
2/14/2006,1.5574
2/15/2006,1.5577
2/16/2006,1.5588
2/17/2006,1.5621
2/20/2006,1.5617
2/21/2006,1.5598
2/22/2006,1.5593
2/23/2006,1.5587
2/24/2006,1.5602
2/27/2006,1.5637
2/28/2006,1.5661
3/1/2006,1.5614
3/2/2006,1.5646
3/3/2006,1.5628
3/6/2006,1.5607
3/7/2006,1.5616
3/8/2006,1.5598
3/9/2006,1.5635
3/10/2006,1.5664
3/13/2006,1.5686
3/14/2006,1.5671
3/15/2006,1.5653
3/16/2006,1.5674
3/17/2006,1.5735
3/20/2006,1.5717
3/21/2006,1.5738
3/22/2006,1.5736
3/23/2006,1.577
3/24/2006,1.5763
3/27/2006,1.5733
3/28/2006,1.5715
3/29/2006,1.5742
3/30/2006,1.5746
3/31/2006,1.5801
4/3/2006,1.5802
4/4/2006,1.5804
4/5/2006,1.5791
4/6/2006,1.5793
4/7/2006,1.5757
4/10/2006,1.5756
4/11/2006,1.5776
4/12/2006,1.5727
4/13/2006,1.5705
4/18/2006,1.5645
4/19/2006,1.5688
4/20/2006,1.5723
4/21/2006,1.5755
4/24/2006,1.5712
4/25/2006,1.5733
4/26/2006,1.5776
4/27/2006,1.5814
4/28/2006,1.5713
5/2/2006,1.5622
5/3/2006,1.5623
5/4/2006,1.5616
5/5/2006,1.5615
5/8/2006,1.5581
5/9/2006,1.5582
5/10/2006,1.5591
5/11/2006,1.5592
5/12/2006,1.5496
5/15/2006,1.5509
5/16/2006,1.5525
5/17/2006,1.5518
5/18/2006,1.5493
5/19/2006,1.5561
5/22/2006,1.5509
5/23/2006,1.5517
5/24/2006,1.5509
5/25/2006,1.5558
5/26/2006,1.5589
5/29/2006,1.5617
5/30/2006,1.5585
5/31/2006,1.56
6/1/2006,1.5628
6/2/2006,1.5629
6/5/2006,1.5597
6/6/2006,1.5608
6/7/2006,1.5613
6/8/2006,1.5617
6/9/2006,1.5569
6/12/2006,1.554
6/13/2006,1.5517
6/14/2006,1.5514
6/15/2006,1.5522
6/16/2006,1.5562
6/19/2006,1.5573
6/20/2006,1.5596
6/21/2006,1.5618
6/22/2006,1.5636
6/23/2006,1.5641
6/26/2006,1.5632
6/27/2006,1.5669
6/28/2006,1.5631
6/29/2006,1.5644
6/30/2006,1.5672
7/3/2006,1.5674
7/4/2006,1.5677
7/5/2006,1.5677
7/6/2006,1.5685
7/7/2006,1.569
7/10/2006,1.5672
7/11/2006,1.5665
7/12/2006,1.5658
7/13/2006,1.562
7/14/2006,1.5607
7/17/2006,1.5628
7/18/2006,1.5641
7/19/2006,1.5692
7/20/2006,1.5707
7/21/2006,1.5708
7/24/2006,1.5746
7/25/2006,1.5737
7/26/2006,1.5756
7/27/2006,1.5743
7/28/2006,1.5725
7/31/2006,1.5713
8/1/2006,1.5718
8/2/2006,1.5729
8/3/2006,1.5746
8/4/2006,1.5779
8/7/2006,1.572
8/8/2006,1.5738
8/9/2006,1.5754
8/10/2006,1.5768
8/11/2006,1.5798
8/14/2006,1.5807
8/15/2006,1.5817
8/16/2006,1.5787
8/17/2006,1.5779
8/18/2006,1.5818
8/21/2006,1.5785
8/22/2006,1.5777
8/23/2006,1.5799
8/24/2006,1.5808
8/25/2006,1.5809
8/28/2006,1.5802
8/29/2006,1.5774
8/30/2006,1.5768
8/31/2006,1.5751
9/1/2006,1.5791
9/4/2006,1.5812
9/5/2006,1.5809
9/6/2006,1.5844
9/7/2006,1.5822
9/8/2006,1.5817
9/11/2006,1.5792
9/12/2006,1.5795
9/13/2006,1.5892
9/14/2006,1.5878
9/15/2006,1.5946
9/18/2006,1.5887
9/19/2006,1.5903
9/20/2006,1.5875
9/21/2006,1.5887
9/22/2006,1.5812
9/25/2006,1.5799
9/26/2006,1.5776
9/27/2006,1.5796
9/28/2006,1.5838
9/29/2006,1.5881
10/2/2006,1.5841
10/3/2006,1.5848
10/4/2006,1.5888
10/5/2006,1.5887
10/6/2006,1.5881
10/9/2006,1.589
10/10/2006,1.5909
10/11/2006,1.5932
10/12/2006,1.5932
10/13/2006,1.5932
10/16/2006,1.5918
10/17/2006,1.5895
10/18/2006,1.5897
10/19/2006,1.5897
10/20/2006,1.5867
10/23/2006,1.5904
10/24/2006,1.5918
10/25/2006,1.5916
10/26/2006,1.5924
10/27/2006,1.5911
10/30/2006,1.5882
10/31/2006,1.5887
11/1/2006,1.588
11/2/2006,1.5894
11/3/2006,1.5929
11/6/2006,1.5965
11/7/2006,1.5963
11/8/2006,1.5952
11/9/2006,1.5967
11/10/2006,1.5933
11/13/2006,1.5937
11/14/2006,1.5956
11/15/2006,1.599
11/16/2006,1.5977
11/17/2006,1.6008
11/20/2006,1.5928
11/21/2006,1.5933
11/22/2006,1.5884
11/23/2006,1.5843
11/24/2006,1.5826
11/27/2006,1.5855
11/28/2006,1.5866
11/29/2006,1.5889
11/30/2006,1.5916
12/1/2006,1.5884
12/4/2006,1.5932
12/5/2006,1.5885
12/6/2006,1.5888
12/7/2006,1.5875
12/8/2006,1.5891
12/11/2006,1.5916
12/12/2006,1.5928
12/13/2006,1.5951
12/14/2006,1.5987
12/15/2006,1.5977
12/18/2006,1.5993
12/19/2006,1.6024
12/20/2006,1.6039
12/21/2006,1.6032
12/22/2006,1.6029
12/27/2006,1.6058
12/28/2006,1.6058
12/29/2006,1.6069
1/2/2007,1.6104
1/3/2007,1.6132
1/4/2007,1.6132
1/5/2007,1.6097
1/8/2007,1.6097
1/9/2007,1.6127
1/10/2007,1.6138
1/11/2007,1.6129
1/12/2007,1.6125
1/15/2007,1.6127
1/16/2007,1.6138
1/17/2007,1.6143
1/18/2007,1.6182
1/19/2007,1.6178
1/22/2007,1.6185
1/23/2007,1.6167
1/24/2007,1.6195
1/25/2007,1.6154
1/26/2007,1.6184
1/29/2007,1.6216
1/30/2007,1.6236
1/31/2007,1.6214
2/1/2007,1.6175
2/2/2007,1.6175
2/5/2007,1.617
2/6/2007,1.61
2/7/2007,1.6111
2/8/2007,1.6232
2/9/2007,1.6249
2/12/2007,1.6238
2/13/2007,1.6233
2/14/2007,1.6268
2/15/2007,1.6267
2/16/2007,1.6212
2/19/2007,1.6215
2/20/2007,1.6256
2/21/2007,1.6267
2/22/2007,1.6281
2/23/2007,1.6262
2/26/2007,1.6203
2/27/2007,1.6183
2/28/2007,1.6136
3/1/2007,1.61
3/2/2007,1.6107
3/5/2007,1.6
3/6/2007,1.604
3/7/2007,1.605
3/8/2007,1.6066
3/9/2007,1.6137
3/12/2007,1.6137
3/13/2007,1.6095
3/14/2007,1.607
3/15/2007,1.6088
3/16/2007,1.6059
3/19/2007,1.6107
3/20/2007,1.6123
3/21/2007,1.6153
3/22/2007,1.619
3/23/2007,1.6164
3/26/2007,1.6208
3/27/2007,1.6211
3/28/2007,1.6164
3/29/2007,1.6215
3/30/2007,1.6247
4/2/2007,1.6226
4/3/2007,1.6275
4/4/2007,1.6292
4/5/2007,1.6309
4/10/2007,1.6361
4/11/2007,1.6382
4/12/2007,1.6404
4/13/2007,1.6361
4/16/2007,1.6431
4/17/2007,1.6406
4/18/2007,1.6367
4/19/2007,1.6343
4/20/2007,1.6414
4/23/2007,1.6423
4/24/2007,1.6387
4/25/2007,1.6416
4/26/2007,1.6432
4/27/2007,1.6431
4/30/2007,1.6458
5/2/2007,1.6518
5/3/2007,1.6479
5/4/2007,1.6479
5/7/2007,1.6471
5/8/2007,1.6489
5/9/2007,1.6486
5/10/2007,1.6473
5/11/2007,1.6439
5/14/2007,1.6515
5/15/2007,1.6505
5/16/2007,1.6545
5/17/2007,1.6555
5/18/2007,1.6536
5/21/2007,1.6562
5/22/2007,1.6561
5/23/2007,1.6537
5/24/2007,1.6508
5/25/2007,1.6499
5/28/2007,1.6525
5/29/2007,1.6504
5/30/2007,1.6467
5/31/2007,1.6477
6/1/2007,1.6514
6/4/2007,1.6504
6/5/2007,1.6483
6/6/2007,1.6452
6/7/2007,1.6477
6/8/2007,1.6475
6/11/2007,1.6534
6/12/2007,1.6556
6/13/2007,1.6532
6/14/2007,1.6549
6/15/2007,1.6576
6/18/2007,1.662
6/19/2007,1.6627
6/20/2007,1.6605
6/21/2007,1.6613
6/22/2007,1.6576
6/25/2007,1.6538
6/26/2007,1.6547
6/27/2007,1.652
6/28/2007,1.6544
6/29/2007,1.6553
7/2/2007,1.649
7/3/2007,1.655
7/4/2007,1.6558
7/5/2007,1.6553
7/6/2007,1.6589
7/9/2007,1.6582
7/10/2007,1.6553
7/11/2007,1.6535
7/12/2007,1.6574
7/13/2007,1.6579
7/16/2007,1.6556
7/17/2007,1.6554
7/18/2007,1.6572
7/19/2007,1.6585
7/20/2007,1.662
7/23/2007,1.6633
7/24/2007,1.6645
7/25/2007,1.666
7/26/2007,1.6607
7/27/2007,1.6525
7/30/2007,1.6437
7/31/2007,1.6519
8/1/2007,1.6436
8/2/2007,1.6492
8/3/2007,1.6501
8/6/2007,1.6385
8/7/2007,1.6447
8/8/2007,1.6468
8/9/2007,1.6401
8/10/2007,1.6314
8/13/2007,1.6394
8/14/2007,1.6421
8/15/2007,1.6383
8/16/2007,1.6302
8/17/2007,1.6245
8/20/2007,1.6284
8/21/2007,1.6248
8/22/2007,1.6306
8/23/2007,1.6387
8/24/2007,1.6362
8/27/2007,1.6436
8/28/2007,1.6366
8/29/2007,1.637
8/30/2007,1.6402
8/31/2007,1.6451
9/3/2007,1.6479
9/4/2007,1.6466
9/5/2007,1.6462
9/6/2007,1.6427
9/7/2007,1.6437
9/10/2007,1.6377
9/11/2007,1.6401
9/12/2007,1.6422
9/13/2007,1.6415
9/14/2007,1.6463
9/17/2007,1.6458
9/18/2007,1.6479
9/19/2007,1.6493
9/20/2007,1.6461
9/21/2007,1.6517
9/24/2007,1.654
9/25/2007,1.6488
9/26/2007,1.6527
9/27/2007,1.6577
9/28/2007,1.6601
10/1/2007,1.6603
10/2/2007,1.6646
10/3/2007,1.6633
10/4/2007,1.6626
10/5/2007,1.6623
10/8/2007,1.6679
10/9/2007,1.6669
10/10/2007,1.672
10/11/2007,1.6733
10/12/2007,1.6803
10/15/2007,1.6792
10/16/2007,1.6753
10/17/2007,1.6767
10/18/2007,1.6697
10/19/2007,1.6714
10/22/2007,1.665
10/23/2007,1.6707
10/24/2007,1.6706
10/25/2007,1.6701
10/26/2007,1.6732
10/29/2007,1.6776
10/30/2007,1.6751
10/31/2007,1.6762
11/1/2007,1.6735
11/2/2007,1.673
11/5/2007,1.6687
11/6/2007,1.6658
11/7/2007,1.6589
11/8/2007,1.6601
11/9/2007,1.6483
11/12/2007,1.6403
11/13/2007,1.6436
11/14/2007,1.645
11/15/2007,1.6454
11/16/2007,1.6406
11/19/2007,1.6379
11/20/2007,1.6408
11/21/2007,1.6379
11/22/2007,1.6352
11/23/2007,1.6322
11/26/2007,1.6372
11/27/2007,1.6326
11/28/2007,1.6463
11/29/2007,1.6505
11/30/2007,1.6541
12/3/2007,1.6568
12/4/2007,1.648
12/5/2007,1.6458
12/6/2007,1.6503
12/7/2007,1.655
12/10/2007,1.6557
12/11/2007,1.665
12/12/2007,1.6631
12/13/2007,1.6683
12/14/2007,1.6668
12/17/2007,1.6612
12/18/2007,1.6602
12/19/2007,1.66
12/20/2007,1.6603
12/21/2007,1.6612
12/24/2007,1.6629
12/27/2007,1.6682
12/28/2007,1.6604
12/31/2007,1.6547
1/2/2008,1.6529
1/3/2008,1.6422
1/4/2008,1.6406
1/7/2008,1.6396
1/8/2008,1.6428
1/9/2008,1.6362
1/10/2008,1.6294
1/11/2008,1.6312
1/14/2008,1.6265
1/15/2008,1.6218
1/16/2008,1.6142
1/17/2008,1.6144
1/18/2008,1.6144
1/21/2008,1.5991
1/22/2008,1.599
1/23/2008,1.5879
1/24/2008,1.598
1/25/2008,1.6136
1/28/2008,1.6093
1/29/2008,1.6154
1/30/2008,1.6135
1/31/2008,1.6051
2/1/2008,1.6065
2/4/2008,1.6158
2/5/2008,1.6177
2/6/2008,1.6061
2/7/2008,1.5985
2/8/2008,1.6014
2/11/2008,1.6005
2/12/2008,1.6041
2/13/2008,1.6083
2/14/2008,1.6112
2/15/2008,1.6022
2/18/2008,1.6129
2/19/2008,1.6123
2/20/2008,1.6116
2/21/2008,1.6205
2/22/2008,1.61
2/25/2008,1.6133
2/26/2008,1.6163
2/27/2008,1.6074
2/28/2008,1.6037
2/29/2008,1.5885
3/3/2008,1.5787
3/4/2008,1.5773
3/5/2008,1.5807
3/6/2008,1.5818
3/7/2008,1.5735
3/10/2008,1.5696
3/11/2008,1.579
3/12/2008,1.5817
3/13/2008,1.5727
3/14/2008,1.5741
3/17/2008,1.5519
3/18/2008,1.561
3/19/2008,1.5662
3/20/2008,1.5632
3/25/2008,1.5728
3/26/2008,1.5684
3/27/2008,1.5688
3/28/2008,1.5735
3/31/2008,1.5738
4/1/2008,1.5737
4/2/2008,1.5814
4/3/2008,1.5845
4/4/2008,1.5872
4/7/2008,1.5917
4/8/2008,1.5914
4/9/2008,1.5935
4/10/2008,1.5735
4/11/2008,1.5808
4/14/2008,1.5777
4/15/2008,1.5817
4/16/2008,1.5896
4/17/2008,1.5992
4/18/2008,1.6138
4/21/2008,1.6059
4/22/2008,1.6065
4/23/2008,1.6077
4/24/2008,1.6156
4/25/2008,1.617
4/28/2008,1.6181
4/29/2008,1.6153
4/30/2008,1.6147
5/2/2008,1.6238
5/5/2008,1.6305
5/6/2008,1.6274
5/7/2008,1.63
5/8/2008,1.621
5/9/2008,1.6086
5/12/2008,1.622
5/13/2008,1.6227
5/14/2008,1.631
5/15/2008,1.6341
5/16/2008,1.6342
5/19/2008,1.6308
5/20/2008,1.6294
5/21/2008,1.6228
5/22/2008,1.6194
5/23/2008,1.6175
5/26/2008,1.6156
5/27/2008,1.6159
5/28/2008,1.6255
5/29/2008,1.6291
5/30/2008,1.6276
6/2/2008,1.6182
6/3/2008,1.611
6/4/2008,1.6037
6/5/2008,1.6147
6/6/2008,1.6184
6/9/2008,1.6103
6/10/2008,1.608
6/11/2008,1.6117
6/12/2008,1.6112
6/13/2008,1.6113
6/16/2008,1.6129
6/17/2008,1.6169
6/18/2008,1.616
6/19/2008,1.6196
6/20/2008,1.6165
6/23/2008,1.6223
6/24/2008,1.6185
6/25/2008,1.6218
6/26/2008,1.6184
6/27/2008,1.6053
6/30/2008,1.6056
7/1/2008,1.6055
7/2/2008,1.6135
7/3/2008,1.6097
7/4/2008,1.6085
7/7/2008,1.6149
7/8/2008,1.6098
7/9/2008,1.6225
7/10/2008,1.6223
7/11/2008,1.6197
7/14/2008,1.6232
7/15/2008,1.6065
7/16/2008,1.604
7/17/2008,1.6145
7/18/2008,1.6207
7/21/2008,1.622
7/22/2008,1.6174
7/23/2008,1.6287
7/24/2008,1.6273
7/25/2008,1.6268
7/28/2008,1.6285
7/29/2008,1.63
7/30/2008,1.6315
7/31/2008,1.6354
8/1/2008,1.6324
8/4/2008,1.6346
8/5/2008,1.6312
8/6/2008,1.6291
8/7/2008,1.6322
8/8/2008,1.6238
8/11/2008,1.6202
8/12/2008,1.6215
8/13/2008,1.6211
8/14/2008,1.6219
8/15/2008,1.6158
8/18/2008,1.617
8/19/2008,1.6109
8/20/2008,1.6177
8/21/2008,1.6172
8/22/2008,1.6228
8/25/2008,1.6214
8/26/2008,1.6138
8/27/2008,1.6132
8/28/2008,1.6108
8/29/2008,1.6164
9/1/2008,1.6064
9/2/2008,1.6096
9/3/2008,1.605
9/4/2008,1.6035
9/5/2008,1.5888
9/8/2008,1.6052
9/9/2008,1.5995
9/10/2008,1.5928
9/11/2008,1.5857
9/12/2008,1.5998
9/15/2008,1.5903
9/16/2008,1.5823
9/17/2008,1.5921
9/18/2008,1.5838
9/19/2008,1.5975
9/22/2008,1.5988
9/23/2008,1.5926
9/24/2008,1.5951
9/25/2008,1.5944
9/26/2008,1.5879
9/29/2008,1.5845
9/30/2008,1.5774
10/1/2008,1.5818
10/2/2008,1.5732
10/3/2008,1.5654
10/6/2008,1.5534
10/7/2008,1.5526
10/8/2008,1.5541
10/9/2008,1.5462
10/10/2008,1.5175
10/13/2008,1.5416
10/14/2008,1.5526
10/15/2008,1.5425
10/16/2008,1.5294
10/17/2008,1.5213
10/20/2008,1.5299
10/21/2008,1.5224
10/22/2008,1.4991
10/23/2008,1.4928
10/24/2008,1.4566
10/27/2008,1.4438
10/28/2008,1.452
10/29/2008,1.4695
10/30/2008,1.48
10/31/2008,1.4686
11/3/2008,1.4832
11/4/2008,1.4943
11/5/2008,1.5051
11/6/2008,1.4988
11/7/2008,1.4983
11/10/2008,1.5133
11/11/2008,1.4978
11/12/2008,1.4868
11/13/2008,1.4917
11/14/2008,1.51
11/17/2008,1.515
11/18/2008,1.5166
11/19/2008,1.5228
11/20/2008,1.529
11/21/2008,1.5369
11/24/2008,1.5437
11/25/2008,1.544
11/26/2008,1.5456
11/27/2008,1.545
11/28/2008,1.5455
12/1/2008,1.5262
12/2/2008,1.5311
12/3/2008,1.5332
12/4/2008,1.5335
12/5/2008,1.538
12/8/2008,1.559
12/9/2008,1.5593
12/10/2008,1.5587
12/11/2008,1.5737
12/12/2008,1.5746
12/15/2008,1.5789
12/16/2008,1.5814
12/17/2008,1.564
12/18/2008,1.5368
12/19/2008,1.5448
12/22/2008,1.5367
12/23/2008,1.5175
12/24/2008,1.5043
12/29/2008,1.4931
12/30/2008,1.4963
12/31/2008,1.485
1/2/2009,1.4874
1/5/2009,1.506
1/6/2009,1.5018
1/7/2009,1.5006
1/8/2009,1.4941
1/9/2009,1.4998
1/12/2009,1.5005
1/13/2009,1.4858
1/14/2009,1.4761
1/15/2009,1.4725
1/16/2009,1.4863
1/19/2009,1.4812
1/20/2009,1.4807
1/21/2009,1.4764
1/22/2009,1.5036
1/23/2009,1.4955
1/26/2009,1.5031
1/27/2009,1.5017
1/28/2009,1.5163
1/29/2009,1.5063
1/30/2009,1.4871
2/2/2009,1.4872
2/3/2009,1.4898
2/4/2009,1.4896
2/5/2009,1.4919
2/6/2009,1.5012
2/9/2009,1.506
2/10/2009,1.5061
2/11/2009,1.4972
2/12/2009,1.4885
2/13/2009,1.4931
2/16/2009,1.4883
2/17/2009,1.4813
2/18/2009,1.4792
2/19/2009,1.4922
2/20/2009,1.4921
2/23/2009,1.4908
2/24/2009,1.4805
2/25/2009,1.4848
2/26/2009,1.4848
2/27/2009,1.4841
3/2/2009,1.4809
3/3/2009,1.4826
3/4/2009,1.4782
3/5/2009,1.4765
3/6/2009,1.4637
3/9/2009,1.4669
3/10/2009,1.4667
3/11/2009,1.4772
3/12/2009,1.5225
3/13/2009,1.536
3/16/2009,1.5421
3/17/2009,1.5327
3/18/2009,1.5332
3/19/2009,1.5385
3/20/2009,1.5291
3/23/2009,1.5301
3/24/2009,1.5267
3/25/2009,1.523
3/26/2009,1.5266
3/27/2009,1.5189
3/30/2009,1.5159
3/31/2009,1.5152
4/1/2009,1.5106
4/2/2009,1.526
4/3/2009,1.5236
4/6/2009,1.5247
4/7/2009,1.5169
4/8/2009,1.517
4/9/2009,1.526
4/14/2009,1.5151
4/15/2009,1.51
4/16/2009,1.5127
4/17/2009,1.5218
4/20/2009,1.5174
4/21/2009,1.5114
4/22/2009,1.5121
4/23/2009,1.513
4/24/2009,1.5102
4/27/2009,1.5078
4/28/2009,1.5038
4/29/2009,1.5064
4/30/2009,1.5066
5/4/2009,1.5093
5/5/2009,1.5113
5/6/2009,1.5089
5/7/2009,1.5166
5/8/2009,1.5142
5/11/2009,1.5057
5/12/2009,1.5088
5/13/2009,1.5054
5/14/2009,1.5053
5/15/2009,1.5023
5/18/2009,1.5115
5/19/2009,1.5146
5/20/2009,1.5124
5/21/2009,1.5174
5/22/2009,1.5217
5/25/2009,1.5178
5/26/2009,1.5144
5/27/2009,1.5135
5/28/2009,1.5117
5/29/2009,1.5128
6/1/2009,1.514
6/2/2009,1.5137
6/3/2009,1.5175
6/4/2009,1.5126
6/5/2009,1.5191
6/8/2009,1.5166
6/9/2009,1.5158
6/10/2009,1.5158
6/11/2009,1.512
6/12/2009,1.5099
6/15/2009,1.511
6/16/2009,1.507
6/17/2009,1.5096
6/18/2009,1.5013
6/19/2009,1.5102
6/22/2009,1.5074
6/23/2009,1.5031
6/24/2009,1.5183
6/25/2009,1.5311
6/26/2009,1.5275
6/29/2009,1.526
6/30/2009,1.5265
7/1/2009,1.5241
7/2/2009,1.5235
7/3/2009,1.5228
7/6/2009,1.5198
7/7/2009,1.5181
7/8/2009,1.5162
7/9/2009,1.5119
7/10/2009,1.514
7/13/2009,1.5133
7/14/2009,1.5159
7/15/2009,1.5179
7/16/2009,1.5154
7/17/2009,1.5193
7/20/2009,1.5198
7/21/2009,1.5186
7/22/2009,1.5164
7/23/2009,1.5203
7/24/2009,1.5217
7/27/2009,1.5237
7/28/2009,1.5224
7/29/2009,1.5268
7/30/2009,1.5314
7/31/2009,1.5317
8/3/2009,1.5246
8/4/2009,1.5286
8/5/2009,1.5316
8/6/2009,1.529
8/7/2009,1.5288
8/10/2009,1.5345
8/11/2009,1.5301
8/12/2009,1.5276
8/13/2009,1.5328
8/14/2009,1.5267
8/17/2009,1.5212
8/18/2009,1.5207
8/19/2009,1.5152
8/20/2009,1.5169
8/21/2009,1.516
8/24/2009,1.5184
8/25/2009,1.5171
8/26/2009,1.5189
8/27/2009,1.5234
8/28/2009,1.517
8/31/2009,1.5168
9/1/2009,1.5153
9/2/2009,1.5167
9/3/2009,1.5143
9/4/2009,1.5157
9/7/2009,1.5181
9/8/2009,1.5159
9/9/2009,1.5173
9/10/2009,1.5151
9/11/2009,1.5137
9/14/2009,1.5133
9/15/2009,1.5162
9/16/2009,1.5196
9/17/2009,1.5187
9/18/2009,1.5146
9/21/2009,1.5182
9/22/2009,1.5149
9/23/2009,1.5123
9/24/2009,1.5117
9/25/2009,1.5118
9/28/2009,1.5114
9/29/2009,1.5124
9/30/2009,1.5078
10/1/2009,1.5165
10/2/2009,1.5107
10/5/2009,1.5102
10/6/2009,1.5118
10/7/2009,1.515
10/8/2009,1.5166
10/9/2009,1.5187
10/12/2009,1.5175
10/13/2009,1.517
10/14/2009,1.5166
10/15/2009,1.5132
10/16/2009,1.518
10/19/2009,1.5138
10/20/2009,1.5121
10/21/2009,1.5112
10/22/2009,1.5105
10/23/2009,1.5132
10/26/2009,1.5131
10/27/2009,1.5145
10/28/2009,1.5109
10/29/2009,1.5109
10/30/2009,1.5123
11/2/2009,1.5093
11/3/2009,1.5121
11/4/2009,1.5113
11/5/2009,1.5114
11/6/2009,1.5115
11/9/2009,1.5103
11/10/2009,1.5115
11/11/2009,1.5104
11/12/2009,1.5106
11/13/2009,1.5098
11/16/2009,1.5093
11/17/2009,1.5111
11/18/2009,1.5112
11/19/2009,1.5131
11/20/2009,1.5126
11/23/2009,1.5108
11/24/2009,1.511
11/25/2009,1.5095
11/26/2009,1.5098
11/27/2009,1.5064
11/30/2009,1.5071
12/1/2009,1.5079
12/2/2009,1.5072
12/3/2009,1.5083
12/4/2009,1.5063
12/7/2009,1.5123
12/8/2009,1.5111
12/9/2009,1.5114
12/10/2009,1.5113
12/11/2009,1.5125
12/14/2009,1.5122
12/15/2009,1.5123
12/16/2009,1.5126
12/17/2009,1.5053
12/18/2009,1.4958
12/21/2009,1.4938
12/22/2009,1.4987
12/23/2009,1.4895
12/24/2009,1.4882
12/28/2009,1.4888
12/29/2009,1.4882
12/30/2009,1.4878
12/31/2009,1.4836
1/4/2010,1.4873
1/5/2010,1.4856
1/6/2010,1.4823
1/7/2010,1.4832
1/8/2010,1.4815
1/11/2010,1.4755
1/12/2010,1.4743
1/13/2010,1.4788
1/14/2010,1.4804
1/15/2010,1.4756
1/18/2010,1.4745
1/19/2010,1.476
1/20/2010,1.4763
1/21/2010,1.4723
1/22/2010,1.4708
1/25/2010,1.4728
1/26/2010,1.4723
1/27/2010,1.4721
1/28/2010,1.4725
1/29/2010,1.4662
2/1/2010,1.4725
2/2/2010,1.4733
2/3/2010,1.4738
2/4/2010,1.469
2/5/2010,1.4682
2/8/2010,1.4659
2/9/2010,1.4672
2/10/2010,1.4658
2/11/2010,1.4663
2/12/2010,1.465
2/15/2010,1.4661
2/16/2010,1.4678
2/17/2010,1.4679
2/18/2010,1.4651
2/19/2010,1.4658
2/22/2010,1.4649
2/23/2010,1.4667
2/24/2010,1.4641
2/25/2010,1.4633
2/26/2010,1.4638
3/1/2010,1.4644
3/2/2010,1.4628
3/3/2010,1.4629
3/4/2010,1.4632
3/5/2010,1.4632
3/8/2010,1.4628
3/9/2010,1.4626
3/10/2010,1.4618
3/11/2010,1.4622
3/12/2010,1.4597
3/15/2010,1.4527
3/16/2010,1.4516
3/17/2010,1.4511
3/18/2010,1.4474
3/19/2010,1.4374
3/22/2010,1.4348
3/23/2010,1.4321
3/24/2010,1.4282
3/25/2010,1.428
3/26/2010,1.4286
3/29/2010,1.4329
3/30/2010,1.4316
3/31/2010,1.4276
4/1/2010,1.4179
4/6/2010,1.4325
4/7/2010,1.4321
4/8/2010,1.4324
4/9/2010,1.4364
4/12/2010,1.4393
4/13/2010,1.437
4/14/2010,1.4368
4/15/2010,1.4343
4/16/2010,1.4338
4/19/2010,1.4345
4/20/2010,1.4334
4/21/2010,1.4329
4/22/2010,1.4325
4/23/2010,1.4355
4/26/2010,1.4341
4/27/2010,1.4353
4/28/2010,1.4341
4/29/2010,1.4348
4/30/2010,1.4341
5/3/2010,1.4328
5/4/2010,1.4325
5/5/2010,1.4325
5/6/2010,1.4132
5/7/2010,1.4144
5/10/2010,1.4248
5/11/2010,1.4095
5/12/2010,1.4062
5/13/2010,1.4011
5/14/2010,1.402
5/17/2010,1.4014
5/18/2010,1.4028
5/19/2010,1.4043
5/20/2010,1.4179
5/21/2010,1.4408
5/24/2010,1.4339
5/25/2010,1.4244
5/26/2010,1.4206
5/27/2010,1.4164
5/28/2010,1.4258
5/31/2010,1.423
6/1/2010,1.4183
6/2/2010,1.4148
6/3/2010,1.4149
6/4/2010,1.3951
6/7/2010,1.3911
6/8/2010,1.3793
6/9/2010,1.3762
6/10/2010,1.3788
6/11/2010,1.3893
6/14/2010,1.391
6/15/2010,1.3998
6/16/2010,1.3888
6/17/2010,1.3778
6/18/2010,1.3745
6/21/2010,1.3738
6/22/2010,1.3622
6/23/2010,1.3611
6/24/2010,1.3555
6/25/2010,1.3533
6/28/2010,1.3387
6/29/2010,1.3258
6/30/2010,1.3283
7/1/2010,1.3178
7/2/2010,1.3376
7/5/2010,1.3325
7/6/2010,1.3373
7/7/2010,1.3312
7/8/2010,1.3321
7/9/2010,1.3331
7/12/2010,1.3349
7/13/2010,1.3337
7/14/2010,1.3428
7/15/2010,1.342
7/16/2010,1.3543
7/19/2010,1.364
7/20/2010,1.3537
7/21/2010,1.344
7/22/2010,1.3418
7/23/2010,1.3488
7/26/2010,1.3574
7/27/2010,1.3775
7/28/2010,1.376
7/29/2010,1.366
7/30/2010,1.3541
8/2/2010,1.366
8/3/2010,1.3712
8/4/2010,1.373
8/5/2010,1.382
8/6/2010,1.383
8/9/2010,1.3771
8/10/2010,1.3895
8/11/2010,1.3695
8/12/2010,1.3492
8/13/2010,1.3488
8/16/2010,1.335
8/17/2010,1.3411
8/18/2010,1.3423
8/19/2010,1.3331
8/20/2010,1.3151
8/23/2010,1.316
8/24/2010,1.3156
8/25/2010,1.2994
8/26/2010,1.3027
8/27/2010,1.3004
8/30/2010,1.3055
8/31/2010,1.2935
9/1/2010,1.2967
9/2/2010,1.2953
9/3/2010,1.3043
9/6/2010,1.307
9/7/2010,1.2903
9/8/2010,1.2837
9/9/2010,1.2859
9/10/2010,1.302
9/13/2010,1.2991
9/14/2010,1.2911
9/15/2010,1.3019
9/16/2010,1.3225
9/17/2010,1.321
9/20/2010,1.316
9/21/2010,1.3156
9/22/2010,1.3217
9/23/2010,1.3138
9/24/2010,1.3163
9/27/2010,1.3257
9/28/2010,1.3272
9/29/2010,1.3295
9/30/2010,1.3287
10/1/2010,1.3423
10/4/2010,1.3327
10/5/2010,1.3348
10/6/2010,1.3361
10/7/2010,1.3415
10/8/2010,1.342
10/11/2010,1.3412
10/12/2010,1.3298
10/13/2010,1.3352
10/14/2010,1.3386
10/15/2010,1.3423
10/18/2010,1.3359
10/19/2010,1.3405
10/20/2010,1.3355
10/21/2010,1.3493
10/22/2010,1.3533
10/25/2010,1.3618
10/26/2010,1.3558
10/27/2010,1.3639
10/28/2010,1.3668
10/29/2010,1.3708
11/1/2010,1.3756
11/2/2010,1.3766
11/3/2010,1.3761
11/4/2010,1.3782
11/5/2010,1.3546
11/8/2010,1.3435
11/9/2010,1.342
11/10/2010,1.3402
11/11/2010,1.3282
11/12/2010,1.3357
11/15/2010,1.3428
11/16/2010,1.3408
11/17/2010,1.3426
11/18/2010,1.3475
11/19/2010,1.3607
11/22/2010,1.3505
11/23/2010,1.3338
11/24/2010,1.3276
11/25/2010,1.3326
11/26/2010,1.3252
11/29/2010,1.3186
11/30/2010,1.299
12/1/2010,1.3178
12/2/2010,1.316
12/3/2010,1.3143
12/6/2010,1.3084
12/7/2010,1.3062
12/8/2010,1.306
12/9/2010,1.306
12/10/2010,1.2998
12/13/2010,1.2987
12/14/2010,1.2916
12/15/2010,1.2826
12/16/2010,1.2849
12/17/2010,1.2738
12/20/2010,1.2698
12/21/2010,1.2613
12/22/2010,1.2502
12/23/2010,1.2553
12/24/2010,1.2618
12/27/2010,1.2626
12/28/2010,1.2513
12/29/2010,1.2483
12/30/2010,1.2475
12/31/2010,1.2504
1/3/2011,1.2465
1/4/2011,1.2669
1/5/2011,1.2617
1/6/2011,1.2677
1/7/2011,1.2512
1/10/2011,1.2459
1/11/2011,1.2538
1/12/2011,1.2622
1/13/2011,1.2823
1/14/2011,1.2915
1/17/2011,1.2854
1/18/2011,1.2812
1/19/2011,1.2964
1/20/2011,1.2873
1/21/2011,1.3013
1/24/2011,1.2989
1/25/2011,1.2871
1/26/2011,1.2922
1/27/2011,1.294
1/28/2011,1.2942
1/31/2011,1.2891
2/1/2011,1.2954
2/2/2011,1.2922
2/3/2011,1.2987
2/4/2011,1.2954
2/7/2011,1.2953
2/8/2011,1.303
2/9/2011,1.3152
2/10/2011,1.3105
2/11/2011,1.3163
2/14/2011,1.3065
2/15/2011,1.3124
2/16/2011,1.3073
2/17/2011,1.2973
2/18/2011,1.2973
2/21/2011,1.296
2/22/2011,1.2844
2/23/2011,1.2853
2/24/2011,1.2748
2/25/2011,1.2799
2/28/2011,1.284
3/1/2011,1.2849
3/2/2011,1.2799
3/3/2011,1.2844
3/4/2011,1.3
3/7/2011,1.296
3/8/2011,1.2949
3/9/2011,1.292
3/10/2011,1.2914
3/11/2011,1.2842
3/14/2011,1.2941
3/15/2011,1.2756
3/16/2011,1.2755
3/17/2011,1.2625
3/18/2011,1.2758
3/21/2011,1.2836
3/22/2011,1.2843
3/23/2011,1.2746
3/24/2011,1.2817
3/25/2011,1.2915
3/28/2011,1.2908
3/29/2011,1.2957
3/30/2011,1.2993
3/31/2011,1.3005
4/1/2011,1.3059
4/4/2011,1.313
4/5/2011,1.3091
4/6/2011,1.3097
4/7/2011,1.3118
4/8/2011,1.3163
4/11/2011,1.3129
4/12/2011,1.3017
4/13/2011,1.2995
4/14/2011,1.2879
4/15/2011,1.2897
4/18/2011,1.2821
4/19/2011,1.2842
4/20/2011,1.2944
4/21/2011,1.2851
4/26/2011,1.283
4/27/2011,1.2886
4/28/2011,1.2954
4/29/2011,1.2867
5/2/2011,1.2856
5/3/2011,1.278
5/4/2011,1.2826
5/5/2011,1.273
5/6/2011,1.2668
5/9/2011,1.2617
5/10/2011,1.2602
5/11/2011,1.2661
5/12/2011,1.2584
5/13/2011,1.2667
5/16/2011,1.2542
5/17/2011,1.2553
5/18/2011,1.2545
5/19/2011,1.2616
5/20/2011,1.2477
5/23/2011,1.238
5/24/2011,1.2405
5/25/2011,1.2324
5/26/2011,1.2343
5/27/2011,1.2221
5/30/2011,1.2147
5/31/2011,1.2275
6/1/2011,1.2182
6/2/2011,1.2167
6/3/2011,1.2197
6/6/2011,1.2235
6/7/2011,1.2237
6/8/2011,1.2224
6/9/2011,1.2242
6/10/2011,1.219
6/13/2011,1.2023
6/14/2011,1.2116
6/15/2011,1.2164
6/16/2011,1.1958
6/17/2011,1.2103
6/20/2011,1.2039
6/21/2011,1.2127
6/22/2011,1.2109
6/23/2011,1.1963
6/24/2011,1.1902
6/27/2011,1.1849
6/28/2011,1.1884
6/29/2011,1.2036
6/30/2011,1.2071
7/1/2011,1.2267
7/4/2011,1.2324
7/5/2011,1.2213
7/6/2011,1.2059
7/7/2011,1.205
7/8/2011,1.2102
7/11/2011,1.1715
7/12/2011,1.165
7/13/2011,1.1695
7/14/2011,1.1575
7/15/2011,1.1577
7/18/2011,1.1485
7/19/2011,1.1607
7/20/2011,1.1652
7/21/2011,1.169
7/22/2011,1.1789
7/25/2011,1.1563
7/26/2011,1.163
7/27/2011,1.1586
7/28/2011,1.1437
7/29/2011,1.1418
8/1/2011,1.127
8/2/2011,1.1049
8/3/2011,1.1022
8/4/2011,1.1012
8/5/2011,1.0847
8/8/2011,1.0849
8/9/2011,1.0594
8/10/2011,1.0451
8/11/2011,1.0499
8/12/2011,1.0984
8/15/2011,1.1334
8/16/2011,1.1195
8/17/2011,1.1402
8/18/2011,1.141
8/19/2011,1.134
8/22/2011,1.1341
8/23/2011,1.141
8/24/2011,1.1403
8/25/2011,1.1466
8/26/2011,1.1458
8/29/2011,1.1824
8/30/2011,1.1835
8/31/2011,1.167
9/1/2011,1.1417
9/2/2011,1.1132
9/5/2011,1.1111
9/6/2011,1.2036
9/7/2011,1.2052
9/8/2011,1.2135
9/9/2011,1.2165
9/12/2011,1.2055
9/13/2011,1.2037
9/14/2011,1.2033
9/15/2011,1.2062
9/16/2011,1.2058
9/19/2011,1.2061
9/20/2011,1.2064
9/21/2011,1.2208
9/22/2011,1.2275
9/23/2011,1.2195
9/26/2011,1.2206
9/27/2011,1.2232
9/28/2011,1.2205
9/29/2011,1.2207
9/30/2011,1.217
10/3/2011,1.214
10/4/2011,1.2169
10/5/2011,1.2265
10/6/2011,1.2316
10/7/2011,1.2365
10/10/2011,1.2326
10/11/2011,1.238
10/12/2011,1.2367
10/13/2011,1.2335
10/14/2011,1.2388
10/17/2011,1.2365
10/18/2011,1.2348
10/19/2011,1.2428
10/20/2011,1.2362
10/21/2011,1.2307
10/24/2011,1.228
10/25/2011,1.2253
10/26/2011,1.2193
10/27/2011,1.2213
10/28/2011,1.2211
10/31/2011,1.2191
11/1/2011,1.2174
11/2/2011,1.2166
11/3/2011,1.2156
11/4/2011,1.2217
11/7/2011,1.2342
11/8/2011,1.2382
11/9/2011,1.2322
11/10/2011,1.2315
11/11/2011,1.236
11/14/2011,1.2368
11/15/2011,1.2405
11/16/2011,1.2384
11/17/2011,1.2387
11/18/2011,1.2378
11/21/2011,1.2375
11/22/2011,1.235
11/23/2011,1.2305
11/24/2011,1.2268
11/25/2011,1.2253
11/28/2011,1.2309
11/29/2011,1.2282
11/30/2011,1.2265
12/1/2011,1.2264
12/2/2011,1.2343
12/5/2011,1.2379
12/6/2011,1.2388
12/7/2011,1.2413
12/8/2011,1.2373
12/9/2011,1.2332
12/12/2011,1.2349
12/13/2011,1.2345
12/14/2011,1.2317
12/15/2011,1.2261
12/16/2011,1.2249
12/19/2011,1.219
12/20/2011,1.2192
12/21/2011,1.219
12/22/2011,1.2232
12/23/2011,1.2221
12/27/2011,1.221
12/28/2011,1.2196
12/29/2011,1.2186
12/30/2011,1.2156
1/2/2012,1.2155
1/3/2012,1.2183
1/4/2012,1.2196
1/5/2012,1.2187
1/6/2012,1.2177
1/9/2012,1.2139
1/10/2012,1.2136
1/11/2012,1.212
1/12/2012,1.2112
1/13/2012,1.21
1/16/2012,1.2093
1/17/2012,1.209
1/18/2012,1.2088
1/19/2012,1.2076
1/20/2012,1.2077
1/23/2012,1.2061
1/24/2012,1.2065
1/25/2012,1.2075
1/26/2012,1.2071
1/27/2012,1.2078
1/30/2012,1.2046
1/31/2012,1.2048
2/1/2012,1.2048
2/2/2012,1.2048
2/3/2012,1.205
2/6/2012,1.2067
2/7/2012,1.2087
2/8/2012,1.2114
2/9/2012,1.2103
2/10/2012,1.2098
2/13/2012,1.209
2/14/2012,1.2075
2/15/2012,1.2073
2/16/2012,1.2072
2/17/2012,1.2083
2/20/2012,1.2075
2/21/2012,1.2073
2/22/2012,1.2072
2/23/2012,1.2053
2/24/2012,1.2048
2/27/2012,1.2052
2/28/2012,1.205
2/29/2012,1.2051
3/1/2012,1.2052
3/2/2012,1.2062
3/5/2012,1.2061
3/6/2012,1.2055
3/7/2012,1.2052
3/8/2012,1.205
3/9/2012,1.2053
3/12/2012,1.2056
3/13/2012,1.206
3/14/2012,1.211
3/15/2012,1.2096
3/16/2012,1.207
3/19/2012,1.2067
3/20/2012,1.2059
3/21/2012,1.2058
3/22/2012,1.2055
3/23/2012,1.2054
3/26/2012,1.2054
3/27/2012,1.2056
3/28/2012,1.2063
3/29/2012,1.2051
3/30/2012,1.2045
4/2/2012,1.2044
4/3/2012,1.2035
4/4/2012,1.2038
4/5/2012,1.2025
4/10/2012,1.2027
4/11/2012,1.2011
4/12/2012,1.2027
4/13/2012,1.2017
4/16/2012,1.2025
4/17/2012,1.2018
4/18/2012,1.2032
4/19/2012,1.2021
4/20/2012,1.2017
4/23/2012,1.2018
4/24/2012,1.2021
4/25/2012,1.2018
4/26/2012,1.2016
4/27/2012,1.2014
4/30/2012,1.2018
5/2/2012,1.2018
5/3/2012,1.2014
5/4/2012,1.2014
5/7/2012,1.2012
5/8/2012,1.2014
5/9/2012,1.201
5/10/2012,1.2013
5/11/2012,1.2012
5/14/2012,1.201
5/15/2012,1.201
5/16/2012,1.2011
5/17/2012,1.2011
5/18/2012,1.2012
5/21/2012,1.2011
5/22/2012,1.2011
5/23/2012,1.2011
5/24/2012,1.201
5/25/2012,1.2014
5/28/2012,1.2019
5/29/2012,1.2015
5/30/2012,1.201
5/31/2012,1.201
6/1/2012,1.2008
6/4/2012,1.2009
6/5/2012,1.201
6/6/2012,1.2008
6/7/2012,1.2011
6/8/2012,1.2012
6/11/2012,1.201
6/12/2012,1.2012
6/13/2012,1.2009
6/14/2012,1.2008
6/15/2012,1.201
6/18/2012,1.201
6/19/2012,1.2009
6/20/2012,1.2009
6/21/2012,1.201
6/22/2012,1.2009
6/25/2012,1.2008
6/26/2012,1.201
6/27/2012,1.2011
6/28/2012,1.201
6/29/2012,1.203
7/2/2012,1.2015
7/3/2012,1.2012
7/4/2012,1.2013
7/5/2012,1.2012
7/6/2012,1.2011
7/9/2012,1.201
7/10/2012,1.201
7/11/2012,1.201
7/12/2012,1.201
7/13/2012,1.2009
7/16/2012,1.201
7/17/2012,1.201
7/18/2012,1.201
7/19/2012,1.201
7/20/2012,1.2009
7/23/2012,1.201
7/24/2012,1.201
7/25/2012,1.201
7/26/2012,1.201
7/27/2012,1.201
7/30/2012,1.201
7/31/2012,1.2014
8/1/2012,1.2013
8/2/2012,1.2024
8/3/2012,1.2012
8/6/2012,1.2013
8/7/2012,1.2015
8/8/2012,1.2012
8/9/2012,1.201
8/10/2012,1.2009
8/13/2012,1.201
8/14/2012,1.201
8/15/2012,1.2011
8/16/2012,1.201
8/17/2012,1.2011
8/20/2012,1.201
8/21/2012,1.201
8/22/2012,1.2009
8/23/2012,1.201
8/24/2012,1.2009
8/27/2012,1.201
8/28/2012,1.201
8/29/2012,1.201
8/30/2012,1.2009
8/31/2012,1.2009
9/3/2012,1.2008
9/4/2012,1.201
9/5/2012,1.2014
9/6/2012,1.2049
9/7/2012,1.2128
9/10/2012,1.209
9/11/2012,1.2074
9/12/2012,1.2083
9/13/2012,1.213
9/14/2012,1.2162
9/17/2012,1.216
9/18/2012,1.2113
9/19/2012,1.2095
9/20/2012,1.2088
9/21/2012,1.211
9/24/2012,1.2095
9/25/2012,1.2092
9/26/2012,1.2088
9/27/2012,1.2084
9/28/2012,1.2099
10/1/2012,1.2095
10/2/2012,1.2102
10/3/2012,1.2104
10/4/2012,1.2123
10/5/2012,1.2112
10/8/2012,1.211
10/9/2012,1.2111
10/10/2012,1.211
10/11/2012,1.2087
10/12/2012,1.2093
10/15/2012,1.2091
10/16/2012,1.2091
10/17/2012,1.2106
10/18/2012,1.2094
10/19/2012,1.2085
10/22/2012,1.2097
10/23/2012,1.2098
10/24/2012,1.21
10/25/2012,1.2097
10/26/2012,1.209
10/29/2012,1.2087
10/30/2012,1.2085
10/31/2012,1.2076
11/1/2012,1.2072
11/2/2012,1.2073
11/5/2012,1.2063
11/6/2012,1.2075
11/7/2012,1.2065
11/8/2012,1.2058
11/9/2012,1.2054
11/12/2012,1.2057
11/13/2012,1.2046
11/14/2012,1.204
11/15/2012,1.2042
11/16/2012,1.2042
11/19/2012,1.2045
11/20/2012,1.2049
11/21/2012,1.2041
11/22/2012,1.2045
11/23/2012,1.205
11/26/2012,1.2046
11/27/2012,1.2043
11/28/2012,1.2033
11/29/2012,1.2043
11/30/2012,1.2054
12/3/2012,1.2087
12/4/2012,1.2136
12/5/2012,1.2128
12/6/2012,1.2114
12/7/2012,1.2077
12/10/2012,1.2068
12/11/2012,1.2115
12/12/2012,1.2109
12/13/2012,1.209
12/14/2012,1.2089
12/17/2012,1.2082
12/18/2012,1.208
12/19/2012,1.2096
12/20/2012,1.2079
12/21/2012,1.2077
12/24/2012,1.207
12/27/2012,1.2082
12/28/2012,1.208
12/31/2012,1.2072
1/2/2013,1.209
1/3/2013,1.209
1/4/2013,1.2092
1/7/2013,1.2087
1/8/2013,1.2092
1/9/2013,1.2089
1/10/2013,1.2104
1/11/2013,1.2157
1/14/2013,1.2243
1/15/2013,1.2358
1/16/2013,1.2359
1/17/2013,1.2453
1/18/2013,1.2446
1/21/2013,1.2421
1/22/2013,1.2383
1/23/2013,1.2385
1/24/2013,1.2417
1/25/2013,1.2444
1/28/2013,1.2472
1/29/2013,1.2416
1/30/2013,1.2392
1/31/2013,1.2342
2/1/2013,1.2351
2/4/2013,1.235
2/5/2013,1.2299
2/6/2013,1.2348
2/7/2013,1.2312
2/8/2013,1.2282
2/11/2013,1.2294
2/12/2013,1.2328
2/13/2013,1.2365
2/14/2013,1.2293
2/15/2013,1.2303
2/18/2013,1.2332
2/19/2013,1.2332
2/20/2013,1.2347
2/21/2013,1.229
2/22/2013,1.2272
2/25/2013,1.2305
2/26/2013,1.2167
2/27/2013,1.2177
2/28/2013,1.2209
3/1/2013,1.2245
3/4/2013,1.2256
3/5/2013,1.2277
3/6/2013,1.2301
3/7/2013,1.2318
3/8/2013,1.2355
3/11/2013,1.236
3/12/2013,1.2344
3/13/2013,1.2319
3/14/2013,1.2347
3/15/2013,1.2308
3/18/2013,1.2221
3/19/2013,1.2218
3/20/2013,1.2222
3/21/2013,1.2225
3/22/2013,1.2212
3/25/2013,1.2213
3/26/2013,1.2209
3/27/2013,1.2174
3/28/2013,1.2195
4/2/2013,1.2159
4/3/2013,1.2167
4/4/2013,1.2155
4/5/2013,1.2158
4/8/2013,1.2168
4/9/2013,1.22
4/10/2013,1.2183
4/11/2013,1.2187
4/12/2013,1.2167
4/15/2013,1.2147
4/16/2013,1.2163
4/17/2013,1.2149
4/18/2013,1.2164
4/19/2013,1.2176
4/22/2013,1.2188
4/23/2013,1.2219
4/24/2013,1.2302
4/25/2013,1.2334
4/26/2013,1.2273
4/29/2013,1.2279
4/30/2013,1.2238
5/2/2013,1.2244
5/3/2013,1.2235
5/6/2013,1.228
5/7/2013,1.2333
5/8/2013,1.2336
5/9/2013,1.229
5/10/2013,1.243
5/13/2013,1.2404
5/14/2013,1.2416
5/15/2013,1.2499
5/16/2013,1.2444
5/17/2013,1.2449
5/20/2013,1.246
5/21/2013,1.2476
5/22/2013,1.2599
5/23/2013,1.2486
5/24/2013,1.2466
5/27/2013,1.2452
5/28/2013,1.2533
5/29/2013,1.248
5/30/2013,1.2487
5/31/2013,1.2406
6/3/2013,1.2456
6/4/2013,1.2397
6/5/2013,1.2371
6/6/2013,1.2357
6/7/2013,1.2273
6/10/2013,1.2395
6/11/2013,1.2305
6/12/2013,1.2323
6/13/2013,1.229
6/14/2013,1.2322
6/17/2013,1.2308
6/18/2013,1.2315
6/19/2013,1.2326
6/20/2013,1.2319
6/21/2013,1.2257
6/24/2013,1.2241
6/25/2013,1.2268
6/26/2013,1.2262
6/27/2013,1.2326
6/28/2013,1.2338
7/1/2013,1.234
7/2/2013,1.2354
7/3/2013,1.2285
7/4/2013,1.2328
7/5/2013,1.2348
7/8/2013,1.2404
7/9/2013,1.2452
7/10/2013,1.244
7/11/2013,1.2414
7/12/2013,1.2388
7/15/2013,1.2394
7/16/2013,1.2371
7/17/2013,1.234
7/18/2013,1.237
7/19/2013,1.2361
7/22/2013,1.237
7/23/2013,1.2387
7/24/2013,1.2388
7/25/2013,1.2365
7/26/2013,1.2334
7/29/2013,1.233
7/30/2013,1.2335
7/31/2013,1.2317
8/1/2013,1.2317
8/2/2013,1.2383
8/5/2013,1.2352
8/6/2013,1.2313
8/7/2013,1.2321
8/8/2013,1.2307
8/9/2013,1.231
8/12/2013,1.2327
8/13/2013,1.2358
8/14/2013,1.2415
8/15/2013,1.2427
8/16/2013,1.2354
8/19/2013,1.2352
8/20/2013,1.2323
8/21/2013,1.231
8/22/2013,1.2349
8/23/2013,1.2358
8/26/2013,1.2352
8/27/2013,1.2293
8/28/2013,1.229
8/29/2013,1.2308
8/30/2013,1.231
9/2/2013,1.2317
9/3/2013,1.2325
9/4/2013,1.2345
9/5/2013,1.239
9/6/2013,1.2382
9/9/2013,1.235
9/10/2013,1.2392
9/11/2013,1.2395
9/12/2013,1.2368
9/13/2013,1.2376
9/16/2013,1.2374
9/17/2013,1.2375
9/18/2013,1.237
9/19/2013,1.2333
9/20/2013,1.233
9/23/2013,1.2323
9/24/2013,1.2295
9/25/2013,1.2304
9/26/2013,1.2288
9/27/2013,1.2248
9/30/2013,1.2225
10/1/2013,1.2253
10/2/2013,1.2241
10/3/2013,1.2276
10/4/2013,1.2271
10/7/2013,1.2262
10/8/2013,1.2284
10/9/2013,1.2313
10/10/2013,1.2311
10/11/2013,1.2314
10/14/2013,1.2334
10/15/2013,1.2361
10/16/2013,1.2341
10/17/2013,1.2327
10/18/2013,1.2343
10/21/2013,1.2352
10/22/2013,1.2355
10/23/2013,1.2307
10/24/2013,1.2303
10/25/2013,1.2348
10/28/2013,1.2343
10/29/2013,1.2358
10/30/2013,1.2347
10/31/2013,1.2333
11/1/2013,1.231
11/4/2013,1.2321
11/5/2013,1.2297
11/6/2013,1.2321
11/7/2013,1.2298
11/8/2013,1.2302
11/11/2013,1.2328
11/12/2013,1.2328
11/13/2013,1.2316
11/14/2013,1.2332
11/15/2013,1.2346
11/18/2013,1.2321
11/19/2013,1.2333
11/20/2013,1.2323
11/21/2013,1.2318
11/22/2013,1.2302
11/25/2013,1.2311
11/26/2013,1.2312
11/27/2013,1.2305
11/28/2013,1.2323
11/29/2013,1.2298
12/2/2013,1.2321
12/3/2013,1.2287
12/4/2013,1.2268
12/5/2013,1.2262
12/6/2013,1.2231
12/9/2013,1.2231
12/10/2013,1.2214
12/11/2013,1.2219
12/12/2013,1.2211
12/13/2013,1.2226
12/16/2013,1.2212
12/17/2013,1.2206
12/18/2013,1.2211
12/19/2013,1.2261
12/20/2013,1.2263
12/23/2013,1.2257
12/24/2013,1.2243
12/27/2013,1.2234
12/30/2013,1.2259
12/31/2013,1.2276
1/2/2014,1.2307
1/3/2014,1.2309
1/6/2014,1.2319
1/7/2014,1.2367
1/8/2014,1.2383
1/9/2014,1.2368
1/10/2014,1.2342
1/13/2014,1.2342
1/14/2014,1.2334
1/15/2014,1.2354
1/16/2014,1.235
1/17/2014,1.2332
1/20/2014,1.2337
1/21/2014,1.2357
1/22/2014,1.2345
1/23/2014,1.2317
1/24/2014,1.2256
1/27/2014,1.2267
1/28/2014,1.2278
1/29/2014,1.2255
1/30/2014,1.2233
1/31/2014,1.222
2/3/2014,1.2226
2/4/2014,1.2215
2/5/2014,1.2222
2/6/2014,1.2224
2/7/2014,1.2237
2/10/2014,1.2234
2/11/2014,1.2235
2/12/2014,1.2249
2/13/2014,1.2216
2/14/2014,1.2221
2/17/2014,1.2221
2/18/2014,1.2221
2/19/2014,1.2214
2/20/2014,1.2203
2/21/2014,1.2195
2/24/2014,1.2209
2/25/2014,1.2193
2/26/2014,1.2198
2/27/2014,1.2161
2/28/2014,1.2153
3/3/2014,1.2129
3/4/2014,1.2172
3/5/2014,1.2186
3/6/2014,1.219
3/7/2014,1.2191
3/10/2014,1.2192
3/11/2014,1.2175
3/12/2014,1.2159
3/13/2014,1.216
3/14/2014,1.2124
3/17/2014,1.2154
3/18/2014,1.2162
3/19/2014,1.2167
3/20/2014,1.219
3/21/2014,1.2182
3/24/2014,1.2197
3/25/2014,1.2197
3/26/2014,1.2216
3/27/2014,1.2187
3/28/2014,1.2186
3/31/2014,1.2194
4/1/2014,1.2178
4/2/2014,1.219
4/3/2014,1.2209
4/4/2014,1.2235
4/7/2014,1.2202
4/8/2014,1.22
4/9/2014,1.2184
4/10/2014,1.218
4/11/2014,1.2161
4/14/2014,1.2154
4/15/2014,1.2162
4/16/2014,1.2169
4/17/2014,1.2175
4/22/2014,1.2214
4/23/2014,1.2198
4/24/2014,1.2203
4/25/2014,1.2194
4/28/2014,1.2181
4/29/2014,1.22
4/30/2014,1.22
5/2/2014,1.2189
5/5/2014,1.2174
5/6/2014,1.2169
5/7/2014,1.2186
5/8/2014,1.2178
5/9/2014,1.2186
5/12/2014,1.2211
5/13/2014,1.2201
5/14/2014,1.2199
5/15/2014,1.2227
5/16/2014,1.221
5/19/2014,1.2228
5/20/2014,1.2223
5/21/2014,1.2216
5/22/2014,1.2215
5/23/2014,1.221
5/26/2014,1.221
5/27/2014,1.2221
5/28/2014,1.2225
5/29/2014,1.221
5/30/2014,1.2204
6/2/2014,1.2214
6/3/2014,1.2216
6/4/2014,1.2204
6/5/2014,1.22
6/6/2014,1.2185
6/9/2014,1.2193
6/10/2014,1.2188
6/11/2014,1.2179
6/12/2014,1.2174
6/13/2014,1.2178
6/16/2014,1.2176
6/17/2014,1.2188
6/18/2014,1.218
6/19/2014,1.217
6/20/2014,1.2169
6/23/2014,1.2167
6/24/2014,1.2173
6/25/2014,1.2168
6/26/2014,1.2164
6/27/2014,1.2162
6/30/2014,1.2156
7/1/2014,1.2138
7/2/2014,1.2137
7/3/2014,1.2147
7/4/2014,1.216
7/7/2014,1.2155
7/8/2014,1.2155
7/9/2014,1.2158
7/10/2014,1.2143
7/11/2014,1.2143
7/14/2014,1.2139
7/15/2014,1.2142
7/16/2014,1.2156
7/17/2014,1.2147
7/18/2014,1.2144
7/21/2014,1.2144
7/22/2014,1.2151
7/23/2014,1.215
7/24/2014,1.2152
7/25/2014,1.2152
7/28/2014,1.215
7/29/2014,1.2152
7/30/2014,1.2165
7/31/2014,1.2169
8/1/2014,1.2163
8/4/2014,1.2167
8/5/2014,1.2175
8/6/2014,1.2152
8/7/2014,1.215
8/8/2014,1.2137
8/11/2014,1.2134
8/12/2014,1.2138
8/13/2014,1.2135
8/14/2014,1.2124
8/15/2014,1.2114
8/18/2014,1.2107
8/19/2014,1.2104
8/20/2014,1.2106
8/21/2014,1.2109
8/22/2014,1.21
8/25/2014,1.2087
8/26/2014,1.2086
8/27/2014,1.2068
8/28/2014,1.206
8/29/2014,1.2061
9/1/2014,1.2072
9/2/2014,1.2072
9/3/2014,1.2078
9/4/2014,1.2055
9/5/2014,1.2064
9/8/2014,1.2069
9/9/2014,1.206
9/10/2014,1.2072
9/11/2014,1.21
9/12/2014,1.2089
9/15/2014,1.2099
9/16/2014,1.2085
9/17/2014,1.2101
9/18/2014,1.2086
9/19/2014,1.2067
9/22/2014,1.2069
9/23/2014,1.2069
9/24/2014,1.2077
9/25/2014,1.2076
9/26/2014,1.2071
9/29/2014,1.2071
9/30/2014,1.2063
10/1/2014,1.2072
10/2/2014,1.2085
10/3/2014,1.2089
10/6/2014,1.212
10/7/2014,1.2115
10/8/2014,1.2132
10/9/2014,1.2107
10/10/2014,1.2092
10/13/2014,1.2077
10/14/2014,1.2079
10/15/2014,1.2072
10/16/2014,1.2061
10/17/2014,1.2074
10/20/2014,1.2064
10/21/2014,1.2068
10/22/2014,1.2062
10/23/2014,1.2067
10/24/2014,1.206
10/27/2014,1.206
10/28/2014,1.2056
10/29/2014,1.2059
10/30/2014,1.2059
10/31/2014,1.2067
11/3/2014,1.2054
11/4/2014,1.2055
11/5/2014,1.2043
11/6/2014,1.2045
11/7/2014,1.204
11/10/2014,1.2028
11/11/2014,1.2024
11/12/2014,1.2023
11/13/2014,1.2018
11/14/2014,1.2015
11/17/2014,1.2013
11/18/2014,1.2013
11/19/2014,1.2014
11/20/2014,1.2014
11/21/2014,1.2024
11/24/2014,1.2027
11/25/2014,1.203
11/26/2014,1.2026
11/27/2014,1.2022
11/28/2014,1.2018
12/1/2014,1.2028
12/2/2014,1.204
12/3/2014,1.2032
12/4/2014,1.2035
12/5/2014,1.2021
12/8/2014,1.2023
12/9/2014,1.2021
12/10/2014,1.2024
12/11/2014,1.2012
12/12/2014,1.201
12/15/2014,1.2011
12/16/2014,1.2009
12/17/2014,1.201
12/18/2014,1.2052
12/19/2014,1.2039
12/22/2014,1.2035
12/23/2014,1.2032
12/24/2014,1.2025
12/29/2014,1.2028
12/30/2014,1.2028
12/31/2014,1.2024
1/2/2015,1.2022
1/5/2015,1.2016
1/6/2015,1.2014
1/7/2015,1.2011
1/8/2015,1.201
1/9/2015,1.201
1/12/2015,1.201
1/13/2015,1.201
1/14/2015,1.201
1/15/2015,1.028
1/16/2015,1.0128
1/19/2015,1.012
1/20/2015,1.0087
1/21/2015,0.9997
1/22/2015,0.9943
1/23/2015,0.9816
1/26/2015,1.0014
1/27/2015,1.017
1/28/2015,1.0242
1/29/2015,1.0372
1/30/2015,1.0468
2/2/2015,1.0519
2/3/2015,1.0526
2/4/2015,1.0602
2/5/2015,1.0587
2/6/2015,1.0534
2/9/2015,1.0428
2/10/2015,1.0457
2/11/2015,1.0465
2/12/2015,1.0559
2/13/2015,1.0576
2/16/2015,1.0626
2/17/2015,1.0631
2/18/2015,1.0707
2/19/2015,1.0796
2/20/2015,1.0718
2/23/2015,1.0727
2/24/2015,1.0755
2/25/2015,1.0773
2/26/2015,1.0745
2/27/2015,1.0636
3/2/2015,1.0724
3/3/2015,1.0736
3/4/2015,1.0694
3/5/2015,1.0697
3/6/2015,1.07
3/9/2015,1.0691
3/10/2015,1.0703
3/11/2015,1.0655
3/12/2015,1.0636
3/13/2015,1.0648
3/16/2015,1.0615
3/17/2015,1.066
3/18/2015,1.0627
3/19/2015,1.0595
3/20/2015,1.0552
3/23/2015,1.0561
3/24/2015,1.0491
3/25/2015,1.0517
3/26/2015,1.0498
3/27/2015,1.0476
3/30/2015,1.0439
3/31/2015,1.0463
4/1/2015,1.0426
4/2/2015,1.04
4/7/2015,1.0438
4/8/2015,1.0438
4/9/2015,1.0447
4/10/2015,1.039
4/13/2015,1.0373
4/14/2015,1.0344
4/15/2015,1.0321
4/16/2015,1.0327
4/17/2015,1.0297
4/20/2015,1.0283
4/21/2015,1.0252
4/22/2015,1.0323
4/23/2015,1.0383
4/24/2015,1.0338
4/27/2015,1.0367
4/28/2015,1.0464
4/29/2015,1.0491
4/30/2015,1.0486
