Date,ISK
1/4/1999,81.48
1/5/1999,81.53
1/6/1999,81.54
1/7/1999,81.06
1/8/1999,80.99
1/11/1999,80.55
1/12/1999,80.59
1/13/1999,81.24
1/14/1999,80.93
1/15/1999,80.7
1/18/1999,80.62
1/19/1999,80.52
1/20/1999,80.49
1/21/1999,80.32
1/22/1999,80.44
1/25/1999,80.27
1/26/1999,80.04
1/27/1999,79.88
1/28/1999,79.68
1/29/1999,79.59
2/1/1999,79.66
2/2/1999,79.5
2/3/1999,79.6
2/4/1999,79.32
2/5/1999,79.44
2/8/1999,79.35
2/9/1999,79.58
2/10/1999,79.65
2/11/1999,79.7
2/12/1999,79.61
2/15/1999,79.51
2/16/1999,79.68
2/17/1999,79.92
2/18/1999,79.93
2/19/1999,79.75
2/22/1999,79.57
2/23/1999,79.36
2/24/1999,79.54
2/25/1999,79.49
2/26/1999,79.55
3/1/1999,79.16
3/2/1999,78.93
3/3/1999,78.87
3/4/1999,78.96
3/5/1999,78.77
3/8/1999,78.8
3/9/1999,78.69
3/10/1999,78.76
3/11/1999,78.35
3/12/1999,78.59
3/15/1999,78.65
3/16/1999,78.45
3/17/1999,78.77
3/18/1999,78.82
3/19/1999,78.48
3/22/1999,78.31
3/23/1999,78.52
3/24/1999,78.61
3/25/1999,78.48
3/26/1999,78.22
3/29/1999,77.89
3/30/1999,77.98
3/31/1999,78.1
4/1/1999,78.31
4/2/1999,78.33
4/5/1999,78.28
4/6/1999,78.38
4/7/1999,78.96
4/8/1999,78.94
4/9/1999,78.74
4/12/1999,79.08
4/13/1999,78.71
4/14/1999,78.57
4/15/1999,78.45
4/16/1999,77.97
4/19/1999,77.78
4/20/1999,77.78
4/21/1999,77.7
4/22/1999,77.79
4/23/1999,77.92
4/26/1999,77.87
4/27/1999,77.99
4/28/1999,77.94
4/29/1999,77.89
4/30/1999,77.93
5/3/1999,78.18
5/4/1999,78.31
5/5/1999,78.59
5/6/1999,79.03
5/7/1999,79.03
5/10/1999,78.95
5/11/1999,79.05
5/12/1999,78.63
5/13/1999,78.6
5/14/1999,78.57
5/17/1999,78.39
5/18/1999,78.4
5/19/1999,78.17
5/20/1999,78.33
5/21/1999,78.06
5/24/1999,78.21
5/25/1999,78.37
5/26/1999,78.09
5/27/1999,78.1
5/28/1999,77.98
5/31/1999,77.89
6/1/1999,77.79
6/2/1999,77.46
6/3/1999,77.44
6/4/1999,77.16
6/7/1999,77.19
6/8/1999,77.31
6/9/1999,77.54
6/10/1999,77.55
6/11/1999,77.38
6/14/1999,77.46
6/15/1999,77.45
6/16/1999,76.68
6/17/1999,76.53
6/18/1999,76.75
6/21/1999,77.27
6/22/1999,76.94
6/23/1999,76.7
6/24/1999,76.72
6/25/1999,77.26
6/28/1999,77.14
6/29/1999,76.87
6/30/1999,77.03
7/1/1999,76.64
7/2/1999,76.62
7/5/1999,76.58
7/6/1999,76.61
7/7/1999,76.66
7/8/1999,76.72
7/9/1999,76.87
7/12/1999,76.68
7/13/1999,76.8
7/14/1999,76.8
7/15/1999,76.75
7/16/1999,76.7
7/19/1999,76.47
7/20/1999,77.28
7/21/1999,77.67
7/22/1999,77.77
7/23/1999,77.49
7/26/1999,78.19
7/27/1999,77.9
7/28/1999,77.78
7/29/1999,78.12
7/30/1999,77.8
8/2/1999,77.63
8/3/1999,77.58
8/4/1999,77.94
8/5/1999,78.17
8/6/1999,78.05
8/9/1999,77.98
8/10/1999,78
8/11/1999,77.51
8/12/1999,77.57
8/13/1999,77.57
8/16/1999,77.02
8/17/1999,77.07
8/18/1999,76.92
8/19/1999,76.65
8/20/1999,76.65
8/23/1999,76.95
8/24/1999,76.75
8/25/1999,76.54
8/26/1999,76.92
8/27/1999,76.86
8/30/1999,76.82
8/31/1999,76.91
9/1/1999,76.98
9/2/1999,77.22
9/3/1999,77.26
9/6/1999,76.92
9/7/1999,76.9
9/8/1999,76.91
9/9/1999,76.73
9/10/1999,76.39
9/13/1999,75.72
9/14/1999,75.96
9/15/1999,75.96
9/16/1999,75.93
9/17/1999,76.06
9/20/1999,75.82
9/21/1999,75.51
9/22/1999,75.91
9/23/1999,75.61
9/24/1999,75.67
9/27/1999,75.59
9/28/1999,75.75
9/29/1999,76.06
9/30/1999,76.37
10/1/1999,76.42
10/4/1999,76.42
10/5/1999,76.2
10/6/1999,76.15
10/7/1999,76.13
10/8/1999,75.77
10/11/1999,75.62
10/12/1999,75.63
10/13/1999,76.43
10/14/1999,76.16
10/15/1999,76.36
10/18/1999,76.22
10/19/1999,76.02
10/20/1999,75.9
10/21/1999,75.94
10/22/1999,75.74
10/25/1999,75.51
10/26/1999,75.33
10/27/1999,75.01
10/28/1999,74.71
10/29/1999,74.46
11/1/1999,74.81
11/2/1999,74.72
11/3/1999,74.9
11/4/1999,74.67
11/5/1999,74.62
11/8/1999,74.71
11/9/1999,74.69
11/10/1999,74.41
11/11/1999,74.62
11/12/1999,74.22
11/15/1999,74.23
11/16/1999,74.31
11/17/1999,74.41
11/18/1999,74.2
11/19/1999,74.07
11/22/1999,74.01
11/23/1999,74.27
11/24/1999,74.03
11/25/1999,73.87
11/26/1999,73.5
11/29/1999,73.44
11/30/1999,73.55
12/1/1999,73.51
12/2/1999,73.6
12/3/1999,73.38
12/6/1999,73.86
12/7/1999,73.94
12/8/1999,73.77
12/9/1999,73.63
12/10/1999,73.57
12/13/1999,73.44
12/14/1999,73.2
12/15/1999,73.17
12/16/1999,73.53
12/17/1999,73.67
12/20/1999,73.25
12/21/1999,72.99
12/22/1999,72.82
12/23/1999,72.67
12/24/1999,73.04
12/27/1999,72.98
12/28/1999,72.62
12/29/1999,72.94
12/30/1999,72.83
1/3/2000,73.03
1/4/2000,73.92
1/5/2000,74.3
1/6/2000,74.75
1/7/2000,74.19
1/10/2000,74
1/11/2000,74.21
1/12/2000,73.9
1/13/2000,73.82
1/14/2000,73.69
1/17/2000,73.11
1/18/2000,73.12
1/19/2000,73.33
1/20/2000,73.09
1/21/2000,73
1/24/2000,72.9
1/25/2000,72.88
1/26/2000,72.97
1/27/2000,72.58
1/28/2000,72.24
1/31/2000,72.16
2/1/2000,71.65
2/2/2000,72.04
2/3/2000,72.14
2/4/2000,72.54
2/7/2000,72.56
2/8/2000,72.62
2/9/2000,72.79
2/10/2000,72.55
2/11/2000,72.24
2/14/2000,72.15
2/15/2000,71.27
2/16/2000,71.41
2/17/2000,71.71
2/18/2000,71.44
2/21/2000,71.63
2/22/2000,72.26
2/23/2000,72.33
2/24/2000,71.8
2/25/2000,71.59
2/28/2000,70.9
2/29/2000,71.2
3/1/2000,70.9
3/2/2000,71.15
3/3/2000,70.89
3/6/2000,71.19
3/7/2000,71.08
3/8/2000,70.98
3/9/2000,71.05
3/10/2000,70.89
3/13/2000,71.27
3/14/2000,71
3/15/2000,71.12
3/16/2000,71.18
3/17/2000,71.14
3/20/2000,71.39
3/21/2000,71.32
3/22/2000,71.2
3/23/2000,71.15
3/24/2000,71.29
3/27/2000,71.15
3/28/2000,70.94
3/29/2000,70.69
3/30/2000,70.43
3/31/2000,70.35
4/3/2000,70.28
4/4/2000,70.28
4/5/2000,70.75
4/6/2000,70.58
4/7/2000,70.48
4/10/2000,70.51
4/11/2000,70.63
4/12/2000,70.46
4/13/2000,70.15
4/14/2000,70.22
4/17/2000,70.35
4/18/2000,70.09
4/19/2000,69.95
4/20/2000,69.55
4/25/2000,69.31
4/26/2000,69.02
4/27/2000,68.98
4/28/2000,68.57
5/2/2000,69.02
5/3/2000,68.07
5/4/2000,68.37
5/5/2000,68.58
5/8/2000,68.92
5/9/2000,69.03
5/10/2000,69.42
5/11/2000,69.61
5/12/2000,69.22
5/15/2000,69.55
5/16/2000,69.33
5/17/2000,68.94
5/18/2000,69.02
5/19/2000,68.78
5/22/2000,69.21
5/23/2000,69.78
5/24/2000,69.83
5/25/2000,69.54
5/26/2000,70.1
5/29/2000,70.5
5/30/2000,70.73
5/31/2000,70.42
6/1/2000,70.49
6/2/2000,70.64
6/5/2000,70.94
6/6/2000,71.52
6/7/2000,71.99
6/8/2000,72.3
6/9/2000,71.9
6/12/2000,71.86
6/13/2000,72.19
6/14/2000,72.85
6/15/2000,72.72
6/16/2000,72.92
6/19/2000,72.87
6/20/2000,72.61
6/21/2000,72.42
6/22/2000,72.53
6/23/2000,73.5
6/26/2000,72.23
6/27/2000,72.69
6/28/2000,72.69
6/29/2000,72.85
6/30/2000,73.1
7/3/2000,72.93
7/4/2000,73.01
7/5/2000,73.26
7/6/2000,73.41
7/7/2000,73.1
7/10/2000,73.13
7/11/2000,73.21
7/12/2000,73.38
7/13/2000,74.29
7/14/2000,75.05
7/17/2000,74.47
7/18/2000,74.14
7/19/2000,73.39
7/20/2000,73.12
7/21/2000,73.6
7/24/2000,73.49
7/25/2000,73.67
7/26/2000,73.68
7/27/2000,73.03
7/28/2000,72.69
7/31/2000,72.67
8/1/2000,72.51
8/2/2000,71.93
8/3/2000,72.34
8/4/2000,72.79
8/7/2000,72.57
8/8/2000,72.71
8/9/2000,72.13
8/10/2000,72.2
8/11/2000,72.79
8/14/2000,72.24
8/15/2000,72.68
8/16/2000,72.49
8/17/2000,72.79
8/18/2000,72.88
8/21/2000,72.48
8/22/2000,72.07
8/23/2000,71.96
8/24/2000,72.43
8/25/2000,72.3
8/28/2000,72.32
8/29/2000,72.42
8/30/2000,72.24
8/31/2000,72.2
9/1/2000,72.06
9/4/2000,72.54
9/5/2000,72.21
9/6/2000,72.14
9/7/2000,71.83
9/8/2000,72.25
9/11/2000,71.77
9/12/2000,71.95
9/13/2000,72.22
9/14/2000,72.41
9/15/2000,72.2
9/18/2000,72.02
9/19/2000,72.38
9/20/2000,71.97
9/21/2000,71.97
9/22/2000,73.59
9/25/2000,73.07
9/26/2000,72.98
9/27/2000,73.12
9/28/2000,73.23
9/29/2000,72.92
10/2/2000,72.96
10/3/2000,73.05
10/4/2000,72.89
10/5/2000,73.25
10/6/2000,73.1
10/9/2000,73.1
10/10/2000,72.97
10/11/2000,73.11
10/12/2000,72.81
10/13/2000,72.73
10/16/2000,72.41
10/17/2000,72.54
10/18/2000,72.63
10/19/2000,72.31
10/20/2000,72.59
10/23/2000,72.08
10/24/2000,72.39
10/25/2000,72.36
10/26/2000,72.7
10/27/2000,73.4
10/30/2000,73.57
10/31/2000,73.3
11/1/2000,73.4
11/2/2000,73.65
11/3/2000,74.25
11/6/2000,74.06
11/7/2000,74.16
11/8/2000,74.45
11/9/2000,74.39
11/10/2000,75.04
11/13/2000,75.05
11/14/2000,74.93
11/15/2000,75.07
11/16/2000,75.29
11/17/2000,75.23
11/20/2000,75.14
11/21/2000,75.98
11/22/2000,75.71
11/23/2000,75.97
11/24/2000,74.76
11/27/2000,74.17
11/28/2000,75.33
11/29/2000,75.66
11/30/2000,75.84
12/1/2000,75.99
12/4/2000,76.67
12/5/2000,76.42
12/6/2000,76.72
12/7/2000,77.22
12/8/2000,77.1
12/11/2000,76.76
12/12/2000,76.42
12/13/2000,76.44
12/14/2000,76.88
12/15/2000,77.5
12/18/2000,77.34
12/19/2000,77.22
12/20/2000,77.7
12/21/2000,78.03
12/22/2000,78.16
12/27/2000,78.6
12/28/2000,78.68
12/29/2000,78.8
1/2/2001,79.75
1/3/2001,79.92
1/4/2001,79.8
1/5/2001,80.12
1/8/2001,79.97
1/9/2001,79.61
1/10/2001,79.67
1/11/2001,80.12
1/12/2001,80.21
1/15/2001,79.99
1/16/2001,80.02
1/17/2001,79.95
1/18/2001,80.11
1/19/2001,79.99
1/22/2001,79.74
1/23/2001,80.48
1/24/2001,79.79
1/25/2001,79.53
1/26/2001,79.48
1/29/2001,79.39
1/30/2001,79.36
1/31/2001,79.83
2/1/2001,80.2
2/2/2001,79.65
2/5/2001,79.53
2/6/2001,79.46
2/7/2001,79.56
2/8/2001,79.3
2/9/2001,79.16
2/12/2001,79.38
2/13/2001,79.4
2/14/2001,79.03
2/15/2001,78.79
2/16/2001,78.76
2/19/2001,79.34
2/20/2001,78.87
2/21/2001,79.16
2/22/2001,78.84
2/23/2001,78.91
2/26/2001,79.08
2/27/2001,79.35
2/28/2001,79.71
3/1/2001,79.76
3/2/2001,80.03
3/5/2001,79.83
3/6/2001,79.82
3/7/2001,80.02
3/8/2001,79.93
3/9/2001,80.12
3/12/2001,79.92
3/13/2001,79.77
3/14/2001,79.64
3/15/2001,79.4
3/16/2001,79.04
3/19/2001,79.16
3/20/2001,79.2
3/21/2001,79.09
3/22/2001,78.79
3/23/2001,79.02
3/26/2001,79.24
3/27/2001,80.43
3/28/2001,80.66
3/29/2001,80.19
3/30/2001,80.84
4/2/2001,80.84
4/3/2001,81.54
4/4/2001,82.96
4/5/2001,83.33
4/6/2001,83.01
4/9/2001,83.2
4/10/2001,82.85
4/11/2001,82.33
4/12/2001,82.36
4/17/2001,82.39
4/18/2001,82.6
4/19/2001,82.98
4/20/2001,83.89
4/23/2001,84.29
4/24/2001,84.36
4/25/2001,84.24
4/26/2001,84.6
4/27/2001,84.99
4/30/2001,85.8
5/2/2001,89.17
5/3/2001,91.09
5/4/2001,91.91
5/7/2001,90.53
5/8/2001,88.69
5/9/2001,86.21
5/10/2001,86.44
5/11/2001,86.54
5/14/2001,85.99
5/15/2001,87.41
5/16/2001,88.44
5/17/2001,88.02
5/18/2001,88.35
5/21/2001,87.9
5/22/2001,87.49
5/23/2001,86.97
5/24/2001,86.94
5/25/2001,87.16
5/28/2001,87.05
5/29/2001,88.24
5/30/2001,89.36
5/31/2001,88.81
6/1/2001,87.84
6/4/2001,87.9
6/5/2001,89.22
6/6/2001,89.01
6/7/2001,88.22
6/8/2001,88.53
6/11/2001,88.69
6/12/2001,88.79
6/13/2001,89.57
6/14/2001,89.65
6/15/2001,90.76
6/18/2001,90.49
6/19/2001,90.58
6/20/2001,91.6
6/21/2001,91.05
6/22/2001,89.81
6/25/2001,89.49
6/26/2001,88.93
6/27/2001,88.88
6/28/2001,88.71
6/29/2001,88.92
7/2/2001,87.76
7/3/2001,88.02
7/4/2001,88.19
7/5/2001,87.17
7/6/2001,86.66
7/9/2001,87.05
7/10/2001,87.45
7/11/2001,87.71
7/12/2001,88.07
7/13/2001,87.69
7/16/2001,87.93
7/17/2001,87.64
7/18/2001,88.1
7/19/2001,88.4
7/20/2001,88.54
7/23/2001,88.18
7/24/2001,88.43
7/25/2001,88.73
7/26/2001,88.35
7/27/2001,87.86
7/30/2001,87.87
7/31/2001,87.85
8/1/2001,86.84
8/2/2001,86.62
8/3/2001,86.55
8/6/2001,86.69
8/7/2001,86.54
8/8/2001,86.45
8/9/2001,86.95
8/10/2001,87.86
8/13/2001,88.18
8/14/2001,89.21
8/15/2001,89.63
8/16/2001,89.64
8/17/2001,89.04
8/20/2001,89.25
8/21/2001,89.7
8/22/2001,90.31
8/23/2001,89.84
8/24/2001,90.31
8/27/2001,90.21
8/28/2001,90.03
8/29/2001,90.21
8/30/2001,89.9
8/31/2001,90.15
9/3/2001,89.62
9/4/2001,89.28
9/5/2001,88.68
9/6/2001,88.8
9/7/2001,89.25
9/10/2001,89.95
9/11/2001,89.81
9/12/2001,90.16
9/13/2001,90.44
9/14/2001,90.86
9/17/2001,91.8
9/18/2001,92.09
9/19/2001,92.31
9/20/2001,92.56
9/21/2001,92.3
9/24/2001,92.72
9/25/2001,93.17
9/26/2001,93.23
9/27/2001,93.72
9/28/2001,92.39
10/1/2001,91.48
10/2/2001,92.54
10/3/2001,92.96
10/4/2001,92.62
10/5/2001,93.98
10/8/2001,94
10/9/2001,94.09
10/10/2001,93.59
10/11/2001,91.37
10/12/2001,90.76
10/15/2001,91.33
10/16/2001,91.83
10/17/2001,92.46
10/18/2001,92.73
10/19/2001,92.65
10/22/2001,92.48
10/23/2001,92.77
10/24/2001,93.35
10/25/2001,93.25
10/26/2001,93.16
10/29/2001,93.88
10/30/2001,94.12
10/31/2001,93.92
11/1/2001,94.92
11/2/2001,94.71
11/5/2001,94.61
11/6/2001,95.18
11/7/2001,94.98
11/8/2001,93.68
11/9/2001,93.47
11/12/2001,93.73
11/13/2001,94.85
11/14/2001,94.56
11/15/2001,94.1
11/16/2001,94.68
11/19/2001,94.79
11/20/2001,95.41
11/21/2001,96.32
11/22/2001,96.34
11/23/2001,97.11
11/26/2001,97.22
11/27/2001,96.93
11/28/2001,97.34
11/29/2001,96.88
11/30/2001,95.27
12/3/2001,95.11
12/4/2001,95.91
12/5/2001,97.15
12/6/2001,97.21
12/7/2001,96.91
12/10/2001,96.04
12/11/2001,94.36
12/12/2001,93.32
12/13/2001,93.84
12/14/2001,93.64
12/17/2001,92.39
12/18/2001,91.82
12/19/2001,90.35
12/20/2001,90.31
12/21/2001,90.88
12/24/2001,89.9
12/27/2001,89.95
12/28/2001,91.48
1/2/2002,92.19
1/3/2002,91.48
1/4/2002,91.5
1/7/2002,90.62
1/8/2002,91.26
1/9/2002,91.06
1/10/2002,90.88
1/11/2002,91.25
1/14/2002,91.58
1/15/2002,91.5
1/16/2002,90.87
1/17/2002,90.94
1/18/2002,90.5
1/21/2002,90.14
1/22/2002,90.31
1/23/2002,90.43
1/24/2002,90.15
1/25/2002,89.57
1/28/2002,89.33
1/29/2002,89.29
1/30/2002,89.4
1/31/2002,89.13
2/1/2002,88.65
2/4/2002,88.31
2/5/2002,88.51
2/6/2002,88.5
2/7/2002,88.63
2/8/2002,88.95
2/11/2002,88.93
2/12/2002,88.87
2/13/2002,88.18
2/14/2002,87.87
2/15/2002,87.92
2/18/2002,87.93
2/19/2002,87.47
2/20/2002,88.02
2/21/2002,87.91
2/22/2002,88.32
2/25/2002,87.82
2/26/2002,87.54
2/27/2002,87.31
2/28/2002,86.97
3/1/2002,87.01
3/4/2002,86.71
3/5/2002,87.25
3/6/2002,88.12
3/7/2002,88.69
3/8/2002,88.17
3/11/2002,87.66
3/12/2002,88.14
3/13/2002,88.11
3/14/2002,88.24
3/15/2002,88.43
3/18/2002,88.21
3/19/2002,89.03
3/20/2002,88.62
3/21/2002,88.83
3/22/2002,87.93
3/25/2002,87.86
3/26/2002,87.86
3/27/2002,87.37
3/28/2002,87.23
4/2/2002,87.46
4/3/2002,87.42
4/4/2002,87.53
4/5/2002,87.36
4/8/2002,87.17
4/9/2002,86.59
4/10/2002,86.73
4/11/2002,86.6
4/12/2002,86.26
4/15/2002,85.7
4/16/2002,85.76
4/17/2002,86.34
4/18/2002,86.4
4/19/2002,85.78
4/22/2002,85.64
4/23/2002,85.43
4/24/2002,84.05
4/25/2002,84.45
4/26/2002,83.83
4/29/2002,84.72
4/30/2002,84.44
5/2/2002,83.91
5/3/2002,83.85
5/6/2002,83.49
5/7/2002,82.74
5/8/2002,83.62
5/9/2002,83.46
5/10/2002,83.31
5/13/2002,83.24
5/14/2002,83.14
5/15/2002,82.77
5/16/2002,83.41
5/17/2002,84.03
5/20/2002,84.27
5/21/2002,84.53
5/22/2002,85.71
5/23/2002,85.46
5/24/2002,84.9
5/27/2002,84.82
5/28/2002,85.51
5/29/2002,85.7
5/30/2002,86.05
5/31/2002,85.77
6/3/2002,85.24
6/4/2002,85.38
6/5/2002,85.02
6/6/2002,84.68
6/7/2002,84.81
6/10/2002,84.92
6/11/2002,84.7
6/12/2002,84.93
6/13/2002,84.64
6/14/2002,84.85
6/17/2002,84.4
6/18/2002,84.62
6/19/2002,85.37
6/20/2002,85.3
6/21/2002,85.41
6/24/2002,86.21
6/25/2002,85.89
6/26/2002,87.07
6/27/2002,86.07
6/28/2002,86.18
7/1/2002,85.89
7/2/2002,85.43
7/3/2002,84.66
7/4/2002,84.76
7/5/2002,84.57
7/8/2002,84.96
7/9/2002,85.37
7/10/2002,85.18
7/11/2002,85.17
7/12/2002,85.18
7/15/2002,85.24
7/16/2002,84.98
7/17/2002,84.19
7/18/2002,84.27
7/19/2002,84.65
7/22/2002,85.4
7/23/2002,85.39
7/24/2002,84.72
7/25/2002,85.39
7/26/2002,85.33
7/29/2002,83.77
7/30/2002,84.07
7/31/2002,83.58
8/1/2002,82.9
8/2/2002,84.12
8/5/2002,84.01
8/6/2002,83.14
8/7/2002,83.1
8/8/2002,83.24
8/9/2002,83.24
8/12/2002,83.77
8/13/2002,84.38
8/14/2002,84.81
8/15/2002,83.94
8/16/2002,84.09
8/19/2002,83.79
8/20/2002,83.83
8/21/2002,83.66
8/22/2002,83.98
8/23/2002,83.97
8/26/2002,84.98
8/27/2002,85.4
8/28/2002,85.43
8/29/2002,86.54
8/30/2002,86.42
9/2/2002,86.81
9/3/2002,87.36
9/4/2002,87.77
9/5/2002,86.85
9/6/2002,86.31
9/9/2002,85.66
9/10/2002,84.8
9/11/2002,84.59
9/12/2002,84.65
9/13/2002,84.97
9/16/2002,84.86
9/17/2002,85.25
9/18/2002,86.27
9/19/2002,86.4
9/20/2002,86.38
9/23/2002,86.08
9/24/2002,85.17
9/25/2002,85.37
9/26/2002,85.82
9/27/2002,85.27
9/30/2002,85.48
10/1/2002,85.04
10/2/2002,84.89
10/3/2002,85.13
10/4/2002,85.32
10/7/2002,85.36
10/8/2002,85.66
10/9/2002,85.78
10/10/2002,86.39
10/11/2002,86.11
10/14/2002,86.16
10/15/2002,86.14
10/16/2002,86.53
10/17/2002,86.46
10/18/2002,86.59
10/21/2002,85.98
10/22/2002,86.45
10/23/2002,86.69
10/24/2002,86.49
10/25/2002,86.79
10/28/2002,86.29
10/29/2002,86.71
10/30/2002,86.34
10/31/2002,86.49
11/1/2002,86.48
11/4/2002,86.54
11/5/2002,87.14
11/6/2002,86.77
11/7/2002,87.17
11/8/2002,86.93
11/11/2002,86.62
11/12/2002,86.1
11/13/2002,85.96
11/14/2002,86.04
11/15/2002,85.9
11/18/2002,85.82
11/19/2002,85.89
11/20/2002,85.92
11/21/2002,86.26
11/22/2002,86.26
11/25/2002,85.71
11/26/2002,85.65
11/27/2002,85.68
11/28/2002,85.44
11/29/2002,85.43
12/2/2002,84.95
12/3/2002,85.2
12/4/2002,85.1
12/5/2002,85.07
12/6/2002,85.31
12/9/2002,85.22
12/10/2002,85.41
12/11/2002,85.28
12/12/2002,84.57
12/13/2002,84.92
12/16/2002,84.86
12/17/2002,85.02
12/18/2002,84.57
12/19/2002,85.18
12/20/2002,84.76
12/23/2002,84.51
12/24/2002,84.69
12/27/2002,84.8
12/30/2002,84.24
12/31/2002,84.74
1/2/2003,84.64
1/3/2003,84.32
1/6/2003,84.78
1/7/2003,84.09
1/8/2003,84.44
1/9/2003,84.92
1/10/2003,84.62
1/13/2003,84.08
1/14/2003,84.09
1/15/2003,84.24
1/16/2003,84.04
1/17/2003,84.13
1/20/2003,84.4
1/21/2003,84.63
1/22/2003,84.96
1/23/2003,84.92
1/24/2003,84.78
1/27/2003,85.08
1/28/2003,84.82
1/29/2003,84.86
1/30/2003,83.58
1/31/2003,83.54
2/3/2003,82.92
2/4/2003,83.31
2/5/2003,82.63
2/6/2003,82.87
2/7/2003,82.46
2/10/2003,83.48
2/11/2003,82.85
2/12/2003,83.06
2/13/2003,83.38
2/14/2003,83.58
2/17/2003,83.94
2/18/2003,84.93
2/19/2003,84.86
2/20/2003,84.37
2/21/2003,84.56
2/24/2003,84.19
2/25/2003,84.45
2/26/2003,84.09
2/27/2003,84.17
2/28/2003,83.9
3/3/2003,83.72
3/4/2003,84.07
3/5/2003,84.45
3/6/2003,84.11
3/7/2003,84.58
3/10/2003,84.79
3/11/2003,85.11
3/12/2003,85.3
3/13/2003,84.14
3/14/2003,84.14
3/17/2003,84.45
3/18/2003,84.28
3/19/2003,84.49
3/20/2003,84.72
3/21/2003,85.04
3/24/2003,84.55
3/25/2003,83.7
3/26/2003,83.99
3/27/2003,84.18
3/28/2003,83.04
3/31/2003,83.58
4/1/2003,84.07
4/2/2003,83.73
4/3/2003,83.28
4/4/2003,83.82
4/7/2003,83.77
4/8/2003,83.7
4/9/2003,83.55
4/10/2003,83.92
4/11/2003,83.24
4/14/2003,83.28
4/15/2003,83.06
4/16/2003,82.98
4/17/2003,82.86
4/22/2003,83.17
4/23/2003,83.08
4/24/2003,83.33
4/25/2003,83.24
4/28/2003,82.85
4/29/2003,83.04
4/30/2003,83.61
5/2/2003,83.55
5/5/2003,83.59
5/6/2003,83.66
5/7/2003,83.74
5/8/2003,84.23
5/9/2003,84.44
5/12/2003,84.2
5/13/2003,84.02
5/14/2003,83.89
5/15/2003,83.78
5/16/2003,83.83
5/19/2003,85.29
5/20/2003,85.76
5/21/2003,85.44
5/22/2003,84.76
5/23/2003,84.04
5/26/2003,84.79
5/27/2003,85.27
5/28/2003,85.08
5/29/2003,85.03
5/30/2003,84.77
6/2/2003,84.45
6/3/2003,85.13
6/4/2003,85.51
6/5/2003,85.5
6/6/2003,85.77
6/9/2003,85.64
6/10/2003,85.65
6/11/2003,86.12
6/12/2003,86.17
6/13/2003,86.62
6/16/2003,86.7
6/17/2003,86.42
6/18/2003,85.92
6/19/2003,85.59
6/20/2003,86.21
6/23/2003,86.65
6/24/2003,87.33
6/25/2003,87.92
6/26/2003,87.27
6/27/2003,87.02
6/30/2003,87.61
7/1/2003,88.08
7/2/2003,88.15
7/3/2003,87.44
7/4/2003,87.61
7/7/2003,87.3
7/8/2003,87.97
7/9/2003,87.86
7/10/2003,87.55
7/11/2003,87.12
7/14/2003,87.27
7/15/2003,87.43
7/16/2003,87.02
7/17/2003,87.24
7/18/2003,87.35
7/21/2003,87.76
7/22/2003,88.02
7/23/2003,87.98
7/24/2003,88.25
7/25/2003,88.17
7/28/2003,87.71
7/29/2003,87.62
7/30/2003,87.58
7/31/2003,87.69
8/1/2003,87.4
8/4/2003,87.9
8/5/2003,87.95
8/6/2003,88.21
8/7/2003,88.21
8/8/2003,88.63
8/11/2003,88.74
8/12/2003,90
8/13/2003,90.31
8/14/2003,89.42
8/15/2003,89.75
8/18/2003,89.2
8/19/2003,88.85
8/20/2003,89.17
8/21/2003,89.13
8/22/2003,89.12
8/25/2003,89.45
8/26/2003,88.89
8/27/2003,89.16
8/28/2003,87
8/29/2003,88.01
9/1/2003,88.16
9/2/2003,88.68
9/3/2003,88.42
9/4/2003,87.97
9/5/2003,88.3
9/8/2003,89.15
9/9/2003,89.75
9/10/2003,89.71
9/11/2003,89.18
9/12/2003,88.34
9/15/2003,89.03
9/16/2003,89.02
9/17/2003,89.17
9/18/2003,88.88
9/19/2003,88.54
9/22/2003,88.96
9/23/2003,88.44
9/24/2003,88.73
9/25/2003,89.32
9/26/2003,88.71
9/29/2003,88.33
9/30/2003,89.08
10/1/2003,89.07
10/2/2003,88.86
10/3/2003,89.26
10/6/2003,88.84
10/7/2003,89.6
10/8/2003,89.73
10/9/2003,89.79
10/10/2003,89.17
10/13/2003,88.82
10/14/2003,88.87
10/15/2003,88.87
10/16/2003,89
10/17/2003,89.11
10/20/2003,89.17
10/21/2003,89.07
10/22/2003,89.04
10/23/2003,89.64
10/24/2003,89.47
10/27/2003,89.6
10/28/2003,89.19
10/29/2003,88.99
10/30/2003,88.97
10/31/2003,88.79
11/3/2003,88.23
11/4/2003,87.57
11/5/2003,87.42
11/6/2003,87.25
11/7/2003,87.81
11/10/2003,87.98
11/11/2003,88.31
11/12/2003,88.37
11/13/2003,88.56
11/14/2003,88.92
11/17/2003,89.09
11/18/2003,89.16
11/19/2003,89.74
11/20/2003,89.05
11/21/2003,88.92
11/24/2003,88.99
11/25/2003,88.94
11/26/2003,89.24
11/27/2003,89.25
11/28/2003,89.29
12/1/2003,89.59
12/2/2003,89.4
12/3/2003,89.35
12/4/2003,89.47
12/5/2003,89.32
12/8/2003,89.9
12/9/2003,89.82
12/10/2003,89.85
12/11/2003,89.74
12/12/2003,89.73
12/15/2003,89.63
12/16/2003,90.19
12/17/2003,89.84
12/18/2003,90.01
12/19/2003,90
12/22/2003,89.58
12/23/2003,89.64
12/24/2003,89.66
12/29/2003,89.5
12/30/2003,89.63
12/31/2003,89.46
1/2/2004,89.36
1/5/2004,89.02
1/6/2004,88.9
1/7/2004,88.73
1/8/2004,88.75
1/9/2004,88.87
1/12/2004,88.94
1/13/2004,88.96
1/14/2004,88.49
1/15/2004,88.23
1/16/2004,87.37
1/19/2004,86.19
1/20/2004,86.58
1/21/2004,86.95
1/22/2004,86.84
1/23/2004,86.38
1/26/2004,86.57
1/27/2004,86.72
1/28/2004,86.78
1/29/2004,86.78
1/30/2004,86.13
2/2/2004,86.42
2/3/2004,86.67
2/4/2004,86.45
2/5/2004,86.25
2/6/2004,86.25
2/9/2004,86.75
2/10/2004,87.05
2/11/2004,86.87
2/12/2004,86.89
2/13/2004,86.84
2/16/2004,86.95
2/17/2004,86.75
2/18/2004,86.62
2/19/2004,86.56
2/20/2004,86.71
2/23/2004,86.71
2/24/2004,86.75
2/25/2004,87.18
2/26/2004,86.85
2/27/2004,86.78
3/1/2004,86.8
3/2/2004,87.24
3/3/2004,86.89
3/4/2004,86.88
3/5/2004,87.21
3/8/2004,87.05
3/9/2004,86.62
3/10/2004,86.56
3/11/2004,86.55
3/12/2004,86.72
3/15/2004,86.6
3/16/2004,86.6
3/17/2004,86.69
3/18/2004,86.97
3/19/2004,87.24
3/22/2004,87.6
3/23/2004,88.46
3/24/2004,87.99
3/25/2004,87.52
3/26/2004,87.51
3/29/2004,87.92
3/30/2004,88.45
3/31/2004,88.27
4/1/2004,88.44
4/2/2004,88.11
4/5/2004,87.56
4/6/2004,87.61
4/7/2004,87.53
4/8/2004,87.5
4/13/2004,87.18
4/14/2004,87.58
4/15/2004,87.75
4/16/2004,87.3
4/19/2004,87.56
4/20/2004,87.1
4/21/2004,87.21
4/22/2004,87.38
4/23/2004,87.41
4/26/2004,87.3
4/27/2004,87.32
4/28/2004,87.71
4/29/2004,87.99
4/30/2004,88.16
5/3/2004,88.11
5/4/2004,88.36
5/5/2004,89.18
5/6/2004,88.97
5/7/2004,88.26
5/10/2004,87.96
5/11/2004,87.97
5/12/2004,88.03
5/13/2004,87.9
5/14/2004,87.69
5/17/2004,88.12
5/18/2004,88.05
5/19/2004,88.04
5/20/2004,87.87
5/21/2004,87.97
5/24/2004,87.44
5/25/2004,87.69
5/26/2004,87.55
5/27/2004,87.28
5/28/2004,87.72
5/31/2004,87.22
6/1/2004,87.45
6/2/2004,87.64
6/3/2004,87.62
6/4/2004,87.31
6/7/2004,87.33
6/8/2004,87.36
6/9/2004,87.12
6/10/2004,87.12
6/11/2004,86.96
6/14/2004,87.1
6/15/2004,87.24
6/16/2004,87.28
6/17/2004,87.21
6/18/2004,87.26
6/21/2004,87.77
6/22/2004,87.91
6/23/2004,87.8
6/24/2004,88.02
6/25/2004,88.04
6/28/2004,88.1
6/29/2004,88.07
6/30/2004,88.33
7/1/2004,88.43
7/2/2004,88.3
7/5/2004,88.68
7/6/2004,88.47
7/7/2004,88.5
7/8/2004,88.16
7/9/2004,87.91
7/12/2004,88.27
7/13/2004,88.22
7/14/2004,88.09
7/15/2004,88.13
7/16/2004,88.03
7/19/2004,88.13
7/20/2004,88.02
7/21/2004,87.45
7/22/2004,87.14
7/23/2004,86.83
7/26/2004,86.89
7/27/2004,86.73
7/28/2004,86.42
7/29/2004,86.45
7/30/2004,86.36
8/2/2004,86.28
8/3/2004,86.3
8/4/2004,86.33
8/5/2004,86.5
8/6/2004,86.63
8/9/2004,87.04
8/10/2004,87.38
8/11/2004,87.3
8/12/2004,87.2
8/13/2004,86.62
8/16/2004,86.96
8/17/2004,87.42
8/18/2004,87.62
8/19/2004,87.58
8/20/2004,87.62
8/23/2004,87.45
8/24/2004,87.08
8/25/2004,87.33
8/26/2004,87.13
8/27/2004,87.22
8/30/2004,87.24
8/31/2004,87.6
9/1/2004,87.85
9/2/2004,88.06
9/3/2004,87.66
9/6/2004,87.74
9/7/2004,87.63
9/8/2004,87.41
9/9/2004,87.99
9/10/2004,88.12
9/13/2004,87.66
9/14/2004,87.69
9/15/2004,87.74
9/16/2004,87.48
9/17/2004,87.21
9/20/2004,87.23
9/21/2004,87.59
9/22/2004,87.52
9/23/2004,87.73
9/24/2004,87.62
9/27/2004,87.29
9/28/2004,87.53
9/29/2004,87.65
9/30/2004,87.85
10/1/2004,87.87
10/4/2004,87.64
10/5/2004,87.78
10/6/2004,87.52
10/7/2004,87.31
10/8/2004,87.48
10/11/2004,87.46
10/12/2004,87.25
10/13/2004,87.39
10/14/2004,87.25
10/15/2004,87.42
10/18/2004,87.12
10/19/2004,87.4
10/20/2004,87.62
10/21/2004,87.29
10/22/2004,87.16
10/25/2004,87.77
10/26/2004,88.14
10/27/2004,88.22
10/28/2004,88.12
10/29/2004,87.98
11/1/2004,87.87
11/2/2004,87.72
11/3/2004,87.79
11/4/2004,87.58
11/5/2004,87.13
11/8/2004,87.24
11/9/2004,87.25
11/10/2004,87.57
11/11/2004,87.64
11/12/2004,87.17
11/15/2004,86.79
11/16/2004,87.28
11/17/2004,86.83
11/18/2004,86.74
11/19/2004,86.88
11/22/2004,87.04
11/23/2004,87.06
11/24/2004,87.06
11/25/2004,87.04
11/26/2004,86.69
11/29/2004,86.47
11/30/2004,86.45
12/1/2004,86.22
12/2/2004,85.37
12/3/2004,83.65
12/6/2004,83.99
12/7/2004,83.38
12/8/2004,82.2
12/9/2004,83.69
12/10/2004,83.62
12/13/2004,83.8
12/14/2004,84.11
12/15/2004,84.74
12/16/2004,84.92
12/17/2004,84.09
12/20/2004,83.9
12/21/2004,83.75
12/22/2004,83.59
12/23/2004,83.82
12/24/2004,83.79
12/27/2004,83.78
12/28/2004,84
12/29/2004,84.09
12/30/2004,83.72
12/31/2004,83.6
1/3/2005,83.39
1/4/2005,83.39
1/5/2005,83.24
1/6/2005,83.15
1/7/2005,83.36
1/10/2005,82.99
1/11/2005,82.91
1/12/2005,82.7
1/13/2005,82.5
1/14/2005,82.17
1/17/2005,81.8
1/18/2005,81.42
1/19/2005,81.38
1/20/2005,81.13
1/21/2005,81.48
1/24/2005,81.63
1/25/2005,81.35
1/26/2005,81.3
1/27/2005,81.32
1/28/2005,80.77
1/31/2005,81.13
2/1/2005,80.47
2/2/2005,80.27
2/3/2005,80.63
2/4/2005,81.48
2/7/2005,80.98
2/8/2005,81.18
2/9/2005,80.92
2/10/2005,80.71
2/11/2005,80.94
2/14/2005,81.13
2/15/2005,81.08
2/16/2005,81.08
2/17/2005,81.12
2/18/2005,80.68
2/21/2005,79.9
2/22/2005,80.43
2/23/2005,80.48
2/24/2005,80.68
2/25/2005,80.24
2/28/2005,80.33
3/1/2005,80.25
3/2/2005,79.88
3/3/2005,79.88
3/4/2005,79.82
3/7/2005,79.8
3/8/2005,79.39
3/9/2005,79.14
3/10/2005,79.14
3/11/2005,79.27
3/14/2005,79.01
3/15/2005,78.58
3/16/2005,78.71
3/17/2005,78.24
3/18/2005,78.08
3/21/2005,77.49
3/22/2005,78.65
3/23/2005,79.77
3/24/2005,79.68
3/29/2005,79.43
3/30/2005,79.33
3/31/2005,78.64
4/1/2005,78.59
4/4/2005,78.43
4/5/2005,78.32
4/6/2005,78.76
4/7/2005,78.94
4/8/2005,78.72
4/11/2005,79.51
4/12/2005,80.47
4/13/2005,81.6
4/14/2005,81.17
4/15/2005,80.97
4/18/2005,81.78
4/19/2005,81.88
4/20/2005,81.62
4/21/2005,81.75
4/22/2005,81.46
4/25/2005,82.09
4/26/2005,82.46
4/27/2005,82.36
4/28/2005,82.3
4/29/2005,81.67
5/2/2005,81.2
5/3/2005,82.24
5/4/2005,82.95
5/5/2005,83.14
5/6/2005,83.07
5/9/2005,82.84
5/10/2005,83.21
5/11/2005,83.49
5/12/2005,84.29
5/13/2005,84.25
5/16/2005,84.25
5/17/2005,83.29
5/18/2005,82.94
5/19/2005,82.13
5/20/2005,81.96
5/23/2005,81.93
5/24/2005,81.03
5/25/2005,81.11
5/26/2005,81.02
5/27/2005,81.13
5/30/2005,80.56
5/31/2005,79.81
6/1/2005,79.14
6/2/2005,79.77
6/3/2005,80.66
6/6/2005,79.38
6/7/2005,78.56
6/8/2005,78.54
6/9/2005,78.73
6/10/2005,78.8
6/13/2005,79.14
6/14/2005,79.66
6/15/2005,79.79
6/16/2005,79.07
6/17/2005,79.31
6/20/2005,79.64
6/21/2005,79.71
6/22/2005,79.54
6/23/2005,79.85
6/24/2005,79.67
6/27/2005,78.94
6/28/2005,78.98
6/29/2005,78.99
6/30/2005,78.71
7/1/2005,78.76
7/4/2005,78.18
7/5/2005,78.47
7/6/2005,78.27
7/7/2005,78.57
7/8/2005,78.51
7/11/2005,78.76
7/12/2005,78.89
7/13/2005,78.94
7/14/2005,78.7
7/15/2005,78.54
7/18/2005,78.65
7/19/2005,78.27
7/20/2005,78.48
7/21/2005,78.43
7/22/2005,78.5
7/25/2005,78.04
7/26/2005,77.76
7/27/2005,77.51
7/28/2005,77.82
7/29/2005,78.32
8/1/2005,78.66
8/2/2005,78.36
8/3/2005,78.05
8/4/2005,78.14
8/5/2005,78.48
8/8/2005,78.86
8/9/2005,79.69
8/10/2005,79.47
8/11/2005,79.48
8/12/2005,79.02
8/15/2005,78.69
8/16/2005,78.7
8/17/2005,78.63
8/18/2005,78.18
8/19/2005,78.11
8/22/2005,78.01
8/23/2005,77.93
8/24/2005,78.14
8/25/2005,77.89
8/26/2005,78.06
8/29/2005,77.56
8/30/2005,77.4
8/31/2005,76.95
9/1/2005,76.98
9/2/2005,76.77
9/5/2005,76.99
9/6/2005,77.18
9/7/2005,77.21
9/8/2005,77.74
9/9/2005,77.97
9/12/2005,77.19
9/13/2005,76.48
9/14/2005,76.57
9/15/2005,76.1
9/16/2005,75.83
9/19/2005,75.4
9/20/2005,75.01
9/21/2005,75.08
9/22/2005,74.99
9/23/2005,75.2
9/26/2005,75.46
9/27/2005,75.49
9/28/2005,75.89
9/29/2005,75.72
9/30/2005,74.12
10/3/2005,73.53
10/4/2005,73.48
10/5/2005,73.22
10/6/2005,74.02
10/7/2005,74.8
10/10/2005,74.34
10/11/2005,73.71
10/12/2005,73.59
10/13/2005,73.84
10/14/2005,73.28
10/17/2005,73.35
10/18/2005,72.98
10/19/2005,72.85
10/20/2005,72.09
10/21/2005,72.25
10/24/2005,72.16
10/25/2005,72.43
10/26/2005,72.7
10/27/2005,73.25
10/28/2005,73.56
10/31/2005,73.69
11/1/2005,72.34
11/2/2005,71.67
11/3/2005,71.98
11/4/2005,72
11/7/2005,71.46
11/8/2005,71.89
11/9/2005,72.47
11/10/2005,72.74
11/11/2005,72.53
11/14/2005,72.85
11/15/2005,72.8
11/16/2005,72.48
11/17/2005,72.4
11/18/2005,72.48
11/21/2005,73.17
11/22/2005,73.82
11/23/2005,74.23
11/24/2005,74.37
11/25/2005,74.21
11/28/2005,74.45
11/29/2005,74.77
11/30/2005,74.39
12/1/2005,74.4
12/2/2005,74.73
12/5/2005,75.62
12/6/2005,76.26
12/7/2005,76.04
12/8/2005,76.08
12/9/2005,75.49
12/12/2005,75.32
12/13/2005,75.23
12/14/2005,74.82
12/15/2005,74.81
12/16/2005,74.67
12/19/2005,75.49
12/20/2005,75.61
12/21/2005,75.42
12/22/2005,75.72
12/23/2005,75.58
12/27/2005,75.45
12/28/2005,75.83
12/29/2005,75.34
12/30/2005,74.57
1/2/2006,74.64
1/3/2006,74.4
1/4/2006,74.72
1/5/2006,74.85
1/6/2006,74.15
1/9/2006,73.75
1/10/2006,73.92
1/11/2006,74.03
1/12/2006,73.81
1/13/2006,74.01
1/16/2006,74.14
1/17/2006,74.1
1/18/2006,74.61
1/19/2006,74.8
1/20/2006,74.41
1/23/2006,75.06
1/24/2006,75.35
1/25/2006,75.13
1/26/2006,74.86
1/27/2006,75.29
1/30/2006,75.04
1/31/2006,75.73
2/1/2006,76
2/2/2006,76.34
2/3/2006,75.96
2/6/2006,75.57
2/7/2006,75.09
2/8/2006,74.97
2/9/2006,75.26
2/10/2006,75.74
2/13/2006,76.02
2/14/2006,76.04
2/15/2006,75.92
2/16/2006,75.66
2/17/2006,75.42
2/20/2006,75.42
2/21/2006,77.02
2/22/2006,80.48
2/23/2006,79.32
2/24/2006,78.82
2/27/2006,78.62
2/28/2006,77.78
3/1/2006,77.33
3/2/2006,78.78
3/3/2006,79.11
3/6/2006,79.51
3/7/2006,79.53
3/8/2006,82.13
3/9/2006,82.67
3/10/2006,83.97
3/13/2006,85.82
3/14/2006,84.08
3/15/2006,84.25
3/16/2006,83.83
3/17/2006,83.98
3/20/2006,84.7
3/21/2006,85.18
3/22/2006,86.51
3/23/2006,86.06
3/24/2006,87.8
3/27/2006,86.84
3/28/2006,86.56
3/29/2006,86.11
3/30/2006,85.14
3/31/2006,86.06
4/3/2006,87.73
4/4/2006,88.04
4/5/2006,88.9
4/6/2006,89.53
4/7/2006,88.45
4/10/2006,88.93
4/11/2006,89.74
4/12/2006,92.37
4/13/2006,92.25
4/18/2006,93.15
4/19/2006,95.95
4/20/2006,97.51
4/21/2006,95.83
4/24/2006,94.84
4/25/2006,92
4/26/2006,92.87
4/27/2006,93.03
4/28/2006,93.81
5/2/2006,93.97
5/3/2006,93.83
5/4/2006,90.95
5/5/2006,91.18
5/8/2006,91.1
5/9/2006,89.12
5/10/2006,89.94
5/11/2006,89.52
5/12/2006,91.23
5/15/2006,91.41
5/16/2006,91.13
5/17/2006,89.89
5/18/2006,91.44
5/19/2006,91.15
5/22/2006,91.74
5/23/2006,92.92
5/24/2006,93.34
5/25/2006,93.07
5/26/2006,92.81
5/29/2006,92.58
5/30/2006,92.61
5/31/2006,92.33
6/1/2006,92.34
6/2/2006,91.74
6/5/2006,92.01
6/6/2006,93.82
6/7/2006,93.77
6/8/2006,93.52
6/9/2006,93.43
6/12/2006,93.48
6/13/2006,94.19
6/14/2006,95.29
6/15/2006,95.02
6/16/2006,94.92
6/19/2006,94.43
6/20/2006,93.92
6/21/2006,94.21
6/22/2006,94.62
6/23/2006,95.45
6/26/2006,95.05
6/27/2006,95.45
6/28/2006,96.16
6/29/2006,96.45
6/30/2006,97.01
7/3/2006,96.56
7/4/2006,96.15
7/5/2006,95.98
7/6/2006,96.58
7/7/2006,96.56
7/10/2006,96.39
7/11/2006,94.78
7/12/2006,94.55
7/13/2006,94.52
7/14/2006,94.94
7/17/2006,94.69
7/18/2006,94.9
7/19/2006,93.52
7/20/2006,92.75
7/21/2006,93.18
7/24/2006,93.48
7/25/2006,92.46
7/26/2006,91.54
7/27/2006,91.81
7/28/2006,92.69
7/31/2006,92.92
8/1/2006,92.51
8/2/2006,91.28
8/3/2006,90.25
8/4/2006,90.29
8/7/2006,90.4
8/8/2006,91.19
8/9/2006,90.91
8/10/2006,90.69
8/11/2006,90.41
8/14/2006,90.44
8/15/2006,90.41
8/16/2006,89.42
8/17/2006,88.64
8/18/2006,88.9
8/21/2006,90.1
8/22/2006,89.85
8/23/2006,90.08
8/24/2006,89.97
8/25/2006,89.36
8/28/2006,89.55
8/29/2006,89.47
8/30/2006,88.87
8/31/2006,88.92
9/1/2006,88.22
9/4/2006,88.86
9/5/2006,88.39
9/6/2006,88.9
9/7/2006,89.47
9/8/2006,90.88
9/11/2006,91.06
9/12/2006,90.29
9/13/2006,89.71
9/14/2006,88.49
9/15/2006,89.28
9/18/2006,88.79
9/19/2006,88.89
9/20/2006,89.17
9/21/2006,89.43
9/22/2006,90.97
9/25/2006,89.49
9/26/2006,89.05
9/27/2006,88.77
9/28/2006,88.75
9/29/2006,88.67
10/2/2006,89.07
10/3/2006,88.31
10/4/2006,87.38
10/5/2006,86.3
10/6/2006,86.08
10/9/2006,86.49
10/10/2006,86.08
10/11/2006,86.04
10/12/2006,85.87
10/13/2006,85.67
10/16/2006,84.76
10/17/2006,85.54
10/18/2006,85.25
10/19/2006,85.62
10/20/2006,86.14
10/23/2006,86.42
10/24/2006,85.69
10/25/2006,85.71
10/26/2006,86.03
10/27/2006,86.57
10/30/2006,86.95
10/31/2006,86.37
11/1/2006,86.57
11/2/2006,86.33
11/3/2006,86.68
11/6/2006,86.55
11/7/2006,86.92
11/8/2006,87.25
11/9/2006,86.88
11/10/2006,87.09
11/13/2006,88.27
11/14/2006,89.98
11/15/2006,90.35
11/16/2006,89.58
11/17/2006,89.99
11/20/2006,90.61
11/21/2006,90.57
11/22/2006,92.6
11/23/2006,91.78
11/24/2006,92.02
11/27/2006,91.96
11/28/2006,91.71
11/29/2006,90.61
11/30/2006,90.15
12/1/2006,89.92
12/4/2006,90.42
12/5/2006,90.65
12/6/2006,91.74
12/7/2006,91.85
12/8/2006,91.79
12/11/2006,92.14
12/12/2006,91.73
12/13/2006,91.76
12/14/2006,91.21
12/15/2006,90.14
12/18/2006,90.06
12/19/2006,90.75
12/20/2006,91.45
12/21/2006,91.57
12/22/2006,91.89
12/27/2006,94.47
12/28/2006,93.6
12/29/2006,93.13
1/2/2007,93.86
1/3/2007,92.31
1/4/2007,91.89
1/5/2007,92.14
1/8/2007,92.1
1/9/2007,92.53
1/10/2007,94.6
1/11/2007,93.3
1/12/2007,91.8
1/15/2007,90.99
1/16/2007,91.42
1/17/2007,90.56
1/18/2007,90.59
1/19/2007,90.12
1/22/2007,90.12
1/23/2007,89.32
1/24/2007,89.45
1/25/2007,89.12
1/26/2007,89.99
1/29/2007,89.13
1/30/2007,88.62
1/31/2007,88.58
2/1/2007,89.02
2/2/2007,89.01
2/5/2007,88.57
2/6/2007,88.45
2/7/2007,88.22
2/8/2007,88.36
2/9/2007,88.2
2/12/2007,88.38
2/13/2007,88.54
2/14/2007,88.19
2/15/2007,88.42
2/16/2007,88.16
2/19/2007,87.48
2/20/2007,87.21
2/21/2007,87.52
2/22/2007,87.15
2/23/2007,87.45
2/26/2007,86.39
2/27/2007,87.32
2/28/2007,87.97
3/1/2007,88.28
3/2/2007,88.4
3/5/2007,90.04
3/6/2007,88.88
3/7/2007,88.76
3/8/2007,87.98
3/9/2007,88.84
3/12/2007,88.66
3/13/2007,88.78
3/14/2007,89.04
3/15/2007,89.03
3/16/2007,89.65
3/19/2007,89.04
3/20/2007,88.9
3/21/2007,89.16
3/22/2007,88.48
3/23/2007,88.46
3/26/2007,88.21
3/27/2007,88.28
3/28/2007,88.31
3/29/2007,88.24
3/30/2007,87.69
4/2/2007,88.27
4/3/2007,88.66
4/4/2007,88.93
4/5/2007,89.5
4/10/2007,89.84
4/11/2007,89.1
4/12/2007,88.74
4/13/2007,88.75
4/16/2007,88.5
4/17/2007,88.44
4/18/2007,88.44
4/19/2007,88.41
4/20/2007,87.92
4/23/2007,87.58
4/24/2007,87.58
4/25/2007,87.34
4/26/2007,87.66
4/27/2007,87.67
4/30/2007,87.44
5/2/2007,86.91
5/3/2007,86.67
5/4/2007,86.52
5/7/2007,86.37
5/8/2007,86.83
5/9/2007,86.75
5/10/2007,86.06
5/11/2007,86.35
5/14/2007,86.23
5/15/2007,85.94
5/16/2007,85.41
5/17/2007,85.16
5/18/2007,85.36
5/21/2007,85.23
5/22/2007,83.92
5/23/2007,82.86
5/24/2007,83.62
5/25/2007,83.47
5/28/2007,83.3
5/29/2007,83.46
5/30/2007,83.27
5/31/2007,82.94
6/1/2007,82.5
6/4/2007,84.25
6/5/2007,85.56
6/6/2007,84.53
6/7/2007,84.64
6/8/2007,85.88
6/11/2007,85.15
6/12/2007,84.72
6/13/2007,84.49
6/14/2007,84.12
6/15/2007,83.59
6/18/2007,83.41
6/19/2007,83.5
6/20/2007,83.4
6/21/2007,84.03
6/22/2007,83.79
6/25/2007,84.36
6/26/2007,84.58
6/27/2007,84.64
6/28/2007,84.1
6/29/2007,84.26
7/2/2007,84.08
7/3/2007,84.46
7/4/2007,84.43
7/5/2007,83.77
7/6/2007,83.25
7/9/2007,82.75
7/10/2007,83.21
7/11/2007,83.4
7/12/2007,83.23
7/13/2007,82.92
7/16/2007,82.65
7/17/2007,82.8
7/18/2007,82.31
7/19/2007,82.23
7/20/2007,82.1
7/23/2007,82.38
7/24/2007,81.68
7/25/2007,82.2
7/26/2007,82.79
7/27/2007,84.36
7/30/2007,84.96
7/31/2007,83.64
8/1/2007,85.54
8/2/2007,85.73
8/3/2007,85.65
8/6/2007,88.09
8/7/2007,87.13
8/8/2007,87.32
8/9/2007,88.73
8/10/2007,90.59
8/13/2007,89.5
8/14/2007,89.31
8/15/2007,90.72
8/16/2007,92.95
8/17/2007,92.87
8/20/2007,91.17
8/21/2007,90.28
8/22/2007,88.31
8/23/2007,87.38
8/24/2007,88.36
8/27/2007,87.44
8/28/2007,87.2
8/29/2007,87.52
8/30/2007,86.71
8/31/2007,86.16
9/3/2007,87.27
9/4/2007,88.4
9/5/2007,87.87
9/6/2007,88.42
9/7/2007,88.02
9/10/2007,89.87
9/11/2007,89.86
9/12/2007,89.29
9/13/2007,88.74
9/14/2007,89.75
9/17/2007,90.31
9/18/2007,90.13
9/19/2007,88.41
9/20/2007,88.2
9/21/2007,88.07
9/24/2007,88.02
9/25/2007,88.14
9/26/2007,87.87
9/27/2007,87.26
9/28/2007,87.87
10/1/2007,88.1
10/2/2007,87.52
10/3/2007,87.27
10/4/2007,86.73
10/5/2007,86.25
10/8/2007,85.77
10/9/2007,85.17
10/10/2007,85.62
10/11/2007,85.13
10/12/2007,85.39
10/15/2007,85.34
10/16/2007,86.25
10/17/2007,85.28
10/18/2007,85.54
10/19/2007,85.46
10/22/2007,87.6
10/23/2007,86.2
10/24/2007,86.67
10/25/2007,86.68
10/26/2007,86.85
10/29/2007,86.77
10/30/2007,86.72
10/31/2007,86.62
11/1/2007,84.95
11/2/2007,85.24
11/5/2007,85.82
11/6/2007,85.36
11/7/2007,86.4
11/8/2007,87
11/9/2007,88.31
11/12/2007,88.74
11/13/2007,88.22
11/14/2007,87.85
11/15/2007,88.44
11/16/2007,89.05
11/19/2007,89.49
11/20/2007,92.96
11/21/2007,92.07
11/22/2007,93.52
11/23/2007,92.94
11/26/2007,92.77
11/27/2007,93.84
11/28/2007,91.89
11/29/2007,90.69
11/30/2007,90.02
12/3/2007,90.11
12/4/2007,91.25
12/5/2007,91.31
12/6/2007,90.28
12/7/2007,90.16
12/10/2007,90.24
12/11/2007,89.87
12/12/2007,89.72
12/13/2007,89.6
12/14/2007,90.75
12/17/2007,90.74
12/18/2007,90.69
12/19/2007,91.21
12/20/2007,91.68
12/21/2007,91.73
12/24/2007,91.29
12/27/2007,91.75
12/28/2007,91.31
12/31/2007,91.9
1/2/2008,91.99
1/3/2008,91.66
1/4/2008,90.45
1/7/2008,91.01
1/8/2008,91.38
1/9/2008,92.4
1/10/2008,92.42
1/11/2008,93.65
1/14/2008,95.05
1/15/2008,95.35
1/16/2008,96.15
1/17/2008,95.57
1/18/2008,95.41
1/21/2008,96.5
1/22/2008,96.98
1/23/2008,97.34
1/24/2008,96.62
1/25/2008,95.76
1/28/2008,95.66
1/29/2008,95.6
1/30/2008,95.24
1/31/2008,96.78
2/1/2008,95.73
2/4/2008,95.98
2/5/2008,95.8
2/6/2008,96.46
2/7/2008,97.96
2/8/2008,98.01
2/11/2008,99.24
2/12/2008,98.99
2/13/2008,98.3
2/14/2008,97.31
2/15/2008,98.23
2/18/2008,98.07
2/19/2008,98.42
2/20/2008,98.81
2/21/2008,98.77
2/22/2008,98.89
2/25/2008,98.69
2/26/2008,98.35
2/27/2008,98.65
2/28/2008,99.02
2/29/2008,99.68
3/3/2008,100.59
3/4/2008,100.51
3/5/2008,100.99
3/6/2008,101.72
3/7/2008,104.81
3/10/2008,104.93
3/11/2008,104.67
3/12/2008,106.32
3/13/2008,109.82
3/14/2008,108.95
3/17/2008,118.55
3/18/2008,121.79
3/19/2008,125.06
3/20/2008,121.56
3/25/2008,118.15
3/26/2008,120.15
3/27/2008,118.52
3/28/2008,122.8
3/31/2008,119.58
4/1/2008,120.38
4/2/2008,116.86
4/3/2008,116.66
4/4/2008,116.41
4/7/2008,113.51
4/8/2008,114.49
4/9/2008,112.84
4/10/2008,115.55
4/11/2008,116.46
4/14/2008,118.11
4/15/2008,117.6
4/16/2008,117.81
4/17/2008,117.58
4/18/2008,119.39
4/21/2008,119.38
4/22/2008,118.33
4/23/2008,117.43
4/24/2008,116.96
4/25/2008,115
4/28/2008,114.52
4/29/2008,115.2
4/30/2008,115.88
5/2/2008,116.22
5/5/2008,118.32
5/6/2008,119.72
5/7/2008,118.5
5/8/2008,118.5
5/9/2008,123.75
5/12/2008,122.98
5/13/2008,122.75
5/14/2008,122.88
5/15/2008,119.77
5/16/2008,115.34
5/19/2008,114.01
5/20/2008,115.36
5/21/2008,115.82
5/22/2008,115.04
5/23/2008,113.7
5/26/2008,113.87
5/27/2008,114.44
5/28/2008,115.07
5/29/2008,115.07
5/30/2008,115.53
6/2/2008,116.52
6/3/2008,118.79
6/4/2008,119.48
6/5/2008,118.72
6/6/2008,118.59
6/9/2008,118.93
6/10/2008,119.45
6/11/2008,120.5
6/12/2008,120.92
6/13/2008,122.16
6/16/2008,122.49
6/17/2008,123.74
6/18/2008,126.28
6/19/2008,126.95
6/20/2008,125.32
6/23/2008,130.74
6/24/2008,131.35
6/25/2008,126.91
6/26/2008,127.43
6/27/2008,128.27
6/30/2008,125.42
7/1/2008,125.64
7/2/2008,123.54
7/3/2008,124.17
7/4/2008,121.35
7/7/2008,120.46
7/8/2008,120.53
7/9/2008,118.39
7/10/2008,118.33
7/11/2008,121
7/14/2008,121.55
7/15/2008,124.23
7/16/2008,124.08
7/17/2008,122.11
7/18/2008,125.16
7/21/2008,124.27
7/22/2008,126.67
7/23/2008,124.6
7/24/2008,126.37
7/25/2008,127.51
7/28/2008,129.58
7/29/2008,125.6
7/30/2008,124.54
7/31/2008,123.4
8/1/2008,123.46
8/4/2008,123.95
8/5/2008,122.74
8/6/2008,121.56
8/7/2008,123.88
8/8/2008,125.21
8/11/2008,122.24
8/12/2008,121.93
8/13/2008,122.3
8/14/2008,120.63
8/15/2008,121.13
8/18/2008,120.14
8/19/2008,121.27
8/20/2008,121.82
8/21/2008,122.21
8/22/2008,120.77
8/25/2008,120.75
8/26/2008,121.61
8/27/2008,121.69
8/28/2008,121.81
8/29/2008,122.35
9/1/2008,122.68
9/2/2008,122.17
9/3/2008,122.65
9/4/2008,123.23
9/5/2008,126.07
9/8/2008,123.98
9/9/2008,127.29
9/10/2008,129.01
9/11/2008,127.88
9/12/2008,128.02
9/15/2008,129.73
9/16/2008,130.4
9/17/2008,132.94
9/18/2008,134.64
9/19/2008,131.47
9/22/2008,130.68
9/23/2008,139.35
9/24/2008,139.91
9/25/2008,137.29
9/26/2008,140.53
9/29/2008,143.38
9/30/2008,145.91
10/1/2008,156.68
10/2/2008,162.02
10/3/2008,156.13
10/6/2008,195
10/7/2008,197
10/8/2008,265
10/9/2008,305
10/10/2008,305
10/13/2008,305
10/14/2008,305
10/15/2008,305
10/16/2008,305
10/17/2008,305
10/20/2008,305
10/21/2008,305
10/22/2008,305
10/23/2008,305
10/24/2008,305
10/27/2008,305
10/28/2008,305
10/29/2008,305
10/30/2008,305
10/31/2008,305
11/3/2008,305
11/4/2008,305
11/5/2008,305
11/6/2008,205
11/7/2008,200
11/10/2008,200
11/11/2008,200
11/12/2008,202
11/13/2008,205
11/14/2008,212
11/17/2008,210
11/18/2008,215
11/19/2008,240
11/20/2008,245
11/21/2008,245
11/24/2008,265
11/25/2008,265
11/26/2008,275
11/27/2008,280
11/28/2008,280
12/1/2008,290
12/2/2008,290
12/3/2008,290
12/4/2008,290
12/5/2008,290
12/8/2008,290
12/9/2008,290
12/10/2008,?
12/11/2008,?
12/12/2008,?
12/15/2008,?
12/16/2008,?
12/17/2008,?
12/18/2008,?
12/19/2008,?
12/22/2008,?
12/23/2008,?
12/24/2008,?
12/29/2008,?
12/30/2008,?
12/31/2008,?
1/2/2009,?
1/5/2009,?
1/6/2009,?
1/7/2009,?
1/8/2009,?
1/9/2009,?
1/12/2009,?
1/13/2009,?
1/14/2009,?
1/15/2009,?
1/16/2009,?
1/19/2009,?
1/20/2009,?
1/21/2009,?
1/22/2009,?
1/23/2009,?
1/26/2009,?
1/27/2009,?
1/28/2009,?
1/29/2009,?
1/30/2009,?
2/2/2009,?
2/3/2009,?
2/4/2009,?
2/5/2009,?
2/6/2009,?
2/9/2009,?
2/10/2009,?
2/11/2009,?
2/12/2009,?
2/13/2009,?
2/16/2009,?
2/17/2009,?
2/18/2009,?
2/19/2009,?
2/20/2009,?
2/23/2009,?
2/24/2009,?
2/25/2009,?
2/26/2009,?
2/27/2009,?
3/2/2009,?
3/3/2009,?
3/4/2009,?
3/5/2009,?
3/6/2009,?
3/9/2009,?
3/10/2009,?
3/11/2009,?
3/12/2009,?
3/13/2009,?
3/16/2009,?
3/17/2009,?
3/18/2009,?
3/19/2009,?
3/20/2009,?
3/23/2009,?
3/24/2009,?
3/25/2009,?
3/26/2009,?
3/27/2009,?
3/30/2009,?
3/31/2009,?
4/1/2009,?
4/2/2009,?
4/3/2009,?
4/6/2009,?
4/7/2009,?
4/8/2009,?
4/9/2009,?
4/14/2009,?
4/15/2009,?
4/16/2009,?
4/17/2009,?
4/20/2009,?
4/21/2009,?
4/22/2009,?
4/23/2009,?
4/24/2009,?
4/27/2009,?
4/28/2009,?
4/29/2009,?
4/30/2009,?
5/4/2009,?
5/5/2009,?
5/6/2009,?
5/7/2009,?
5/8/2009,?
5/11/2009,?
5/12/2009,?
5/13/2009,?
5/14/2009,?
5/15/2009,?
5/18/2009,?
5/19/2009,?
5/20/2009,?
5/21/2009,?
5/22/2009,?
5/25/2009,?
5/26/2009,?
5/27/2009,?
5/28/2009,?
5/29/2009,?
6/1/2009,?
6/2/2009,?
6/3/2009,?
6/4/2009,?
6/5/2009,?
6/8/2009,?
6/9/2009,?
6/10/2009,?
6/11/2009,?
6/12/2009,?
6/15/2009,?
6/16/2009,?
6/17/2009,?
6/18/2009,?
6/19/2009,?
6/22/2009,?
6/23/2009,?
6/24/2009,?
6/25/2009,?
6/26/2009,?
6/29/2009,?
6/30/2009,?
7/1/2009,?
7/2/2009,?
7/3/2009,?
7/6/2009,?
7/7/2009,?
7/8/2009,?
7/9/2009,?
7/10/2009,?
7/13/2009,?
7/14/2009,?
7/15/2009,?
7/16/2009,?
7/17/2009,?
7/20/2009,?
7/21/2009,?
7/22/2009,?
7/23/2009,?
7/24/2009,?
7/27/2009,?
7/28/2009,?
7/29/2009,?
7/30/2009,?
7/31/2009,?
8/3/2009,?
8/4/2009,?
8/5/2009,?
8/6/2009,?
8/7/2009,?
8/10/2009,?
8/11/2009,?
8/12/2009,?
8/13/2009,?
8/14/2009,?
8/17/2009,?
8/18/2009,?
8/19/2009,?
8/20/2009,?
8/21/2009,?
8/24/2009,?
8/25/2009,?
8/26/2009,?
8/27/2009,?
8/28/2009,?
8/31/2009,?
9/1/2009,?
9/2/2009,?
9/3/2009,?
9/4/2009,?
9/7/2009,?
9/8/2009,?
9/9/2009,?
9/10/2009,?
9/11/2009,?
9/14/2009,?
9/15/2009,?
9/16/2009,?
9/17/2009,?
9/18/2009,?
9/21/2009,?
9/22/2009,?
9/23/2009,?
9/24/2009,?
9/25/2009,?
9/28/2009,?
9/29/2009,?
9/30/2009,?
10/1/2009,?
10/2/2009,?
10/5/2009,?
10/6/2009,?
10/7/2009,?
10/8/2009,?
10/9/2009,?
10/12/2009,?
10/13/2009,?
10/14/2009,?
10/15/2009,?
10/16/2009,?
10/19/2009,?
10/20/2009,?
10/21/2009,?
10/22/2009,?
10/23/2009,?
10/26/2009,?
10/27/2009,?
10/28/2009,?
10/29/2009,?
10/30/2009,?
11/2/2009,?
11/3/2009,?
11/4/2009,?
11/5/2009,?
11/6/2009,?
11/9/2009,?
11/10/2009,?
11/11/2009,?
11/12/2009,?
11/13/2009,?
11/16/2009,?
11/17/2009,?
11/18/2009,?
11/19/2009,?
11/20/2009,?
11/23/2009,?
11/24/2009,?
11/25/2009,?
11/26/2009,?
11/27/2009,?
11/30/2009,?
12/1/2009,?
12/2/2009,?
12/3/2009,?
12/4/2009,?
12/7/2009,?
12/8/2009,?
12/9/2009,?
12/10/2009,?
12/11/2009,?
12/14/2009,?
12/15/2009,?
12/16/2009,?
12/17/2009,?
12/18/2009,?
12/21/2009,?
12/22/2009,?
12/23/2009,?
12/24/2009,?
12/28/2009,?
12/29/2009,?
12/30/2009,?
12/31/2009,?
1/4/2010,?
1/5/2010,?
1/6/2010,?
1/7/2010,?
1/8/2010,?
1/11/2010,?
1/12/2010,?
1/13/2010,?
1/14/2010,?
1/15/2010,?
1/18/2010,?
1/19/2010,?
1/20/2010,?
1/21/2010,?
1/22/2010,?
1/25/2010,?
1/26/2010,?
1/27/2010,?
1/28/2010,?
1/29/2010,?
2/1/2010,?
2/2/2010,?
2/3/2010,?
2/4/2010,?
2/5/2010,?
2/8/2010,?
2/9/2010,?
2/10/2010,?
2/11/2010,?
2/12/2010,?
2/15/2010,?
2/16/2010,?
2/17/2010,?
2/18/2010,?
2/19/2010,?
2/22/2010,?
2/23/2010,?
2/24/2010,?
2/25/2010,?
2/26/2010,?
3/1/2010,?
3/2/2010,?
3/3/2010,?
3/4/2010,?
3/5/2010,?
3/8/2010,?
3/9/2010,?
3/10/2010,?
3/11/2010,?
3/12/2010,?
3/15/2010,?
3/16/2010,?
3/17/2010,?
3/18/2010,?
3/19/2010,?
3/22/2010,?
3/23/2010,?
3/24/2010,?
3/25/2010,?
3/26/2010,?
3/29/2010,?
3/30/2010,?
3/31/2010,?
4/1/2010,?
4/6/2010,?
4/7/2010,?
4/8/2010,?
4/9/2010,?
4/12/2010,?
4/13/2010,?
4/14/2010,?
4/15/2010,?
4/16/2010,?
4/19/2010,?
4/20/2010,?
4/21/2010,?
4/22/2010,?
4/23/2010,?
4/26/2010,?
4/27/2010,?
4/28/2010,?
4/29/2010,?
4/30/2010,?
5/3/2010,?
5/4/2010,?
5/5/2010,?
5/6/2010,?
5/7/2010,?
5/10/2010,?
5/11/2010,?
5/12/2010,?
5/13/2010,?
5/14/2010,?
5/17/2010,?
5/18/2010,?
5/19/2010,?
5/20/2010,?
5/21/2010,?
5/24/2010,?
5/25/2010,?
5/26/2010,?
5/27/2010,?
5/28/2010,?
5/31/2010,?
6/1/2010,?
6/2/2010,?
6/3/2010,?
6/4/2010,?
6/7/2010,?
6/8/2010,?
6/9/2010,?
6/10/2010,?
6/11/2010,?
6/14/2010,?
6/15/2010,?
6/16/2010,?
6/17/2010,?
6/18/2010,?
6/21/2010,?
6/22/2010,?
6/23/2010,?
6/24/2010,?
6/25/2010,?
6/28/2010,?
6/29/2010,?
6/30/2010,?
7/1/2010,?
7/2/2010,?
7/5/2010,?
7/6/2010,?
7/7/2010,?
7/8/2010,?
7/9/2010,?
7/12/2010,?
7/13/2010,?
7/14/2010,?
7/15/2010,?
7/16/2010,?
7/19/2010,?
7/20/2010,?
7/21/2010,?
7/22/2010,?
7/23/2010,?
7/26/2010,?
7/27/2010,?
7/28/2010,?
7/29/2010,?
7/30/2010,?
8/2/2010,?
8/3/2010,?
8/4/2010,?
8/5/2010,?
8/6/2010,?
8/9/2010,?
8/10/2010,?
8/11/2010,?
8/12/2010,?
8/13/2010,?
8/16/2010,?
8/17/2010,?
8/18/2010,?
8/19/2010,?
8/20/2010,?
8/23/2010,?
8/24/2010,?
8/25/2010,?
8/26/2010,?
8/27/2010,?
8/30/2010,?
8/31/2010,?
9/1/2010,?
9/2/2010,?
9/3/2010,?
9/6/2010,?
9/7/2010,?
9/8/2010,?
9/9/2010,?
9/10/2010,?
9/13/2010,?
9/14/2010,?
9/15/2010,?
9/16/2010,?
9/17/2010,?
9/20/2010,?
9/21/2010,?
9/22/2010,?
9/23/2010,?
9/24/2010,?
9/27/2010,?
9/28/2010,?
9/29/2010,?
9/30/2010,?
10/1/2010,?
10/4/2010,?
10/5/2010,?
10/6/2010,?
10/7/2010,?
10/8/2010,?
10/11/2010,?
10/12/2010,?
10/13/2010,?
10/14/2010,?
10/15/2010,?
10/18/2010,?
10/19/2010,?
10/20/2010,?
10/21/2010,?
10/22/2010,?
10/25/2010,?
10/26/2010,?
10/27/2010,?
10/28/2010,?
10/29/2010,?
11/1/2010,?
11/2/2010,?
11/3/2010,?
11/4/2010,?
11/5/2010,?
11/8/2010,?
11/9/2010,?
11/10/2010,?
11/11/2010,?
11/12/2010,?
11/15/2010,?
11/16/2010,?
11/17/2010,?
11/18/2010,?
11/19/2010,?
11/22/2010,?
11/23/2010,?
11/24/2010,?
11/25/2010,?
11/26/2010,?
11/29/2010,?
11/30/2010,?
12/1/2010,?
12/2/2010,?
12/3/2010,?
12/6/2010,?
12/7/2010,?
12/8/2010,?
12/9/2010,?
12/10/2010,?
12/13/2010,?
12/14/2010,?
12/15/2010,?
12/16/2010,?
12/17/2010,?
12/20/2010,?
12/21/2010,?
12/22/2010,?
12/23/2010,?
12/24/2010,?
12/27/2010,?
12/28/2010,?
12/29/2010,?
12/30/2010,?
12/31/2010,?
1/3/2011,?
1/4/2011,?
1/5/2011,?
1/6/2011,?
1/7/2011,?
1/10/2011,?
1/11/2011,?
1/12/2011,?
1/13/2011,?
1/14/2011,?
1/17/2011,?
1/18/2011,?
1/19/2011,?
1/20/2011,?
1/21/2011,?
1/24/2011,?
1/25/2011,?
1/26/2011,?
1/27/2011,?
1/28/2011,?
1/31/2011,?
2/1/2011,?
2/2/2011,?
2/3/2011,?
2/4/2011,?
2/7/2011,?
2/8/2011,?
2/9/2011,?
2/10/2011,?
2/11/2011,?
2/14/2011,?
2/15/2011,?
2/16/2011,?
2/17/2011,?
2/18/2011,?
2/21/2011,?
2/22/2011,?
2/23/2011,?
2/24/2011,?
2/25/2011,?
2/28/2011,?
3/1/2011,?
3/2/2011,?
3/3/2011,?
3/4/2011,?
3/7/2011,?
3/8/2011,?
3/9/2011,?
3/10/2011,?
3/11/2011,?
3/14/2011,?
3/15/2011,?
3/16/2011,?
3/17/2011,?
3/18/2011,?
3/21/2011,?
3/22/2011,?
3/23/2011,?
3/24/2011,?
3/25/2011,?
3/28/2011,?
3/29/2011,?
3/30/2011,?
3/31/2011,?
4/1/2011,?
4/4/2011,?
4/5/2011,?
4/6/2011,?
4/7/2011,?
4/8/2011,?
4/11/2011,?
4/12/2011,?
4/13/2011,?
4/14/2011,?
4/15/2011,?
4/18/2011,?
4/19/2011,?
4/20/2011,?
4/21/2011,?
4/26/2011,?
4/27/2011,?
4/28/2011,?
4/29/2011,?
5/2/2011,?
5/3/2011,?
5/4/2011,?
5/5/2011,?
5/6/2011,?
5/9/2011,?
5/10/2011,?
5/11/2011,?
5/12/2011,?
5/13/2011,?
5/16/2011,?
5/17/2011,?
5/18/2011,?
5/19/2011,?
5/20/2011,?
5/23/2011,?
5/24/2011,?
5/25/2011,?
5/26/2011,?
5/27/2011,?
5/30/2011,?
5/31/2011,?
6/1/2011,?
6/2/2011,?
6/3/2011,?
6/6/2011,?
6/7/2011,?
6/8/2011,?
6/9/2011,?
6/10/2011,?
6/13/2011,?
6/14/2011,?
6/15/2011,?
6/16/2011,?
6/17/2011,?
6/20/2011,?
6/21/2011,?
6/22/2011,?
6/23/2011,?
6/24/2011,?
6/27/2011,?
6/28/2011,?
6/29/2011,?
6/30/2011,?
7/1/2011,?
7/4/2011,?
7/5/2011,?
7/6/2011,?
7/7/2011,?
7/8/2011,?
7/11/2011,?
7/12/2011,?
7/13/2011,?
7/14/2011,?
7/15/2011,?
7/18/2011,?
7/19/2011,?
7/20/2011,?
7/21/2011,?
7/22/2011,?
7/25/2011,?
7/26/2011,?
7/27/2011,?
7/28/2011,?
7/29/2011,?
8/1/2011,?
8/2/2011,?
8/3/2011,?
8/4/2011,?
8/5/2011,?
8/8/2011,?
8/9/2011,?
8/10/2011,?
8/11/2011,?
8/12/2011,?
8/15/2011,?
8/16/2011,?
8/17/2011,?
8/18/2011,?
8/19/2011,?
8/22/2011,?
8/23/2011,?
8/24/2011,?
8/25/2011,?
8/26/2011,?
8/29/2011,?
8/30/2011,?
8/31/2011,?
9/1/2011,?
9/2/2011,?
9/5/2011,?
9/6/2011,?
9/7/2011,?
9/8/2011,?
9/9/2011,?
9/12/2011,?
9/13/2011,?
9/14/2011,?
9/15/2011,?
9/16/2011,?
9/19/2011,?
9/20/2011,?
9/21/2011,?
9/22/2011,?
9/23/2011,?
9/26/2011,?
9/27/2011,?
9/28/2011,?
9/29/2011,?
9/30/2011,?
10/3/2011,?
10/4/2011,?
10/5/2011,?
10/6/2011,?
10/7/2011,?
10/10/2011,?
10/11/2011,?
10/12/2011,?
10/13/2011,?
10/14/2011,?
10/17/2011,?
10/18/2011,?
10/19/2011,?
10/20/2011,?
10/21/2011,?
10/24/2011,?
10/25/2011,?
10/26/2011,?
10/27/2011,?
10/28/2011,?
10/31/2011,?
11/1/2011,?
11/2/2011,?
11/3/2011,?
11/4/2011,?
11/7/2011,?
11/8/2011,?
11/9/2011,?
11/10/2011,?
11/11/2011,?
11/14/2011,?
11/15/2011,?
11/16/2011,?
11/17/2011,?
11/18/2011,?
11/21/2011,?
11/22/2011,?
11/23/2011,?
11/24/2011,?
11/25/2011,?
11/28/2011,?
11/29/2011,?
11/30/2011,?
12/1/2011,?
12/2/2011,?
12/5/2011,?
12/6/2011,?
12/7/2011,?
12/8/2011,?
12/9/2011,?
12/12/2011,?
12/13/2011,?
12/14/2011,?
12/15/2011,?
12/16/2011,?
12/19/2011,?
12/20/2011,?
12/21/2011,?
12/22/2011,?
12/23/2011,?
12/27/2011,?
12/28/2011,?
12/29/2011,?
12/30/2011,?
1/2/2012,?
1/3/2012,?
1/4/2012,?
1/5/2012,?
1/6/2012,?
1/9/2012,?
1/10/2012,?
1/11/2012,?
1/12/2012,?
1/13/2012,?
1/16/2012,?
1/17/2012,?
1/18/2012,?
1/19/2012,?
1/20/2012,?
1/23/2012,?
1/24/2012,?
1/25/2012,?
1/26/2012,?
1/27/2012,?
1/30/2012,?
1/31/2012,?
2/1/2012,?
2/2/2012,?
2/3/2012,?
2/6/2012,?
2/7/2012,?
2/8/2012,?
2/9/2012,?
2/10/2012,?
2/13/2012,?
2/14/2012,?
2/15/2012,?
2/16/2012,?
2/17/2012,?
2/20/2012,?
2/21/2012,?
2/22/2012,?
2/23/2012,?
2/24/2012,?
2/27/2012,?
2/28/2012,?
2/29/2012,?
3/1/2012,?
3/2/2012,?
3/5/2012,?
3/6/2012,?
3/7/2012,?
3/8/2012,?
3/9/2012,?
3/12/2012,?
3/13/2012,?
3/14/2012,?
3/15/2012,?
3/16/2012,?
3/19/2012,?
3/20/2012,?
3/21/2012,?
3/22/2012,?
3/23/2012,?
3/26/2012,?
3/27/2012,?
3/28/2012,?
3/29/2012,?
3/30/2012,?
4/2/2012,?
4/3/2012,?
4/4/2012,?
4/5/2012,?
4/10/2012,?
4/11/2012,?
4/12/2012,?
4/13/2012,?
4/16/2012,?
4/17/2012,?
4/18/2012,?
4/19/2012,?
4/20/2012,?
4/23/2012,?
4/24/2012,?
4/25/2012,?
4/26/2012,?
4/27/2012,?
4/30/2012,?
5/2/2012,?
5/3/2012,?
5/4/2012,?
5/7/2012,?
5/8/2012,?
5/9/2012,?
5/10/2012,?
5/11/2012,?
5/14/2012,?
5/15/2012,?
5/16/2012,?
5/17/2012,?
5/18/2012,?
5/21/2012,?
5/22/2012,?
5/23/2012,?
5/24/2012,?
5/25/2012,?
5/28/2012,?
5/29/2012,?
5/30/2012,?
5/31/2012,?
6/1/2012,?
6/4/2012,?
6/5/2012,?
6/6/2012,?
6/7/2012,?
6/8/2012,?
6/11/2012,?
6/12/2012,?
6/13/2012,?
6/14/2012,?
6/15/2012,?
6/18/2012,?
6/19/2012,?
6/20/2012,?
6/21/2012,?
6/22/2012,?
6/25/2012,?
6/26/2012,?
6/27/2012,?
6/28/2012,?
6/29/2012,?
7/2/2012,?
7/3/2012,?
7/4/2012,?
7/5/2012,?
7/6/2012,?
7/9/2012,?
7/10/2012,?
7/11/2012,?
7/12/2012,?
7/13/2012,?
7/16/2012,?
7/17/2012,?
7/18/2012,?
7/19/2012,?
7/20/2012,?
7/23/2012,?
7/24/2012,?
7/25/2012,?
7/26/2012,?
7/27/2012,?
7/30/2012,?
7/31/2012,?
8/1/2012,?
8/2/2012,?
8/3/2012,?
8/6/2012,?
8/7/2012,?
8/8/2012,?
8/9/2012,?
8/10/2012,?
8/13/2012,?
8/14/2012,?
8/15/2012,?
8/16/2012,?
8/17/2012,?
8/20/2012,?
8/21/2012,?
8/22/2012,?
8/23/2012,?
8/24/2012,?
8/27/2012,?
8/28/2012,?
8/29/2012,?
8/30/2012,?
8/31/2012,?
9/3/2012,?
9/4/2012,?
9/5/2012,?
9/6/2012,?
9/7/2012,?
9/10/2012,?
9/11/2012,?
9/12/2012,?
9/13/2012,?
9/14/2012,?
9/17/2012,?
9/18/2012,?
9/19/2012,?
9/20/2012,?
9/21/2012,?
9/24/2012,?
9/25/2012,?
9/26/2012,?
9/27/2012,?
9/28/2012,?
10/1/2012,?
10/2/2012,?
10/3/2012,?
10/4/2012,?
10/5/2012,?
10/8/2012,?
10/9/2012,?
10/10/2012,?
10/11/2012,?
10/12/2012,?
10/15/2012,?
10/16/2012,?
10/17/2012,?
10/18/2012,?
10/19/2012,?
10/22/2012,?
10/23/2012,?
10/24/2012,?
10/25/2012,?
10/26/2012,?
10/29/2012,?
10/30/2012,?
10/31/2012,?
11/1/2012,?
11/2/2012,?
11/5/2012,?
11/6/2012,?
11/7/2012,?
11/8/2012,?
11/9/2012,?
11/12/2012,?
11/13/2012,?
11/14/2012,?
11/15/2012,?
11/16/2012,?
11/19/2012,?
11/20/2012,?
11/21/2012,?
11/22/2012,?
11/23/2012,?
11/26/2012,?
11/27/2012,?
11/28/2012,?
11/29/2012,?
11/30/2012,?
12/3/2012,?
12/4/2012,?
12/5/2012,?
12/6/2012,?
12/7/2012,?
12/10/2012,?
12/11/2012,?
12/12/2012,?
12/13/2012,?
12/14/2012,?
12/17/2012,?
12/18/2012,?
12/19/2012,?
12/20/2012,?
12/21/2012,?
12/24/2012,?
12/27/2012,?
12/28/2012,?
12/31/2012,?
1/2/2013,?
1/3/2013,?
1/4/2013,?
1/7/2013,?
1/8/2013,?
1/9/2013,?
1/10/2013,?
1/11/2013,?
1/14/2013,?
1/15/2013,?
1/16/2013,?
1/17/2013,?
1/18/2013,?
1/21/2013,?
1/22/2013,?
1/23/2013,?
1/24/2013,?
1/25/2013,?
1/28/2013,?
1/29/2013,?
1/30/2013,?
1/31/2013,?
2/1/2013,?
2/4/2013,?
2/5/2013,?
2/6/2013,?
2/7/2013,?
2/8/2013,?
2/11/2013,?
2/12/2013,?
2/13/2013,?
2/14/2013,?
2/15/2013,?
2/18/2013,?
2/19/2013,?
2/20/2013,?
2/21/2013,?
2/22/2013,?
2/25/2013,?
2/26/2013,?
2/27/2013,?
2/28/2013,?
3/1/2013,?
3/4/2013,?
3/5/2013,?
3/6/2013,?
3/7/2013,?
3/8/2013,?
3/11/2013,?
3/12/2013,?
3/13/2013,?
3/14/2013,?
3/15/2013,?
3/18/2013,?
3/19/2013,?
3/20/2013,?
3/21/2013,?
3/22/2013,?
3/25/2013,?
3/26/2013,?
3/27/2013,?
3/28/2013,?
4/2/2013,?
4/3/2013,?
4/4/2013,?
4/5/2013,?
4/8/2013,?
4/9/2013,?
4/10/2013,?
4/11/2013,?
4/12/2013,?
4/15/2013,?
4/16/2013,?
4/17/2013,?
4/18/2013,?
4/19/2013,?
4/22/2013,?
4/23/2013,?
4/24/2013,?
4/25/2013,?
4/26/2013,?
4/29/2013,?
4/30/2013,?
5/2/2013,?
5/3/2013,?
5/6/2013,?
5/7/2013,?
5/8/2013,?
5/9/2013,?
5/10/2013,?
5/13/2013,?
5/14/2013,?
5/15/2013,?
5/16/2013,?
5/17/2013,?
5/20/2013,?
5/21/2013,?
5/22/2013,?
5/23/2013,?
5/24/2013,?
5/27/2013,?
5/28/2013,?
5/29/2013,?
5/30/2013,?
5/31/2013,?
6/3/2013,?
6/4/2013,?
6/5/2013,?
6/6/2013,?
6/7/2013,?
6/10/2013,?
6/11/2013,?
6/12/2013,?
6/13/2013,?
6/14/2013,?
6/17/2013,?
6/18/2013,?
6/19/2013,?
6/20/2013,?
6/21/2013,?
6/24/2013,?
6/25/2013,?
6/26/2013,?
6/27/2013,?
6/28/2013,?
7/1/2013,?
7/2/2013,?
7/3/2013,?
7/4/2013,?
7/5/2013,?
7/8/2013,?
7/9/2013,?
7/10/2013,?
7/11/2013,?
7/12/2013,?
7/15/2013,?
7/16/2013,?
7/17/2013,?
7/18/2013,?
7/19/2013,?
7/22/2013,?
7/23/2013,?
7/24/2013,?
7/25/2013,?
7/26/2013,?
7/29/2013,?
7/30/2013,?
7/31/2013,?
8/1/2013,?
8/2/2013,?
8/5/2013,?
8/6/2013,?
8/7/2013,?
8/8/2013,?
8/9/2013,?
8/12/2013,?
8/13/2013,?
8/14/2013,?
8/15/2013,?
8/16/2013,?
8/19/2013,?
8/20/2013,?
8/21/2013,?
8/22/2013,?
8/23/2013,?
8/26/2013,?
8/27/2013,?
8/28/2013,?
8/29/2013,?
8/30/2013,?
9/2/2013,?
9/3/2013,?
9/4/2013,?
9/5/2013,?
9/6/2013,?
9/9/2013,?
9/10/2013,?
9/11/2013,?
9/12/2013,?
9/13/2013,?
9/16/2013,?
9/17/2013,?
9/18/2013,?
9/19/2013,?
9/20/2013,?
9/23/2013,?
9/24/2013,?
9/25/2013,?
9/26/2013,?
9/27/2013,?
9/30/2013,?
10/1/2013,?
10/2/2013,?
10/3/2013,?
10/4/2013,?
10/7/2013,?
10/8/2013,?
10/9/2013,?
10/10/2013,?
10/11/2013,?
10/14/2013,?
10/15/2013,?
10/16/2013,?
10/17/2013,?
10/18/2013,?
10/21/2013,?
10/22/2013,?
10/23/2013,?
10/24/2013,?
10/25/2013,?
10/28/2013,?
10/29/2013,?
10/30/2013,?
10/31/2013,?
11/1/2013,?
11/4/2013,?
11/5/2013,?
11/6/2013,?
11/7/2013,?
11/8/2013,?
11/11/2013,?
11/12/2013,?
11/13/2013,?
11/14/2013,?
11/15/2013,?
11/18/2013,?
11/19/2013,?
11/20/2013,?
11/21/2013,?
11/22/2013,?
11/25/2013,?
11/26/2013,?
11/27/2013,?
11/28/2013,?
11/29/2013,?
12/2/2013,?
12/3/2013,?
12/4/2013,?
12/5/2013,?
12/6/2013,?
12/9/2013,?
12/10/2013,?
12/11/2013,?
12/12/2013,?
12/13/2013,?
12/16/2013,?
12/17/2013,?
12/18/2013,?
12/19/2013,?
12/20/2013,?
12/23/2013,?
12/24/2013,?
12/27/2013,?
12/30/2013,?
12/31/2013,?
1/2/2014,?
1/3/2014,?
1/6/2014,?
1/7/2014,?
1/8/2014,?
1/9/2014,?
1/10/2014,?
1/13/2014,?
1/14/2014,?
1/15/2014,?
1/16/2014,?
1/17/2014,?
1/20/2014,?
1/21/2014,?
1/22/2014,?
1/23/2014,?
1/24/2014,?
1/27/2014,?
1/28/2014,?
1/29/2014,?
1/30/2014,?
1/31/2014,?
2/3/2014,?
2/4/2014,?
2/5/2014,?
2/6/2014,?
2/7/2014,?
2/10/2014,?
2/11/2014,?
2/12/2014,?
2/13/2014,?
2/14/2014,?
2/17/2014,?
2/18/2014,?
2/19/2014,?
2/20/2014,?
2/21/2014,?
2/24/2014,?
2/25/2014,?
2/26/2014,?
2/27/2014,?
2/28/2014,?
3/3/2014,?
3/4/2014,?
3/5/2014,?
3/6/2014,?
3/7/2014,?
3/10/2014,?
3/11/2014,?
3/12/2014,?
3/13/2014,?
3/14/2014,?
3/17/2014,?
3/18/2014,?
3/19/2014,?
3/20/2014,?
3/21/2014,?
3/24/2014,?
3/25/2014,?
3/26/2014,?
3/27/2014,?
3/28/2014,?
3/31/2014,?
4/1/2014,?
4/2/2014,?
4/3/2014,?
4/4/2014,?
4/7/2014,?
4/8/2014,?
4/9/2014,?
4/10/2014,?
4/11/2014,?
4/14/2014,?
4/15/2014,?
4/16/2014,?
4/17/2014,?
4/22/2014,?
4/23/2014,?
4/24/2014,?
4/25/2014,?
4/28/2014,?
4/29/2014,?
4/30/2014,?
5/2/2014,?
5/5/2014,?
5/6/2014,?
5/7/2014,?
5/8/2014,?
5/9/2014,?
5/12/2014,?
5/13/2014,?
5/14/2014,?
5/15/2014,?
5/16/2014,?
5/19/2014,?
5/20/2014,?
5/21/2014,?
5/22/2014,?
5/23/2014,?
5/26/2014,?
5/27/2014,?
5/28/2014,?
5/29/2014,?
5/30/2014,?
6/2/2014,?
6/3/2014,?
6/4/2014,?
6/5/2014,?
6/6/2014,?
6/9/2014,?
6/10/2014,?
6/11/2014,?
6/12/2014,?
6/13/2014,?
6/16/2014,?
6/17/2014,?
6/18/2014,?
6/19/2014,?
6/20/2014,?
6/23/2014,?
6/24/2014,?
6/25/2014,?
6/26/2014,?
6/27/2014,?
6/30/2014,?
7/1/2014,?
7/2/2014,?
7/3/2014,?
7/4/2014,?
7/7/2014,?
7/8/2014,?
7/9/2014,?
7/10/2014,?
7/11/2014,?
7/14/2014,?
7/15/2014,?
7/16/2014,?
7/17/2014,?
7/18/2014,?
7/21/2014,?
7/22/2014,?
7/23/2014,?
7/24/2014,?
7/25/2014,?
7/28/2014,?
7/29/2014,?
7/30/2014,?
7/31/2014,?
8/1/2014,?
8/4/2014,?
8/5/2014,?
8/6/2014,?
8/7/2014,?
8/8/2014,?
8/11/2014,?
8/12/2014,?
8/13/2014,?
8/14/2014,?
8/15/2014,?
8/18/2014,?
8/19/2014,?
8/20/2014,?
8/21/2014,?
8/22/2014,?
8/25/2014,?
8/26/2014,?
8/27/2014,?
8/28/2014,?
8/29/2014,?
9/1/2014,?
9/2/2014,?
9/3/2014,?
9/4/2014,?
9/5/2014,?
9/8/2014,?
9/9/2014,?
9/10/2014,?
9/11/2014,?
9/12/2014,?
9/15/2014,?
9/16/2014,?
9/17/2014,?
9/18/2014,?
9/19/2014,?
9/22/2014,?
9/23/2014,?
9/24/2014,?
9/25/2014,?
9/26/2014,?
9/29/2014,?
9/30/2014,?
10/1/2014,?
10/2/2014,?
10/3/2014,?
10/6/2014,?
10/7/2014,?
10/8/2014,?
10/9/2014,?
10/10/2014,?
10/13/2014,?
10/14/2014,?
10/15/2014,?
10/16/2014,?
10/17/2014,?
10/20/2014,?
10/21/2014,?
10/22/2014,?
10/23/2014,?
10/24/2014,?
10/27/2014,?
10/28/2014,?
10/29/2014,?
10/30/2014,?
10/31/2014,?
11/3/2014,?
11/4/2014,?
11/5/2014,?
11/6/2014,?
11/7/2014,?
11/10/2014,?
11/11/2014,?
11/12/2014,?
11/13/2014,?
11/14/2014,?
11/17/2014,?
11/18/2014,?
11/19/2014,?
11/20/2014,?
11/21/2014,?
11/24/2014,?
11/25/2014,?
11/26/2014,?
11/27/2014,?
11/28/2014,?
12/1/2014,?
12/2/2014,?
12/3/2014,?
12/4/2014,?
12/5/2014,?
12/8/2014,?
12/9/2014,?
12/10/2014,?
12/11/2014,?
12/12/2014,?
12/15/2014,?
12/16/2014,?
12/17/2014,?
12/18/2014,?
12/19/2014,?
12/22/2014,?
12/23/2014,?
12/24/2014,?
12/29/2014,?
12/30/2014,?
12/31/2014,?
1/2/2015,?
1/5/2015,?
1/6/2015,?
1/7/2015,?
1/8/2015,?
1/9/2015,?
1/12/2015,?
1/13/2015,?
1/14/2015,?
1/15/2015,?
1/16/2015,?
1/19/2015,?
1/20/2015,?
1/21/2015,?
1/22/2015,?
1/23/2015,?
1/26/2015,?
1/27/2015,?
1/28/2015,?
1/29/2015,?
1/30/2015,?
2/2/2015,?
2/3/2015,?
2/4/2015,?
2/5/2015,?
2/6/2015,?
2/9/2015,?
2/10/2015,?
2/11/2015,?
2/12/2015,?
2/13/2015,?
2/16/2015,?
2/17/2015,?
2/18/2015,?
2/19/2015,?
2/20/2015,?
2/23/2015,?
2/24/2015,?
2/25/2015,?
2/26/2015,?
2/27/2015,?
3/2/2015,?
3/3/2015,?
3/4/2015,?
3/5/2015,?
3/6/2015,?
3/9/2015,?
3/10/2015,?
3/11/2015,?
3/12/2015,?
3/13/2015,?
3/16/2015,?
3/17/2015,?
3/18/2015,?
3/19/2015,?
3/20/2015,?
3/23/2015,?
3/24/2015,?
3/25/2015,?
3/26/2015,?
3/27/2015,?
3/30/2015,?
3/31/2015,?
4/1/2015,?
4/2/2015,?
4/7/2015,?
4/8/2015,?
4/9/2015,?
4/10/2015,?
4/13/2015,?
4/14/2015,?
4/15/2015,?
4/16/2015,?
4/17/2015,?
4/20/2015,?
4/21/2015,?
4/22/2015,?
4/23/2015,?
4/24/2015,?
4/27/2015,?
4/28/2015,?
4/29/2015,?
4/30/2015,?
