Date,NOK
1/4/1999,8.855
1/5/1999,8.7745
1/6/1999,8.7335
1/7/1999,8.6295
1/8/1999,8.59
1/11/1999,8.5585
1/12/1999,8.61
1/13/1999,8.747
1/14/1999,8.7245
1/15/1999,8.715
1/18/1999,8.6575
1/19/1999,8.63
1/20/1999,8.6
1/21/1999,8.605
1/22/1999,8.6225
1/25/1999,8.6125
1/26/1999,8.6125
1/27/1999,8.5985
1/28/1999,8.57
1/29/1999,8.5785
2/1/1999,8.5395
2/2/1999,8.5845
2/3/1999,8.625
2/4/1999,8.6425
2/5/1999,8.6725
2/8/1999,8.62
2/9/1999,8.6505
2/10/1999,8.6425
2/11/1999,8.6435
2/12/1999,8.6075
2/15/1999,8.593
2/16/1999,8.6205
2/17/1999,8.6955
2/18/1999,8.7385
2/19/1999,8.7075
2/22/1999,8.6885
2/23/1999,8.6745
2/24/1999,8.654
2/25/1999,8.6965
2/26/1999,8.6965
3/1/1999,8.6475
3/2/1999,8.652
3/3/1999,8.6475
3/4/1999,8.6155
3/5/1999,8.58
3/8/1999,8.5785
3/9/1999,8.5605
3/10/1999,8.5435
3/11/1999,8.501
3/12/1999,8.5285
3/15/1999,8.5275
3/16/1999,8.5515
3/17/1999,8.54
3/18/1999,8.479
3/19/1999,8.4515
3/22/1999,8.4445
3/23/1999,8.4435
3/24/1999,8.448
3/25/1999,8.4635
3/26/1999,8.376
3/29/1999,8.3635
3/30/1999,8.3585
3/31/1999,8.3475
4/1/1999,8.3425
4/2/1999,8.346
4/5/1999,8.3505
4/6/1999,8.3345
4/7/1999,8.3685
4/8/1999,8.4105
4/9/1999,8.412
4/12/1999,8.4048
4/13/1999,8.3645
4/14/1999,8.341
4/15/1999,8.345
4/16/1999,8.2875
4/19/1999,8.2685
4/20/1999,8.2755
4/21/1999,8.256
4/22/1999,8.2645
4/23/1999,8.2765
4/26/1999,8.2668
4/27/1999,8.2765
4/28/1999,8.296
4/29/1999,8.2695
4/30/1999,8.2515
5/3/1999,8.2445
5/4/1999,8.2385
5/5/1999,8.2565
5/6/1999,8.2685
5/7/1999,8.2585
5/10/1999,8.211
5/11/1999,8.2215
5/12/1999,8.1982
5/13/1999,8.219
5/14/1999,8.1825
5/17/1999,8.2007
5/18/1999,8.2115
5/19/1999,8.2643
5/20/1999,8.26
5/21/1999,8.2255
5/24/1999,8.2435
5/25/1999,8.2565
5/26/1999,8.238
5/27/1999,8.2505
5/28/1999,8.2445
5/31/1999,8.2375
6/1/1999,8.2355
6/2/1999,8.2415
6/3/1999,8.241
6/4/1999,8.2275
6/7/1999,8.195
6/8/1999,8.1925
6/9/1999,8.212
6/10/1999,8.2
6/11/1999,8.1965
6/14/1999,8.1805
6/15/1999,8.189
6/16/1999,8.1685
6/17/1999,8.151
6/18/1999,8.137
6/21/1999,8.104
6/22/1999,8.0895
6/23/1999,8.106
6/24/1999,8.11
6/25/1999,8.153
6/28/1999,8.1315
6/29/1999,8.121
6/30/1999,8.1045
7/1/1999,8.0855
7/2/1999,8.081
7/5/1999,8.07
7/6/1999,8.0645
7/7/1999,8.0865
7/8/1999,8.095
7/9/1999,8.1145
7/12/1999,8.1075
7/13/1999,8.1155
7/14/1999,8.142
7/15/1999,8.1685
7/16/1999,8.127
7/19/1999,8.0985
7/20/1999,8.15
7/21/1999,8.263
7/22/1999,8.271
7/23/1999,8.239
7/26/1999,8.341
7/27/1999,8.3275
7/28/1999,8.3475
7/29/1999,8.3537
7/30/1999,8.3345
8/2/1999,8.278
8/3/1999,8.25
8/4/1999,8.303
8/5/1999,8.3095
8/6/1999,8.3125
8/9/1999,8.2635
8/10/1999,8.2745
8/11/1999,8.2385
8/12/1999,8.2265
8/13/1999,8.2595
8/16/1999,8.2205
8/17/1999,8.199
8/18/1999,8.2075
8/19/1999,8.2045
8/20/1999,8.247
8/23/1999,8.2515
8/24/1999,8.2375
8/25/1999,8.2435
8/26/1999,8.3245
8/27/1999,8.2945
8/30/1999,8.2995
8/31/1999,8.2795
9/1/1999,8.2775
9/2/1999,8.321
9/3/1999,8.3395
9/6/1999,8.285
9/7/1999,8.2725
9/8/1999,8.2245
9/9/1999,8.222
9/10/1999,8.224
9/13/1999,8.1715
9/14/1999,8.181
9/15/1999,8.229
9/16/1999,8.2155
9/17/1999,8.2135
9/20/1999,8.183
9/21/1999,8.1795
9/22/1999,8.222
9/23/1999,8.181
9/24/1999,8.1915
9/27/1999,8.1945
9/28/1999,8.173
9/29/1999,8.211
9/30/1999,8.281
10/1/1999,8.247
10/4/1999,8.238
10/5/1999,8.2325
10/6/1999,8.265
10/7/1999,8.2745
10/8/1999,8.3175
10/11/1999,8.2905
10/12/1999,8.3005
10/13/1999,8.319
10/14/1999,8.307
10/15/1999,8.3425
10/18/1999,8.368
10/19/1999,8.3565
10/20/1999,8.3145
10/21/1999,8.329
10/22/1999,8.283
10/25/1999,8.2725
10/26/1999,8.2645
10/27/1999,8.2395
10/28/1999,8.25
10/29/1999,8.246
11/1/1999,8.2545
11/2/1999,8.2635
11/3/1999,8.256
11/4/1999,8.259
11/5/1999,8.2355
11/8/1999,8.228
11/9/1999,8.2015
11/10/1999,8.1825
11/11/1999,8.1925
11/12/1999,8.1905
11/15/1999,8.1665
11/16/1999,8.1925
11/17/1999,8.2105
11/18/1999,8.1855
11/19/1999,8.1795
11/22/1999,8.1735
11/23/1999,8.17
11/24/1999,8.1675
11/25/1999,8.143
11/26/1999,8.1055
11/29/1999,8.1125
11/30/1999,8.1245
12/1/1999,8.1365
12/2/1999,8.132
12/3/1999,8.105
12/6/1999,8.131
12/7/1999,8.1135
12/8/1999,8.115
12/9/1999,8.1065
12/10/1999,8.1065
12/13/1999,8.095
12/14/1999,8.091
12/15/1999,8.105
12/16/1999,8.1155
12/17/1999,8.0905
12/20/1999,8.069
12/21/1999,8.081
12/22/1999,8.0435
12/23/1999,8.0605
12/24/1999,8.11
12/27/1999,8.107
12/28/1999,8.088
12/29/1999,8.071
12/30/1999,8.0765
1/3/2000,8.062
1/4/2000,8.15
1/5/2000,8.206
1/6/2000,8.203
1/7/2000,8.1945
1/10/2000,8.19
1/11/2000,8.2075
1/12/2000,8.216
1/13/2000,8.1795
1/14/2000,8.1365
1/17/2000,8.0965
1/18/2000,8.1065
1/19/2000,8.0755
1/20/2000,8.0865
1/21/2000,8.077
1/24/2000,8.0455
1/25/2000,8.0415
1/26/2000,8.069
1/27/2000,8.0815
1/28/2000,8.044
1/31/2000,8.0825
2/1/2000,8.073
2/2/2000,8.0175
2/3/2000,8.0475
2/4/2000,8.083
2/7/2000,8.059
2/8/2000,8.072
2/9/2000,8.0825
2/10/2000,8.0695
2/11/2000,8.0395
2/14/2000,8.0795
2/15/2000,8.0685
2/16/2000,8.1125
2/17/2000,8.1565
2/18/2000,8.1455
2/21/2000,8.17
2/22/2000,8.1915
2/23/2000,8.1955
2/24/2000,8.1475
2/25/2000,8.1275
2/28/2000,8.0625
2/29/2000,8.0805
3/1/2000,8.0825
3/2/2000,8.07
3/3/2000,8.084
3/6/2000,8.0765
3/7/2000,8.084
3/8/2000,8.085
3/9/2000,8.1175
3/10/2000,8.0995
3/13/2000,8.1205
3/14/2000,8.121
3/15/2000,8.14
3/16/2000,8.1585
3/17/2000,8.154
3/20/2000,8.1705
3/21/2000,8.166
3/22/2000,8.1475
3/23/2000,8.106
3/24/2000,8.13
3/27/2000,8.127
3/28/2000,8.081
3/29/2000,8.0625
3/30/2000,8.0815
3/31/2000,8.0885
4/3/2000,8.109
4/4/2000,8.1145
4/5/2000,8.157
4/6/2000,8.133
4/7/2000,8.127
4/10/2000,8.1465
4/11/2000,8.1765
4/12/2000,8.1585
4/13/2000,8.148
4/14/2000,8.149
4/17/2000,8.2075
4/18/2000,8.1775
4/19/2000,8.1733
4/20/2000,8.1655
4/25/2000,8.163
4/26/2000,8.1535
4/27/2000,8.175
4/28/2000,8.1475
5/2/2000,8.1385
5/3/2000,8.06
5/4/2000,8.1055
5/5/2000,8.125
5/8/2000,8.1375
5/9/2000,8.1495
5/10/2000,8.1935
5/11/2000,8.224
5/12/2000,8.1715
5/15/2000,8.199
5/16/2000,8.175
5/17/2000,8.154
5/18/2000,8.1565
5/19/2000,8.1505
5/22/2000,8.2155
5/23/2000,8.2665
5/24/2000,8.2745
5/25/2000,8.249
5/26/2000,8.286
5/29/2000,8.3075
5/30/2000,8.3425
5/31/2000,8.305
6/1/2000,8.321
6/2/2000,8.312
6/5/2000,8.287
6/6/2000,8.279
6/7/2000,8.2715
6/8/2000,8.3095
6/9/2000,8.3245
6/12/2000,8.305
6/13/2000,8.284
6/14/2000,8.2485
6/15/2000,8.224
6/16/2000,8.2485
6/19/2000,8.267
6/20/2000,8.2265
6/21/2000,8.223
6/22/2000,8.2135
6/23/2000,8.2025
6/26/2000,8.179
6/27/2000,8.2125
6/28/2000,8.175
6/29/2000,8.1785
6/30/2000,8.185
7/3/2000,8.169
7/4/2000,8.18
7/5/2000,8.187
7/6/2000,8.18
7/7/2000,8.173
7/10/2000,8.1655
7/11/2000,8.1755
7/12/2000,8.1515
7/13/2000,8.1475
7/14/2000,8.1515
7/17/2000,8.166
7/18/2000,8.1895
7/19/2000,8.1735
7/20/2000,8.189
7/21/2000,8.1835
7/24/2000,8.1915
7/25/2000,8.168
7/26/2000,8.1825
7/27/2000,8.195
7/28/2000,8.1835
7/31/2000,8.199
8/1/2000,8.1985
8/2/2000,8.18
8/3/2000,8.1585
8/4/2000,8.1215
8/7/2000,8.0945
8/8/2000,8.1165
8/9/2000,8.067
8/10/2000,8.087
8/11/2000,8.1195
8/14/2000,8.07
8/15/2000,8.114
8/16/2000,8.099
8/17/2000,8.09
8/18/2000,8.061
8/21/2000,8.0435
8/22/2000,8.0435
8/23/2000,8.0525
8/24/2000,8.1015
8/25/2000,8.0955
8/28/2000,8.0745
8/29/2000,8.0715
8/30/2000,8.0715
8/31/2000,8.0745
9/1/2000,8.0725
9/4/2000,8.0815
9/5/2000,8.074
9/6/2000,8.0515
9/7/2000,8.0155
9/8/2000,8.0385
9/11/2000,8.024
9/12/2000,7.98
9/13/2000,8.0435
9/14/2000,8.0405
9/15/2000,8.018
9/18/2000,7.991
9/19/2000,8.0055
9/20/2000,7.9665
9/21/2000,7.992
9/22/2000,8.0345
9/25/2000,8.027
9/26/2000,8.0215
9/27/2000,8.044
9/28/2000,8.0125
9/29/2000,8.0255
10/2/2000,8.043
10/3/2000,8.0345
10/4/2000,8.035
10/5/2000,8.048
10/6/2000,8.0355
10/9/2000,8.045
10/10/2000,8.0575
10/11/2000,8.073
10/12/2000,8.054
10/13/2000,8.047
10/16/2000,8.009
10/17/2000,8.0375
10/18/2000,8.0465
10/19/2000,8.007
10/20/2000,8.004
10/23/2000,7.9415
10/24/2000,7.9465
10/25/2000,7.946
10/26/2000,7.927
10/27/2000,7.9265
10/30/2000,7.933
10/31/2000,7.8735
11/1/2000,7.8765
11/2/2000,7.9395
11/3/2000,7.977
11/6/2000,7.977
11/7/2000,7.9785
11/8/2000,7.9635
11/9/2000,7.939
11/10/2000,8
11/13/2000,7.989
11/14/2000,8.0225
11/15/2000,8.0365
11/16/2000,8.0135
11/17/2000,8.0035
11/20/2000,7.9865
11/21/2000,8.0345
11/22/2000,8.0085
11/23/2000,8.009
11/24/2000,8.022
11/27/2000,8.015
11/28/2000,8.019
11/29/2000,8.028
11/30/2000,8.0525
12/1/2000,8.0815
12/4/2000,8.1075
12/5/2000,8.1035
12/6/2000,8.0655
12/7/2000,8.115
12/8/2000,8.112
12/11/2000,8.0905
12/12/2000,8.072
12/13/2000,8.1085
12/14/2000,8.1115
12/15/2000,8.14
12/18/2000,8.08
12/19/2000,8.1085
12/20/2000,8.1365
12/21/2000,8.177
12/22/2000,8.1915
12/27/2000,8.2485
12/28/2000,8.2525
12/29/2000,8.2335
1/2/2001,8.3065
1/3/2001,8.3145
1/4/2001,8.271
1/5/2001,8.291
1/8/2001,8.298
1/9/2001,8.2495
1/10/2001,8.205
1/11/2001,8.2
1/12/2001,8.185
1/15/2001,8.211
1/16/2001,8.208
1/17/2001,8.223
1/18/2001,8.227
1/19/2001,8.227
1/22/2001,8.211
1/23/2001,8.2755
1/24/2001,8.256
1/25/2001,8.226
1/26/2001,8.21
1/29/2001,8.195
1/30/2001,8.1865
1/31/2001,8.205
2/1/2001,8.213
2/2/2001,8.205
2/5/2001,8.204
2/6/2001,8.175
2/7/2001,8.1875
2/8/2001,8.1715
2/9/2001,8.1855
2/12/2001,8.202
2/13/2001,8.2165
2/14/2001,8.219
2/15/2001,8.2075
2/16/2001,8.195
2/19/2001,8.206
2/20/2001,8.2195
2/21/2001,8.2425
2/22/2001,8.26
2/23/2001,8.2455
2/26/2001,8.223
2/27/2001,8.2285
2/28/2001,8.244
3/1/2001,8.232
3/2/2001,8.2195
3/5/2001,8.226
3/6/2001,8.2315
3/7/2001,8.2155
3/8/2001,8.221
3/9/2001,8.207
3/12/2001,8.222
3/13/2001,8.2345
3/14/2001,8.213
3/15/2001,8.1835
3/16/2001,8.1695
3/19/2001,8.123
3/20/2001,8.1265
3/21/2001,8.1235
3/22/2001,8.1165
3/23/2001,8.0855
3/26/2001,8.083
3/27/2001,8.085
3/28/2001,8.081
3/29/2001,8.065
3/30/2001,8.057
4/2/2001,8.058
4/3/2001,8.0975
4/4/2001,8.1815
4/5/2001,8.167
4/6/2001,8.1285
4/9/2001,8.141
4/10/2001,8.1045
4/11/2001,8.0665
4/12/2001,8.0725
4/17/2001,8.048
4/18/2001,8.059
4/19/2001,8.0605
4/20/2001,8.123
4/23/2001,8.1465
4/24/2001,8.147
4/25/2001,8.1625
4/26/2001,8.1665
4/27/2001,8.155
4/30/2001,8.0925
5/2/2001,8.103
5/3/2001,8.099
5/4/2001,8.0925
5/7/2001,8.079
5/8/2001,8.054
5/9/2001,8.04
5/10/2001,8.071
5/11/2001,8.0185
5/14/2001,7.99
5/15/2001,8.019
5/16/2001,8.0335
5/17/2001,8.003
5/18/2001,7.9605
5/21/2001,7.931
5/22/2001,7.9315
5/23/2001,7.944
5/24/2001,7.9325
5/25/2001,7.901
5/28/2001,7.9115
5/29/2001,7.8865
5/30/2001,7.908
5/31/2001,7.93
6/1/2001,7.982
6/4/2001,7.98
6/5/2001,7.969
6/6/2001,7.9675
6/7/2001,7.9555
6/8/2001,7.951
6/11/2001,7.9535
6/12/2001,7.9835
6/13/2001,7.995
6/14/2001,7.9545
6/15/2001,7.998
6/18/2001,7.9225
6/19/2001,7.9
6/20/2001,7.8565
6/21/2001,7.894
6/22/2001,7.86
6/25/2001,7.9285
6/26/2001,7.936
6/27/2001,7.899
6/28/2001,7.884
6/29/2001,7.8865
7/2/2001,7.9345
7/3/2001,7.9505
7/4/2001,7.924
7/5/2001,7.9115
7/6/2001,7.928
7/9/2001,7.918
7/10/2001,7.9455
7/11/2001,7.9825
7/12/2001,7.964
7/13/2001,7.9565
7/16/2001,7.9775
7/17/2001,7.9805
7/18/2001,8.0075
7/19/2001,8.011
7/20/2001,8.017
7/23/2001,7.9865
7/24/2001,8.002
7/25/2001,8.013
7/26/2001,8.0125
7/27/2001,7.984
7/30/2001,7.98
7/31/2001,7.985
8/1/2001,8.012
8/2/2001,7.996
8/3/2001,7.9685
8/6/2001,7.9775
8/7/2001,7.969
8/8/2001,7.958
8/9/2001,7.985
8/10/2001,8.015
8/13/2001,8.0625
8/14/2001,8.068
8/15/2001,8.1235
8/16/2001,8.1035
8/17/2001,8.1325
8/20/2001,8.1135
8/21/2001,8.1215
8/22/2001,8.1105
8/23/2001,8.112
8/24/2001,8.106
8/27/2001,8.083
8/28/2001,8.068
8/29/2001,8.068
8/30/2001,8.0485
8/31/2001,8.0675
9/3/2001,8.0305
9/4/2001,7.963
9/5/2001,7.9305
9/6/2001,7.949
9/7/2001,7.9775
9/10/2001,8.0025
9/11/2001,7.947
9/12/2001,7.987
9/13/2001,7.999
9/14/2001,8.028
9/17/2001,8.0655
9/18/2001,7.9935
9/19/2001,7.967
9/20/2001,7.9315
9/21/2001,7.929
9/24/2001,7.979
9/25/2001,8.045
9/26/2001,8.051
9/27/2001,8.085
9/28/2001,8.11
10/1/2001,8.0855
10/2/2001,8.089
10/3/2001,8.0835
10/4/2001,8.0605
10/5/2001,8.07
10/8/2001,8.06
10/9/2001,8.0235
10/10/2001,7.996
10/11/2001,7.972
10/12/2001,7.9555
10/15/2001,7.9735
10/16/2001,7.9705
10/17/2001,7.9495
10/18/2001,7.9575
10/19/2001,7.969
10/22/2001,7.98
10/23/2001,7.949
10/24/2001,7.945
10/25/2001,7.949
10/26/2001,7.9525
10/29/2001,7.968
10/30/2001,7.9745
10/31/2001,7.9985
11/1/2001,7.985
11/2/2001,7.969
11/5/2001,7.9515
11/6/2001,7.9265
11/7/2001,7.9585
11/8/2001,7.892
11/9/2001,7.8935
11/12/2001,7.897
11/13/2001,7.884
11/14/2001,7.844
11/15/2001,7.9
11/16/2001,7.92
11/19/2001,7.922
11/20/2001,7.9125
11/21/2001,7.894
11/22/2001,7.883
11/23/2001,7.929
11/26/2001,7.9495
11/27/2001,7.941
11/28/2001,7.9415
11/29/2001,7.948
11/30/2001,7.951
12/3/2001,8.0015
12/4/2001,7.9665
12/5/2001,8
12/6/2001,7.976
12/7/2001,7.977
12/10/2001,7.9895
12/11/2001,8.002
12/12/2001,8.0065
12/13/2001,8.0235
12/14/2001,8.028
12/17/2001,8.037
12/18/2001,7.9935
12/19/2001,7.9805
12/20/2001,7.984
12/21/2001,7.987
12/24/2001,7.9755
12/27/2001,7.961
12/28/2001,7.9515
1/2/2002,8.0115
1/3/2002,8.0105
1/4/2002,7.9865
1/7/2002,7.975
1/8/2002,7.9585
1/9/2002,7.9475
1/10/2002,7.951
1/11/2002,7.952
1/14/2002,7.944
1/15/2002,7.9495
1/16/2002,7.912
1/17/2002,7.901
1/18/2002,7.9105
1/21/2002,7.914
1/22/2002,7.903
1/23/2002,7.9225
1/24/2002,7.876
1/25/2002,7.857
1/28/2002,7.8395
1/29/2002,7.8405
1/30/2002,7.8535
1/31/2002,7.841
2/1/2002,7.8405
2/4/2002,7.8375
2/5/2002,7.855
2/6/2002,7.829
2/7/2002,7.802
2/8/2002,7.8315
2/11/2002,7.836
2/12/2002,7.832
2/13/2002,7.827
2/14/2002,7.7795
2/15/2002,7.764
2/18/2002,7.7475
2/19/2002,7.7485
2/20/2002,7.7635
2/21/2002,7.7375
2/22/2002,7.762
2/25/2002,7.753
2/26/2002,7.735
2/27/2002,7.713
2/28/2002,7.712
3/1/2002,7.706
3/4/2002,7.6915
3/5/2002,7.6885
3/6/2002,7.7065
3/7/2002,7.712
3/8/2002,7.72
3/11/2002,7.726
3/12/2002,7.7165
3/13/2002,7.7455
3/14/2002,7.7645
3/15/2002,7.7675
3/18/2002,7.7485
3/19/2002,7.7395
3/20/2002,7.7155
3/21/2002,7.699
3/22/2002,7.693
3/25/2002,7.7025
3/26/2002,7.709
3/27/2002,7.711
3/28/2002,7.703
4/2/2002,7.6965
4/3/2002,7.6675
4/4/2002,7.6455
4/5/2002,7.646
4/8/2002,7.632
4/9/2002,7.634
4/10/2002,7.641
4/11/2002,7.623
4/12/2002,7.6235
4/15/2002,7.614
4/16/2002,7.633
4/17/2002,7.6375
4/18/2002,7.634
4/19/2002,7.604
4/22/2002,7.6095
4/23/2002,7.5925
4/24/2002,7.6235
4/25/2002,7.585
4/26/2002,7.5745
4/29/2002,7.5745
4/30/2002,7.573
5/2/2002,7.557
5/3/2002,7.5645
5/6/2002,7.587
5/7/2002,7.623
5/8/2002,7.5815
5/9/2002,7.58
5/10/2002,7.5645
5/13/2002,7.548
5/14/2002,7.5475
5/15/2002,7.536
5/16/2002,7.541
5/17/2002,7.545
5/20/2002,7.551
5/21/2002,7.536
5/22/2002,7.505
5/23/2002,7.483
5/24/2002,7.4435
5/27/2002,7.44
5/28/2002,7.404
5/29/2002,7.406
5/30/2002,7.434
5/31/2002,7.478
6/3/2002,7.4385
6/4/2002,7.4435
6/5/2002,7.4035
6/6/2002,7.389
6/7/2002,7.443
6/10/2002,7.4255
6/11/2002,7.424
6/12/2002,7.413
6/13/2002,7.413
6/14/2002,7.4155
6/17/2002,7.415
6/18/2002,7.421
6/19/2002,7.376
6/20/2002,7.3505
6/21/2002,7.376
6/24/2002,7.4005
6/25/2002,7.345
6/26/2002,7.365
6/27/2002,7.398
6/28/2002,7.4305
7/1/2002,7.414
7/2/2002,7.3535
7/3/2002,7.3415
7/4/2002,7.3225
7/5/2002,7.307
7/8/2002,7.305
7/9/2002,7.3095
7/10/2002,7.296
7/11/2002,7.285
7/12/2002,7.329
7/15/2002,7.357
7/16/2002,7.3725
7/17/2002,7.3775
7/18/2002,7.381
7/19/2002,7.438
7/22/2002,7.482
7/23/2002,7.548
7/24/2002,7.5485
7/25/2002,7.547
7/26/2002,7.563
7/29/2002,7.505
7/30/2002,7.505
7/31/2002,7.427
8/1/2002,7.449
8/2/2002,7.5075
8/5/2002,7.528
8/6/2002,7.5
8/7/2002,7.508
8/8/2002,7.478
8/9/2002,7.4635
8/12/2002,7.466
8/13/2002,7.4495
8/14/2002,7.448
8/15/2002,7.429
8/16/2002,7.374
8/19/2002,7.382
8/20/2002,7.355
8/21/2002,7.3575
8/22/2002,7.396
8/23/2002,7.4065
8/26/2002,7.3895
8/27/2002,7.3805
8/28/2002,7.381
8/29/2002,7.3945
8/30/2002,7.3815
9/2/2002,7.3925
9/3/2002,7.4375
9/4/2002,7.4425
9/5/2002,7.3815
9/6/2002,7.3535
9/9/2002,7.358
9/10/2002,7.391
9/11/2002,7.379
9/12/2002,7.371
9/13/2002,7.359
9/16/2002,7.3415
9/17/2002,7.356
9/18/2002,7.3645
9/19/2002,7.3245
9/20/2002,7.362
9/23/2002,7.355
9/24/2002,7.321
9/25/2002,7.3145
9/26/2002,7.322
9/27/2002,7.3325
9/30/2002,7.3415
10/1/2002,7.315
10/2/2002,7.302
10/3/2002,7.3125
10/4/2002,7.304
10/7/2002,7.2885
10/8/2002,7.276
10/9/2002,7.262
10/10/2002,7.305
10/11/2002,7.283
10/14/2002,7.2815
10/15/2002,7.2975
10/16/2002,7.3095
10/17/2002,7.412
10/18/2002,7.4015
10/21/2002,7.398
10/22/2002,7.434
10/23/2002,7.4015
10/24/2002,7.374
10/25/2002,7.358
10/28/2002,7.371
10/29/2002,7.391
10/30/2002,7.39
10/31/2002,7.365
11/1/2002,7.3685
11/4/2002,7.3705
11/5/2002,7.3715
11/6/2002,7.3595
11/7/2002,7.3545
11/8/2002,7.332
11/11/2002,7.2975
11/12/2002,7.3025
11/13/2002,7.321
11/14/2002,7.3145
11/15/2002,7.3025
11/18/2002,7.3135
11/19/2002,7.327
11/20/2002,7.331
11/21/2002,7.3155
11/22/2002,7.3045
11/25/2002,7.304
11/26/2002,7.264
11/27/2002,7.275
11/28/2002,7.288
11/29/2002,7.282
12/2/2002,7.2625
12/3/2002,7.275
12/4/2002,7.2655
12/5/2002,7.2745
12/6/2002,7.264
12/9/2002,7.308
12/10/2002,7.328
12/11/2002,7.344
12/12/2002,7.335
12/13/2002,7.3295
12/16/2002,7.31
12/17/2002,7.2945
12/18/2002,7.313
12/19/2002,7.285
12/20/2002,7.287
12/23/2002,7.2895
12/24/2002,7.2763
12/27/2002,7.306
12/30/2002,7.2725
12/31/2002,7.2756
1/2/2003,7.267
1/3/2003,7.236
1/6/2003,7.242
1/7/2003,7.237
1/8/2003,7.2225
1/9/2003,7.2255
1/10/2003,7.252
1/13/2003,7.2895
1/14/2003,7.3285
1/15/2003,7.302
1/16/2003,7.266
1/17/2003,7.274
1/20/2003,7.318
1/21/2003,7.343
1/22/2003,7.389
1/23/2003,7.406
1/24/2003,7.457
1/27/2003,7.4555
1/28/2003,7.47
1/29/2003,7.458
1/30/2003,7.4315
1/31/2003,7.452
2/3/2003,7.479
2/4/2003,7.487
2/5/2003,7.5635
2/6/2003,7.5145
2/7/2003,7.469
2/10/2003,7.4625
2/11/2003,7.466
2/12/2003,7.4615
2/13/2003,7.4935
2/14/2003,7.5355
2/17/2003,7.515
2/18/2003,7.5215
2/19/2003,7.5255
2/20/2003,7.536
2/21/2003,7.547
2/24/2003,7.553
2/25/2003,7.6295
2/26/2003,7.6115
2/27/2003,7.7825
2/28/2003,7.725
3/3/2003,7.7335
3/4/2003,7.777
3/5/2003,7.7775
3/6/2003,7.831
3/7/2003,7.883
3/10/2003,7.934
3/11/2003,7.934
3/12/2003,7.8665
3/13/2003,7.8195
3/14/2003,7.776
3/17/2003,7.804
3/18/2003,7.856
3/19/2003,7.8785
3/20/2003,7.92
3/21/2003,7.8615
3/24/2003,7.852
3/25/2003,7.829
3/26/2003,7.8135
3/27/2003,7.8415
3/28/2003,7.857
3/31/2003,7.8995
4/1/2003,7.925
4/2/2003,7.833
4/3/2003,7.825
4/4/2003,7.798
4/7/2003,7.772
4/8/2003,7.7735
4/9/2003,7.802
4/10/2003,7.886
4/11/2003,7.9
4/14/2003,7.876
4/15/2003,7.879
4/16/2003,7.839
4/17/2003,7.836
4/22/2003,7.8475
4/23/2003,7.835
4/24/2003,7.831
4/25/2003,7.812
4/28/2003,7.756
4/29/2003,7.7705
4/30/2003,7.838
5/2/2003,7.8535
5/5/2003,7.866
5/6/2003,7.883
5/7/2003,7.8675
5/8/2003,7.86
5/9/2003,7.8655
5/12/2003,7.8755
5/13/2003,7.874
5/14/2003,7.873
5/15/2003,7.849
5/16/2003,7.854
5/19/2003,7.92
5/20/2003,7.9305
5/21/2003,7.8415
5/22/2003,7.8475
5/23/2003,7.879
5/26/2003,7.868
5/27/2003,7.86
5/28/2003,7.8755
5/29/2003,7.8793
5/30/2003,7.8785
6/2/2003,7.8695
6/3/2003,7.965
6/4/2003,8.078
6/5/2003,8.137
6/6/2003,8.1485
6/9/2003,8.1565
6/10/2003,8.2175
6/11/2003,8.175
6/12/2003,8.195
6/13/2003,8.1515
6/16/2003,8.21
6/17/2003,8.212
6/18/2003,8.178
6/19/2003,8.1295
6/20/2003,8.158
6/23/2003,8.1775
6/24/2003,8.169
6/25/2003,8.24
6/26/2003,8.2655
6/27/2003,8.273
6/30/2003,8.2935
7/1/2003,8.3075
7/2/2003,8.242
7/3/2003,8.271
7/4/2003,8.267
7/7/2003,8.287
7/8/2003,8.286
7/9/2003,8.263
7/10/2003,8.32
7/11/2003,8.319
7/14/2003,8.322
7/15/2003,8.3575
7/16/2003,8.359
7/17/2003,8.349
7/18/2003,8.3595
7/21/2003,8.358
7/22/2003,8.343
7/23/2003,8.321
7/24/2003,8.27
7/25/2003,8.2285
7/28/2003,8.208
7/29/2003,8.248
7/30/2003,8.2065
7/31/2003,8.161
8/1/2003,8.157
8/4/2003,8.171
8/5/2003,8.227
8/6/2003,8.182
8/7/2003,8.165
8/8/2003,8.1625
8/11/2003,8.202
8/12/2003,8.2425
8/13/2003,8.281
8/14/2003,8.315
8/15/2003,8.2825
8/18/2003,8.3045
8/19/2003,8.332
8/20/2003,8.306
8/21/2003,8.2765
8/22/2003,8.286
8/25/2003,8.297
8/26/2003,8.323
8/27/2003,8.333
8/28/2003,8.2785
8/29/2003,8.247
9/1/2003,8.225
9/2/2003,8.225
9/3/2003,8.235
9/4/2003,8.1925
9/5/2003,8.2365
9/8/2003,8.2475
9/9/2003,8.256
9/10/2003,8.283
9/11/2003,8.26
9/12/2003,8.2585
9/15/2003,8.277
9/16/2003,8.27
9/17/2003,8.209
9/18/2003,8.176
9/19/2003,8.157
9/22/2003,8.17
9/23/2003,8.1385
9/24/2003,8.078
9/25/2003,8.0445
9/26/2003,8.083
9/29/2003,8.0875
9/30/2003,8.184
10/1/2003,8.2325
10/2/2003,8.181
10/3/2003,8.158
10/6/2003,8.164
10/7/2003,8.203
10/8/2003,8.213
10/9/2003,8.219
10/10/2003,8.227
10/13/2003,8.225
10/14/2003,8.2375
10/15/2003,8.2655
10/16/2003,8.25
10/17/2003,8.2445
10/20/2003,8.273
10/21/2003,8.274
10/22/2003,8.253
10/23/2003,8.235
10/24/2003,8.24
10/27/2003,8.25
10/28/2003,8.236
10/29/2003,8.212
10/30/2003,8.226
10/31/2003,8.211
11/3/2003,8.227
11/4/2003,8.233
11/5/2003,8.248
11/6/2003,8.2425
11/7/2003,8.234
11/10/2003,8.232
11/11/2003,8.21
11/12/2003,8.201
11/13/2003,8.182
11/14/2003,8.215
11/17/2003,8.205
11/18/2003,8.189
11/19/2003,8.186
11/20/2003,8.173
11/21/2003,8.1625
11/24/2003,8.1645
11/25/2003,8.157
11/26/2003,8.15
11/27/2003,8.1645
11/28/2003,8.1625
12/1/2003,8.175
12/2/2003,8.1635
12/3/2003,8.1425
12/4/2003,8.0905
12/5/2003,8.08
12/8/2003,8.0795
12/9/2003,8.11
12/10/2003,8.13
12/11/2003,8.1735
12/12/2003,8.185
12/15/2003,8.203
12/16/2003,8.222
12/17/2003,8.275
12/18/2003,8.335
12/19/2003,8.332
12/22/2003,8.327
12/23/2003,8.3715
12/24/2003,8.4198
12/29/2003,8.434
12/30/2003,8.421
12/31/2003,8.4141
1/2/2004,8.3935
1/5/2004,8.406
1/6/2004,8.566
1/7/2004,8.5695
1/8/2004,8.608
1/9/2004,8.6475
1/12/2004,8.6065
1/13/2004,8.569
1/14/2004,8.567
1/15/2004,8.5415
1/16/2004,8.601
1/19/2004,8.6065
1/20/2004,8.6045
1/21/2004,8.64
1/22/2004,8.543
1/23/2004,8.593
1/26/2004,8.614
1/27/2004,8.601
1/28/2004,8.682
1/29/2004,8.764
1/30/2004,8.719
2/2/2004,8.6975
2/3/2004,8.683
2/4/2004,8.721
2/5/2004,8.737
2/6/2004,8.7355
2/9/2004,8.6975
2/10/2004,8.819
2/11/2004,8.8155
2/12/2004,8.86
2/13/2004,8.82
2/16/2004,8.812
2/17/2004,8.784
2/18/2004,8.7985
2/19/2004,8.796
2/20/2004,8.823
2/23/2004,8.783
2/24/2004,8.7775
2/25/2004,8.826
2/26/2004,8.78
2/27/2004,8.737
3/1/2004,8.717
3/2/2004,8.685
3/3/2004,8.6985
3/4/2004,8.6365
3/5/2004,8.665
3/8/2004,8.651
3/9/2004,8.644
3/10/2004,8.656
3/11/2004,8.584
3/12/2004,8.56
3/15/2004,8.4895
3/16/2004,8.479
3/17/2004,8.462
3/18/2004,8.502
3/19/2004,8.515
3/22/2004,8.429
3/23/2004,8.432
3/24/2004,8.429
3/25/2004,8.458
3/26/2004,8.446
3/29/2004,8.4525
3/30/2004,8.4085
3/31/2004,8.436
4/1/2004,8.474
4/2/2004,8.408
4/5/2004,8.3735
4/6/2004,8.375
4/7/2004,8.3835
4/8/2004,8.3616
4/13/2004,8.308
4/14/2004,8.306
4/15/2004,8.272
4/16/2004,8.282
4/19/2004,8.2955
4/20/2004,8.278
4/21/2004,8.28
4/22/2004,8.253
4/23/2004,8.238
4/26/2004,8.2415
4/27/2004,8.227
4/28/2004,8.203
4/29/2004,8.171
4/30/2004,8.221
5/3/2004,8.2105
5/4/2004,8.232
5/5/2004,8.173
5/6/2004,8.161
5/7/2004,8.093
5/10/2004,8.099
5/11/2004,8.197
5/12/2004,8.2015
5/13/2004,8.163
5/14/2004,8.185
5/17/2004,8.2775
5/18/2004,8.274
5/19/2004,8.301
5/20/2004,8.2685
5/21/2004,8.251
5/24/2004,8.235
5/25/2004,8.222
5/26/2004,8.217
5/27/2004,8.184
5/28/2004,8.212
5/31/2004,8.1993
6/1/2004,8.18
6/2/2004,8.193
6/3/2004,8.191
6/4/2004,8.182
6/7/2004,8.186
6/8/2004,8.1885
6/9/2004,8.183
6/10/2004,8.28
6/11/2004,8.2925
6/14/2004,8.3325
6/15/2004,8.304
6/16/2004,8.297
6/17/2004,8.348
6/18/2004,8.381
6/21/2004,8.3515
6/22/2004,8.324
6/23/2004,8.354
6/24/2004,8.358
6/25/2004,8.2785
6/28/2004,8.3145
6/29/2004,8.3285
6/30/2004,8.4365
7/1/2004,8.441
7/2/2004,8.4925
7/5/2004,8.489
7/6/2004,8.4665
7/7/2004,8.4405
7/8/2004,8.462
7/9/2004,8.4545
7/12/2004,8.458
7/13/2004,8.4735
7/14/2004,8.518
7/15/2004,8.515
7/16/2004,8.478
7/19/2004,8.477
7/20/2004,8.487
7/21/2004,8.505
7/22/2004,8.48
7/23/2004,8.477
7/26/2004,8.507
7/27/2004,8.494
7/28/2004,8.4605
7/29/2004,8.456
7/30/2004,8.42
8/2/2004,8.442
8/3/2004,8.426
8/4/2004,8.4145
8/5/2004,8.3675
8/6/2004,8.34
8/9/2004,8.3205
8/10/2004,8.3215
8/11/2004,8.329
8/12/2004,8.319
8/13/2004,8.289
8/16/2004,8.28
8/17/2004,8.281
8/18/2004,8.319
8/19/2004,8.2945
8/20/2004,8.246
8/23/2004,8.262
8/24/2004,8.283
8/25/2004,8.313
8/26/2004,8.336
8/27/2004,8.353
8/30/2004,8.355
8/31/2004,8.401
9/1/2004,8.3695
9/2/2004,8.3475
9/3/2004,8.3115
9/6/2004,8.3225
9/7/2004,8.3365
9/8/2004,8.3335
9/9/2004,8.3055
9/10/2004,8.3225
9/13/2004,8.3495
9/14/2004,8.363
9/15/2004,8.398
9/16/2004,8.4375
9/17/2004,8.435
9/20/2004,8.42
9/21/2004,8.395
9/22/2004,8.3935
9/23/2004,8.341
9/24/2004,8.339
9/27/2004,8.3655
9/28/2004,8.3505
9/29/2004,8.351
9/30/2004,8.341
10/1/2004,8.328
10/4/2004,8.295
10/5/2004,8.278
10/6/2004,8.27
10/7/2004,8.2855
10/8/2004,8.3
10/11/2004,8.226
10/12/2004,8.1925
10/13/2004,8.226
10/14/2004,8.1955
10/15/2004,8.216
10/18/2004,8.239
10/19/2004,8.24
10/20/2004,8.23
10/21/2004,8.2345
10/22/2004,8.2115
10/25/2004,8.2265
10/26/2004,8.237
10/27/2004,8.162
10/28/2004,8.1935
10/29/2004,8.1465
11/1/2004,8.127
11/2/2004,8.178
11/3/2004,8.193
11/4/2004,8.154
11/5/2004,8.179
11/8/2004,8.191
11/9/2004,8.23
11/10/2004,8.178
11/11/2004,8.145
11/12/2004,8.113
11/15/2004,8.083
11/16/2004,8.0935
11/17/2004,8.1265
11/18/2004,8.1265
11/19/2004,8.132
11/22/2004,8.168
11/23/2004,8.156
11/24/2004,8.132
11/25/2004,8.1195
11/26/2004,8.106
11/29/2004,8.07
11/30/2004,8.105
12/1/2004,8.1295
12/2/2004,8.1665
12/3/2004,8.175
12/6/2004,8.143
12/7/2004,8.1355
12/8/2004,8.2105
12/9/2004,8.241
12/10/2004,8.218
12/13/2004,8.204
12/14/2004,8.2
12/15/2004,8.226
12/16/2004,8.1855
12/17/2004,8.217
12/20/2004,8.229
12/21/2004,8.2575
12/22/2004,8.283
12/23/2004,8.2825
12/24/2004,8.2815
12/27/2004,8.265
12/28/2004,8.272
12/29/2004,8.275
12/30/2004,8.2435
12/31/2004,8.2365
1/3/2005,8.2135
1/4/2005,8.246
1/5/2005,8.2835
1/6/2005,8.2535
1/7/2005,8.221
1/10/2005,8.227
1/11/2005,8.2045
1/12/2005,8.194
1/13/2005,8.186
1/14/2005,8.175
1/17/2005,8.195
1/18/2005,8.161
1/19/2005,8.1475
1/20/2005,8.179
1/21/2005,8.197
1/24/2005,8.1915
1/25/2005,8.2065
1/26/2005,8.228
1/27/2005,8.243
1/28/2005,8.25
1/31/2005,8.26
2/1/2005,8.2945
2/2/2005,8.269
2/3/2005,8.26
2/4/2005,8.292
2/7/2005,8.346
2/8/2005,8.396
2/9/2005,8.354
2/10/2005,8.4305
2/11/2005,8.422
2/14/2005,8.4165
2/15/2005,8.372
2/16/2005,8.359
2/17/2005,8.366
2/18/2005,8.288
2/21/2005,8.2855
2/22/2005,8.27
2/23/2005,8.2605
2/24/2005,8.235
2/25/2005,8.2615
2/28/2005,8.22
3/1/2005,8.212
3/2/2005,8.206
3/3/2005,8.221
3/4/2005,8.2275
3/7/2005,8.216
3/8/2005,8.201
3/9/2005,8.175
3/10/2005,8.174
3/11/2005,8.177
3/14/2005,8.176
3/15/2005,8.186
3/16/2005,8.201
3/17/2005,8.141
3/18/2005,8.128
3/21/2005,8.14
3/22/2005,8.1735
3/23/2005,8.1818
3/24/2005,8.2
3/29/2005,8.219
3/30/2005,8.186
3/31/2005,8.206
4/1/2005,8.195
4/4/2005,8.198
4/5/2005,8.164
4/6/2005,8.167
4/7/2005,8.162
4/8/2005,8.1635
4/11/2005,8.173
4/12/2005,8.176
4/13/2005,8.191
4/14/2005,8.2465
4/15/2005,8.232
4/18/2005,8.22
4/19/2005,8.2075
4/20/2005,8.1865
4/21/2005,8.156
4/22/2005,8.1625
4/25/2005,8.155
4/26/2005,8.1315
4/27/2005,8.127
4/28/2005,8.145
4/29/2005,8.143
5/2/2005,8.1365
5/3/2005,8.144
5/4/2005,8.1115
5/5/2005,8.1119
5/6/2005,8.1115
5/9/2005,8.1265
5/10/2005,8.091
5/11/2005,8.083
5/12/2005,8.092
5/13/2005,8.096
5/16/2005,8.1136
5/17/2005,8.0956
5/18/2005,8.094
5/19/2005,8.1135
5/20/2005,8.1345
5/23/2005,8.113
5/24/2005,8.0885
5/25/2005,8.056
5/26/2005,8.009
5/27/2005,7.971
5/30/2005,7.9585
5/31/2005,7.939
6/1/2005,7.917
6/2/2005,7.906
6/3/2005,7.898
6/6/2005,7.8725
6/7/2005,7.857
6/8/2005,7.9
6/9/2005,7.9135
6/10/2005,7.8375
6/13/2005,7.8485
6/14/2005,7.8765
6/15/2005,7.871
6/16/2005,7.8615
6/17/2005,7.863
6/20/2005,7.877
6/21/2005,7.874
6/22/2005,7.876
6/23/2005,7.93
6/24/2005,7.9725
6/27/2005,7.939
6/28/2005,7.9465
6/29/2005,7.897
6/30/2005,7.9155
7/1/2005,7.881
7/4/2005,7.8815
7/5/2005,7.914
7/6/2005,7.914
7/7/2005,7.916
7/8/2005,7.8755
7/11/2005,7.912
7/12/2005,7.8965
7/13/2005,7.8895
7/14/2005,7.922
7/15/2005,7.9695
7/18/2005,7.9515
7/19/2005,8.016
7/20/2005,7.961
7/21/2005,7.952
7/22/2005,7.974
7/25/2005,7.9155
7/26/2005,7.89
7/27/2005,7.9035
7/28/2005,7.8985
7/29/2005,7.887
8/1/2005,7.8575
8/2/2005,7.8465
8/3/2005,7.8425
8/4/2005,7.879
8/5/2005,7.8955
8/8/2005,7.93
8/9/2005,7.8905
8/10/2005,7.8965
8/11/2005,7.8975
8/12/2005,7.8885
8/15/2005,7.951
8/16/2005,7.9515
8/17/2005,7.9215
8/18/2005,7.944
8/19/2005,7.9805
8/22/2005,7.9835
8/23/2005,8.0085
8/24/2005,7.964
8/25/2005,7.9255
8/26/2005,7.926
8/29/2005,7.897
8/30/2005,7.9355
8/31/2005,7.866
9/1/2005,7.8445
9/2/2005,7.7825
9/5/2005,7.825
9/6/2005,7.827
9/7/2005,7.8065
9/8/2005,7.7895
9/9/2005,7.798
9/12/2005,7.8015
9/13/2005,7.821
9/14/2005,7.814
9/15/2005,7.7915
9/16/2005,7.7945
9/19/2005,7.794
9/20/2005,7.777
9/21/2005,7.7925
9/22/2005,7.779
9/23/2005,7.791
9/26/2005,7.8215
9/27/2005,7.8205
9/28/2005,7.8265
9/29/2005,7.816
9/30/2005,7.877
10/3/2005,7.8855
10/4/2005,7.8815
10/5/2005,7.891
10/6/2005,7.8735
10/7/2005,7.888
10/10/2005,7.8715
10/11/2005,7.845
10/12/2005,7.802
10/13/2005,7.8145
10/14/2005,7.8335
10/17/2005,7.8175
10/18/2005,7.821
10/19/2005,7.8035
10/20/2005,7.8
10/21/2005,7.7925
10/24/2005,7.8265
10/25/2005,7.834
10/26/2005,7.822
10/27/2005,7.811
10/28/2005,7.809
10/31/2005,7.806
11/1/2005,7.7825
11/2/2005,7.785
11/3/2005,7.8075
11/4/2005,7.7975
11/7/2005,7.782
11/8/2005,7.794
11/9/2005,7.7485
11/10/2005,7.737
11/11/2005,7.745
11/14/2005,7.779
11/15/2005,7.793
11/16/2005,7.8135
11/17/2005,7.8545
11/18/2005,7.882
11/21/2005,7.8935
11/22/2005,7.8505
11/23/2005,7.863
11/24/2005,7.873
11/25/2005,7.877
11/28/2005,7.87
11/29/2005,7.949
11/30/2005,7.9715
12/1/2005,7.972
12/2/2005,7.917
12/5/2005,7.894
12/6/2005,7.875
12/7/2005,7.926
12/8/2005,7.925
12/9/2005,7.927
12/12/2005,7.9775
12/13/2005,7.952
12/14/2005,7.951
12/15/2005,7.9595
12/16/2005,7.9685
12/19/2005,8.011
12/20/2005,8.033
12/21/2005,8.0495
12/22/2005,8.0325
12/23/2005,8.029
12/27/2005,8.018
12/28/2005,8.029
12/29/2005,8.0165
12/30/2005,7.985
1/2/2006,7.9805
1/3/2006,7.9615
1/4/2006,7.9335
1/5/2006,7.9325
1/6/2006,7.9295
1/9/2006,7.935
1/10/2006,7.981
1/11/2006,8.031
1/12/2006,8.078
1/13/2006,8.0475
1/16/2006,8.049
1/17/2006,8.1065
1/18/2006,8.124
1/19/2006,8.129
1/20/2006,8.0845
1/23/2006,8.0495
1/24/2006,8.046
1/25/2006,8.031
1/26/2006,8.069
1/27/2006,8.088
1/30/2006,8.1275
1/31/2006,8.092
2/1/2006,8.0585
2/2/2006,8.0505
2/3/2006,8.0225
2/6/2006,8.047
2/7/2006,8.0465
2/8/2006,8.0165
2/9/2006,8.0155
2/10/2006,8.0755
2/13/2006,8.102
2/14/2006,8.136
2/15/2006,8.1375
2/16/2006,8.107
2/17/2006,8.06
2/20/2006,8.0555
2/21/2006,8.0545
2/22/2006,8.0575
2/23/2006,8.046
2/24/2006,8.0465
2/27/2006,8.0265
2/28/2006,8.024
3/1/2006,8.029
3/2/2006,8.0095
3/3/2006,8.012
3/6/2006,7.979
3/7/2006,7.9875
3/8/2006,8.0075
3/9/2006,8.0235
3/10/2006,7.9735
3/13/2006,7.9755
3/14/2006,7.96
3/15/2006,7.968
3/16/2006,7.9995
3/17/2006,7.9765
3/20/2006,7.9535
3/21/2006,7.953
3/22/2006,7.9435
3/23/2006,7.967
3/24/2006,7.969
3/27/2006,7.967
3/28/2006,7.9385
3/29/2006,7.945
3/30/2006,7.977
3/31/2006,7.9675
4/3/2006,7.9165
4/4/2006,7.884
4/5/2006,7.8865
4/6/2006,7.892
4/7/2006,7.876
4/10/2006,7.8575
4/11/2006,7.8225
4/12/2006,7.8263
4/13/2006,7.8562
4/18/2006,7.854
4/19/2006,7.8105
4/20/2006,7.79
4/21/2006,7.843
4/24/2006,7.831
4/25/2006,7.8475
4/26/2006,7.797
4/27/2006,7.796
4/28/2006,7.757
5/2/2006,7.775
5/3/2006,7.7615
5/4/2006,7.748
5/5/2006,7.767
5/8/2006,7.7865
5/9/2006,7.7995
5/10/2006,7.767
5/11/2006,7.761
5/12/2006,7.7645
5/15/2006,7.7885
5/16/2006,7.836
5/17/2006,7.821
5/18/2006,7.839
5/19/2006,7.805
5/22/2006,7.806
5/23/2006,7.823
5/24/2006,7.8255
5/25/2006,7.816
5/26/2006,7.823
5/29/2006,7.8195
5/30/2006,7.825
5/31/2006,7.8155
6/1/2006,7.7835
6/2/2006,7.7765
6/5/2006,7.7603
6/6/2006,7.7655
6/7/2006,7.8045
6/8/2006,7.831
6/9/2006,7.8165
6/12/2006,7.788
6/13/2006,7.808
6/14/2006,7.837
6/15/2006,7.8475
6/16/2006,7.8605
6/19/2006,7.8555
6/20/2006,7.898
6/21/2006,7.914
6/22/2006,7.971
6/23/2006,7.918
6/26/2006,7.9285
6/27/2006,7.9435
6/28/2006,7.9035
6/29/2006,7.8825
6/30/2006,7.936
7/3/2006,7.98
7/4/2006,7.97
7/5/2006,7.9545
7/6/2006,7.939
7/7/2006,7.953
7/10/2006,7.986
7/11/2006,7.9905
7/12/2006,7.9475
7/13/2006,7.928
7/14/2006,7.9155
7/17/2006,7.905
7/18/2006,7.9295
7/19/2006,7.969
7/20/2006,7.932
7/21/2006,7.933
7/24/2006,7.954
7/25/2006,7.94
7/26/2006,7.934
7/27/2006,7.9065
7/28/2006,7.8825
7/31/2006,7.8615
8/1/2006,7.8745
8/2/2006,7.8745
8/3/2006,7.8705
8/4/2006,7.8835
8/7/2006,7.8785
8/8/2006,7.9095
8/9/2006,7.945
8/10/2006,7.95
8/11/2006,7.9565
8/14/2006,7.998
8/15/2006,8.029
8/16/2006,8.016
8/17/2006,8.078
8/18/2006,8.072
8/21/2006,8.048
8/22/2006,8.0275
8/23/2006,8.043
8/24/2006,8.0755
8/25/2006,8.0655
8/28/2006,8.0345
8/29/2006,8.0425
8/30/2006,8.0655
8/31/2006,8.0795
9/1/2006,8.107
9/4/2006,8.126
9/5/2006,8.132
9/6/2006,8.1465
9/7/2006,8.1875
9/8/2006,8.2185
9/11/2006,8.308
9/12/2006,8.295
9/13/2006,8.3825
9/14/2006,8.332
9/15/2006,8.2775
9/18/2006,8.283
9/19/2006,8.2735
9/20/2006,8.279
9/21/2006,8.281
9/22/2006,8.3455
9/25/2006,8.3895
9/26/2006,8.3135
9/27/2006,8.265
9/28/2006,8.223
9/29/2006,8.235
10/2/2006,8.3425
10/3/2006,8.3735
10/4/2006,8.3995
10/5/2006,8.378
10/6/2006,8.4315
10/9/2006,8.42
10/10/2006,8.361
10/11/2006,8.418
10/12/2006,8.453
10/13/2006,8.4285
10/16/2006,8.461
10/17/2006,8.471
10/18/2006,8.471
10/19/2006,8.476
10/20/2006,8.4135
10/23/2006,8.426
10/24/2006,8.3855
10/25/2006,8.338
10/26/2006,8.2875
10/27/2006,8.311
10/30/2006,8.3335
10/31/2006,8.332
11/1/2006,8.3005
11/2/2006,8.243
11/3/2006,8.2445
11/6/2006,8.251
11/7/2006,8.251
11/8/2006,8.243
11/9/2006,8.2315
11/10/2006,8.2005
11/13/2006,8.197
11/14/2006,8.212
11/15/2006,8.246
11/16/2006,8.2225
11/17/2006,8.268
11/20/2006,8.262
11/21/2006,8.266
11/22/2006,8.252
11/23/2006,8.26
11/24/2006,8.2625
11/27/2006,8.269
11/28/2006,8.281
11/29/2006,8.252
11/30/2006,8.166
12/1/2006,8.1625
12/4/2006,8.1565
12/5/2006,8.13
12/6/2006,8.135
12/7/2006,8.0945
12/8/2006,8.118
12/11/2006,8.122
12/12/2006,8.132
12/13/2006,8.152
12/14/2006,8.15
12/15/2006,8.16
12/18/2006,8.141
12/19/2006,8.164
12/20/2006,8.161
12/21/2006,8.133
12/22/2006,8.177
12/27/2006,8.228
12/28/2006,8.2375
12/29/2006,8.238
1/2/2007,8.208
1/3/2007,8.2385
1/4/2007,8.273
1/5/2007,8.283
1/8/2007,8.264
1/9/2007,8.2555
1/10/2007,8.2985
1/11/2007,8.3525
1/12/2007,8.3435
1/15/2007,8.329
1/16/2007,8.314
1/17/2007,8.348
1/18/2007,8.364
1/19/2007,8.368
1/22/2007,8.3675
1/23/2007,8.35
1/24/2007,8.2635
1/25/2007,8.212
1/26/2007,8.1935
1/29/2007,8.175
1/30/2007,8.168
1/31/2007,8.148
2/1/2007,8.1255
2/2/2007,8.1355
2/5/2007,8.12
2/6/2007,8.112
2/7/2007,8.0895
2/8/2007,8.0955
2/9/2007,8.131
2/12/2007,8.0955
2/13/2007,8.111
2/14/2007,8.089
2/15/2007,8.0825
2/16/2007,8.0445
2/19/2007,8.044
2/20/2007,8.0415
2/21/2007,8.0625
2/22/2007,8.0635
2/23/2007,8.066
2/26/2007,8.063
2/27/2007,8.059
2/28/2007,8.12
3/1/2007,8.109
3/2/2007,8.116
3/5/2007,8.183
3/6/2007,8.1615
3/7/2007,8.1475
3/8/2007,8.153
3/9/2007,8.112
3/12/2007,8.122
3/13/2007,8.0945
3/14/2007,8.1225
3/15/2007,8.087
3/16/2007,8.1395
3/19/2007,8.148
3/20/2007,8.165
3/21/2007,8.195
3/22/2007,8.168
3/23/2007,8.115
3/26/2007,8.127
3/27/2007,8.127
3/28/2007,8.1335
3/29/2007,8.102
3/30/2007,8.119
4/2/2007,8.1585
4/3/2007,8.17
4/4/2007,8.1675
4/5/2007,8.133
4/10/2007,8.106
4/11/2007,8.093
4/12/2007,8.0885
4/13/2007,8.0985
4/16/2007,8.0925
4/17/2007,8.079
4/18/2007,8.11
4/19/2007,8.1075
4/20/2007,8.1075
4/23/2007,8.107
4/24/2007,8.103
4/25/2007,8.164
4/26/2007,8.1185
4/27/2007,8.138
4/30/2007,8.1265
5/2/2007,8.1265
5/3/2007,8.122
5/4/2007,8.128
5/7/2007,8.122
5/8/2007,8.136
5/9/2007,8.134
5/10/2007,8.159
5/11/2007,8.177
5/14/2007,8.1985
5/15/2007,8.1935
5/16/2007,8.1725
5/17/2007,8.1721
5/18/2007,8.175
5/21/2007,8.167
5/22/2007,8.1325
5/23/2007,8.121
5/24/2007,8.1055
5/25/2007,8.0945
5/28/2007,8.0951
5/29/2007,8.099
5/30/2007,8.1175
5/31/2007,8.1195
6/1/2007,8.111
6/4/2007,8.1085
6/5/2007,8.084
6/6/2007,8.08
6/7/2007,8.082
6/8/2007,8.1005
6/11/2007,8.1195
6/12/2007,8.1115
6/13/2007,8.101
6/14/2007,8.1075
6/15/2007,8.0935
6/18/2007,8.075
6/19/2007,8.079
6/20/2007,8.0525
6/21/2007,8.0345
6/22/2007,7.987
6/25/2007,8.004
6/26/2007,8.01
6/27/2007,7.9725
6/28/2007,7.952
6/29/2007,7.9725
7/2/2007,7.969
7/3/2007,7.938
7/4/2007,7.9365
7/5/2007,7.924
7/6/2007,7.9125
7/9/2007,7.913
7/10/2007,7.966
7/11/2007,7.9655
7/12/2007,7.9325
7/13/2007,7.913
7/16/2007,7.9025
7/17/2007,7.8845
7/18/2007,7.9225
7/19/2007,7.9035
7/20/2007,7.902
7/23/2007,7.912
7/24/2007,7.9135
7/25/2007,7.951
7/26/2007,7.976
7/27/2007,8.04
7/30/2007,8
7/31/2007,7.9595
8/1/2007,7.993
8/2/2007,7.9635
8/3/2007,7.9305
8/6/2007,7.9425
8/7/2007,7.9765
8/8/2007,7.9625
8/9/2007,7.942
8/10/2007,7.9985
8/13/2007,7.9845
8/14/2007,7.975
8/15/2007,7.991
8/16/2007,8.035
8/17/2007,8.0375
8/20/2007,7.991
8/21/2007,7.9985
8/22/2007,7.992
8/23/2007,7.9645
8/24/2007,7.954
8/27/2007,7.9515
8/28/2007,7.9475
8/29/2007,7.9565
8/30/2007,7.959
8/31/2007,7.944
9/3/2007,7.9315
9/4/2007,7.929
9/5/2007,7.9105
9/6/2007,7.9075
9/7/2007,7.9085
9/10/2007,7.896
9/11/2007,7.8515
9/12/2007,7.8325
9/13/2007,7.8345
9/14/2007,7.8275
9/17/2007,7.802
9/18/2007,7.807
9/19/2007,7.7775
9/20/2007,7.7815
9/21/2007,7.7865
9/24/2007,7.783
9/25/2007,7.806
9/26/2007,7.771
9/27/2007,7.75
9/28/2007,7.7185
10/1/2007,7.6875
10/2/2007,7.6965
10/3/2007,7.699
10/4/2007,7.693
10/5/2007,7.653
10/8/2007,7.67
10/9/2007,7.7055
10/10/2007,7.697
10/11/2007,7.6815
10/12/2007,7.649
10/15/2007,7.661
10/16/2007,7.666
10/17/2007,7.672
10/18/2007,7.6705
10/19/2007,7.6715
10/22/2007,7.7335
10/23/2007,7.69
10/24/2007,7.7455
10/25/2007,7.73
10/26/2007,7.7095
10/29/2007,7.722
10/30/2007,7.721
10/31/2007,7.791
11/1/2007,7.8295
11/2/2007,7.843
11/5/2007,7.8155
11/6/2007,7.78
11/7/2007,7.766
11/8/2007,7.741
11/9/2007,7.8115
11/12/2007,7.874
11/13/2007,7.909
11/14/2007,7.9275
11/15/2007,7.9935
11/16/2007,8.0315
11/19/2007,8.078
11/20/2007,7.995
11/21/2007,8.0415
11/22/2007,8.0255
11/23/2007,8.0485
11/26/2007,8.0375
11/27/2007,8.08
11/28/2007,8.1075
11/29/2007,8.0925
11/30/2007,8.114
12/3/2007,8.102
12/4/2007,8.109
12/5/2007,8.07
12/6/2007,8.046
12/7/2007,8.017
12/10/2007,7.992
12/11/2007,7.9975
12/12/2007,7.9565
12/13/2007,7.932
12/14/2007,7.975
12/17/2007,7.978
12/18/2007,8.026
12/19/2007,8.0385
12/20/2007,8.03
12/21/2007,8.034
12/24/2007,7.9918
12/27/2007,7.9955
12/28/2007,7.974
12/31/2007,7.958
1/2/2008,7.9855
1/3/2008,7.925
1/4/2008,7.865
1/7/2008,7.8685
1/8/2008,7.8895
1/9/2008,7.891
1/10/2008,7.839
1/11/2008,7.8185
1/14/2008,7.8275
1/15/2008,7.833
1/16/2008,7.942
1/17/2008,7.954
1/18/2008,7.9915
1/21/2008,8.0265
1/22/2008,8.044
1/23/2008,8.063
1/24/2008,8.036
1/25/2008,8.024
1/28/2008,8.0655
1/29/2008,8.035
1/30/2008,8.045
1/31/2008,8.076
2/1/2008,8.0265
2/4/2008,8.029
2/5/2008,8.0095
2/6/2008,8.0555
2/7/2008,8.07
2/8/2008,8.0245
2/11/2008,8.0265
2/12/2008,8.003
2/13/2008,7.983
2/14/2008,7.951
2/15/2008,7.9255
2/18/2008,7.915
2/19/2008,7.8605
2/20/2008,7.877
2/21/2008,7.8615
2/22/2008,7.8895
2/25/2008,7.881
2/26/2008,7.8845
2/27/2008,7.854
2/28/2008,7.8665
2/29/2008,7.914
3/3/2008,7.925
3/4/2008,7.8535
3/5/2008,7.8565
3/6/2008,7.834
3/7/2008,7.9145
3/10/2008,7.8855
3/11/2008,7.878
3/12/2008,7.8905
3/13/2008,7.9005
3/14/2008,7.9885
3/17/2008,8.057
3/18/2008,8.0675
3/19/2008,8.0448
3/20/2008,8.1178
3/25/2008,8.0865
3/26/2008,8.0475
3/27/2008,8.017
3/28/2008,8.0475
3/31/2008,8.051
4/1/2008,8.072
4/2/2008,8.065
4/3/2008,8.003
4/4/2008,7.998
4/7/2008,7.9685
4/8/2008,7.9565
4/9/2008,7.941
4/10/2008,7.927
4/11/2008,7.9415
4/14/2008,7.9445
4/15/2008,7.9105
4/16/2008,7.8985
4/17/2008,7.9105
4/18/2008,7.951
4/21/2008,7.9445
4/22/2008,7.923
4/23/2008,7.925
4/24/2008,7.9595
4/25/2008,8.024
4/28/2008,7.9655
4/29/2008,7.98
4/30/2008,7.974
5/2/2008,7.926
5/5/2008,7.915
5/6/2008,7.869
5/7/2008,7.8545
5/8/2008,7.874
5/9/2008,7.844
5/12/2008,7.8413
5/13/2008,7.846
5/14/2008,7.844
5/15/2008,7.859
5/16/2008,7.856
5/19/2008,7.7885
5/20/2008,7.819
5/21/2008,7.855
5/22/2008,7.8545
5/23/2008,7.901
5/26/2008,7.8895
5/27/2008,7.876
5/28/2008,7.8655
5/29/2008,7.876
5/30/2008,7.908
6/2/2008,7.9425
6/3/2008,7.9615
6/4/2008,7.9755
6/5/2008,7.968
6/6/2008,7.9415
6/9/2008,7.937
6/10/2008,7.969
6/11/2008,7.99
6/12/2008,8.0375
6/13/2008,8.05
6/16/2008,8.031
6/17/2008,8.0235
6/18/2008,8.0405
6/19/2008,8.0365
6/20/2008,8.0435
6/23/2008,8.013
6/24/2008,7.9745
6/25/2008,7.9405
6/26/2008,7.959
6/27/2008,7.979
6/30/2008,8.009
7/1/2008,8.004
7/2/2008,8.04
7/3/2008,8.0475
7/4/2008,7.986
7/7/2008,7.9855
7/8/2008,8.0135
7/9/2008,8.048
7/10/2008,8.0605
7/11/2008,8.0605
7/14/2008,8.0525
7/15/2008,8.037
7/16/2008,8.066
7/17/2008,8.064
7/18/2008,8.059
7/21/2008,8.0585
7/22/2008,8.0555
7/23/2008,8.09
7/24/2008,8.1
7/25/2008,8.0815
7/28/2008,8.075
7/29/2008,8.0725
7/30/2008,8.043
7/31/2008,8.0205
8/1/2008,7.996
8/4/2008,7.9995
8/5/2008,8.0315
8/6/2008,8.028
8/7/2008,7.997
8/8/2008,7.9915
8/11/2008,7.9975
8/12/2008,8.012
8/13/2008,7.996
8/14/2008,8.006
8/15/2008,7.9665
8/18/2008,7.974
8/19/2008,7.9525
8/20/2008,7.956
8/21/2008,7.945
8/22/2008,7.9335
8/25/2008,7.933
8/26/2008,7.9155
8/27/2008,7.926
8/28/2008,7.917
8/29/2008,7.9435
9/1/2008,7.9635
9/2/2008,8.0065
9/3/2008,8.011
9/4/2008,8.022
9/5/2008,8.0065
9/8/2008,7.9975
9/9/2008,8.033
9/10/2008,8.06
9/11/2008,8.097
9/12/2008,8.1165
9/15/2008,8.183
9/16/2008,8.246
9/17/2008,8.29
9/18/2008,8.334
9/19/2008,8.258
9/22/2008,8.1675
9/23/2008,8.215
9/24/2008,8.259
9/25/2008,8.271
9/26/2008,8.268
9/29/2008,8.308
9/30/2008,8.333
10/1/2008,8.26
10/2/2008,8.291
10/3/2008,8.292
10/6/2008,8.348
10/7/2008,8.381
10/8/2008,8.3975
10/9/2008,8.364
10/10/2008,8.4175
10/13/2008,8.4285
10/14/2008,8.4375
10/15/2008,8.6035
10/16/2008,8.9
10/17/2008,8.895
10/20/2008,8.787
10/21/2008,8.894
10/22/2008,9.0135
10/23/2008,9.155
10/24/2008,8.8
10/27/2008,8.815
10/28/2008,8.55
10/29/2008,8.554
10/30/2008,8.52
10/31/2008,8.53
11/3/2008,8.48
11/4/2008,8.5615
11/5/2008,8.66
11/6/2008,8.718
11/7/2008,8.721
11/10/2008,8.689
11/11/2008,8.744
11/12/2008,8.7825
11/13/2008,8.867
11/14/2008,8.7525
11/17/2008,8.792
11/18/2008,8.9
11/19/2008,8.87
11/20/2008,8.87
11/21/2008,8.927
11/24/2008,8.938
11/25/2008,9.0815
11/26/2008,9.034
11/27/2008,8.88
11/28/2008,8.92
12/1/2008,8.8915
12/2/2008,8.965
12/3/2008,8.905
12/4/2008,9.0365
12/5/2008,9.142
12/8/2008,9.127
12/9/2008,9.15
12/10/2008,9.1285
12/11/2008,9.2065
12/12/2008,9.211
12/15/2008,9.322
12/16/2008,9.515
12/17/2008,9.515
12/18/2008,9.865
12/19/2008,9.8335
12/22/2008,9.855
12/23/2008,9.76
12/24/2008,9.915
12/29/2008,9.945
12/30/2008,9.84
12/31/2008,9.75
1/2/2009,9.695
1/5/2009,9.395
1/6/2009,9.385
1/7/2009,9.3915
1/8/2009,9.4825
1/9/2009,9.4975
1/12/2009,9.413
1/13/2009,9.4575
1/14/2009,9.431
1/15/2009,9.4275
1/16/2009,9.2125
1/19/2009,9.12
1/20/2009,9.1915
1/21/2009,9.0555
1/22/2009,9.03
1/23/2009,8.994
1/26/2009,8.8935
1/27/2009,8.8975
1/28/2009,8.887
1/29/2009,8.8
1/30/2009,8.8875
2/2/2009,8.9415
2/3/2009,9.039
2/4/2009,8.892
2/5/2009,8.779
2/6/2009,8.773
2/9/2009,8.662
2/10/2009,8.641
2/11/2009,8.69
2/12/2009,8.8155
2/13/2009,8.719
2/16/2009,8.777
2/17/2009,8.794
2/18/2009,8.86
2/19/2009,8.679
2/20/2009,8.7495
2/23/2009,8.719
2/24/2009,8.735
2/25/2009,8.746
2/26/2009,8.778
2/27/2009,8.886
3/2/2009,9.028
3/3/2009,9.0125
3/4/2009,8.94
3/5/2009,8.906
3/6/2009,8.953
3/9/2009,8.974
3/10/2009,8.936
3/11/2009,8.832
3/12/2009,8.892
3/13/2009,8.823
3/16/2009,8.765
3/17/2009,8.8315
3/18/2009,8.809
3/19/2009,8.645
3/20/2009,8.65
3/23/2009,8.6345
3/24/2009,8.6365
3/25/2009,8.7275
3/26/2009,8.8175
3/27/2009,8.8
3/30/2009,8.951
3/31/2009,8.89
4/1/2009,8.885
4/2/2009,8.848
4/3/2009,8.7975
4/6/2009,8.785
4/7/2009,8.8085
4/8/2009,8.896
4/9/2009,8.793
4/14/2009,8.788
4/15/2009,8.8405
4/16/2009,8.837
4/17/2009,8.744
4/20/2009,8.7925
4/21/2009,8.794
4/22/2009,8.7605
4/23/2009,8.69
4/24/2009,8.69
4/27/2009,8.763
4/28/2009,8.764
4/29/2009,8.732
4/30/2009,8.7245
5/4/2009,8.69
5/5/2009,8.687
5/6/2009,8.735
5/7/2009,8.62
5/8/2009,8.6415
5/11/2009,8.702
5/12/2009,8.751
5/13/2009,8.84
5/14/2009,8.832
5/15/2009,8.817
5/18/2009,8.7785
5/19/2009,8.745
5/20/2009,8.81
5/21/2009,8.8382
5/22/2009,8.875
5/25/2009,8.862
5/26/2009,8.951
5/27/2009,8.871
5/28/2009,8.9615
5/29/2009,8.8785
6/1/2009,8.81
6/2/2009,8.7725
6/3/2009,8.921
6/4/2009,8.9055
6/5/2009,8.97
6/8/2009,8.936
6/9/2009,8.9135
6/10/2009,8.843
6/11/2009,8.914
6/12/2009,8.8845
6/15/2009,8.9055
6/16/2009,8.917
6/17/2009,8.918
6/18/2009,8.8825
6/19/2009,8.8995
6/22/2009,8.986
6/23/2009,9.099
6/24/2009,9.009
6/25/2009,9.076
6/26/2009,9.04
6/29/2009,9.034
6/30/2009,9.018
7/1/2009,8.98
7/2/2009,8.9375
7/3/2009,8.966
7/6/2009,9.054
7/7/2009,9.0565
7/8/2009,9.077
7/9/2009,9.074
7/10/2009,9.084
7/13/2009,9.07
7/14/2009,9.0355
7/15/2009,9.019
7/16/2009,9.0015
7/17/2009,8.996
7/20/2009,9.0085
7/21/2009,8.9515
7/22/2009,8.92
7/23/2009,8.925
7/24/2009,8.86
7/27/2009,8.801
7/28/2009,8.766
7/29/2009,8.789
7/30/2009,8.749
7/31/2009,8.715
8/3/2009,8.68
8/4/2009,8.704
8/5/2009,8.6685
8/6/2009,8.6635
8/7/2009,8.7515
8/10/2009,8.694
8/11/2009,8.8265
8/12/2009,8.7325
8/13/2009,8.608
8/14/2009,8.6165
8/17/2009,8.7265
8/18/2009,8.6735
8/19/2009,8.67
8/20/2009,8.5955
8/21/2009,8.555
8/24/2009,8.5845
8/25/2009,8.6095
8/26/2009,8.624
8/27/2009,8.644
8/28/2009,8.629
8/31/2009,8.607
9/1/2009,8.612
9/2/2009,8.68
9/3/2009,8.62
9/4/2009,8.608
9/7/2009,8.585
9/8/2009,8.569
9/9/2009,8.611
9/10/2009,8.6635
9/11/2009,8.634
9/14/2009,8.6685
9/15/2009,8.639
9/16/2009,8.6065
9/17/2009,8.6265
9/18/2009,8.641
9/21/2009,8.65
9/22/2009,8.628
9/23/2009,8.564
9/24/2009,8.51
9/25/2009,8.502
9/28/2009,8.5275
9/29/2009,8.515
9/30/2009,8.46
10/1/2009,8.4455
10/2/2009,8.447
10/5/2009,8.446
10/6/2009,8.385
10/7/2009,8.364
10/8/2009,8.3533
10/9/2009,8.3025
10/12/2009,8.3275
10/13/2009,8.328
10/14/2009,8.284
10/15/2009,8.335
10/16/2009,8.35
10/19/2009,8.3525
10/20/2009,8.3225
10/21/2009,8.328
10/22/2009,8.327
10/23/2009,8.3275
10/26/2009,8.3255
10/27/2009,8.385
10/28/2009,8.4
10/29/2009,8.3835
10/30/2009,8.3915
11/2/2009,8.43
11/3/2009,8.5135
11/4/2009,8.4415
11/5/2009,8.4365
11/6/2009,8.434
11/9/2009,8.4195
11/10/2009,8.3835
11/11/2009,8.36
11/12/2009,8.3915
11/13/2009,8.3645
11/16/2009,8.337
11/17/2009,8.3475
11/18/2009,8.352
11/19/2009,8.392
11/20/2009,8.425
11/23/2009,8.376
11/24/2009,8.3765
11/25/2009,8.416
11/26/2009,8.5
11/27/2009,8.492
11/30/2009,8.5125
12/1/2009,8.4805
12/2/2009,8.421
12/3/2009,8.439
12/4/2009,8.49
12/7/2009,8.4675
12/8/2009,8.4915
12/9/2009,8.465
12/10/2009,8.4355
12/11/2009,8.4435
12/14/2009,8.4685
12/15/2009,8.4735
12/16/2009,8.3695
12/17/2009,8.405
12/18/2009,8.3955
12/21/2009,8.352
12/22/2009,8.365
12/23/2009,8.3525
12/24/2009,8.3365
12/28/2009,8.344
12/29/2009,8.3285
12/30/2009,8.322
12/31/2009,8.3
1/4/2010,8.229
1/5/2010,8.212
1/6/2010,8.188
1/7/2010,8.198
1/8/2010,8.1695
1/11/2010,8.1395
1/12/2010,8.1825
1/13/2010,8.1785
1/14/2010,8.164
1/15/2010,8.143
1/18/2010,8.1435
1/19/2010,8.1485
1/20/2010,8.1335
1/21/2010,8.1455
1/22/2010,8.1955
1/25/2010,8.202
1/26/2010,8.2505
1/27/2010,8.2195
1/28/2010,8.179
1/29/2010,8.212
2/1/2010,8.1965
2/2/2010,8.1435
2/3/2010,8.166
2/4/2010,8.169
2/5/2010,8.2195
2/8/2010,8.1705
2/9/2010,8.152
2/10/2010,8.111
2/11/2010,8.0975
2/12/2010,8.063
2/15/2010,8.053
2/16/2010,8.052
2/17/2010,8.006
2/18/2010,8.068
2/19/2010,8.1055
2/22/2010,8.035
2/23/2010,8.021
2/24/2010,8.029
2/25/2010,8.0405
2/26/2010,8.0435
3/1/2010,8.057
3/2/2010,8.0485
3/3/2010,8.0745
3/4/2010,8.0505
3/5/2010,8.049
3/8/2010,8.049
3/9/2010,8.041
3/10/2010,8.0125
3/11/2010,8.0115
3/12/2010,8.033
3/15/2010,8.0155
3/16/2010,8.0145
3/17/2010,8.01
3/18/2010,7.999
3/19/2010,7.973
3/22/2010,8.0445
3/23/2010,8.042
3/24/2010,8.028
3/25/2010,8.077
3/26/2010,8.098
3/29/2010,8.067
3/30/2010,8.041
3/31/2010,8.0135
4/1/2010,8.0168
4/6/2010,8.0124
4/7/2010,7.965
4/8/2010,7.9505
4/9/2010,7.9365
4/12/2010,8.0085
4/13/2010,7.994
4/14/2010,7.9955
4/15/2010,7.952
4/16/2010,7.955
4/19/2010,7.983
4/20/2010,7.9475
4/21/2010,7.8955
4/22/2010,7.8995
4/23/2010,7.8765
4/26/2010,7.8505
4/27/2010,7.844
4/28/2010,7.875
4/29/2010,7.843
4/30/2010,7.8445
5/3/2010,7.8395
5/4/2010,7.8235
5/5/2010,7.8165
5/6/2010,7.7855
5/7/2010,7.954
5/10/2010,7.8685
5/11/2010,7.841
5/12/2010,7.7865
5/13/2010,7.7475
5/14/2010,7.726
5/17/2010,7.722
5/18/2010,7.728
5/19/2010,7.802
5/20/2010,8.045
5/21/2010,8.143
5/24/2010,8.0848
5/25/2010,8.127
5/26/2010,7.9775
5/27/2010,7.986
5/28/2010,7.9615
5/31/2010,7.939
6/1/2010,7.942
6/2/2010,7.922
6/3/2010,7.866
6/4/2010,7.851
6/7/2010,7.937
6/8/2010,7.982
6/9/2010,7.9535
6/10/2010,7.865
6/11/2010,7.835
6/14/2010,7.8175
6/15/2010,7.8515
6/16/2010,7.878
6/17/2010,7.8705
6/18/2010,7.8615
6/21/2010,7.8575
6/22/2010,7.933
6/23/2010,7.929
6/24/2010,7.978
6/25/2010,7.9885
6/28/2010,7.937
6/29/2010,7.9085
6/30/2010,7.9725
7/1/2010,8.045
7/2/2010,8.063
7/5/2010,8.059
7/6/2010,8.0685
7/7/2010,8.101
7/8/2010,8.066
7/9/2010,8.042
7/12/2010,8.016
7/13/2010,7.957
7/14/2010,7.926
7/15/2010,7.9265
7/16/2010,8.053
7/19/2010,8.142
7/20/2010,8.129
7/21/2010,8.0135
7/22/2010,7.975
7/23/2010,7.966
7/26/2010,8.002
7/27/2010,7.9995
7/28/2010,7.981
7/29/2010,7.9705
7/30/2010,7.9405
8/2/2010,7.8595
8/3/2010,7.8815
8/4/2010,7.887
8/5/2010,7.8765
8/6/2010,7.8775
8/9/2010,7.8975
8/10/2010,7.898
8/11/2010,7.9665
8/12/2010,7.9645
8/13/2010,7.926
8/16/2010,7.954
8/17/2010,7.9065
8/18/2010,7.93
8/19/2010,7.8945
8/20/2010,7.964
8/23/2010,7.903
8/24/2010,7.941
8/25/2010,8.0165
8/26/2010,8.004
8/27/2010,7.9785
8/30/2010,7.965
8/31/2010,8.0245
9/1/2010,7.9425
9/2/2010,7.901
9/3/2010,7.889
9/6/2010,7.88
9/7/2010,7.891
9/8/2010,7.881
9/9/2010,7.8725
9/10/2010,7.876
9/13/2010,7.852
9/14/2010,7.878
9/15/2010,7.897
9/16/2010,7.9555
9/17/2010,7.965
9/20/2010,7.954
9/21/2010,7.9295
9/22/2010,7.8965
9/23/2010,7.9195
9/24/2010,7.9475
9/27/2010,7.9145
9/28/2010,7.967
9/29/2010,7.967
9/30/2010,7.968
10/1/2010,8.04
10/4/2010,8.03
10/5/2010,8.041
10/6/2010,8.034
10/7/2010,8.083
10/8/2010,8.1
10/11/2010,8.1235
10/12/2010,8.124
10/13/2010,8.135
10/14/2010,8.0695
10/15/2010,8.0925
10/18/2010,8.15
10/19/2010,8.169
10/20/2010,8.1585
10/21/2010,8.1385
10/22/2010,8.143
10/25/2010,8.0935
10/26/2010,8.12
10/27/2010,8.145
10/28/2010,8.15
10/29/2010,8.192
11/1/2010,8.1455
11/2/2010,8.203
11/3/2010,8.208
11/4/2010,8.148
11/5/2010,8.119
11/8/2010,8.085
11/9/2010,8.077
11/10/2010,8.076
11/11/2010,8.091
11/12/2010,8.133
11/15/2010,8.1355
11/16/2010,8.167
11/17/2010,8.185
11/18/2010,8.162
11/19/2010,8.2
11/22/2010,8.207
11/23/2010,8.207
11/24/2010,8.1445
11/25/2010,8.1275
11/26/2010,8.177
11/29/2010,8.1285
11/30/2010,8.091
12/1/2010,8.06
12/2/2010,8.06
12/3/2010,8.005
12/6/2010,7.9785
12/7/2010,7.966
12/8/2010,7.9625
12/9/2010,7.955
12/10/2010,7.9375
12/13/2010,7.9265
12/14/2010,7.896
12/15/2010,7.866
12/16/2010,7.895
12/17/2010,7.8925
12/20/2010,7.8605
12/21/2010,7.862
12/22/2010,7.8715
12/23/2010,7.837
12/24/2010,7.826
12/27/2010,7.835
12/28/2010,7.8255
12/29/2010,7.809
12/30/2010,7.819
12/31/2010,7.8
1/3/2011,7.78
1/4/2011,7.809
1/5/2011,7.7895
1/6/2011,7.7475
1/7/2011,7.726
1/10/2011,7.7085
1/11/2011,7.726
1/12/2011,7.706
1/13/2011,7.797
1/14/2011,7.85
1/17/2011,7.786
1/18/2011,7.82
1/19/2011,7.826
1/20/2011,7.8745
1/21/2011,7.892
1/24/2011,7.883
1/25/2011,7.848
1/26/2011,7.8665
1/27/2011,7.923
1/28/2011,7.933
1/31/2011,7.927
2/1/2011,7.882
2/2/2011,7.884
2/3/2011,7.8585
2/4/2011,7.8075
2/7/2011,7.8385
2/8/2011,7.859
2/9/2011,7.8685
2/10/2011,7.932
2/11/2011,7.93
2/14/2011,7.877
2/15/2011,7.8335
2/16/2011,7.8275
2/17/2011,7.8075
2/18/2011,7.7555
2/21/2011,7.769
2/22/2011,7.7515
2/23/2011,7.739
2/24/2011,7.719
2/25/2011,7.764
2/28/2011,7.709
3/1/2011,7.712
3/2/2011,7.702
3/3/2011,7.7145
3/4/2011,7.78
3/7/2011,7.76
3/8/2011,7.755
3/9/2011,7.751
3/10/2011,7.782
3/11/2011,7.8055
3/14/2011,7.829
3/15/2011,7.914
3/16/2011,7.869
3/17/2011,7.8985
3/18/2011,7.883
3/21/2011,7.8795
3/22/2011,7.906
3/23/2011,7.891
3/24/2011,7.883
3/25/2011,7.884
3/28/2011,7.8745
3/29/2011,7.904
3/30/2011,7.8675
3/31/2011,7.833
4/1/2011,7.8055
4/4/2011,7.8205
4/5/2011,7.791
4/6/2011,7.785
4/7/2011,7.8175
4/8/2011,7.802
4/11/2011,7.8125
4/12/2011,7.877
4/13/2011,7.862
4/14/2011,7.858
4/15/2011,7.808
4/18/2011,7.788
4/19/2011,7.7635
4/20/2011,7.7895
4/21/2011,7.7842
4/26/2011,7.78
4/27/2011,7.7885
4/28/2011,7.809
4/29/2011,7.782
5/2/2011,7.78
5/3/2011,7.7995
5/4/2011,7.871
5/5/2011,7.93
5/6/2011,7.945
5/9/2011,7.8665
5/10/2011,7.8035
5/11/2011,7.789
5/12/2011,7.801
5/13/2011,7.8405
5/16/2011,7.867
5/17/2011,7.9385
5/18/2011,7.936
5/19/2011,7.8725
5/20/2011,7.828
5/23/2011,7.8475
5/24/2011,7.8385
5/25/2011,7.824
5/26/2011,7.79
5/27/2011,7.769
5/30/2011,7.7485
5/31/2011,7.759
6/1/2011,7.731
6/2/2011,7.7596
6/3/2011,7.7965
6/6/2011,7.8235
6/7/2011,7.8395
6/8/2011,7.8855
6/9/2011,7.873
6/10/2011,7.8555
6/13/2011,7.866
6/14/2011,7.7965
6/15/2011,7.82
6/16/2011,7.8785
6/17/2011,7.8695
6/20/2011,7.9265
6/21/2011,7.912
6/22/2011,7.8665
6/23/2011,7.803
6/24/2011,7.7825
6/27/2011,7.7845
6/28/2011,7.802
6/29/2011,7.8055
6/30/2011,7.7875
7/1/2011,7.79
7/4/2011,7.7605
7/5/2011,7.7525
7/6/2011,7.7665
7/7/2011,7.742
7/8/2011,7.745
7/11/2011,7.744
7/12/2011,7.772
7/13/2011,7.8355
7/14/2011,7.838
7/15/2011,7.8665
7/18/2011,7.867
7/19/2011,7.862
7/20/2011,7.804
7/21/2011,7.775
7/22/2011,7.7675
7/25/2011,7.7715
7/26/2011,7.7575
7/27/2011,7.7615
7/28/2011,7.7245
7/29/2011,7.737
8/1/2011,7.6935
8/2/2011,7.646
8/3/2011,7.682
8/4/2011,7.7405
8/5/2011,7.784
8/8/2011,7.768
8/9/2011,7.8295
8/10/2011,7.8105
8/11/2011,7.8205
8/12/2011,7.826
8/15/2011,7.8705
8/16/2011,7.865
8/17/2011,7.7985
8/18/2011,7.8035
8/19/2011,7.8575
8/22/2011,7.836
8/23/2011,7.808
8/24/2011,7.8425
8/25/2011,7.788
8/26/2011,7.7735
8/29/2011,7.774
8/30/2011,7.772
8/31/2011,7.7395
9/1/2011,7.685
9/2/2011,7.6765
9/5/2011,7.6725
9/6/2011,7.5965
9/7/2011,7.5425
9/8/2011,7.5585
9/9/2011,7.5315
9/12/2011,7.5905
9/13/2011,7.7275
9/14/2011,7.746
9/15/2011,7.7355
9/16/2011,7.738
9/19/2011,7.741
9/20/2011,7.7615
9/21/2011,7.757
9/22/2011,7.827
9/23/2011,7.8855
9/26/2011,7.826
9/27/2011,7.79
9/28/2011,7.815
9/29/2011,7.843
9/30/2011,7.888
10/3/2011,7.826
10/4/2011,7.836
10/5/2011,7.8105
10/6/2011,7.8245
10/7/2011,7.8
10/10/2011,7.8025
10/11/2011,7.781
10/12/2011,7.783
10/13/2011,7.757
10/14/2011,7.7455
10/17/2011,7.732
10/18/2011,7.7605
10/19/2011,7.735
10/20/2011,7.7085
10/21/2011,7.706
10/24/2011,7.6915
10/25/2011,7.6855
10/26/2011,7.68
10/27/2011,7.656
10/28/2011,7.6725
10/31/2011,7.7015
11/1/2011,7.758
11/2/2011,7.7585
11/3/2011,7.721
11/4/2011,7.764
11/7/2011,7.7475
11/8/2011,7.725
11/9/2011,7.7645
11/10/2011,7.742
11/11/2011,7.752
11/14/2011,7.754
11/15/2011,7.8
11/16/2011,7.793
11/17/2011,7.8205
11/18/2011,7.82
11/21/2011,7.8405
11/22/2011,7.825
11/23/2011,7.8185
11/24/2011,7.831
11/25/2011,7.836
11/28/2011,7.8355
11/29/2011,7.8495
11/30/2011,7.753
12/1/2011,7.783
12/2/2011,7.766
12/5/2011,7.726
12/6/2011,7.716
12/7/2011,7.6935
12/8/2011,7.684
12/9/2011,7.677
12/12/2011,7.7015
12/13/2011,7.711
12/14/2011,7.766
12/15/2011,7.7675
12/16/2011,7.7815
12/19/2011,7.7475
12/20/2011,7.708
12/21/2011,7.752
12/22/2011,7.764
12/23/2011,7.782
12/27/2011,7.7945
12/28/2011,7.799
12/29/2011,7.774
12/30/2011,7.754
1/2/2012,7.754
1/3/2012,7.735
1/4/2012,7.7005
1/5/2012,7.6825
1/6/2012,7.6745
1/9/2012,7.657
1/10/2012,7.6555
1/11/2012,7.6505
1/12/2012,7.677
1/13/2012,7.693
1/16/2012,7.6705
1/17/2012,7.6635
1/18/2012,7.7045
1/19/2012,7.662
1/20/2012,7.66
1/23/2012,7.6645
1/24/2012,7.639
1/25/2012,7.6825
1/26/2012,7.6465
1/27/2012,7.645
1/30/2012,7.681
1/31/2012,7.656
2/1/2012,7.654
2/2/2012,7.648
2/3/2012,7.644
2/6/2012,7.5925
2/7/2012,7.6225
2/8/2012,7.629
2/9/2012,7.63
2/10/2012,7.618
2/13/2012,7.571
2/14/2012,7.535
2/15/2012,7.5285
2/16/2012,7.5515
2/17/2012,7.4975
2/20/2012,7.488
2/21/2012,7.52
2/22/2012,7.5
2/23/2012,7.471
2/24/2012,7.4785
2/27/2012,7.4975
2/28/2012,7.48
2/29/2012,7.4405
3/1/2012,7.4225
3/2/2012,7.4205
3/5/2012,7.42
3/6/2012,7.452
3/7/2012,7.448
3/8/2012,7.421
3/9/2012,7.46
3/12/2012,7.4795
3/13/2012,7.4515
3/14/2012,7.547
3/15/2012,7.5665
3/16/2012,7.548
3/19/2012,7.5505
3/20/2012,7.606
3/21/2012,7.6105
3/22/2012,7.624
3/23/2012,7.638
3/26/2012,7.609
3/27/2012,7.571
3/28/2012,7.611
3/29/2012,7.632
3/30/2012,7.604
4/2/2012,7.5505
4/3/2012,7.56
4/4/2012,7.573
4/5/2012,7.5692
4/10/2012,7.5815
4/11/2012,7.604
4/12/2012,7.61
4/13/2012,7.599
4/16/2012,7.553
4/17/2012,7.5475
4/18/2012,7.5525
4/19/2012,7.5485
4/20/2012,7.547
4/23/2012,7.559
4/24/2012,7.5565
4/25/2012,7.5625
4/26/2012,7.5765
4/27/2012,7.588
4/30/2012,7.5875
5/2/2012,7.5525
5/3/2012,7.5405
5/4/2012,7.561
5/7/2012,7.5635
5/8/2012,7.5605
5/9/2012,7.563
5/10/2012,7.5575
5/11/2012,7.5815
5/14/2012,7.5915
5/15/2012,7.6185
5/16/2012,7.621
5/17/2012,7.5802
5/18/2012,7.5975
5/21/2012,7.6265
5/22/2012,7.5715
5/23/2012,7.573
5/24/2012,7.536
5/25/2012,7.551
5/28/2012,7.5359
5/29/2012,7.5205
5/30/2012,7.5145
5/31/2012,7.5235
6/1/2012,7.5745
6/4/2012,7.603
6/5/2012,7.5945
6/6/2012,7.6065
6/7/2012,7.5885
6/8/2012,7.5995
6/11/2012,7.556
6/12/2012,7.5465
6/13/2012,7.5115
6/14/2012,7.507
6/15/2012,7.524
6/18/2012,7.526
6/19/2012,7.517
6/20/2012,7.506
6/21/2012,7.496
6/22/2012,7.4865
6/25/2012,7.498
6/26/2012,7.4995
6/27/2012,7.523
6/28/2012,7.5465
6/29/2012,7.533
7/2/2012,7.5255
7/3/2012,7.5195
7/4/2012,7.5165
7/5/2012,7.476
7/6/2012,7.519
7/9/2012,7.4965
7/10/2012,7.4865
7/11/2012,7.4745
7/12/2012,7.471
7/13/2012,7.441
7/16/2012,7.4525
7/17/2012,7.475
7/18/2012,7.4825
7/19/2012,7.4775
7/20/2012,7.423
7/23/2012,7.381
7/24/2012,7.372
7/25/2012,7.3695
7/26/2012,7.399
7/27/2012,7.473
7/30/2012,7.422
7/31/2012,7.4215
8/1/2012,7.385
8/2/2012,7.4045
8/3/2012,7.37
8/6/2012,7.3945
8/7/2012,7.3575
8/8/2012,7.304
8/9/2012,7.2955
8/10/2012,7.27
8/13/2012,7.3065
8/14/2012,7.301
8/15/2012,7.2955
8/16/2012,7.337
8/17/2012,7.3295
8/20/2012,7.313
8/21/2012,7.3235
8/22/2012,7.352
8/23/2012,7.341
8/24/2012,7.302
8/27/2012,7.295
8/28/2012,7.29
8/29/2012,7.3125
8/30/2012,7.2775
8/31/2012,7.2925
9/3/2012,7.3015
9/4/2012,7.289
9/5/2012,7.307
9/6/2012,7.3725
9/7/2012,7.373
9/10/2012,7.39
9/11/2012,7.389
9/12/2012,7.407
9/13/2012,7.419
9/14/2012,7.4285
9/17/2012,7.4725
9/18/2012,7.4655
9/19/2012,7.4315
9/20/2012,7.432
9/21/2012,7.4215
9/24/2012,7.437
9/25/2012,7.4
9/26/2012,7.403
9/27/2012,7.38
9/28/2012,7.3695
10/1/2012,7.378
10/2/2012,7.373
10/3/2012,7.4115
10/4/2012,7.4285
10/5/2012,7.3935
10/8/2012,7.402
10/9/2012,7.405
10/10/2012,7.3985
10/11/2012,7.3825
10/12/2012,7.4005
10/15/2012,7.41
10/16/2012,7.391
10/17/2012,7.396
10/18/2012,7.377
10/19/2012,7.384
10/22/2012,7.3865
10/23/2012,7.417
10/24/2012,7.435
10/25/2012,7.4615
10/26/2012,7.4675
10/29/2012,7.452
10/30/2012,7.438
10/31/2012,7.3855
11/1/2012,7.3705
11/2/2012,7.3305
11/5/2012,7.3425
11/6/2012,7.322
11/7/2012,7.3195
11/8/2012,7.302
11/9/2012,7.3015
11/12/2012,7.303
11/13/2012,7.326
11/14/2012,7.322
11/15/2012,7.3595
11/16/2012,7.3695
11/19/2012,7.3715
11/20/2012,7.335
11/21/2012,7.326
11/22/2012,7.325
11/23/2012,7.329
11/26/2012,7.337
11/27/2012,7.3575
11/28/2012,7.3415
11/29/2012,7.35
11/30/2012,7.376
12/3/2012,7.349
12/4/2012,7.3465
12/5/2012,7.356
12/6/2012,7.336
12/7/2012,7.3305
12/10/2012,7.325
12/11/2012,7.3375
12/12/2012,7.3295
12/13/2012,7.3325
12/14/2012,7.3715
12/17/2012,7.3705
12/18/2012,7.385
12/19/2012,7.3755
12/20/2012,7.3645
12/21/2012,7.3155
12/24/2012,7.3695
12/27/2012,7.376
12/28/2012,7.3375
12/31/2012,7.3483
1/2/2013,7.3175
1/3/2013,7.2915
1/4/2013,7.299
1/7/2013,7.306
1/8/2013,7.3255
1/9/2013,7.325
1/10/2013,7.298
1/11/2013,7.349
1/14/2013,7.3625
1/15/2013,7.3995
1/16/2013,7.42
1/17/2013,7.4055
1/18/2013,7.46
1/21/2013,7.444
1/22/2013,7.442
1/23/2013,7.4015
1/24/2013,7.4135
1/25/2013,7.424
1/28/2013,7.442
1/29/2013,7.411
1/30/2013,7.435
1/31/2013,7.435
2/1/2013,7.4275
2/4/2013,7.4275
2/5/2013,7.414
2/6/2013,7.423
2/7/2013,7.435
2/8/2013,7.391
2/11/2013,7.3795
2/12/2013,7.387
2/13/2013,7.371
2/14/2013,7.3605
2/15/2013,7.3945
2/18/2013,7.407
2/19/2013,7.417
2/20/2013,7.4065
2/21/2013,7.4755
2/22/2013,7.467
2/25/2013,7.4675
2/26/2013,7.4595
2/27/2013,7.467
2/28/2013,7.487
3/1/2013,7.4855
3/4/2013,7.4455
3/5/2013,7.44
3/6/2013,7.425
3/7/2013,7.4165
3/8/2013,7.4435
3/11/2013,7.4385
3/12/2013,7.4455
3/13/2013,7.443
3/14/2013,7.532
3/15/2013,7.5325
3/18/2013,7.5015
3/19/2013,7.5205
3/20/2013,7.545
3/21/2013,7.548
3/22/2013,7.5395
3/25/2013,7.543
3/26/2013,7.4975
3/27/2013,7.472
3/28/2013,7.512
4/2/2013,7.467
4/3/2013,7.4465
4/4/2013,7.449
4/5/2013,7.4475
4/8/2013,7.454
4/9/2013,7.486
4/10/2013,7.506
4/11/2013,7.477
4/12/2013,7.482
4/15/2013,7.5005
4/16/2013,7.522
4/17/2013,7.555
4/18/2013,7.587
4/19/2013,7.5965
4/22/2013,7.609
4/23/2013,7.6775
4/24/2013,7.678
4/25/2013,7.6535
4/26/2013,7.6215
4/29/2013,7.609
4/30/2013,7.6075
5/2/2013,7.5865
5/3/2013,7.6075
5/6/2013,7.624
5/7/2013,7.6395
5/8/2013,7.591
5/9/2013,7.5485
5/10/2013,7.526
5/13/2013,7.533
5/14/2013,7.5405
5/15/2013,7.5415
5/16/2013,7.536
5/17/2013,7.5393
5/20/2013,7.5143
5/21/2013,7.5065
5/22/2013,7.465
5/23/2013,7.534
5/24/2013,7.5285
5/27/2013,7.548
5/28/2013,7.553
5/29/2013,7.6
5/30/2013,7.619
5/31/2013,7.614
6/3/2013,7.597
6/4/2013,7.5975
6/5/2013,7.605
6/6/2013,7.581
6/7/2013,7.6305
6/10/2013,7.612
6/11/2013,7.686
6/12/2013,7.665
6/13/2013,7.677
6/14/2013,7.6405
6/17/2013,7.6345
6/18/2013,7.6935
6/19/2013,7.6765
6/20/2013,7.85
6/21/2013,7.909
6/24/2013,8.04
6/25/2013,7.98
6/26/2013,7.947
6/27/2013,7.881
6/28/2013,7.8845
7/1/2013,7.8985
7/2/2013,7.92
7/3/2013,7.9355
7/4/2013,7.935
7/5/2013,7.9525
7/8/2013,7.965
7/9/2013,7.9
7/10/2013,7.855
7/11/2013,7.929
7/12/2013,7.913
7/15/2013,7.931
7/16/2013,7.8935
7/17/2013,7.8775
7/18/2013,7.8535
7/19/2013,7.856
7/22/2013,7.823
7/23/2013,7.816
7/24/2013,7.7845
7/25/2013,7.8255
7/26/2013,7.864
7/29/2013,7.8605
7/30/2013,7.872
7/31/2013,7.8655
8/1/2013,7.8345
8/2/2013,7.8655
8/5/2013,7.855
8/6/2013,7.861
8/7/2013,7.8995
8/8/2013,7.884
8/9/2013,7.817
8/12/2013,7.8085
8/13/2013,7.796
8/14/2013,7.813
8/15/2013,7.8435
8/16/2013,7.9015
8/19/2013,7.904
8/20/2013,7.986
8/21/2013,8.0535
8/22/2013,8.1225
8/23/2013,8.094
8/26/2013,8.083
8/27/2013,8.029
8/28/2013,8.059
8/29/2013,8.049
8/30/2013,8.0905
9/2/2013,8.0095
9/3/2013,8.001
9/4/2013,8.0035
9/5/2013,8.048
9/6/2013,8.002
9/9/2013,8.022
9/10/2013,7.861
9/11/2013,7.85
9/12/2013,7.8555
9/13/2013,7.8695
9/16/2013,7.892
9/17/2013,7.8655
9/18/2013,7.8915
9/19/2013,7.842
9/20/2013,8.0065
9/23/2013,7.971
9/24/2013,8.02
9/25/2013,8.133
9/26/2013,8.0625
9/27/2013,8.103
9/30/2013,8.114
10/1/2013,8.131
10/2/2013,8.132
10/3/2013,8.109
10/4/2013,8.1145
10/7/2013,8.127
10/8/2013,8.082
10/9/2013,8.11
10/10/2013,8.19
10/11/2013,8.1285
10/14/2013,8.1325
10/15/2013,8.118
10/16/2013,8.1365
10/17/2013,8.115
10/18/2013,8.0985
10/21/2013,8.092
10/22/2013,8.1335
10/23/2013,8.136
10/24/2013,8.121
10/25/2013,8.137
10/28/2013,8.13
10/29/2013,8.1195
10/30/2013,8.08
10/31/2013,8.104
11/1/2013,8.046
11/4/2013,8.0165
11/5/2013,8.052
11/6/2013,8.0505
11/7/2013,8.016
11/8/2013,8.1755
11/11/2013,8.2065
11/12/2013,8.2995
11/13/2013,8.338
11/14/2013,8.331
11/15/2013,8.2535
11/18/2013,8.2685
11/19/2013,8.2285
11/20/2013,8.228
11/21/2013,8.2065
11/22/2013,8.2065
11/25/2013,8.2755
11/26/2013,8.2685
11/27/2013,8.253
11/28/2013,8.276
11/29/2013,8.32
12/2/2013,8.3095
12/3/2013,8.29
12/4/2013,8.3105
12/5/2013,8.4035
12/6/2013,8.434
12/9/2013,8.4285
12/10/2013,8.4015
12/11/2013,8.4215
12/12/2013,8.4765
12/13/2013,8.49
12/16/2013,8.4345
12/17/2013,8.46
12/18/2013,8.3795
12/19/2013,8.383
12/20/2013,8.416
12/23/2013,8.3975
12/24/2013,8.4345
12/27/2013,8.4475
12/30/2013,8.4255
12/31/2013,8.363
1/2/2014,8.4025
1/3/2014,8.3585
1/6/2014,8.39
1/7/2014,8.385
1/8/2014,8.411
1/9/2014,8.4075
1/10/2014,8.4025
1/13/2014,8.362
1/14/2014,8.334
1/15/2014,8.3185
1/16/2014,8.389
1/17/2014,8.3795
1/20/2014,8.3775
1/21/2014,8.372
1/22/2014,8.3655
1/23/2014,8.3325
1/24/2014,8.3915
1/27/2014,8.438
1/28/2014,8.405
1/29/2014,8.438
1/30/2014,8.468
1/31/2014,8.511
2/3/2014,8.4525
2/4/2014,8.52
2/5/2014,8.458
2/6/2014,8.4
2/7/2014,8.412
2/10/2014,8.358
2/11/2014,8.368
2/12/2014,8.332
2/13/2014,8.3365
2/14/2014,8.355
2/17/2014,8.32
2/18/2014,8.343
2/19/2014,8.3185
2/20/2014,8.3625
2/21/2014,8.367
2/24/2014,8.278
2/25/2014,8.288
2/26/2014,8.307
2/27/2014,8.2735
2/28/2014,8.275
3/3/2014,8.3175
3/4/2014,8.2485
3/5/2014,8.2305
3/6/2014,8.2265
3/7/2014,8.278
3/10/2014,8.282
3/11/2014,8.2385
3/12/2014,8.287
3/13/2014,8.2575
3/14/2014,8.3075
3/17/2014,8.28
3/18/2014,8.305
3/19/2014,8.3175
3/20/2014,8.3705
3/21/2014,8.3695
3/24/2014,8.3495
3/25/2014,8.34
3/26/2014,8.332
3/27/2014,8.2655
3/28/2014,8.2455
3/31/2014,8.255
4/1/2014,8.227
4/2/2014,8.215
4/3/2014,8.23
4/4/2014,8.2125
4/7/2014,8.2405
4/8/2014,8.236
4/9/2014,8.2195
4/10/2014,8.216
4/11/2014,8.2605
4/14/2014,8.24
4/15/2014,8.2295
4/16/2014,8.24
4/17/2014,8.2824
4/22/2014,8.2615
4/23/2014,8.2715
4/24/2014,8.2785
4/25/2014,8.2845
4/28/2014,8.3145
4/29/2014,8.281
4/30/2014,8.272
5/2/2014,8.2355
5/5/2014,8.2605
5/6/2014,8.242
5/7/2014,8.2235
5/8/2014,8.178
5/9/2014,8.137
5/12/2014,8.1395
5/13/2014,8.13
5/14/2014,8.1165
5/15/2014,8.105
5/16/2014,8.1505
5/19/2014,8.1355
5/20/2014,8.136
5/21/2014,8.139
5/22/2014,8.12
5/23/2014,8.1305
5/26/2014,8.1245
5/27/2014,8.1185
5/28/2014,8.102
5/29/2014,8.1106
5/30/2014,8.1425
6/2/2014,8.1605
6/3/2014,8.1815
6/4/2014,8.1655
6/5/2014,8.136
6/6/2014,8.1495
6/9/2014,8.0997
6/10/2014,8.089
6/11/2014,8.1085
6/12/2014,8.1085
6/13/2014,8.1255
6/16/2014,8.119
6/17/2014,8.13
6/18/2014,8.1695
6/19/2014,8.314
6/20/2014,8.342
6/23/2014,8.324
6/24/2014,8.3035
6/25/2014,8.3585
6/26/2014,8.3565
6/27/2014,8.368
6/30/2014,8.4035
7/1/2014,8.438
7/2/2014,8.425
7/3/2014,8.481
7/4/2014,8.4115
7/7/2014,8.402
7/8/2014,8.3965
7/9/2014,8.4035
7/10/2014,8.377
7/11/2014,8.377
7/14/2014,8.41
7/15/2014,8.4305
7/16/2014,8.385
7/17/2014,8.3825
7/18/2014,8.3575
7/21/2014,8.3975
7/22/2014,8.344
7/23/2014,8.3235
7/24/2014,8.361
7/25/2014,8.3395
7/28/2014,8.3365
7/29/2014,8.362
7/30/2014,8.377
7/31/2014,8.405
8/1/2014,8.439
8/4/2014,8.4285
8/5/2014,8.3865
8/6/2014,8.4105
8/7/2014,8.37
8/8/2014,8.36
8/11/2014,8.279
8/12/2014,8.2425
8/13/2014,8.2375
8/14/2014,8.226
8/15/2014,8.2205
8/18/2014,8.2315
8/19/2014,8.1975
8/20/2014,8.2035
8/21/2014,8.163
8/22/2014,8.1495
8/25/2014,8.1515
8/26/2014,8.146
8/27/2014,8.1555
8/28/2014,8.1525
8/29/2014,8.1465
9/1/2014,8.133
9/2/2014,8.122
9/3/2014,8.1605
9/4/2014,8.1175
9/5/2014,8.137
9/8/2014,8.154
9/9/2014,8.1715
9/10/2014,8.2005
9/11/2014,8.2035
9/12/2014,8.2405
9/15/2014,8.275
9/16/2014,8.279
9/17/2014,8.304
9/18/2014,8.1895
9/19/2014,8.154
9/22/2014,8.1475
9/23/2014,8.1595
9/24/2014,8.179
9/25/2014,8.145
9/26/2014,8.1675
9/29/2014,8.196
9/30/2014,8.119
10/1/2014,8.142
10/2/2014,8.1475
10/3/2014,8.1785
10/6/2014,8.1575
10/7/2014,8.165
10/8/2014,8.1945
10/9/2014,8.191
10/10/2014,8.258
10/13/2014,8.2295
10/14/2014,8.29
10/15/2014,8.38
10/16/2014,8.4565
10/17/2014,8.3815
10/20/2014,8.39
10/21/2014,8.367
10/22/2014,8.3815
10/23/2014,8.309
10/24/2014,8.34
10/27/2014,8.395
10/28/2014,8.4415
10/29/2014,8.4675
10/30/2014,8.4605
10/31/2014,8.49
11/3/2014,8.464
11/4/2014,8.5775
11/5/2014,8.574
11/6/2014,8.5165
11/7/2014,8.4965
11/10/2014,8.4235
11/11/2014,8.4865
11/12/2014,8.4415
11/13/2014,8.4565
11/14/2014,8.453
11/17/2014,8.444
11/18/2014,8.429
11/19/2014,8.493
11/20/2014,8.492
11/21/2014,8.402
11/24/2014,8.407
11/25/2014,8.463
11/26/2014,8.51
11/27/2014,8.597
11/28/2014,8.6975
12/1/2014,8.6745
12/2/2014,8.697
12/3/2014,8.656
12/4/2014,8.721
12/5/2014,8.8105
12/8/2014,8.7975
12/9/2014,8.8105
12/10/2014,8.8765
12/11/2014,9.006
12/12/2014,9.119
12/15/2014,9.1765
12/16/2014,9.542
12/17/2014,9.2505
12/18/2014,9.0645
12/19/2014,9.0145
12/22/2014,9.0565
12/23/2014,9.029
12/24/2014,9.1511
12/29/2014,9.0475
12/30/2014,9.042
12/31/2014,9.042
1/2/2015,9.042
1/5/2015,9.1075
1/6/2015,9.1795
1/7/2015,9.15
1/8/2015,9.028
1/9/2015,9.0605
1/12/2015,9.1275
1/13/2015,9.115
1/14/2015,9.056
1/15/2015,8.914
1/16/2015,8.7985
1/19/2015,8.8325
1/20/2015,8.8015
1/21/2015,8.825
1/22/2015,8.831
1/23/2015,8.7055
1/26/2015,8.7345
1/27/2015,8.813
1/28/2015,8.795
1/29/2015,8.823
1/30/2015,8.8335
2/2/2015,8.7225
2/3/2015,8.637
2/4/2015,8.6305
2/5/2015,8.637
2/6/2015,8.5715
2/9/2015,8.6145
2/10/2015,8.5665
2/11/2015,8.602
2/12/2015,8.7425
2/13/2015,8.6535
2/16/2015,8.6035
2/17/2015,8.5725
2/18/2015,8.548
2/19/2015,8.645
2/20/2015,8.593
2/23/2015,8.6405
2/24/2015,8.625
2/25/2015,8.6325
2/26/2015,8.564
2/27/2015,8.574
3/2/2015,8.6085
3/3/2015,8.6095
3/4/2015,8.6145
3/5/2015,8.546
3/6/2015,8.542
3/9/2015,8.5785
3/10/2015,8.6395
3/11/2015,8.657
3/12/2015,8.591
3/13/2015,8.6255
3/16/2015,8.686
3/17/2015,8.7915
3/18/2015,8.9
3/19/2015,8.6355
3/20/2015,8.7125
3/23/2015,8.6275
3/24/2015,8.5935
3/25/2015,8.593
3/26/2015,8.6005
3/27/2015,8.645
3/30/2015,8.6545
3/31/2015,8.7035
4/1/2015,8.6695
4/2/2015,8.6506
4/7/2015,8.73
4/8/2015,8.6766
4/9/2015,8.662
4/10/2015,8.613
4/13/2015,8.548
4/14/2015,8.482
4/15/2015,8.415
4/16/2015,8.3725
4/17/2015,8.397
4/20/2015,8.442
4/21/2015,8.425
4/22/2015,8.443
4/23/2015,8.516
4/24/2015,8.475
4/27/2015,8.4345
4/28/2015,8.392
4/29/2015,8.385
4/30/2015,8.3845
