Date,KRW
1/4/1999,1398.59
1/5/1999,1373.01
1/6/1999,1359.54
1/7/1999,1337.16
1/8/1999,1366.73
1/11/1999,1356.7
1/12/1999,1353.43
1/13/1999,1377.93
1/14/1999,1382.23
1/15/1999,1375.76
1/18/1999,1371.26
1/19/1999,1364.47
1/20/1999,1349.24
1/21/1999,1356.82
1/22/1999,1365.8
1/25/1999,1366.16
1/26/1999,1360.47
1/27/1999,1354.55
1/28/1999,1341.07
1/29/1999,1337.33
2/1/1999,1331.58
2/2/1999,1326.43
2/3/1999,1327.18
2/4/1999,1318.51
2/5/1999,1321.34
2/8/1999,1322.19
2/9/1999,1332.26
2/10/1999,1335.81
2/11/1999,1329.97
2/12/1999,1322.2
2/15/1999,1320.91
2/16/1999,1313.13
2/17/1999,1323.11
2/18/1999,1327.45
2/19/1999,1345.43
2/22/1999,1337.48
2/23/1999,1326.17
2/24/1999,1343.45
2/25/1999,1350.69
2/26/1999,1348.55
3/1/1999,1340.17
3/2/1999,1333.01
3/3/1999,1339.26
3/4/1999,1346.04
3/5/1999,1345.31
3/8/1999,1349.46
3/9/1999,1342.52
3/10/1999,1350.15
3/11/1999,1339.97
3/12/1999,1348.53
3/15/1999,1347.46
3/16/1999,1335.97
3/17/1999,1345.41
3/18/1999,1348.73
3/19/1999,1326.42
3/22/1999,1328.46
3/23/1999,1334.85
3/24/1999,1336.78
3/25/1999,1332.39
3/26/1999,1321.26
3/29/1999,1309.82
3/30/1999,1312.52
3/31/1999,1317.86
4/1/1999,1321.62
4/2/1999,1319.65
4/5/1999,1318.8
4/6/1999,1312.91
4/7/1999,1321.59
4/8/1999,1323.17
4/9/1999,1317.96
4/12/1999,1329.35
4/13/1999,1315.05
4/14/1999,1311.08
4/15/1999,1310.26
4/16/1999,1297.96
4/19/1999,1284.18
4/20/1999,1284.18
4/21/1999,1257.83
4/22/1999,1262.67
4/23/1999,1265.27
4/26/1999,1257.41
4/27/1999,1254.58
4/28/1999,1257.17
4/29/1999,1246.97
4/30/1999,1258.45
5/3/1999,1260.36
5/4/1999,1264.19
5/5/1999,1276.93
5/6/1999,1298.46
5/7/1999,1296.9
5/10/1999,1289.16
5/11/1999,1286.89
5/12/1999,1283.2
5/13/1999,1281.02
5/14/1999,1289.01
5/17/1999,1289.65
5/18/1999,1283.34
5/19/1999,1275.34
5/20/1999,1275.34
5/21/1999,1261.38
5/24/1999,1258.88
5/25/1999,1260.83
5/26/1999,1254.72
5/27/1999,1244.78
5/28/1999,1242.42
5/31/1999,1240.33
6/1/1999,1238.67
6/2/1999,1231.11
6/3/1999,1229.95
6/4/1999,1221.16
6/7/1999,1221.31
6/8/1999,1223.47
6/9/1999,1220.22
6/10/1999,1222.5
6/11/1999,1222.62
6/14/1999,1221.01
6/15/1999,1211.31
6/16/1999,1204.21
6/17/1999,1206.26
6/18/1999,1208.06
6/21/1999,1205.71
6/22/1999,1195.57
6/23/1999,1197.38
6/24/1999,1195.35
6/25/1999,1206.17
6/28/1999,1201.2
6/29/1999,1199.03
6/30/1999,1195.47
7/1/1999,1195.07
7/2/1999,1193.07
7/5/1999,1190.73
7/6/1999,1193.77
7/7/1999,1198.08
7/8/1999,1201.87
7/9/1999,1210.8
7/12/1999,1198.3
7/13/1999,1196.9
7/14/1999,1196.9
7/15/1999,1206.72
7/16/1999,1207.94
7/19/1999,1204.78
7/20/1999,1241.15
7/21/1999,1257.72
7/22/1999,1268.93
7/23/1999,1268.4
7/26/1999,1293.7
7/27/1999,1279.08
7/28/1999,1270.39
7/29/1999,1285.81
7/30/1999,1287.21
8/2/1999,1279.38
8/3/1999,1275.64
8/4/1999,1291.8
8/5/1999,1296.48
8/6/1999,1289.52
8/9/1999,1282.94
8/10/1999,1288.08
8/11/1999,1281.82
8/12/1999,1282.06
8/13/1999,1287.91
8/16/1999,1269.29
8/17/1999,1268.91
8/18/1999,1265.21
8/19/1999,1261.05
8/20/1999,1261.05
8/23/1999,1270.01
8/24/1999,1260.23
8/25/1999,1243.03
8/26/1999,1243.6
8/27/1999,1235.83
8/30/1999,1237.85
8/31/1999,1247.5
9/1/1999,1257.2
9/2/1999,1268.84
9/3/1999,1272.17
9/6/1999,1263.04
9/7/1999,1261.17
9/8/1999,1267.9
9/9/1999,1260.86
9/10/1999,1254.57
9/13/1999,1231.4
9/14/1999,1236.44
9/15/1999,1236.07
9/16/1999,1243.21
9/17/1999,1250.34
9/20/1999,1249.12
9/21/1999,1249.1
9/22/1999,1269.02
9/23/1999,1260.37
9/24/1999,1269.61
9/27/1999,1260.86
9/28/1999,1276.67
9/29/1999,1285.93
9/30/1999,1297.46
10/1/1999,1303.87
10/4/1999,1303.87
10/5/1999,1289.39
10/6/1999,1292.38
10/7/1999,1288.97
10/8/1999,1282.33
10/11/1999,1279.49
10/12/1999,1280.7
10/13/1999,1298.93
10/14/1999,1299.99
10/15/1999,1309.9
10/18/1999,1307.72
10/19/1999,1303.57
10/20/1999,1297.73
10/21/1999,1300.8
10/22/1999,1296.79
10/25/1999,1287.25
10/26/1999,1279.99
10/27/1999,1267.62
10/28/1999,1263.2
10/29/1999,1254.44
11/1/1999,1262.7
11/2/1999,1254.86
11/3/1999,1249.48
11/4/1999,1243.62
11/5/1999,1234.15
11/8/1999,1231.63
11/9/1999,1235.78
11/10/1999,1227.1
11/11/1999,1221.27
11/12/1999,1205.92
11/15/1999,1216.61
11/16/1999,1218
11/17/1999,1224.51
11/18/1999,1217.02
11/19/1999,1210.33
11/22/1999,1209.09
11/23/1999,1206.17
11/24/1999,1187.16
11/25/1999,1180.64
11/26/1999,1171.46
11/29/1999,1170.92
11/30/1999,1171.31
12/1/1999,1169.58
12/2/1999,1157.72
12/3/1999,1153.11
12/6/1999,1169.65
12/7/1999,1166.22
12/8/1999,1151.43
12/9/1999,1148.48
12/10/1999,1148.91
12/13/1999,1141.99
12/14/1999,1137.53
12/15/1999,1136.66
12/16/1999,1147.24
12/17/1999,1150.58
12/20/1999,1144.48
12/21/1999,1145.25
12/22/1999,1139.65
12/23/1999,1141.13
12/24/1999,1147.78
12/27/1999,1148.23
12/28/1999,1156.18
12/29/1999,1151.31
12/30/1999,1137.28
1/3/2000,1140.02
1/4/2000,1157.32
1/5/2000,1176.08
1/6/2000,1191.9
1/7/2000,1169.52
1/10/2000,1157.84
1/11/2000,1175.51
1/12/2000,1178.5
1/13/2000,1167.01
1/14/2000,1149.97
1/17/2000,1132.77
1/18/2000,1136.59
1/19/2000,1144.85
1/20/2000,1135.74
1/21/2000,1138.33
1/24/2000,1128.86
1/25/2000,1128.41
1/26/2000,1130.09
1/27/2000,1120.9
1/28/2000,1102.87
1/31/2000,1100.25
2/1/2000,1093.55
2/2/2000,1099.19
2/3/2000,1101.41
2/4/2000,1112.39
2/7/2000,1104.08
2/8/2000,1118.22
2/9/2000,1114.35
2/10/2000,1105.66
2/11/2000,1092.93
2/14/2000,1110.03
2/15/2000,1101.81
2/16/2000,1103.05
2/17/2000,1119.88
2/18/2000,1113.93
2/21/2000,1117.1
2/22/2000,1137.06
2/23/2000,1141.12
2/24/2000,1133.5
2/25/2000,1115.59
2/28/2000,1092.47
2/29/2000,1098.59
3/1/2000,1090.1
3/2/2000,1089.13
3/3/2000,1081.76
3/6/2000,1079.92
3/7/2000,1073.19
3/8/2000,1067.62
3/9/2000,1079.21
3/10/2000,1075.6
3/13/2000,1087.47
3/14/2000,1075.58
3/15/2000,1078.59
3/16/2000,1081.58
3/17/2000,1080.38
3/20/2000,1085.95
3/21/2000,1082.8
3/22/2000,1068.35
3/23/2000,1067.58
3/24/2000,1077.51
3/27/2000,1080.35
3/28/2000,1073.16
3/29/2000,1061.5
3/30/2000,1057.3
3/31/2000,1056.06
4/3/2000,1062.15
4/4/2000,1062.64
4/5/2000,1077.54
4/6/2000,1069.37
4/7/2000,1059.87
4/10/2000,1062.8
4/11/2000,1065.14
4/12/2000,1060.44
4/13/2000,1055.88
4/14/2000,1060.27
4/17/2000,1068.04
4/18/2000,1054.42
4/19/2000,1051.99
4/20/2000,1040.42
4/25/2000,1030.95
4/26/2000,1018.91
4/27/2000,1017.71
4/28/2000,1006.94
5/2/2000,1010.94
5/3/2000,989.92
5/4/2000,994.13
5/5/2000,997.51
5/8/2000,991.92
5/9/2000,993.77
5/10/2000,1008.73
5/11/2000,1012.44
5/12/2000,1008.07
5/15/2000,1020.06
5/16/2000,1011.51
5/17/2000,995.12
5/18/2000,999.91
5/19/2000,995.44
5/22/2000,1016.89
5/23/2000,1032.91
5/24/2000,1031.93
5/25/2000,1017.94
5/26/2000,1038.46
5/29/2000,1054
5/30/2000,1064.51
5/31/2000,1049.84
6/1/2000,1056.91
6/2/2000,1052.7
6/5/2000,1053.97
6/6/2000,1057.94
6/7/2000,1064.68
6/8/2000,1079.64
6/9/2000,1060.76
6/12/2000,1060.41
6/13/2000,1067.25
6/14/2000,1073.98
6/15/2000,1061.64
6/16/2000,1068.02
6/19/2000,1081.9
6/20/2000,1067.79
6/21/2000,1060.1
6/22/2000,1052.69
6/23/2000,1053.61
6/26/2000,1043.25
6/27/2000,1051.39
6/28/2000,1050.56
6/29/2000,1059.9
6/30/2000,1064.68
7/3/2000,1057.72
7/4/2000,1058.65
7/5/2000,1066.07
7/6/2000,1068.13
7/7/2000,1061.64
7/10/2000,1064.57
7/11/2000,1063.52
7/12/2000,1060.12
7/13/2000,1038.53
7/14/2000,1040.86
7/17/2000,1043.13
7/18/2000,1041.94
7/19/2000,1024.17
7/20/2000,1023.24
7/21/2000,1040.91
7/24/2000,1039.13
7/25/2000,1049.69
7/26/2000,1047.88
7/27/2000,1046.46
7/28/2000,1036.07
7/31/2000,1033.61
8/1/2000,1033.69
8/2/2000,1020.03
8/3/2000,1007.88
8/4/2000,1007.8
8/7/2000,1015.08
8/8/2000,1009.34
8/9/2000,1000.37
8/10/2000,1007.19
8/11/2000,1018.62
8/14/2000,1006.25
8/15/2000,1018.55
8/16/2000,1012.5
8/17/2000,1017.04
8/18/2000,1017.99
8/21/2000,1006.13
8/22/2000,999.67
8/23/2000,994.08
8/24/2000,1003.74
8/25/2000,1005.1
8/28/2000,1001.5
8/29/2000,995.64
8/30/2000,989.11
8/31/2000,988.34
9/1/2000,984.42
9/4/2000,994.19
9/5/2000,982.01
9/6/2000,976.91
9/7/2000,963.19
9/8/2000,968.31
9/11/2000,953.08
9/12/2000,955.35
9/13/2000,959.55
9/14/2000,971.63
9/15/2000,965.65
9/18/2000,964.96
9/19/2000,962.59
9/20/2000,953.98
9/21/2000,959.25
9/22/2000,1008.12
9/25/2000,987.08
9/26/2000,978.97
9/27/2000,986.78
9/28/2000,984.98
9/29/2000,976.87
10/2/2000,984.06
10/3/2000,980.58
10/4/2000,977.32
10/5/2000,983.15
10/6/2000,971.25
10/9/2000,971.67
10/10/2000,977.1
10/11/2000,977.95
10/12/2000,970.74
10/13/2000,973.64
10/16/2000,960.04
10/17/2000,962.6
10/18/2000,969.29
10/19/2000,957.17
10/20/2000,954.44
10/23/2000,954.14
10/24/2000,953.07
10/25/2000,945.34
10/26/2000,938.67
10/27/2000,946.02
10/30/2000,965.25
10/31/2000,958.7
11/1/2000,972.42
11/2/2000,981.58
11/3/2000,991.12
11/6/2000,982.4
11/7/2000,976.77
11/8/2000,970.59
11/9/2000,967.24
11/10/2000,984.82
11/13/2000,981.09
11/14/2000,976.32
11/15/2000,976.51
11/16/2000,976.69
11/17/2000,975.55
11/20/2000,980.36
11/21/2000,988.49
11/22/2000,991.67
11/23/2000,1006.61
11/24/2000,1003.04
11/27/2000,998.63
11/28/2000,1015.76
11/29/2000,1040.16
11/30/2000,1055.54
12/1/2000,1056.06
12/4/2000,1084.55
12/5/2000,1059.4
12/6/2000,1058.92
12/7/2000,1071.37
12/8/2000,1058.51
12/11/2000,1041.51
12/12/2000,1045.5
12/13/2000,1042.5
12/14/2000,1062.89
12/15/2000,1084.82
12/18/2000,1080.4
12/19/2000,1075.93
12/20/2000,1102.48
12/21/2000,1122.49
12/22/2000,1143.27
12/27/2000,1171.66
12/28/2000,1162.95
12/29/2000,1177.08
1/2/2001,1202.37
1/3/2001,1211.17
1/4/2001,1190.57
1/5/2001,1204.87
1/8/2001,1202.46
1/9/2001,1206.88
1/10/2001,1192.31
1/11/2001,1217.13
1/12/2001,1223.19
1/15/2001,1212.25
1/16/2001,1207.37
1/17/2001,1200.81
1/18/2001,1207.47
1/19/2001,1200.85
1/22/2001,1183.08
1/23/2001,1198.92
1/24/2001,1183.13
1/25/2001,1165.2
1/26/2001,1181.32
1/29/2001,1162.91
1/30/2001,1163.88
1/31/2001,1170.17
2/1/2001,1181.86
2/2/2001,1174.46
2/5/2001,1189.91
2/6/2001,1172.71
2/7/2001,1178.91
2/8/2001,1165.87
2/9/2001,1163.99
2/12/2001,1174.47
2/13/2001,1163.69
2/14/2001,1148.63
2/15/2001,1133.75
2/16/2001,1131.79
2/19/2001,1148.77
2/20/2001,1118.56
2/21/2001,1132
2/22/2001,1127.02
2/23/2001,1131.78
2/26/2001,1136.3
2/27/2001,1142.31
2/28/2001,1159.51
3/1/2001,1168.82
3/2/2001,1186.29
3/5/2001,1184.34
3/6/2001,1174.16
3/7/2001,1185.25
3/8/2001,1186.12
3/9/2001,1187.4
3/12/2001,1185.89
3/13/2001,1173.26
3/14/2001,1172.54
3/15/2001,1164.72
3/16/2001,1154.16
3/19/2001,1166.78
3/20/2001,1168.99
3/21/2001,1171.4
3/22/2001,1175.57
3/23/2001,1167.89
3/26/2001,1171.07
3/27/2001,1173.26
3/28/2001,1152.69
3/29/2001,1168.65
3/30/2001,1175.54
4/2/2001,1182.47
4/3/2001,1189.65
4/4/2001,1235.58
4/5/2001,1217.25
4/6/2001,1199.84
4/9/2001,1207.51
4/10/2001,1192.37
4/11/2001,1171.3
4/12/2001,1164.57
4/17/2001,1164.37
4/18/2001,1154.31
4/19/2001,1145.74
4/20/2001,1180.26
4/23/2001,1182.86
4/24/2001,1172.32
4/25/2001,1170.09
4/26/2001,1186.56
4/27/2001,1197.35
4/30/2001,1171.19
5/2/2001,1163.7
5/3/2001,1152.94
5/4/2001,1154.92
5/7/2001,1156.44
5/8/2001,1155.24
5/9/2001,1149.1
5/10/2001,1155.81
5/11/2001,1137.86
5/14/2001,1134.58
5/15/2001,1142.91
5/16/2001,1156.37
5/17/2001,1147.71
5/18/2001,1144.52
5/21/2001,1139.77
5/22/2001,1129.05
5/23/2001,1104.46
5/24/2001,1105.61
5/25/2001,1107.47
5/28/2001,1110.77
5/29/2001,1102.78
5/30/2001,1103.98
5/31/2001,1086.29
6/1/2001,1088.58
6/4/2001,1093.49
6/5/2001,1089.02
6/6/2001,1098.2
6/7/2001,1090.25
6/8/2001,1088.56
6/11/2001,1092.33
6/12/2001,1093.15
6/13/2001,1104.48
6/14/2001,1097.17
6/15/2001,1119.13
6/18/2001,1115.96
6/19/2001,1116.62
6/20/2001,1103.28
6/21/2001,1113.47
6/22/2001,1111.41
6/25/2001,1121.49
6/26/2001,1119
6/27/2001,1119.14
6/28/2001,1108.98
6/29/2001,1102.82
7/2/2001,1099.15
7/3/2001,1098.24
7/4/2001,1095.09
7/5/2001,1091.07
7/6/2001,1084.89
7/9/2001,1095.86
7/10/2001,1108.71
7/11/2001,1125.03
7/12/2001,1108.23
7/13/2001,1113.49
7/16/2001,1124.37
7/17/2001,1119
7/18/2001,1127.94
7/19/2001,1137.7
7/20/2001,1145.88
7/23/2001,1138.73
7/24/2001,1140.75
7/25/2001,1147.49
7/26/2001,1134.94
7/27/2001,1135.46
7/30/2001,1137.63
7/31/2001,1136.4
8/1/2001,1139.16
8/2/2001,1128.38
8/3/2001,1130.69
8/6/2001,1132.7
8/7/2001,1126.95
8/8/2001,1121.66
8/9/2001,1137.61
8/10/2001,1146.85
8/13/2001,1156.24
8/14/2001,1155.53
8/15/2001,1165.68
8/16/2001,1167.69
8/17/2001,1174.74
8/20/2001,1171.99
8/21/2001,1167.47
8/22/2001,1177.8
8/23/2001,1165.42
8/24/2001,1162.18
8/27/2001,1159.88
8/28/2001,1153.76
8/29/2001,1164.88
8/30/2001,1163.25
8/31/2001,1171.31
9/3/2001,1159.4
9/4/2001,1144.57
9/5/2001,1135.38
9/6/2001,1135.5
9/7/2001,1150.33
9/10/2001,1162.54
9/11/2001,1161.73
9/12/2001,1162.82
9/13/2001,1168.97
9/14/2001,1197.09
9/17/2001,1203.86
9/18/2001,1200.73
9/19/2001,1200.3
9/20/2001,1202.47
9/21/2001,1205.2
9/24/2001,1191.32
9/25/2001,1195.63
9/26/2001,1198.47
9/27/2001,1198.49
9/28/2001,1190.68
10/1/2001,1189.9
10/2/2001,1214.79
10/3/2001,1214.21
10/4/2001,1191.59
10/5/2001,1199.04
10/8/2001,1202.43
10/9/2001,1196.93
10/10/2001,1195.9
10/11/2001,1180.78
10/12/2001,1169.78
10/15/2001,1176.24
10/16/2001,1174.5
10/17/2001,1170.6
10/18/2001,1172.93
10/19/2001,1170.72
10/22/2001,1165.97
10/23/2001,1156.64
10/24/2001,1155.64
10/25/2001,1149.35
10/26/2001,1153.08
10/29/2001,1164.35
10/30/2001,1171.98
10/31/2001,1170.94
11/1/2001,1174.42
11/2/2001,1169.13
11/5/2001,1179.27
11/6/2001,1160.45
11/7/2001,1164.61
11/8/2001,1148.42
11/9/2001,1141.25
11/12/2001,1145.2
11/13/2001,1137.97
11/14/2001,1130.31
11/15/2001,1127.84
11/16/2001,1134.81
11/19/2001,1128.14
11/20/2001,1127.71
11/21/2001,1120.85
11/22/2001,1121.39
11/23/2001,1119.6
11/26/2001,1115.48
11/27/2001,1107.29
11/28/2001,1118.89
11/29/2001,1123.32
11/30/2001,1128.27
12/3/2001,1135.97
12/4/2001,1129.66
12/5/2001,1135.39
12/6/2001,1128.37
12/7/2001,1129.47
12/10/2001,1130.15
12/11/2001,1133.99
12/12/2001,1136.02
12/13/2001,1139.29
12/14/2001,1154.86
12/17/2001,1158.27
12/18/2001,1158.94
12/19/2001,1160.6
12/20/2001,1166.49
12/21/2001,1170.55
12/24/2001,1147.26
12/27/2001,1169.05
12/28/2001,1161.55
1/2/2002,1185.79
1/3/2002,1181.64
1/4/2002,1167.33
1/7/2002,1162.1
1/8/2002,1162.18
1/9/2002,1165.89
1/10/2002,1171.09
1/11/2002,1168.84
1/14/2002,1166.76
1/15/2002,1170.48
1/16/2002,1155.73
1/17/2002,1161.99
1/18/2002,1162.92
1/21/2002,1166.88
1/22/2002,1175.27
1/23/2002,1178.91
1/24/2002,1162.07
1/25/2002,1145.77
1/28/2002,1133.15
1/29/2002,1128.54
1/30/2002,1132.97
1/31/2002,1130.93
2/1/2002,1133.04
2/4/2002,1134.09
2/5/2002,1139.04
2/6/2002,1141.05
2/7/2002,1142.09
2/8/2002,1153.85
2/11/2002,1160.81
2/12/2002,1155.57
2/13/2002,1152.67
2/14/2002,1144.17
2/15/2002,1145.75
2/18/2002,1147.42
2/19/2002,1147.34
2/20/2002,1149.7
2/21/2002,1147.49
2/22/2002,1156.35
2/25/2002,1149.82
2/26/2002,1150.37
2/27/2002,1147.72
2/28/2002,1145.22
3/1/2002,1148.93
3/4/2002,1140.28
3/5/2002,1142.9
3/6/2002,1146.76
3/7/2002,1152.03
3/8/2002,1156.19
3/11/2002,1146.82
3/12/2002,1151.45
3/13/2002,1151.58
3/14/2002,1157.59
3/15/2002,1171.07
3/18/2002,1165.2
3/19/2002,1171.26
3/20/2002,1168.56
3/21/2002,1169.84
3/22/2002,1168.33
3/25/2002,1161.88
3/26/2002,1161.41
3/27/2002,1160.59
3/28/2002,1153.31
4/2/2002,1161.95
4/3/2002,1170.31
4/4/2002,1173.19
4/5/2002,1164.58
4/8/2002,1161.33
4/9/2002,1165.13
4/10/2002,1165.03
4/11/2002,1165.21
4/12/2002,1168.16
4/15/2002,1163.62
4/16/2002,1162
4/17/2002,1166.57
4/18/2002,1163.64
4/19/2002,1161.58
4/22/2002,1158.04
4/23/2002,1154.51
4/24/2002,1157.74
4/25/2002,1159.33
4/26/2002,1159.59
4/29/2002,1164.09
4/30/2002,1161.13
5/2/2002,1158.81
5/3/2002,1161.72
5/6/2002,1166.96
5/7/2002,1162.98
5/8/2002,1163.26
5/9/2002,1157.09
5/10/2002,1162.55
5/13/2002,1164.64
5/14/2002,1154.77
5/15/2002,1149.07
5/16/2002,1154
5/17/2002,1150.04
5/20/2002,1148.96
5/21/2002,1146.65
5/22/2002,1145.65
5/23/2002,1138.82
5/24/2002,1133.06
5/27/2002,1124.21
5/28/2002,1136.05
5/29/2002,1141.05
5/30/2002,1141.41
5/31/2002,1139.96
6/3/2002,1142.15
6/4/2002,1141.73
6/5/2002,1137.92
6/6/2002,1139.74
6/7/2002,1150.5
6/10/2002,1154.47
6/11/2002,1144.64
6/12/2002,1162.6
6/13/2002,1152.26
6/14/2002,1162.1
6/17/2002,1159.4
6/18/2002,1160.84
6/19/2002,1176.19
6/20/2002,1165.33
6/21/2002,1165.38
6/24/2002,1176.17
6/25/2002,1178.55
6/26/2002,1183.1
6/27/2002,1171.02
6/28/2002,1188.32
7/1/2002,1190.55
7/2/2002,1186.22
7/3/2002,1171.45
7/4/2002,1175.29
7/5/2002,1171.72
7/8/2002,1169.53
7/9/2002,1174.02
7/10/2002,1157.47
7/11/2002,1160.11
7/12/2002,1157.91
7/15/2002,1169.4
7/16/2002,1176.55
7/17/2002,1179.3
7/18/2002,1171.56
7/19/2002,1177.54
7/22/2002,1165.54
7/23/2002,1152.63
7/24/2002,1155.2
7/25/2002,1162.53
7/26/2002,1181.34
7/29/2002,1168.7
7/30/2002,1163.58
7/31/2002,1152.44
8/1/2002,1149.53
8/2/2002,1164.32
8/5/2002,1172.94
8/6/2002,1166.56
8/7/2002,1167.15
8/8/2002,1164.09
8/9/2002,1166.02
8/12/2002,1173.6
8/13/2002,1175.39
8/14/2002,1169.04
8/15/2002,1159.55
8/16/2002,1163.18
8/19/2002,1169.02
8/20/2002,1165.25
8/21/2002,1163.63
8/22/2002,1161.36
8/23/2002,1161.22
8/26/2002,1168.97
8/27/2002,1167.8
8/28/2002,1174.21
8/29/2002,1176.83
8/30/2002,1176.03
9/2/2002,1175.77
9/3/2002,1184.74
9/4/2002,1183.79
9/5/2002,1183.04
9/6/2002,1181.23
9/9/2002,1167.25
9/10/2002,1164.37
9/11/2002,1167.44
9/12/2002,1167.33
9/13/2002,1175.92
9/16/2002,1176.48
9/17/2002,1175.92
9/18/2002,1174.78
9/19/2002,1181.9
9/20/2002,1179.7
9/23/2002,1199.87
9/24/2002,1197.54
9/25/2002,1197.44
9/26/2002,1198.64
9/27/2002,1195.87
9/30/2002,1204.89
10/1/2002,1210.63
10/2/2002,1205.18
10/3/2002,1211.92
10/4/2002,1211.32
10/7/2002,1211.97
10/8/2002,1217.16
10/9/2002,1218.41
10/10/2002,1237.14
10/11/2002,1237.35
10/14/2002,1238.07
10/15/2002,1231.16
10/16/2002,1219.92
10/17/2002,1205.73
10/18/2002,1206.17
10/21/2002,1203.88
10/22/2002,1208.59
10/23/2002,1199.29
10/24/2002,1194.76
10/25/2002,1197.53
10/28/2002,1197.17
10/29/2002,1200.4
10/30/2002,1205.33
10/31/2002,1205.08
11/1/2002,1221.82
11/4/2002,1212.17
11/5/2002,1219.92
11/6/2002,1219.49
11/7/2002,1211.27
11/8/2002,1212.84
11/11/2002,1215.83
11/12/2002,1215.77
11/13/2002,1209.97
11/14/2002,1215.64
11/15/2002,1204.28
11/18/2002,1209.61
11/19/2002,1216.01
11/20/2002,1211.3
11/21/2002,1208.9
11/22/2002,1207.29
11/25/2002,1205.93
11/26/2002,1187.81
11/27/2002,1178.83
11/28/2002,1199.83
11/29/2002,1187.47
12/2/2002,1184.52
12/3/2002,1213.38
12/4/2002,1218.64
12/5/2002,1219.4
12/6/2002,1221.23
12/9/2002,1218.73
12/10/2002,1225.45
12/11/2002,1221.03
12/12/2002,1226.34
12/13/2002,1231.12
12/16/2002,1228.71
12/17/2002,1227.05
12/18/2002,1230.34
12/19/2002,1234.3
12/20/2002,1231.63
12/23/2002,1235.49
12/24/2002,1236.24
12/27/2002,1242.79
12/30/2002,1247.51
12/31/2002,1243.76
1/2/2003,1246.21
1/3/2003,1243.87
1/6/2003,1247.02
1/7/2003,1233.28
1/8/2003,1228.64
1/9/2003,1238.25
1/10/2003,1238.09
1/13/2003,1240.56
1/14/2003,1238.57
1/15/2003,1237.23
1/16/2003,1237.04
1/17/2003,1249.91
1/20/2003,1250.98
1/21/2003,1257.16
1/22/2003,1261.29
1/23/2003,1264.59
1/24/2003,1258.49
1/27/2003,1272.55
1/28/2003,1271.56
1/29/2003,1269.38
1/30/2003,1251.07
1/31/2003,1265.47
2/3/2003,1264.41
2/4/2003,1274.29
2/5/2003,1281.11
2/6/2003,1272.15
2/7/2003,1277.63
2/10/2003,1288.85
2/11/2003,1290.13
2/12/2003,1286.92
2/13/2003,1294.08
2/14/2003,1298.99
2/17/2003,1293.69
2/18/2003,1285.84
2/19/2003,1289.26
2/20/2003,1280.15
2/21/2003,1291.78
2/24/2003,1275.8
2/25/2003,1270.04
2/26/2003,1274.23
2/27/2003,1280.78
2/28/2003,1286.29
3/3/2003,1280.88
3/4/2003,1299.36
3/5/2003,1314.99
3/6/2003,1327.18
3/7/2003,1345.43
3/10/2003,1367.77
3/11/2003,1362.29
3/12/2003,1371.66
3/13/2003,1347.14
3/14/2003,1337.55
3/17/2003,1346.34
3/18/2003,1327.27
3/19/2003,1328.65
3/20/2003,1319.66
3/21/2003,1319.07
3/24/2003,1330.31
3/25/2003,1336.8
3/26/2003,1327.4
3/27/2003,1336.84
3/28/2003,1350.91
3/31/2003,1366.78
4/1/2003,1368.51
4/2/2003,1358.19
4/3/2003,1342.99
4/4/2003,1348.58
4/7/2003,1330.79
4/8/2003,1336.12
4/9/2003,1342.54
4/10/2003,1328.74
4/11/2003,1319.92
4/14/2003,1314.21
4/15/2003,1312.9
4/16/2003,1314.41
4/17/2003,1317.39
4/22/2003,1341.75
4/23/2003,1334.02
4/24/2003,1343.53
4/25/2003,1358.35
4/28/2003,1348.03
4/29/2003,1333.89
4/30/2003,1352.69
5/2/2003,1362.5
5/5/2003,1360.18
5/6/2003,1365.82
5/7/2003,1370.1
5/8/2003,1370.83
5/9/2003,1375.92
5/12/2003,1386.42
5/13/2003,1381.58
5/14/2003,1379.88
5/15/2003,1370.72
5/16/2003,1378.87
5/19/2003,1389.5
5/20/2003,1397.28
5/21/2003,1395.96
5/22/2003,1400.89
5/23/2003,1407.73
5/26/2003,1416.38
5/27/2003,1426.33
5/28/2003,1409.09
5/29/2003,1418.95
5/30/2003,1425.73
6/2/2003,1407
6/3/2003,1408.46
6/4/2003,1403.39
6/5/2003,1413.29
6/6/2003,1417.91
6/9/2003,1402.56
6/10/2003,1397.27
6/11/2003,1404.24
6/12/2003,1400.22
6/13/2003,1400.66
6/16/2003,1410.86
6/17/2003,1396.76
6/18/2003,1386.21
6/19/2003,1394.52
6/20/2003,1387.59
6/23/2003,1373.43
6/24/2003,1379.13
6/25/2003,1371.33
6/26/2003,1356.64
6/27/2003,1363.17
6/30/2003,1364.38
7/1/2003,1373.73
7/2/2003,1369.32
7/3/2003,1356.05
7/4/2003,1353.56
7/7/2003,1342.75
7/8/2003,1336.69
7/9/2003,1338.87
7/10/2003,1336.6
7/11/2003,1333.42
7/14/2003,1329.1
7/15/2003,1331.23
7/16/2003,1310.39
7/17/2003,1324.13
7/18/2003,1323.31
7/21/2003,1329.82
7/22/2003,1341.76
7/23/2003,1346.29
7/24/2003,1352.76
7/25/2003,1354.46
7/28/2003,1354.27
7/29/2003,1350.91
7/30/2003,1347.45
7/31/2003,1335.35
8/1/2003,1322.63
8/4/2003,1335.53
8/5/2003,1346.08
8/6/2003,1349.55
8/7/2003,1345.27
8/8/2003,1337
8/11/2003,1331.85
8/12/2003,1333.29
8/13/2003,1330.4
8/14/2003,1325.97
8/15/2003,1326.02
8/18/2003,1318.28
8/19/2003,1304.73
8/20/2003,1305.92
8/21/2003,1291.25
8/22/2003,1274.27
8/25/2003,1274.93
8/26/2003,1265.31
8/27/2003,1284.74
8/28/2003,1275.59
8/29/2003,1287.47
9/1/2003,1288.88
9/2/2003,1277.42
9/3/2003,1265.92
9/4/2003,1268.9
9/5/2003,1278.59
9/8/2003,1296.91
9/9/2003,1301.68
9/10/2003,1306.01
9/11/2003,1311.55
9/12/2003,1306.01
9/15/2003,1322.98
9/16/2003,1314.44
9/17/2003,1312.98
9/18/2003,1320.87
9/19/2003,1321.13
9/22/2003,1320.54
9/23/2003,1318.93
9/24/2003,1319.11
9/25/2003,1323.59
9/26/2003,1321.58
9/29/2003,1313.12
9/30/2003,1340.15
10/1/2003,1344.27
10/2/2003,1344.64
10/3/2003,1342.14
10/6/2003,1333.26
10/7/2003,1354.56
10/8/2003,1354.7
10/9/2003,1354.03
10/10/2003,1352.26
10/13/2003,1340.67
10/14/2003,1360.6
10/15/2003,1365.8
10/16/2003,1364.41
10/17/2003,1357.7
10/20/2003,1365.3
10/21/2003,1373.72
10/22/2003,1381.65
10/23/2003,1395.87
10/24/2003,1396.81
10/27/2003,1389.61
10/28/2003,1383.25
10/29/2003,1376.78
10/30/2003,1380.56
10/31/2003,1375.46
11/3/2003,1374.05
11/4/2003,1359.13
11/5/2003,1356.62
11/6/2003,1352.07
11/7/2003,1347
11/10/2003,1348.16
11/11/2003,1353.83
11/12/2003,1360.56
11/13/2003,1368.49
11/14/2003,1377.98
11/17/2003,1395.59
11/18/2003,1390.39
11/19/2003,1401.51
11/20/2003,1419.2
11/21/2003,1422.53
11/24/2003,1423.49
11/25/2003,1415.33
11/26/2003,1422.26
11/27/2003,1431.87
11/28/2003,1441.74
12/1/2003,1441.5
12/2/2003,1431.49
12/3/2003,1446.49
12/4/2003,1437.71
12/5/2003,1440.77
12/8/2003,1449.24
12/9/2003,1454.66
12/10/2003,1451.24
12/11/2003,1447.51
12/12/2003,1452.16
12/15/2003,1446.56
12/16/2003,1467.91
12/17/2003,1466.44
12/18/2003,1474.53
12/19/2003,1478.55
12/22/2003,1485.3
12/23/2003,1481.84
12/24/2003,1488.41
12/29/2003,1497.19
12/30/2003,1496.13
12/31/2003,1506.32
1/2/2004,1504.81
1/5/2004,1508.78
1/6/2004,1514.07
1/7/2004,1504.81
1/8/2004,1493.91
1/9/2004,1505
1/12/2004,1508.64
1/13/2004,1503.81
1/14/2004,1497.97
1/15/2004,1498.83
1/16/2004,1481.79
1/19/2004,1466.45
1/20/2004,1489.28
1/21/2004,1498.22
1/22/2004,1510.58
1/23/2004,1505.27
1/26/2004,1484.48
1/27/2004,1473.25
1/28/2004,1471.69
1/29/2004,1461.87
1/30/2004,1453.26
2/2/2004,1458.5
2/3/2004,1470.12
2/4/2004,1463.18
2/5/2004,1467.24
2/6/2004,1463.45
2/9/2004,1482.65
2/10/2004,1483.24
2/11/2004,1471.58
2/12/2004,1485.61
2/13/2004,1486.72
2/16/2004,1476.17
2/17/2004,1489.08
2/18/2004,1477.52
2/19/2004,1481.26
2/20/2004,1478.15
2/23/2004,1483.72
2/24/2004,1481.23
2/25/2004,1477.78
2/26/2004,1457.88
2/27/2004,1459.74
3/1/2004,1471.24
3/2/2004,1455.44
3/3/2004,1429.41
3/4/2004,1421.38
3/5/2004,1429.88
3/8/2004,1449.91
3/9/2004,1452.36
3/10/2004,1442.37
3/11/2004,1432.67
3/12/2004,1444.65
3/15/2004,1442.97
3/16/2004,1445.88
3/17/2004,1426.2
3/18/2004,1422.09
3/19/2004,1429.44
3/22/2004,1433.57
3/23/2004,1419.29
3/24/2004,1408.33
3/25/2004,1403.98
3/26/2004,1409.21
3/29/2004,1398.96
3/30/2004,1405.59
3/31/2004,1401.42
4/1/2004,1405.9
4/2/2004,1406.16
4/5/2004,1378.23
4/6/2004,1390.53
4/7/2004,1383.45
4/8/2004,1379.37
4/13/2004,1366.53
4/14/2004,1372.87
4/15/2004,1378.81
4/16/2004,1384.71
4/19/2004,1389.46
4/20/2004,1373.22
4/21/2004,1367.12
4/22/2004,1376.85
4/23/2004,1376.82
4/26/2004,1368.85
4/27/2004,1369.44
4/28/2004,1376.87
4/29/2004,1384.65
4/30/2004,1401.8
5/3/2004,1400.83
5/4/2004,1411.74
5/5/2004,1415.71
5/6/2004,1412.79
5/7/2004,1413.81
5/10/2004,1409.32
5/11/2004,1402.61
5/12/2004,1400.9
5/13/2004,1401.68
5/14/2004,1400.84
5/17/2004,1421.72
5/18/2004,1419.93
5/19/2004,1405.91
5/20/2004,1405.01
5/21/2004,1413.94
5/24/2004,1408.63
5/25/2004,1420.6
5/26/2004,1427.3
5/27/2004,1423.12
5/28/2004,1426.6
5/31/2004,1415.03
6/1/2004,1419.47
6/2/2004,1429
6/3/2004,1423.66
6/4/2004,1420.12
6/7/2004,1427.96
6/8/2004,1423.46
6/9/2004,1403.1
6/10/2004,1396.96
6/11/2004,1397.44
6/14/2004,1395.06
6/15/2004,1401.83
6/16/2004,1394.27
6/17/2004,1394.03
6/18/2004,1396.93
6/21/2004,1400.75
6/22/2004,1400.56
6/23/2004,1401.91
6/24/2004,1400.88
6/25/2004,1395.57
6/28/2004,1406.91
6/29/2004,1401.69
6/30/2004,1404.45
7/1/2004,1402.54
7/2/2004,1403.15
7/5/2004,1416.5
7/6/2004,1421.5
7/7/2004,1423.59
7/8/2004,1420.64
7/9/2004,1421.85
7/12/2004,1422.74
7/13/2004,1422.47
7/14/2004,1427.47
7/15/2004,1436.81
7/16/2004,1438.69
7/19/2004,1436.75
7/20/2004,1437.47
7/21/2004,1425.17
7/22/2004,1425.97
7/23/2004,1421.78
7/26/2004,1412.73
7/27/2004,1417.39
7/28/2004,1404.79
7/29/2004,1405.87
7/30/2004,1408.74
8/2/2004,1404.23
8/3/2004,1400.68
8/4/2004,1399.08
8/5/2004,1400.91
8/6/2004,1402.74
8/9/2004,1416.06
8/10/2004,1418.16
8/11/2004,1411.87
8/12/2004,1418.69
8/13/2004,1420.15
8/16/2004,1430.04
8/17/2004,1428.31
8/18/2004,1427.62
8/19/2004,1427.65
8/20/2004,1419.17
8/23/2004,1412.61
8/24/2004,1400.9
8/25/2004,1396.5
8/26/2004,1395.92
8/27/2004,1391.65
8/30/2004,1388.24
8/31/2004,1395.01
9/1/2004,1396.95
9/2/2004,1400.33
9/3/2004,1400.31
9/6/2004,1391.61
9/7/2004,1389.99
9/8/2004,1384.06
9/9/2004,1395.93
9/10/2004,1400.18
9/13/2004,1401.08
9/14/2004,1401.38
9/15/2004,1400.27
9/16/2004,1393.06
9/17/2004,1400.11
9/20/2004,1390.69
9/21/2004,1408.06
9/22/2004,1401.2
9/23/2004,1411.79
9/24/2004,1414.8
9/27/2004,1410.44
9/28/2004,1424.69
9/29/2004,1420.97
9/30/2004,1429.39
10/1/2004,1426.13
10/4/2004,1414.71
10/5/2004,1413.36
10/6/2004,1415.5
10/7/2004,1414.86
10/8/2004,1413.76
10/11/2004,1420.25
10/12/2004,1410.83
10/13/2004,1407.52
10/14/2004,1416.67
10/15/2004,1421.96
10/18/2004,1426.65
10/19/2004,1432.16
10/20/2004,1438.91
10/21/2004,1438.6
10/22/2004,1437.84
10/25/2004,1449.33
10/26/2004,1449.07
10/27/2004,1442.94
10/28/2004,1433.17
10/29/2004,1425.78
11/1/2004,1426.5
11/2/2004,1416.48
11/3/2004,1423.6
11/4/2004,1433.39
11/5/2004,1427.79
11/8/2004,1427.72
11/9/2004,1424.86
11/10/2004,1440.42
11/11/2004,1433.43
11/12/2004,1427.38
11/15/2004,1414.95
11/16/2004,1414.36
11/17/2004,1405.51
11/18/2004,1387.97
11/19/2004,1391.58
11/22/2004,1388.54
11/23/2004,1395.03
11/24/2004,1402.28
11/25/2004,1396.88
11/26/2004,1385.75
11/29/2004,1387.09
11/30/2004,1393.85
12/1/2004,1390.69
12/2/2004,1386.65
12/3/2004,1390.38
12/6/2004,1398.38
12/7/2004,1401.98
12/8/2004,1408.07
12/9/2004,1404.21
12/10/2004,1408.01
12/13/2004,1408.8
12/14/2004,1409.2
12/15/2004,1420.07
12/16/2004,1415.82
12/17/2004,1406.12
12/20/2004,1415.66
12/21/2004,1413.87
12/22/2004,1410.27
12/23/2004,1413.62
12/24/2004,1419.13
12/27/2004,1415.8
12/28/2004,1421.17
12/29/2004,1416.66
12/30/2004,1417.06
12/31/2004,1410.05
1/3/2005,1402.16
1/4/2005,1387.96
1/5/2005,1383.76
1/6/2005,1395.95
1/7/2005,1387.58
1/10/2005,1380.66
1/11/2005,1373.57
1/12/2005,1369.08
1/13/2005,1371.7
1/14/2005,1366.05
1/17/2005,1355.34
1/18/2005,1352.89
1/19/2005,1348.73
1/20/2005,1336.55
1/21/2005,1345.62
1/24/2005,1348.7
1/25/2005,1343.4
1/26/2005,1341.73
1/27/2005,1339.33
1/28/2005,1334.52
1/31/2005,1336.87
2/1/2005,1339.05
2/2/2005,1342.47
2/3/2005,1332.73
2/4/2005,1330.79
2/7/2005,1318.18
2/8/2005,1309.91
2/9/2005,1322.78
2/10/2005,1319.86
2/11/2005,1328.24
2/14/2005,1329.38
2/15/2005,1336.48
2/16/2005,1337.9
2/17/2005,1337.62
2/18/2005,1335.32
2/21/2005,1335.79
2/22/2005,1327.08
2/23/2005,1325.71
2/24/2005,1334.62
2/25/2005,1327.56
2/28/2005,1333.79
3/1/2005,1327.55
3/2/2005,1319.79
3/3/2005,1322.68
3/4/2005,1322.39
3/7/2005,1325.9
3/8/2005,1330.3
3/9/2005,1336.07
3/10/2005,1341.3
3/11/2005,1342.14
3/14/2005,1338.27
3/15/2005,1343.52
3/16/2005,1342.38
3/17/2005,1338.94
3/18/2005,1334.54
3/21/2005,1331.91
3/22/2005,1330.15
3/23/2005,1316.09
3/24/2005,1315.73
3/29/2005,1317.42
3/30/2005,1324.72
3/31/2005,1316.49
4/1/2005,1306.01
4/4/2005,1305.6
4/5/2005,1303.42
4/6/2005,1303.23
4/7/2005,1308.45
4/8/2005,1301.38
4/11/2005,1316.56
4/12/2005,1315.9
4/13/2005,1306.93
4/14/2005,1303.28
4/15/2005,1315.75
4/18/2005,1322.24
4/19/2005,1317.53
4/20/2005,1316.51
4/21/2005,1314.03
4/22/2005,1313.06
4/25/2005,1295.3
4/26/2005,1296.54
4/27/2005,1295.75
4/28/2005,1293.86
4/29/2005,1291.94
5/2/2005,1287.71
5/3/2005,1288.81
5/4/2005,1294.91
5/5/2005,1295.01
5/6/2005,1292.24
5/9/2005,1283.55
5/10/2005,1284.24
5/11/2005,1288.2
5/12/2005,1276.59
5/13/2005,1265.52
5/16/2005,1273.21
5/17/2005,1269.41
5/18/2005,1268.66
5/19/2005,1270.65
5/20/2005,1266.25
5/23/2005,1260.13
5/24/2005,1262.84
5/25/2005,1257.28
5/26/2005,1254.55
5/27/2005,1258.36
5/30/2005,1250.38
5/31/2005,1242.9
6/1/2005,1236.01
6/2/2005,1241.81
6/3/2005,1238.12
6/6/2005,1237.63
6/7/2005,1234.03
6/8/2005,1239.49
6/9/2005,1228.98
6/10/2005,1230.6
6/13/2005,1220.8
6/14/2005,1227.23
6/15/2005,1221.62
6/16/2005,1228.7
6/17/2005,1229.02
6/20/2005,1231.01
6/21/2005,1225.52
6/22/2005,1223.7
6/23/2005,1217.4
6/24/2005,1223.91
6/27/2005,1231.42
6/28/2005,1234.57
6/29/2005,1243.25
6/30/2005,1239.85
7/1/2005,1246.65
7/4/2005,1235.97
7/5/2005,1249.97
7/6/2005,1251.64
7/7/2005,1254.17
7/8/2005,1255.75
7/11/2005,1252.95
7/12/2005,1264.66
7/13/2005,1264.09
7/14/2005,1244.71
7/15/2005,1258.61
7/18/2005,1247.29
7/19/2005,1247.35
7/20/2005,1257.57
7/21/2005,1261.78
7/22/2005,1236.64
7/25/2005,1236.36
7/26/2005,1232.86
7/27/2005,1234.37
7/28/2005,1243.88
7/29/2005,1241.89
8/1/2005,1254.28
8/2/2005,1246.68
8/3/2005,1249.26
8/4/2005,1246.07
8/5/2005,1255.88
8/8/2005,1255.56
8/9/2005,1253.64
8/10/2005,1255.83
8/11/2005,1259.73
8/12/2005,1262.83
8/15/2005,1255.34
8/16/2005,1251.49
8/17/2005,1253.02
8/18/2005,1244.57
8/19/2005,1249.49
8/22/2005,1250.86
8/23/2005,1256.88
8/24/2005,1256.06
8/25/2005,1256.9
8/26/2005,1264.11
8/29/2005,1267.12
8/30/2005,1260.31
8/31/2005,1266.76
9/1/2005,1280.67
9/2/2005,1283.95
9/5/2005,1282.26
9/6/2005,1279.91
9/7/2005,1276.6
9/8/2005,1273.71
9/9/2005,1275.27
9/12/2005,1262.88
9/13/2005,1259.52
9/14/2005,1261.88
9/15/2005,1252.55
9/16/2005,1257.97
9/19/2005,1250.62
9/20/2005,1250.28
9/21/2005,1257.95
9/22/2005,1253.82
9/23/2005,1249.24
9/26/2005,1244.97
9/27/2005,1243.42
9/28/2005,1248.72
9/29/2005,1251.05
9/30/2005,1254.96
10/3/2005,1245.21
10/4/2005,1243.88
10/5/2005,1240.1
10/6/2005,1256.64
10/7/2005,1259.64
10/10/2005,1254.55
10/11/2005,1249.69
10/12/2005,1252.25
10/13/2005,1255.02
10/14/2005,1256.3
10/17/2005,1261.11
10/18/2005,1256.07
10/19/2005,1260.55
10/20/2005,1261.94
10/21/2005,1268.17
10/24/2005,1263.79
10/25/2005,1265.21
10/26/2005,1259.98
10/27/2005,1263.76
10/28/2005,1265.27
10/31/2005,1250.63
11/1/2005,1252.25
11/2/2005,1246.69
11/3/2005,1256.48
11/4/2005,1250.4
11/7/2005,1239.45
11/8/2005,1230.99
11/9/2005,1227.91
11/10/2005,1228.89
11/11/2005,1218.01
11/14/2005,1214.46
11/15/2005,1207.07
11/16/2005,1211.37
11/17/2005,1210.71
11/18/2005,1210.29
11/21/2005,1226.51
11/22/2005,1221.99
11/23/2005,1221.05
11/24/2005,1222.84
11/25/2005,1226.59
11/28/2005,1217.86
11/29/2005,1222.23
11/30/2005,1216.33
12/1/2005,1215.2
12/2/2005,1214.62
12/5/2005,1218.47
12/6/2005,1218.72
12/7/2005,1211.52
12/8/2005,1217.1
12/9/2005,1218.39
12/12/2005,1232.03
12/13/2005,1223.51
12/14/2005,1221.83
12/15/2005,1214.9
12/16/2005,1217.59
12/19/2005,1218.9
12/20/2005,1215.35
12/21/2005,1209.04
12/22/2005,1202.95
12/23/2005,1202.03
12/27/2005,1199.96
12/28/2005,1206.85
12/29/2005,1194.92
12/30/2005,1184.42
1/2/2006,1197.76
1/3/2006,1193.97
1/4/2006,1206.31
1/5/2006,1193.51
1/6/2006,1198.17
1/9/2006,1180.56
1/10/2006,1184.75
1/11/2006,1187.04
1/12/2006,1179.93
1/13/2006,1189.03
1/16/2006,1189.94
1/17/2006,1194.28
1/18/2006,1202.98
1/19/2006,1187.38
1/20/2006,1190.75
1/23/2006,1204.99
1/24/2006,1197.26
1/25/2006,1190.92
1/26/2006,1187.41
1/27/2006,1181.66
1/30/2006,1172.92
1/31/2006,1168.96
2/1/2006,1163.37
2/2/2006,1173.3
2/3/2006,1170.1
2/6/2006,1153.89
2/7/2006,1159.29
2/8/2006,1161.05
2/9/2006,1164.58
2/10/2006,1158.46
2/13/2006,1161.16
2/14/2006,1153.99
2/15/2006,1159.57
2/16/2006,1155.62
2/17/2006,1154.03
2/20/2006,1154.72
2/21/2006,1153.16
2/22/2006,1157.34
2/23/2006,1154.5
2/24/2006,1149.63
2/27/2006,1148.28
2/28/2006,1153.06
3/1/2006,1157.8
3/2/2006,1155.38
3/3/2006,1167.5
3/6/2006,1171.6
3/7/2006,1163.54
3/8/2006,1170.07
3/9/2006,1170.6
3/10/2006,1168.24
3/13/2006,1169.25
3/14/2006,1167.32
3/15/2006,1172.41
3/16/2006,1176.85
3/17/2006,1183.47
3/20/2006,1177.29
3/21/2006,1175.96
3/22/2006,1175.04
3/23/2006,1175.97
3/24/2006,1172.42
3/27/2006,1173.22
3/28/2006,1180.3
3/29/2006,1171.35
3/30/2006,1180.69
3/31/2006,1176.09
4/3/2006,1171.08
4/4/2006,1175.89
4/5/2006,1173.9
4/6/2006,1172.1
4/7/2006,1160.66
4/10/2006,1155.45
4/11/2006,1155.79
4/12/2006,1165.21
4/13/2006,1162.96
4/18/2006,1168.6
4/19/2006,1167.38
4/20/2006,1171.14
4/21/2006,1168.08
4/24/2006,1161.94
4/25/2006,1174.29
4/26/2006,1176.09
4/27/2006,1173
4/28/2006,1182.49
5/2/2006,1188.63
5/3/2006,1179.27
5/4/2006,1183.14
5/5/2006,1192.16
5/8/2006,1183.5
5/9/2006,1183.36
5/10/2006,1187.42
5/11/2006,1189.71
5/12/2006,1204.36
5/15/2006,1210.13
5/16/2006,1211.21
5/17/2006,1206.98
5/18/2006,1209.45
5/19/2006,1208.08
5/22/2006,1214.6
5/23/2006,1211.93
5/24/2006,1220.33
5/25/2006,1210.64
5/26/2006,1209.96
5/29/2006,1208.82
5/30/2006,1214.31
5/31/2006,1216.93
6/1/2006,1206.42
6/2/2006,1214.86
6/5/2006,1221.94
6/6/2006,1211.41
6/7/2006,1212.65
6/8/2006,1214.22
6/9/2006,1208.3
6/12/2006,1202.89
6/13/2006,1208.89
6/14/2006,1208.69
6/15/2006,1210.06
6/16/2006,1209.12
6/19/2006,1210.31
6/20/2006,1200.21
6/21/2006,1207.37
6/22/2006,1201.83
6/23/2006,1195.25
6/26/2006,1205.23
6/27/2006,1204.92
6/28/2006,1203.83
6/29/2006,1203.54
6/30/2006,1206.08
7/3/2006,1208.46
7/4/2006,1206.7
7/5/2006,1211.34
7/6/2006,1209.57
7/7/2006,1211.23
7/10/2006,1201.24
7/11/2006,1205.78
7/12/2006,1207
7/13/2006,1204.85
7/14/2006,1208.15
7/17/2006,1196.22
7/18/2006,1201.28
7/19/2006,1195.65
7/20/2006,1203.55
7/21/2006,1204.54
7/24/2006,1202.41
7/25/2006,1203.58
7/26/2006,1201.49
7/27/2006,1212.94
7/28/2006,1207.92
7/31/2006,1219.89
8/1/2006,1219.7
8/2/2006,1231.49
8/3/2006,1234.33
8/4/2006,1234.11
8/7/2006,1236.94
8/8/2006,1237.23
8/9/2006,1235.68
8/10/2006,1231.51
8/11/2006,1228.64
8/14/2006,1228.24
8/15/2006,1228.85
8/16/2006,1234.72
8/17/2006,1237.54
8/18/2006,1227.2
8/21/2006,1235.83
8/22/2006,1225.28
8/23/2006,1224.31
8/24/2006,1230.81
8/25/2006,1227.64
8/28/2006,1233.98
8/29/2006,1230.98
8/30/2006,1232.19
8/31/2006,1235.37
9/1/2006,1231.14
9/4/2006,1231.09
9/5/2006,1225.47
9/6/2006,1224.35
9/7/2006,1217.53
9/8/2006,1215.81
9/11/2006,1217.33
9/12/2006,1219.3
9/13/2006,1215.85
9/14/2006,1218.35
9/15/2006,1211.98
9/18/2006,1211.34
9/19/2006,1204.79
9/20/2006,1205.3
9/21/2006,1202.12
9/22/2006,1213.64
9/25/2006,1205.49
9/26/2006,1198.6
9/27/2006,1196.86
9/28/2006,1201.06
9/29/2006,1198.02
10/2/2006,1202.54
10/3/2006,1207.4
10/4/2006,1203.97
10/5/2006,1207.48
10/6/2006,1202
10/9/2006,1214.74
10/10/2006,1203.21
10/11/2006,1201.93
10/12/2006,1200.34
10/13/2006,1197.46
10/16/2006,1195.75
10/17/2006,1195.23
10/18/2006,1198.36
10/19/2006,1202.46
10/20/2006,1207.98
10/23/2006,1204.75
10/24/2006,1202.05
10/25/2006,1202.46
10/26/2006,1201.78
10/27/2006,1201.52
10/30/2006,1201.12
10/31/2006,1196.34
11/1/2006,1198.39
11/2/2006,1198.82
11/3/2006,1195.87
11/6/2006,1196.97
11/7/2006,1196.93
11/8/2006,1194.68
11/9/2006,1198.47
11/10/2006,1201.56
11/13/2006,1199.67
11/14/2006,1201.67
11/15/2006,1204.3
11/16/2006,1200.44
11/17/2006,1199.35
11/20/2006,1201.21
11/21/2006,1198.69
11/22/2006,1203.55
11/23/2006,1205.21
11/24/2006,1219
11/27/2006,1220.45
11/28/2006,1223.79
11/29/2006,1224.39
11/30/2006,1226.74
12/1/2006,1229.84
12/4/2006,1234.41
12/5/2006,1232.25
12/6/2006,1216.16
12/7/2006,1215.21
12/8/2006,1221.66
12/11/2006,1219.99
12/12/2006,1221.89
12/13/2006,1223.76
12/14/2006,1214.92
12/15/2006,1210.08
12/18/2006,1214.1
12/19/2006,1226.39
12/20/2006,1222.6
12/21/2006,1222.26
12/22/2006,1225.01
12/27/2006,1224.44
12/28/2006,1224.69
12/29/2006,1224.81
1/2/2007,1228.34
1/3/2007,1225.26
1/4/2007,1220.63
1/5/2007,1222.57
1/8/2007,1220.09
1/9/2007,1221.87
1/10/2007,1218.08
1/11/2007,1219.13
1/12/2007,1212.01
1/15/2007,1214.51
1/16/2007,1211.82
1/17/2007,1209.51
1/18/2007,1210.4
1/19/2007,1213.32
1/22/2007,1216.05
1/23/2007,1226.09
1/24/2007,1217
1/25/2007,1214.81
1/26/2007,1213.53
1/29/2007,1215.16
1/30/2007,1222.87
1/31/2007,1219.17
2/1/2007,1220.04
2/2/2007,1220.36
2/5/2007,1209.46
2/6/2007,1208.64
2/7/2007,1212.53
2/8/2007,1214.72
2/9/2007,1215.5
2/12/2007,1214.82
2/13/2007,1223.48
2/14/2007,1227.68
2/15/2007,1227.98
2/16/2007,1228.53
2/19/2007,1229.75
2/20/2007,1233.59
2/21/2007,1233.72
2/22/2007,1230.52
2/23/2007,1232.03
2/26/2007,1235.4
2/27/2007,1242.16
2/28/2007,1244.15
3/1/2007,1245.46
3/2/2007,1241.47
3/5/2007,1244.39
3/6/2007,1241.03
3/7/2007,1246.84
3/8/2007,1245.82
3/9/2007,1244.13
3/12/2007,1241.86
3/13/2007,1248.37
3/14/2007,1247.18
3/15/2007,1249.79
3/16/2007,1258.88
3/19/2007,1255.07
3/20/2007,1251.49
3/21/2007,1248.21
3/22/2007,1251.46
3/23/2007,1248.54
3/26/2007,1244.99
3/27/2007,1255.62
3/28/2007,1254.11
3/29/2007,1256.22
3/30/2007,1253.02
4/2/2007,1252.86
4/3/2007,1251.31
4/4/2007,1250.21
4/5/2007,1247.1
4/10/2007,1254.32
4/11/2007,1251.16
4/12/2007,1254.11
4/13/2007,1256.78
4/16/2007,1260.9
4/17/2007,1259.04
4/18/2007,1261.3
4/19/2007,1263.87
4/20/2007,1261.89
4/23/2007,1255.58
4/24/2007,1259.39
4/25/2007,1264.92
4/26/2007,1263
4/27/2007,1267.64
4/30/2007,1266.49
5/2/2007,1263.75
5/3/2007,1261.86
5/4/2007,1257.99
5/7/2007,1255.85
5/8/2007,1251.34
5/9/2007,1250.02
5/10/2007,1251.45
5/11/2007,1249.82
5/14/2007,1252.2
5/15/2007,1251.32
5/16/2007,1254.17
5/17/2007,1254.42
5/18/2007,1258.82
5/21/2007,1250.43
5/22/2007,1251.69
5/23/2007,1256.39
5/24/2007,1252.61
5/25/2007,1247.66
5/28/2007,1249.51
5/29/2007,1253.16
5/30/2007,1249.4
5/31/2007,1248.17
6/1/2007,1247.4
6/4/2007,1251.06
6/5/2007,1254.42
6/6/2007,1252.66
6/7/2007,1248.33
6/8/2007,1242.86
6/11/2007,1245.49
6/12/2007,1240.48
6/13/2007,1237.62
6/14/2007,1237.07
6/15/2007,1236.01
6/18/2007,1244.43
6/19/2007,1243.46
6/20/2007,1245.76
6/21/2007,1241.9
6/22/2007,1247.46
6/25/2007,1247.23
6/26/2007,1246.8
6/27/2007,1246.78
6/28/2007,1248.19
6/29/2007,1247.73
7/2/2007,1252.34
7/3/2007,1248.5
7/4/2007,1252.65
7/5/2007,1257.68
7/6/2007,1250.22
7/9/2007,1254.49
7/10/2007,1257.2
7/11/2007,1264.24
7/12/2007,1266.15
7/13/2007,1263.74
7/16/2007,1265.37
7/17/2007,1264.45
7/18/2007,1262.43
7/19/2007,1265.84
7/20/2007,1262.97
7/23/2007,1264.97
7/24/2007,1264.47
7/25/2007,1256.04
7/26/2007,1260.02
7/27/2007,1258.28
7/30/2007,1261.2
7/31/2007,1260.08
8/1/2007,1263.9
8/2/2007,1260.85
8/3/2007,1263.68
8/6/2007,1276.02
8/7/2007,1273.12
8/8/2007,1274.77
8/9/2007,1267.12
8/10/2007,1271.98
8/13/2007,1269.13
8/14/2007,1267.22
8/15/2007,1256.57
8/16/2007,1268.65
8/17/2007,1278.74
8/20/2007,1270.72
8/21/2007,1274.55
8/22/2007,1273.87
8/23/2007,1278.2
8/24/2007,1282.19
8/27/2007,1282.01
8/28/2007,1284.28
8/29/2007,1284.04
8/30/2007,1280.02
8/31/2007,1285.87
9/3/2007,1277.8
9/4/2007,1275.64
9/5/2007,1274.62
9/6/2007,1283.72
9/7/2007,1284.96
9/10/2007,1295.42
9/11/2007,1294.48
9/12/2007,1294.78
9/13/2007,1294.64
9/14/2007,1287.04
9/17/2007,1288.62
9/18/2007,1290.6
9/19/2007,1294.99
9/20/2007,1294.69
9/21/2007,1294.33
9/24/2007,1300.09
9/25/2007,1299.23
9/26/2007,1301.17
9/27/2007,1304.84
9/28/2007,1297.59
10/1/2007,1300.45
10/2/2007,1294.4
10/3/2007,1297.28
10/4/2007,1293.37
10/5/2007,1296.13
10/8/2007,1288.58
10/9/2007,1289.37
10/10/2007,1296.13
10/11/2007,1302.62
10/12/2007,1301.44
10/15/2007,1304.95
10/16/2007,1297.84
10/17/2007,1304.41
10/18/2007,1313.36
10/19/2007,1308.92
10/22/2007,1299.09
10/23/2007,1308.94
10/24/2007,1306.6
10/25/2007,1312.14
10/26/2007,1308.94
10/29/2007,1305.41
10/30/2007,1306.57
10/31/2007,1301.39
11/1/2007,1303.69
11/2/2007,1313.39
11/5/2007,1315.66
11/6/2007,1321.01
11/7/2007,1333.89
11/8/2007,1332.7
11/9/2007,1331.45
11/12/2007,1329.02
11/13/2007,1342.09
11/14/2007,1342.55
11/15/2007,1340.35
11/16/2007,1344.38
11/19/2007,1347.29
11/20/2007,1363.47
11/21/2007,1376.52
11/22/2007,1384.44
11/23/2007,1378.42
11/26/2007,1380.14
11/27/2007,1382.69
11/28/2007,1374.13
11/29/2007,1369.16
11/30/2007,1359.71
12/3/2007,1357.19
12/4/2007,1360.45
12/5/2007,1359.47
12/6/2007,1342.32
12/7/2007,1346.83
12/10/2007,1359.65
12/11/2007,1356.13
12/12/2007,1360.08
12/13/2007,1358.1
12/14/2007,1349.92
12/17/2007,1343.73
12/18/2007,1354.31
12/19/2007,1351.76
12/20/2007,1354.55
12/21/2007,1352.58
12/24/2007,1352.91
12/27/2007,1365.37
12/28/2007,1375.76
12/31/2007,1377.96
1/2/2008,1376.19
1/3/2008,1382.06
1/4/2008,1382.42
1/7/2008,1384.55
1/8/2008,1381.24
1/9/2008,1376.1
1/10/2008,1375.15
1/11/2008,1386.82
1/14/2008,1396.18
1/15/2008,1392.59
1/16/2008,1390.52
1/17/2008,1389.47
1/18/2008,1383.9
1/21/2008,1373.62
1/22/2008,1382.8
1/23/2008,1389.05
1/24/2008,1392.55
1/25/2008,1392.42
1/28/2008,1401.73
1/29/2008,1395.61
1/30/2008,1399.55
1/31/2008,1404.03
2/1/2008,1405.52
2/4/2008,1397.93
2/5/2008,1383.24
2/6/2008,1379.64
2/7/2008,1372.25
2/8/2008,1366.69
2/11/2008,1375.96
2/12/2008,1374.57
2/13/2008,1379.84
2/14/2008,1381.65
2/15/2008,1386.77
2/18/2008,1383.03
2/19/2008,1392.31
2/20/2008,1386.9
2/21/2008,1396.97
2/22/2008,1408.56
2/25/2008,1405.69
2/26/2008,1409.31
2/27/2008,1415.72
2/28/2008,1416.31
2/29/2008,1425.07
3/3/2008,1440.64
3/4/2008,1440.92
3/5/2008,1441.11
3/6/2008,1454.62
3/7/2008,1478.49
3/10/2008,1481.38
3/11/2008,1487.92
3/12/2008,1497.4
3/13/2008,1530.75
3/14/2008,1552.05
3/17/2008,1615.48
3/18/2008,1600.91
3/19/2008,1585.83
3/20/2008,1557.11
3/25/2008,1522.65
3/26/2008,1556.08
3/27/2008,1558.47
3/28/2008,1570.91
3/31/2008,1566.97
4/1/2008,1541.96
4/2/2008,1524.59
4/3/2008,1521.55
4/4/2008,1534.47
4/7/2008,1529.91
4/8/2008,1534.72
4/9/2008,1535.49
4/10/2008,1550.67
4/11/2008,1545.62
4/14/2008,1555.56
4/15/2008,1564.6
4/16/2008,1576.39
4/17/2008,1582.04
4/18/2008,1577.61
4/21/2008,1579.86
4/22/2008,1591.91
4/23/2008,1583.24
4/24/2008,1570.99
4/25/2008,1551.41
4/28/2008,1556.94
4/29/2008,1559.44
4/30/2008,1562.55
5/2/2008,1563.19
5/5/2008,1557.98
5/6/2008,1577.26
5/7/2008,1587.75
5/8/2008,1604.91
5/9/2008,1616.52
5/12/2008,1612.82
5/13/2008,1616.93
5/14/2008,1616.46
5/15/2008,1619.35
5/16/2008,1607.84
5/19/2008,1621.57
5/20/2008,1634.28
5/21/2008,1639.1
5/22/2008,1646
5/23/2008,1645.43
5/26/2008,1652.86
5/27/2008,1639.83
5/28/2008,1615.7
5/29/2008,1605.64
5/30/2008,1595.39
6/2/2008,1588.96
6/3/2008,1587.29
6/4/2008,1575.99
6/5/2008,1581.02
6/6/2008,1597.52
6/9/2008,1630.49
6/10/2008,1595.3
6/11/2008,1598.43
6/12/2008,1596.43
6/13/2008,1601.85
6/16/2008,1608.12
6/17/2008,1579.43
6/18/2008,1596.24
6/19/2008,1592.61
6/20/2008,1607.44
6/23/2008,1615.35
6/24/2008,1609.73
6/25/2008,1618.01
6/26/2008,1631.7
6/27/2008,1639.76
6/30/2008,1652.22
7/1/2008,1661.03
7/2/2008,1640.66
7/3/2008,1663.16
7/4/2008,1643.65
7/7/2008,1629.66
7/8/2008,1616.75
7/9/2008,1571.11
7/10/2008,1570.41
7/11/2008,1585.88
7/14/2008,1592.62
7/15/2008,1614.59
7/16/2008,1603.5
7/17/2008,1603.13
7/18/2008,1603.74
7/21/2008,1603.64
7/22/2008,1618.96
7/23/2008,1592.6
7/24/2008,1577.89
7/25/2008,1584.41
7/28/2008,1584.99
7/29/2008,1585.03
7/30/2008,1578.78
7/31/2008,1579.05
8/1/2008,1581.54
8/4/2008,1582.83
8/5/2008,1575.8
8/6/2008,1570.63
8/7/2008,1572.55
8/8/2008,1549.53
8/11/2008,1551.11
8/12/2008,1541.01
8/13/2008,1549.17
8/14/2008,1549.88
8/15/2008,1531.37
8/18/2008,1536.57
8/19/2008,1540.35
8/20/2008,1541.91
8/21/2008,1561.77
8/22/2008,1573.28
8/25/2008,1594.4
8/26/2008,1588.99
8/27/2008,1597.42
8/28/2008,1597.85
8/29/2008,1602.8
9/1/2008,1631.85
9/2/2008,1645.03
9/3/2008,1658.62
9/4/2008,1635.19
9/5/2008,1592.74
9/8/2008,1536.68
9/9/2008,1551.6
9/10/2008,1546.11
9/11/2008,1550.16
9/12/2008,1564.84
9/15/2008,1570.76
9/16/2008,1654.26
9/17/2008,1587.75
9/18/2008,1673.53
9/19/2008,1605.82
9/22/2008,1646.52
9/23/2008,1692
9/24/2008,1694.49
9/25/2008,1691.24
9/26/2008,1709.95
9/29/2008,1700.21
9/30/2008,1726.3
10/1/2008,1680.57
10/2/2008,1704.58
10/3/2008,1697.85
10/6/2008,1754.19
10/7/2008,1793.63
10/8/2008,1914.1
10/9/2008,1863.15
10/10/2008,1775.59
10/13/2008,1680.32
10/14/2008,1628.92
10/15/2008,1691.54
10/16/2008,1803.18
10/17/2008,1742.52
10/20/2008,1768.61
10/21/2008,1769.27
10/22/2008,1785.18
10/23/2008,1812.62
10/24/2008,1833.98
10/27/2008,1791.25
10/28/2008,1828.8
10/29/2008,1806.96
10/30/2008,1665.72
10/31/2008,1666.13
11/3/2008,1623.01
11/4/2008,1635.83
11/5/2008,1611.32
11/6/2008,1706.07
11/7/2008,1691.51
11/10/2008,1697.74
11/11/2008,1701.5
11/12/2008,1712.85
11/13/2008,1740.35
11/14/2008,1788.06
11/17/2008,1810.38
11/18/2008,1839.11
11/19/2008,1827.95
11/20/2008,1892.24
11/21/2008,1890.3
11/24/2008,1890
11/25/2008,1939.59
11/26/2008,1900.54
11/27/2008,1903.4
11/28/2008,1860.69
12/1/2008,1849.59
12/2/2008,1864
12/3/2008,1849.9
12/4/2008,1871.95
12/5/2008,1860.81
12/8/2008,1865.53
12/9/2008,1837.76
12/10/2008,1790.76
12/11/2008,1800.54
12/12/2008,1833.58
12/15/2008,1859.35
12/16/2008,1869.16
12/17/2008,1836.46
12/18/2008,1884.37
12/19/2008,1832.9
12/22/2008,1841.32
12/23/2008,1896.67
12/24/2008,1836.48
12/29/2008,1828.49
12/30/2008,1902.43
12/31/2008,1839.13
1/2/2009,1833.09
1/5/2009,1799.52
1/6/2009,1753.58
1/7/2009,1780.13
1/8/2009,1817.19
1/9/2009,1843.92
1/12/2009,1830.93
1/13/2009,1811.06
1/14/2009,1777.43
1/15/2009,1816.16
1/16/2009,1792.11
1/19/2009,1800.62
1/20/2009,1781.72
1/21/2009,1775.03
1/22/2009,1794.41
1/23/2009,1787.5
1/26/2009,1825.81
1/27/2009,1830.92
1/28/2009,1806.68
1/29/2009,1795.81
1/30/2009,1787.83
2/2/2009,1783.17
2/3/2009,1785.41
2/4/2009,1774.08
2/5/2009,1770.63
2/6/2009,1764.06
2/9/2009,1798.23
2/10/2009,1799.56
2/11/2009,1802.65
2/12/2009,1813.05
2/13/2009,1801.31
2/16/2009,1826.58
2/17/2009,1850.88
2/18/2009,1865.69
2/19/2009,1874.24
2/20/2009,1903.67
2/23/2009,1910.81
2/24/2009,1933.19
2/25/2009,1938.03
2/26/2009,1931.75
2/27/2009,1950.91
3/2/2009,1993.95
3/3/2009,1968.44
3/4/2009,1940.31
3/5/2009,1963.6
3/6/2009,1958.55
3/9/2009,1958.55
3/10/2009,1940.59
3/11/2009,1889.77
3/12/2009,1916.3
3/13/2009,1914.39
3/16/2009,1852.79
3/17/2009,1835.14
3/18/2009,1859.6
3/19/2009,1897.94
3/20/2009,1901.81
3/23/2009,1887.52
3/24/2009,1869.8
3/25/2009,1837.68
3/26/2009,1810.75
3/27/2009,1792.41
3/30/2009,1848.04
3/31/2009,1840.63
4/1/2009,1817.28
4/2/2009,1781.81
4/3/2009,1797
4/6/2009,1767
4/7/2009,1747.67
4/8/2009,1783.34
4/9/2009,1759.51
4/14/2009,1755.59
4/15/2009,1757.28
4/16/2009,1761.1
4/17/2009,1734.1
4/20/2009,1730.5
4/21/2009,1744
4/22/2009,1747.85
4/23/2009,1759.27
4/24/2009,1772.03
4/27/2009,1761
4/28/2009,1757.75
4/29/2009,1771.85
4/30/2009,1696.88
5/4/2009,1677.21
5/5/2009,1700.3
5/6/2009,1702.95
5/7/2009,1681.34
5/8/2009,1668.53
5/11/2009,1674.7
5/12/2009,1694.6
5/13/2009,1689.23
5/14/2009,1713.23
5/15/2009,1693.55
5/18/2009,1694.43
5/19/2009,1695.45
5/20/2009,1706.82
5/21/2009,1719.54
5/22/2009,1737.38
5/25/2009,1743.9
5/26/2009,1750.97
5/27/2009,1759.31
5/28/2009,1736.18
5/29/2009,1764.04
6/1/2009,1771.36
6/2/2009,1758.24
6/3/2009,1755.81
6/4/2009,1757.87
6/5/2009,1768.65
6/8/2009,1731.15
6/9/2009,1765.04
6/10/2009,1771.6
6/11/2009,1758.01
6/12/2009,1750.32
6/15/2009,1742.1
6/16/2009,1742.77
6/17/2009,1737.55
6/18/2009,1761.44
6/19/2009,1761.36
6/22/2009,1771.4
6/23/2009,1799.72
6/24/2009,1799.18
6/25/2009,1794.95
6/26/2009,1805.28
6/29/2009,1807.3
6/30/2009,1802.43
7/1/2009,1797.53
7/2/2009,1783.8
7/3/2009,1773.07
7/6/2009,1762.78
7/7/2009,1784.41
7/8/2009,1776.14
7/9/2009,1787.29
7/10/2009,1786.89
7/13/2009,1831.85
7/14/2009,1815.93
7/15/2009,1797.93
7/16/2009,1795.45
7/17/2009,1780.6
7/20/2009,1772.41
7/21/2009,1774.19
7/22/2009,1777.34
7/23/2009,1779.06
7/24/2009,1775.37
7/27/2009,1772.48
7/28/2009,1762.97
7/29/2009,1752.15
7/30/2009,1735.5
7/31/2009,1728.71
8/3/2009,1745.63
8/4/2009,1753.18
8/5/2009,1762.11
8/6/2009,1759.06
8/7/2009,1761.67
8/10/2009,1742.67
8/11/2009,1759.28
8/12/2009,1767.31
8/13/2009,1759.41
8/14/2009,1769.06
8/17/2009,1771.04
8/18/2009,1762.49
8/19/2009,1775.37
8/20/2009,1777.5
8/21/2009,1788.62
8/24/2009,1778.25
8/25/2009,1786.44
8/26/2009,1779.74
8/27/2009,1780.15
8/28/2009,1786.57
8/31/2009,1783.28
9/1/2009,1776.87
9/2/2009,1774.54
9/3/2009,1784.75
9/4/2009,1769.09
9/7/2009,1768.23
9/8/2009,1783.31
9/9/2009,1781.61
9/10/2009,1781.26
9/11/2009,1781.26
9/14/2009,1783.49
9/15/2009,1780.25
9/16/2009,1776.81
9/17/2009,1772.13
9/18/2009,1776.37
9/21/2009,1766.41
9/22/2009,1779.06
9/23/2009,1765.03
9/24/2009,1766.1
9/25/2009,1740.22
9/28/2009,1752.28
9/29/2009,1725.71
9/30/2009,1723.95
10/1/2009,1713.38
10/2/2009,1707.07
10/5/2009,1715.37
10/6/2009,1722.76
10/7/2009,1719.7
10/8/2009,1723.09
10/9/2009,1717.57
10/12/2009,1727.25
10/13/2009,1736.2
10/14/2009,1729.77
10/15/2009,1716.27
10/16/2009,1733.17
10/19/2009,1745.37
10/20/2009,1745.29
10/21/2009,1759.5
10/22/2009,1784.31
10/23/2009,1774.8
10/26/2009,1767.38
10/27/2009,1763.36
10/28/2009,1765.82
10/29/2009,1763.31
10/30/2009,1748.02
11/2/2009,1749.02
11/3/2009,1734.76
11/4/2009,1739.19
11/5/2009,1753.9
11/6/2009,1733.91
11/9/2009,1739.26
11/10/2009,1739.87
11/11/2009,1741.17
11/12/2009,1727.11
11/13/2009,1721.2
11/16/2009,1728.79
11/17/2009,1718.77
11/18/2009,1724.89
11/19/2009,1727
11/20/2009,1717.07
11/23/2009,1728.98
11/24/2009,1731.62
11/25/2009,1739.67
11/26/2009,1742.13
11/27/2009,1753.43
11/30/2009,1746.88
12/1/2009,1748.18
12/2/2009,1741.27
12/3/2009,1746.64
12/4/2009,1737.23
12/7/2009,1705.74
12/8/2009,1706.88
12/9/2009,1715.2
12/10/2009,1716.4
12/11/2009,1718.14
12/14/2009,1694.84
12/15/2009,1688.69
12/16/2009,1696.5
12/17/2009,1688.18
12/18/2009,1684.65
12/21/2009,1701.1
12/22/2009,1685.05
12/23/2009,1689.95
12/24/2009,1691.93
12/28/2009,1682.66
12/29/2009,1690.93
12/30/2009,1669.56
12/31/2009,1666.97
1/4/2010,1662.37
1/5/2010,1645.74
1/6/2010,1627.8
1/7/2010,1623.5
1/8/2010,1614.01
1/11/2010,1626.94
1/12/2010,1627.4
1/13/2010,1639.22
1/14/2010,1623.6
1/15/2010,1614.29
1/18/2010,1616.18
1/19/2010,1609.87
1/20/2010,1605.93
1/21/2010,1599.54
1/22/2010,1626.03
1/25/2010,1627.65
1/26/2010,1638.69
1/27/2010,1632.22
1/28/2010,1612.18
1/29/2010,1622
2/1/2010,1627.1
2/2/2010,1616.23
2/3/2010,1603.97
2/4/2010,1593.98
2/5/2010,1601.26
2/8/2010,1602.6
2/9/2010,1601.45
2/10/2010,1591.64
2/11/2010,1585.77
2/12/2010,1563.39
2/15/2010,1572.96
2/16/2010,1571.65
2/17/2010,1568.46
2/18/2010,1560.7
2/19/2010,1568.07
2/22/2010,1563.37
2/23/2010,1559.06
2/24/2010,1559.43
2/25/2010,1568.99
2/26/2010,1573.95
3/1/2010,1562.24
3/2/2010,1558.38
3/3/2010,1563.72
3/4/2010,1565.19
3/5/2010,1548.62
3/8/2010,1547.28
3/9/2010,1538.21
3/10/2010,1538.99
3/11/2010,1547.83
3/12/2010,1553.21
3/15/2010,1555.38
3/16/2010,1555.03
3/17/2010,1552.22
3/18/2010,1548.87
3/19/2010,1534.66
3/22/2010,1529.88
3/23/2010,1537.15
3/24/2010,1517.92
3/25/2010,1525.82
3/26/2010,1520.62
3/29/2010,1529.64
3/30/2010,1523.55
3/31/2010,1525.11
4/1/2010,1517.04
4/6/2010,1504.51
4/7/2010,1495.12
4/8/2010,1493.53
4/9/2010,1496.5
4/12/2010,1513.58
4/13/2010,1526.88
4/14/2010,1514.11
4/15/2010,1500.18
4/16/2010,1502.86
4/19/2010,1501.86
4/20/2010,1507.69
4/21/2010,1481.31
4/22/2010,1478.28
4/23/2010,1475.95
4/26/2010,1470.83
4/27/2010,1475.19
4/28/2010,1481.87
4/29/2010,1477.79
4/30/2010,1475.46
5/3/2010,1480.71
5/4/2010,1459.71
5/5/2010,1453.21
5/6/2010,1452.7
5/7/2010,1472.54
5/10/2010,1468.17
5/11/2010,1443.55
5/12/2010,1450.91
5/13/2010,1419.83
5/14/2010,1412.85
5/17/2010,1424.88
5/18/2010,1424.93
5/19/2010,1429.76
5/20/2010,1473.34
5/21/2010,1513.79
5/24/2010,1500.79
5/25/2010,1529.06
5/26/2010,1512
5/27/2010,1500.26
5/28/2010,1479.69
5/31/2010,1479.42
6/1/2010,1478.29
6/2/2010,1497.5
6/3/2010,1469.46
6/4/2010,1449.55
6/7/2010,1477.54
6/8/2010,1473.15
6/9/2010,1499.14
6/10/2010,1506.33
6/11/2010,1510.99
6/14/2010,1496.98
6/15/2010,1505.77
6/16/2010,1487.22
6/17/2010,1499.72
6/18/2010,1490.51
6/21/2010,1454.28
6/22/2010,1449.75
6/23/2010,1457.85
6/24/2010,1465
6/25/2010,1494.35
6/28/2010,1482.97
6/29/2010,1484.96
6/30/2010,1499.59
7/1/2010,1514.71
7/2/2010,1542.11
7/5/2010,1533.02
7/6/2010,1537.75
7/7/2010,1536.73
7/8/2010,1530.78
7/9/2010,1513.12
7/12/2010,1512.74
7/13/2010,1524.23
7/14/2010,1527.61
7/15/2010,1543.14
7/16/2010,1563.65
7/19/2010,1575.38
7/20/2010,1550.03
7/21/2010,1543.65
7/22/2010,1547.45
7/23/2010,1546.15
7/26/2010,1540.49
7/27/2010,1539.82
7/28/2010,1538.5
7/29/2010,1550.64
7/30/2010,1543.03
8/2/2010,1532.8
8/3/2010,1548.94
8/4/2010,1543.27
8/5/2010,1537.94
8/6/2010,1531.02
8/9/2010,1537.43
8/10/2010,1534.88
8/11/2010,1538.89
8/12/2010,1523
8/13/2010,1527.1
8/16/2010,1521.95
8/17/2010,1512.72
8/18/2010,1512.47
8/19/2010,1505.11
8/20/2010,1504.63
8/23/2010,1501.61
8/24/2010,1502.99
8/25/2010,1509.33
8/26/2010,1510.8
8/27/2010,1521.52
8/30/2010,1514.22
8/31/2010,1520.05
9/1/2010,1516.73
9/2/2010,1513.56
9/3/2010,1508.06
9/6/2010,1506.83
9/7/2010,1500.26
9/8/2010,1489.21
9/9/2010,1484.64
9/10/2010,1484.75
9/13/2010,1486.28
9/14/2010,1495.24
9/15/2010,1506
9/16/2010,1520.06
9/17/2010,1515.9
9/20/2010,1518.87
9/21/2010,1521.07
9/22/2010,1537.58
9/23/2010,1537.65
9/24/2010,1540.6
9/27/2010,1545.27
9/28/2010,1545
9/29/2010,1551.99
9/30/2010,1550.65
10/1/2010,1546.1
10/4/2010,1541.35
10/5/2010,1557.45
10/6/2010,1550.99
10/7/2010,1558.32
10/8/2010,1565.97
10/11/2010,1560.69
10/12/2010,1561.58
10/13/2010,1564.83
10/14/2010,1564.26
10/15/2010,1564.64
10/18/2010,1553.51
10/19/2010,1561.31
10/20/2010,1566.02
10/21/2010,1576.39
10/22/2010,1571.8
10/25/2010,1565.89
10/26/2010,1558.32
10/27/2010,1561.75
10/28/2010,1557.32
10/29/2010,1557.9
11/1/2010,1556.66
11/2/2010,1559.75
11/3/2010,1555.48
11/4/2010,1571.18
11/5/2010,1561
11/8/2010,1549.24
11/9/2010,1551.58
11/10/2010,1530.02
11/11/2010,1520.57
11/12/2010,1545.35
11/15/2010,1547.22
11/16/2010,1539.11
11/17/2010,1545.54
11/18/2010,1542.77
11/19/2010,1546.7
11/22/2010,1542.35
11/23/2010,1576.84
11/24/2010,1532.62
11/25/2010,1524.67
11/26/2010,1539.23
11/29/2010,1523.23
11/30/2010,1510.51
12/1/2010,1508.78
12/2/2010,1512.04
12/3/2010,1503.92
12/6/2010,1507.76
12/7/2010,1510.35
12/8/2010,1512.39
12/9/2010,1507.61
12/10/2010,1509.62
12/13/2010,1518.96
12/14/2010,1531.16
12/15/2010,1541.53
12/16/2010,1529.58
12/17/2010,1533.35
12/20/2010,1517.48
12/21/2010,1516.74
12/22/2010,1510.27
12/23/2010,1510.51
12/24/2010,1507.2
12/27/2010,1511.06
12/28/2010,1512
12/29/2010,1500.57
12/30/2010,1504.06
12/31/2010,1499.06
1/3/2011,1500.68
1/4/2011,1502.39
1/5/2011,1489.33
1/6/2011,1466.14
1/7/2011,1458.71
1/10/2011,1459.3
1/11/2011,1455.86
1/12/2011,1445.89
1/13/2011,1469.15
1/14/2011,1493.78
1/17/2011,1484.14
1/18/2011,1487.21
1/19/2011,1500.81
1/20/2011,1513.54
1/21/2011,1515.18
1/24/2011,1523.05
1/25/2011,1524.95
1/26/2011,1528.28
1/27/2011,1525.37
1/28/2011,1527.75
1/31/2011,1534.05
2/1/2011,1529.77
2/2/2011,1521.85
2/3/2011,1518.9
2/4/2011,1505.75
2/7/2011,1497.5
2/8/2011,1504.34
2/9/2011,1515.22
2/10/2011,1525.19
2/11/2011,1525.88
2/14/2011,1511.82
2/15/2011,1514.24
2/16/2011,1513
2/17/2011,1514.32
2/18/2011,1514.95
2/21/2011,1531.28
2/22/2011,1542.1
2/23/2011,1543.26
2/24/2011,1563.18
2/25/2011,1549.41
2/28/2011,1557.85
3/1/2011,1550.25
3/2/2011,1554.74
3/3/2011,1553.71
3/4/2011,1555.94
3/7/2011,1565.87
3/8/2011,1555.93
3/9/2011,1551.01
3/10/2011,1551.67
3/11/2011,1552.5
3/14/2011,1570.42
3/15/2011,1577.24
3/16/2011,1580.49
3/17/2011,1586.55
3/18/2011,1592.95
3/21/2011,1592.29
3/22/2011,1597.64
3/23/2011,1590.46
3/24/2011,1581.61
3/25/2011,1569.93
3/28/2011,1563.17
3/29/2011,1565.34
3/30/2011,1551.03
3/31/2011,1554.51
4/1/2011,1544.27
4/4/2011,1549.81
4/5/2011,1542.63
4/6/2011,1552.65
4/7/2011,1557.45
4/8/2011,1559.19
4/11/2011,1569.41
4/12/2011,1580.16
4/13/2011,1573.87
4/14/2011,1569.26
4/15/2011,1573.42
4/18/2011,1559.03
4/19/2011,1557.28
4/20/2011,1567.35
4/21/2011,1578.34
4/26/2011,1584.89
4/27/2011,1586.19
4/28/2011,1588.99
4/29/2011,1588.61
5/2/2011,1581.73
5/3/2011,1583.78
5/4/2011,1596.48
5/5/2011,1603.43
5/6/2011,1571.23
5/9/2011,1557.53
5/10/2011,1552.92
5/11/2011,1543.42
5/12/2011,1545.01
5/13/2011,1552.39
5/16/2011,1544.21
5/17/2011,1550.67
5/18/2011,1547.56
5/19/2011,1549.8
5/20/2011,1541.57
5/23/2011,1539.99
5/24/2011,1540.85
5/25/2011,1550.35
5/26/2011,1542.21
5/27/2011,1543.57
5/30/2011,1540.73
5/31/2011,1552.34
6/1/2011,1548.5
6/2/2011,1559.11
6/3/2011,1561.64
6/6/2011,1573.69
6/7/2011,1586.88
6/8/2011,1586.32
6/9/2011,1582.33
6/10/2011,1568.32
6/13/2011,1558.61
6/14/2011,1564.04
6/15/2011,1548.35
6/16/2011,1535.27
6/17/2011,1553.37
6/20/2011,1545.8
6/21/2011,1550.02
6/22/2011,1546.39
6/23/2011,1530.46
6/24/2011,1534.15
6/27/2011,1541.88
6/28/2011,1545.36
6/29/2011,1553.32
6/30/2011,1543.19
7/1/2011,1545.06
7/4/2011,1542.22
7/5/2011,1542.09
7/6/2011,1522.7
7/7/2011,1517.15
7/8/2011,1505.56
7/11/2011,1486.46
7/12/2011,1493.24
7/13/2011,1492.14
7/14/2011,1503.89
7/15/2011,1497.69
7/18/2011,1490.82
7/19/2011,1500.74
7/20/2011,1500.59
7/21/2011,1500.67
7/22/2011,1513.63
7/25/2011,1518.5
7/26/2011,1522.15
7/27/2011,1517.64
7/28/2011,1499.62
7/29/2011,1503.6
8/1/2011,1511.39
8/2/2011,1493.57
8/3/2011,1515.17
8/4/2011,1518.34
8/5/2011,1517.34
8/8/2011,1542.18
8/9/2011,1555.96
8/10/2011,1552.18
8/11/2011,1533.02
8/12/2011,1539.62
8/15/2011,1544.39
8/16/2011,1541.44
8/17/2011,1547.43
8/18/2011,1547.76
8/19/2011,1563.67
8/22/2011,1556.56
8/23/2011,1558.38
8/24/2011,1562.05
8/25/2011,1563.88
8/26/2011,1557.78
8/29/2011,1557.42
8/30/2011,1547.49
8/31/2011,1539.31
9/1/2011,1519.31
9/2/2011,1513.08
9/5/2011,1510.33
9/6/2011,1514.88
9/7/2011,1503.97
9/8/2011,1509.33
9/9/2011,1488.62
9/12/2011,1471.9
9/13/2011,1506.35
9/14/2011,1517.9
9/15/2011,1536.31
9/16/2011,1525.93
9/19/2011,1555.51
9/20/2011,1567.58
9/21/2011,1586.92
9/22/2011,1605.66
9/23/2011,1565.79
9/26/2011,1593.14
9/27/2011,1588.08
9/28/2011,1589.45
9/29/2011,1603.96
9/30/2011,1594.92
10/3/2011,1574.5
10/4/2011,1577.55
10/5/2011,1585.87
10/6/2011,1574.31
10/7/2011,1587.72
10/10/2011,1587.74
10/11/2011,1593.88
10/12/2011,1603.63
10/13/2011,1591.54
10/14/2011,1597.23
10/17/2011,1577.85
10/18/2011,1567.6
10/19/2011,1566.48
10/20/2011,1577.16
10/21/2011,1584.02
10/24/2011,1573.26
10/25/2011,1568.1
10/26/2011,1576.47
10/27/2011,1558.65
10/28/2011,1565.14
10/31/2011,1552.97
11/1/2011,1529.33
11/2/2011,1547.96
11/3/2011,1550.1
11/4/2011,1530.65
11/7/2011,1538.53
11/8/2011,1539.12
11/9/2011,1528.7
11/10/2011,1540.29
11/11/2011,1538
11/14/2011,1537.97
11/15/2011,1527.99
11/16/2011,1529.61
11/17/2011,1527.79
11/18/2011,1546.23
11/21/2011,1539.58
11/22/2011,1548.68
11/23/2011,1546.52
11/24/2011,1541.46
11/25/2011,1541.34
11/28/2011,1539.49
11/29/2011,1523.71
11/30/2011,1530.29
12/1/2011,1518.01
12/2/2011,1526.66
12/5/2011,1515.69
12/6/2011,1513.76
12/7/2011,1512.52
12/8/2011,1518.6
12/9/2011,1533.7
12/12/2011,1523.48
12/13/2011,1519.49
12/14/2011,1505.57
12/15/2011,1505.81
12/16/2011,1512.33
12/19/2011,1530.04
12/20/2011,1519.17
12/21/2011,1502.28
12/22/2011,1509.47
12/23/2011,1502.81
12/27/2011,1510.58
12/28/2011,1511.19
12/29/2011,1488.7
12/30/2011,1498.69
1/2/2012,1494.27
1/3/2012,1496
1/4/2012,1490.61
1/5/2012,1482.77
1/6/2012,1483.11
1/9/2012,1477.28
1/10/2012,1478.49
1/11/2012,1476.82
1/12/2012,1470.72
1/13/2012,1466.53
1/16/2012,1459.69
1/17/2012,1462.15
1/18/2012,1465.38
1/19/2012,1466.73
1/20/2012,1463.46
1/23/2012,1471.31
1/24/2012,1472.98
1/25/2012,1461.59
1/26/2012,1474.33
1/27/2012,1475.64
1/30/2012,1481.36
1/31/2012,1477.99
2/1/2012,1480.8
2/2/2012,1466.38
2/3/2012,1470.78
2/6/2012,1463.27
2/7/2012,1467.38
2/8/2012,1480.91
2/9/2012,1483.8
2/10/2012,1483.83
2/13/2012,1485.49
2/14/2012,1481.62
2/15/2012,1470.35
2/16/2012,1473.04
2/17/2012,1480.16
2/20/2012,1488.11
2/21/2012,1488.88
2/22/2012,1491.21
2/23/2012,1501.33
2/24/2012,1510.31
2/27/2012,1513.46
2/28/2012,1513.77
2/29/2012,1502.28
3/1/2012,1488.9
3/2/2012,1474.72
3/5/2012,1478.08
3/6/2012,1479.71
3/7/2012,1476.91
3/8/2012,1477.43
3/9/2012,1475.32
3/12/2012,1474.62
3/13/2012,1469.15
3/14/2012,1474.59
3/15/2012,1471.81
3/16/2012,1475.65
3/19/2012,1476.89
3/20/2012,1486.75
3/21/2012,1493.87
3/22/2012,1491.16
3/23/2012,1504.36
3/26/2012,1513.68
3/27/2012,1511.85
3/28/2012,1514.05
3/29/2012,1509.85
3/30/2012,1512.98
4/2/2012,1501.86
4/3/2012,1496.77
4/4/2012,1486.18
4/5/2012,1479.25
4/10/2012,1495.43
4/11/2012,1501.83
4/12/2012,1500.58
4/13/2012,1490.69
4/16/2012,1482.75
4/17/2012,1493.52
4/18/2012,1491.09
4/19/2012,1491.07
4/20/2012,1502.75
4/23/2012,1499.41
4/24/2012,1500.43
4/25/2012,1506.66
4/26/2012,1501.14
4/27/2012,1499.22
4/30/2012,1491.9
5/2/2012,1484.06
5/3/2012,1482.52
5/4/2012,1486.5
5/7/2012,1482.15
5/8/2012,1479.98
5/9/2012,1481.06
5/10/2012,1480.27
5/11/2012,1485.25
5/14/2012,1481.9
5/15/2012,1481.04
5/16/2012,1488
5/17/2012,1477.92
5/18/2012,1487.92
5/21/2012,1490.29
5/22/2012,1487.01
5/23/2012,1485.96
5/24/2012,1477.95
5/25/2012,1486.23
5/28/2012,1483.09
5/29/2012,1472.72
5/30/2012,1465.19
5/31/2012,1463.01
6/1/2012,1454.89
6/4/2012,1468.74
6/5/2012,1467.15
6/6/2012,1467.38
6/7/2012,1472.47
6/8/2012,1464.58
6/11/2012,1468.11
6/12/2012,1461.71
6/13/2012,1462.9
6/14/2012,1464.11
6/15/2012,1466.34
6/18/2012,1462.3
6/19/2012,1456.89
6/20/2012,1462.35
6/21/2012,1462.48
6/22/2012,1451.18
6/25/2012,1451.66
6/26/2012,1445.32
6/27/2012,1442.7
6/28/2012,1436.46
6/29/2012,1441
7/2/2012,1440.68
7/3/2012,1428.8
7/4/2012,1428.07
7/5/2012,1409.68
7/6/2012,1410.37
7/9/2012,1404.59
7/10/2012,1402.23
7/11/2012,1398.56
7/12/2012,1406.78
7/13/2012,1402.4
7/16/2012,1398.88
7/17/2012,1404.93
7/18/2012,1398.54
7/19/2012,1399.4
7/20/2012,1393.41
7/23/2012,1391.08
7/24/2012,1388.79
7/25/2012,1395.59
7/26/2012,1404.59
7/27/2012,1402.3
7/30/2012,1392.94
7/31/2012,1387.85
8/1/2012,1386.34
8/2/2012,1396.99
8/3/2012,1388.56
8/6/2012,1396.34
8/7/2012,1403.95
8/8/2012,1396.3
8/9/2012,1386.43
8/10/2012,1386.66
8/13/2012,1393.23
8/14/2012,1395.53
8/15/2012,1388.96
8/16/2012,1392.95
8/17/2012,1400.39
8/20/2012,1396.5
8/21/2012,1404.8
8/22/2012,1413.5
8/23/2012,1420.06
8/24/2012,1419.45
8/27/2012,1422.5
8/28/2012,1424.83
8/29/2012,1423.13
8/30/2012,1422.93
8/31/2012,1429.97
9/3/2012,1422.42
9/4/2012,1425.56
9/5/2012,1429.81
9/6/2012,1432.57
9/7/2012,1435.34
9/10/2012,1442.33
9/11/2012,1441.82
9/12/2012,1453.36
9/13/2012,1457.37
9/14/2012,1461.73
9/17/2012,1462.17
9/18/2012,1460.38
9/19/2012,1450.92
9/20/2012,1453.99
9/21/2012,1453.66
9/24/2012,1446.53
9/25/2012,1447.36
9/26/2012,1438.77
9/27/2012,1437.65
9/28/2012,1439.33
10/1/2012,1435.49
10/2/2012,1438.56
10/3/2012,1437.89
10/4/2012,1441.73
10/5/2012,1444.13
10/8/2012,1442.02
10/9/2012,1439.28
10/10/2012,1436.57
10/11/2012,1438.56
10/12/2012,1441.35
10/15/2012,1439.82
10/16/2012,1443.9
10/17/2012,1450.48
10/18/2012,1448.93
10/19/2012,1439.17
10/22/2012,1441.87
10/23/2012,1434.96
10/24/2012,1428.48
10/25/2012,1425.37
10/26/2012,1416.9
10/29/2012,1416.13
10/30/2012,1414.71
10/31/2012,1417.18
11/1/2012,1416.07
11/2/2012,1402.58
11/5/2012,1396.33
11/6/2012,1396.16
11/7/2012,1384.34
11/8/2012,1388.05
11/9/2012,1382.42
11/12/2012,1386.28
11/13/2012,1384.35
11/14/2012,1380.85
11/15/2012,1388.09
11/16/2012,1390.81
11/19/2012,1386.91
11/20/2012,1388.01
11/21/2012,1387.05
11/22/2012,1399.76
11/23/2012,1402.61
11/26/2012,1408.22
11/27/2012,1406.92
11/28/2012,1403.25
11/29/2012,1407.53
11/30/2012,1406.31
12/3/2012,1413.94
12/4/2012,1419.25
12/5/2012,1414.07
12/6/2012,1417.21
12/7/2012,1397.67
12/10/2012,1394.66
12/11/2012,1397.72
12/12/2012,1400.12
12/13/2012,1404.42
12/14/2012,1406.04
12/17/2012,1411.5
12/18/2012,1413.3
12/19/2012,1426.11
12/20/2012,1423.62
12/21/2012,1421.45
12/24/2012,1419.69
12/27/2012,1422.42
12/28/2012,1407.37
12/31/2012,1406.23
1/2/2013,1409.05
1/3/2013,1392.21
1/4/2013,1384.67
1/7/2013,1386.29
1/8/2013,1390.63
1/9/2013,1385.33
1/10/2013,1389.38
1/11/2013,1401.12
1/14/2013,1409.49
1/15/2013,1408.36
1/16/2013,1406.9
1/17/2013,1412.54
1/18/2013,1410.28
1/21/2013,1417.64
1/22/2013,1416.26
1/23/2013,1421.9
1/24/2013,1426.7
1/25/2013,1451.15
1/28/2013,1466.53
1/29/2013,1458.03
1/30/2013,1472.56
1/31/2013,1472.1
2/1/2013,1493.94
2/4/2013,1478.02
2/5/2013,1472.49
2/6/2013,1474.24
2/7/2013,1479.03
2/8/2013,1461.8
2/11/2013,1464.81
2/12/2013,1469.16
2/13/2013,1464.91
2/14/2013,1445.93
2/15/2013,1440.15
2/18/2013,1446.43
2/19/2013,1442.08
2/20/2013,1442.83
2/21/2013,1435.48
2/22/2013,1431.09
2/25/2013,1443.5
2/26/2013,1425.53
2/27/2013,1421.31
2/28/2013,1423.71
3/1/2013,1415.56
3/4/2013,1419.3
3/5/2013,1418.7
3/6/2013,1412.69
3/7/2013,1415.45
3/8/2013,1427.23
3/11/2013,1426.4
3/12/2013,1429.58
3/13/2013,1433.78
3/14/2013,1438.38
3/15/2013,1452.89
3/18/2013,1439.04
3/19/2013,1440.51
3/20/2013,1442.98
3/21/2013,1438.36
3/22/2013,1449.45
3/25/2013,1435.52
3/26/2013,1424.66
3/27/2013,1420.67
3/28/2013,1425.03
4/2/2013,1436.24
4/3/2013,1432.77
4/4/2013,1445.76
4/5/2013,1466.25
4/8/2013,1489.21
4/9/2013,1485.37
4/10/2013,1480.61
4/11/2013,1481.37
4/12/2013,1474.85
4/15/2013,1466.5
4/16/2013,1463.08
4/17/2013,1470.14
4/18/2013,1461.22
4/19/2013,1468.72
4/22/2013,1459.94
4/23/2013,1453.84
4/24/2013,1453.8
4/25/2013,1452.92
4/26/2013,1445.38
4/29/2013,1450.39
4/30/2013,1440.41
5/2/2013,1452.85
5/3/2013,1437.83
5/6/2013,1435.42
5/7/2013,1430.16
5/8/2013,1421.55
5/9/2013,1434.42
5/10/2013,1436.5
5/13/2013,1442.78
5/14/2013,1441.01
5/15/2013,1436.74
5/16/2013,1441.84
5/17/2013,1437.84
5/20/2013,1437.99
5/21/2013,1429.23
5/22/2013,1440.76
5/23/2013,1454.95
5/24/2013,1458.19
5/27/2013,1452.42
5/28/2013,1457.39
5/29/2013,1466.93
5/30/2013,1462.64
5/31/2013,1470.85
6/3/2013,1467.09
6/4/2013,1468.61
6/5/2013,1463.45
6/6/2013,1465.25
6/7/2013,1481.55
6/10/2013,1497.42
6/11/2013,1503.51
6/12/2013,1498.19
6/13/2013,1510.58
6/14/2013,1498.62
6/17/2013,1503.01
6/18/2013,1517.03
6/19/2013,1515.21
6/20/2013,1523.98
6/21/2013,1521.52
6/24/2013,1521.12
6/25/2013,1513.98
6/26/2013,1506.81
6/27/2013,1495.51
6/28/2013,1494.24
7/1/2013,1480.2
7/2/2013,1477.94
7/3/2013,1482.67
7/4/2013,1479.92
7/5/2013,1471.44
7/8/2013,1475.65
7/9/2013,1468.89
7/10/2013,1456.31
7/11/2013,1467.17
7/12/2013,1467.36
7/15/2013,1461.48
7/16/2013,1466.21
7/17/2013,1469.11
7/18/2013,1472.39
7/19/2013,1471.58
7/22/2013,1472.9
7/23/2013,1472.84
7/24/2013,1474.5
7/25/2013,1474.04
7/26/2013,1476.07
7/29/2013,1476.78
7/30/2013,1481.52
7/31/2013,1489.98
8/1/2013,1486.41
8/2/2013,1484.93
8/5/2013,1475.99
8/6/2013,1480.31
8/7/2013,1486.17
8/8/2013,1486.97
8/9/2013,1485.77
8/12/2013,1480.85
8/13/2013,1483.44
8/14/2013,1482.39
8/15/2013,1487.46
8/16/2013,1485.13
8/19/2013,1492.06
8/20/2013,1499.19
8/21/2013,1494.91
8/22/2013,1494.58
8/23/2013,1489.41
8/26/2013,1487.46
8/27/2013,1490.42
8/28/2013,1491.64
8/29/2013,1475.99
8/30/2013,1468.9
9/2/2013,1449.66
9/3/2013,1448.93
9/4/2013,1441.4
9/5/2013,1448.64
9/6/2013,1433.5
9/9/2013,1430.56
9/10/2013,1437.47
9/11/2013,1438.79
9/12/2013,1440.98
9/13/2013,1444.97
9/16/2013,1444.54
9/17/2013,1446.12
9/18/2013,1443.31
9/19/2013,1453.69
9/20/2013,1457.67
9/23/2013,1452.87
9/24/2013,1448.27
9/25/2013,1454.52
9/26/2013,1454.27
9/27/2013,1456.7
9/30/2013,1451.84
10/1/2013,1456.51
10/2/2013,1452.74
10/3/2013,1455.9
10/4/2013,1458.03
10/7/2013,1455.45
10/8/2013,1458.12
10/9/2013,1453.88
10/10/2013,1451.29
10/11/2013,1452.65
10/14/2013,1454.56
10/15/2013,1439.53
10/16/2013,1448.09
10/17/2013,1451.9
10/18/2013,1451.88
10/21/2013,1451.79
10/22/2013,1451.03
10/23/2013,1455.81
10/24/2013,1465.34
10/25/2013,1464.88
10/28/2013,1462.91
10/29/2013,1463.17
10/30/2013,1456.81
10/31/2013,1446.55
11/1/2013,1434.27
11/4/2013,1435.16
11/5/2013,1431.71
11/6/2013,1433.22
11/7/2013,1418.99
11/8/2013,1427.51
11/11/2013,1436.57
11/12/2013,1441.28
11/13/2013,1438.53
11/14/2013,1437.48
11/15/2013,1431.79
11/18/2013,1427.73
11/19/2013,1425.2
11/20/2013,1429.66
11/21/2013,1431.41
11/22/2013,1434.85
11/25/2013,1432.79
11/26/2013,1437.19
11/27/2013,1447.24
11/28/2013,1442.46
11/29/2013,1440.32
12/2/2013,1432.49
12/3/2013,1440.34
12/4/2013,1442.72
12/5/2013,1441.59
12/6/2013,1444.01
12/9/2013,1440.61
12/10/2013,1444.26
12/11/2013,1446.71
12/12/2013,1448.33
12/13/2013,1446.78
12/16/2013,1450.66
12/17/2013,1448.07
12/18/2013,1448.32
12/19/2013,1449.92
12/20/2013,1450.05
12/23/2013,1453.63
12/24/2013,1449.52
12/27/2013,1456.69
12/30/2013,1454.26
12/31/2013,1450.93
1/2/2014,1436.12
1/3/2014,1438.67
1/6/2014,1449.01
1/7/2014,1455.52
1/8/2014,1450.38
1/9/2014,1447.42
1/10/2014,1443.48
1/13/2014,1444.41
1/14/2014,1449.27
1/15/2014,1446.26
1/16/2014,1447.27
1/17/2014,1441.62
1/20/2014,1443.23
1/21/2014,1447.19
1/22/2014,1450.61
1/23/2014,1465.7
1/24/2014,1484.38
1/27/2014,1477.22
1/28/2014,1471.93
1/29/2014,1463.12
1/30/2014,1469.53
1/31/2014,1464.23
2/3/2014,1463.63
2/4/2014,1462.27
2/5/2014,1460.07
2/6/2014,1454.72
2/7/2014,1459.46
2/10/2014,1461.48
2/11/2014,1457.65
2/12/2014,1441.99
2/13/2014,1457.02
2/14/2014,1453.1
2/17/2014,1452.81
2/18/2014,1463.53
2/19/2014,1467.01
2/20/2014,1474.49
2/21/2014,1469.53
2/24/2014,1475.58
2/25/2014,1476.09
2/26/2014,1466.34
2/27/2014,1460.18
2/28/2014,1473.27
3/3/2014,1473.34
3/4/2014,1474.47
3/5/2014,1470.67
3/6/2014,1463.78
3/7/2014,1475.83
3/10/2014,1480.55
3/11/2014,1475.36
3/12/2014,1487.02
3/13/2014,1488.44
3/14/2014,1487.99
3/17/2014,1484.94
3/18/2014,1487.97
3/19/2014,1488.77
3/20/2014,1489.35
3/21/2014,1488.64
3/24/2014,1483.83
3/25/2014,1487.51
3/26/2014,1482.41
3/27/2014,1472.86
3/28/2014,1470.08
3/31/2014,1465.98
4/1/2014,1460.04
4/2/2014,1459.29
4/3/2014,1456.88
4/4/2014,1444.51
4/7/2014,1449.08
4/8/2014,1445.29
4/9/2014,1432.26
4/10/2014,1437.35
4/11/2014,1443.75
4/14/2014,1439.66
4/15/2014,1437.09
4/16/2014,1437.17
4/17/2014,1439.3
4/22/2014,1436.07
4/23/2014,1441.29
4/24/2014,1437.95
4/25/2014,1439.73
4/28/2014,1434.49
4/29/2014,1423.99
4/30/2014,1430.35
5/2/2014,1428.24
5/5/2014,1427.24
5/6/2014,1431.82
5/7/2014,1424.96
5/8/2014,1426.66
5/9/2014,1413.41
5/12/2014,1410.66
5/13/2014,1401.13
5/14/2014,1409.91
5/15/2014,1401.78
5/16/2014,1403.58
5/19/2014,1401.67
5/20/2014,1404.75
5/21/2014,1404.45
5/22/2014,1400.72
5/23/2014,1396.88
5/26/2014,1396.64
5/27/2014,1396.31
5/28/2014,1390.72
5/29/2014,1388.96
5/30/2014,1389.22
6/2/2014,1393.84
6/3/2014,1396.84
6/4/2014,1397.56
6/5/2014,1385.96
6/6/2014,1392.02
6/9/2014,1382.37
6/10/2014,1378.02
6/11/2014,1377.96
6/12/2014,1375.88
6/13/2014,1379.66
6/16/2014,1380.77
6/17/2014,1386.98
6/18/2014,1386.42
6/19/2014,1387.13
6/20/2014,1386.93
6/23/2014,1385.25
6/24/2014,1387
6/25/2014,1387.97
6/26/2014,1382.84
6/27/2014,1380.96
6/30/2014,1382.04
7/1/2014,1384.55
7/2/2014,1377.92
7/3/2014,1376.98
7/4/2014,1372.56
7/7/2014,1375.1
7/8/2014,1375.88
7/9/2014,1377.32
7/10/2014,1380.61
7/11/2014,1385.87
7/14/2014,1388.46
7/15/2014,1397.96
7/16/2014,1393.23
7/17/2014,1390.59
7/18/2014,1392.53
7/21/2014,1388.26
7/22/2014,1382.35
7/23/2014,1378.93
7/24/2014,1385.96
7/25/2014,1380.11
7/28/2014,1379.01
7/29/2014,1376.76
7/30/2014,1373.22
7/31/2014,1378.5
8/1/2014,1389.24
8/4/2014,1386.25
8/5/2014,1380.61
8/6/2014,1381.98
8/7/2014,1385.3
8/8/2014,1381.25
8/11/2014,1379.21
8/12/2014,1372.34
8/13/2014,1376.14
8/14/2014,1364.74
8/15/2014,1362.35
8/18/2014,1361.82
8/19/2014,1359.96
8/20/2014,1358.26
8/21/2014,1356.31
8/22/2014,1351.3
8/25/2014,1346.49
8/26/2014,1341.15
8/27/2014,1336.71
8/28/2014,1338.21
8/29/2014,1337.97
9/1/2014,1330.2
9/2/2014,1335.88
9/3/2014,1341.18
9/4/2014,1325.56
9/5/2014,1327.73
9/8/2014,1328.16
9/9/2014,1335.06
9/10/2014,1337.49
9/11/2014,1341.49
9/12/2014,1338.42
9/15/2014,1341.07
9/16/2014,1341.66
9/17/2014,1341.81
9/18/2014,1345.51
9/19/2014,1340
9/22/2014,1340.29
9/23/2014,1340.4
9/24/2014,1332.05
9/25/2014,1325.85
9/26/2014,1330.36
9/29/2014,1341.86
9/30/2014,1330.34
10/1/2014,1342.39
10/2/2014,1341.7
10/3/2014,1338.63
10/6/2014,1341.07
10/7/2014,1348.06
10/8/2014,1360.58
10/9/2014,1356.7
10/10/2014,1358.62
10/13/2014,1352.15
10/14/2014,1347.42
10/15/2014,1345.25
10/16/2014,1358.14
10/17/2014,1362.2
10/20/2014,1352.67
10/21/2014,1345.98
10/22/2014,1334.58
10/23/2014,1339.01
10/24/2014,1338.21
10/27/2014,1334.29
10/28/2014,1336.25
10/29/2014,1333.04
10/30/2014,1330.35
10/31/2014,1343.43
11/3/2014,1345.9
11/4/2014,1348.77
11/5/2014,1360.83
11/6/2014,1360.61
11/7/2014,1356.41
11/10/2014,1355.53
11/11/2014,1362.54
11/12/2014,1365.32
11/13/2014,1361.16
11/14/2014,1372.11
11/17/2014,1370.14
11/18/2014,1374.09
11/19/2014,1391.24
11/20/2014,1396.94
11/21/2014,1380.64
11/24/2014,1385.46
11/25/2014,1378.98
11/26/2014,1382.65
11/27/2014,1372.39
11/28/2014,1385.58
12/1/2014,1381.4
12/2/2014,1382.24
12/3/2014,1373.85
12/4/2014,1373.54
12/5/2014,1377.79
12/8/2014,1367.65
12/9/2014,1370.84
12/10/2014,1369.94
12/11/2014,1368.53
12/12/2014,1372.22
12/15/2014,1368.94
12/16/2014,1354.09
12/17/2014,1363.34
12/18/2014,1347.16
12/19/2014,1349.92
12/22/2014,1343.82
12/23/2014,1346.58
12/24/2014,1347.55
12/29/2014,1341.07
12/30/2014,1334.19
12/31/2014,1324.8
1/2/2015,1332.24
1/5/2015,1323.73
1/6/2015,1311.72
1/7/2015,1304.28
1/8/2015,1291.62
1/9/2015,1290.29
1/12/2015,1281.23
1/13/2015,1275.75
1/14/2015,1277.86
1/15/2015,1262.95
1/16/2015,1248.7
1/19/2015,1251.03
1/20/2015,1259.61
1/21/2015,1255.38
1/22/2015,1259.38
1/23/2015,1208.9
1/26/2015,1217.04
1/27/2015,1219.73
1/28/2015,1231.76
1/29/2015,1240.27
1/30/2015,1246.54
2/2/2015,1246.12
2/3/2015,1251.26
2/4/2015,1243.24
2/5/2015,1243.16
2/6/2015,1244.86
2/9/2015,1236.75
2/10/2015,1237.19
2/11/2015,1250.19
2/12/2015,1255.7
2/13/2015,1251.51
2/16/2015,1257.23
2/17/2015,1262.44
2/18/2015,1267.02
2/19/2015,1267.63
2/20/2015,1254.9
2/23/2015,1253.43
2/24/2015,1261.64
2/25/2015,1248.89
2/26/2015,1240.6
2/27/2015,1236.16
3/2/2015,1235.65
3/3/2015,1225.66
3/4/2015,1222.39
3/5/2015,1218.84
3/6/2015,1203.83
3/9/2015,1209.21
3/10/2015,1206.66
3/11/2015,1193.24
3/12/2015,1188.78
3/13/2015,1199.18
3/16/2015,1195.32
3/17/2015,1197.96
3/18/2015,1196.29
3/19/2015,1197.86
3/20/2015,1207.96
3/23/2015,1208.5
3/24/2015,1209.42
3/25/2015,1208.22
3/26/2015,1212.14
3/27/2015,1199.43
3/30/2015,1201.04
3/31/2015,1192.58
4/1/2015,1187.67
4/2/2015,1183.31
4/7/2015,1183.28
4/8/2015,1184.59
4/9/2015,1175.39
4/10/2015,1157.92
4/13/2015,1163.3
4/14/2015,1156.94
4/15/2015,1159.5
4/16/2015,1164.56
4/17/2015,1167.11
4/20/2015,1160.25
4/21/2015,1158.82
4/22/2015,1157.83
4/23/2015,1167.64
4/24/2015,1167.1
4/27/2015,1162.38
4/28/2015,1167.18
4/29/2015,1179.14
4/30/2015,1202.48
