Date,TRL
1/4/1999,372274
1/5/1999,372816
1/6/1999,372188
1/7/1999,370147
1/8/1999,371830
1/11/1999,372471
1/12/1999,372105
1/13/1999,376350
1/14/1999,375101
1/15/1999,374193
1/18/1999,382036
1/19/1999,382052
1/20/1999,380440
1/21/1999,380335
1/22/1999,378192
1/25/1999,380138
1/26/1999,380468
1/27/1999,379757
1/28/1999,378453
1/29/1999,377866
2/1/1999,379647
2/2/1999,380186
2/3/1999,380242
2/4/1999,380233
2/5/1999,382365
2/8/1999,382257
2/9/1999,384410
2/10/1999,385237
2/11/1999,384852
2/12/1999,386971
2/15/1999,386261
2/16/1999,385622
2/17/1999,388150
2/18/1999,388138
2/19/1999,388772
2/22/1999,386147
2/23/1999,385700
2/24/1999,388056
2/25/1999,388487
2/26/1999,388147
3/1/1999,390183
3/2/1999,388646
3/3/1999,389288
3/4/1999,388976
3/5/1999,389948
3/8/1999,391539
3/9/1999,391883
3/10/1999,393857
3/11/1999,393263
3/12/1999,395735
3/15/1999,396700
3/16/1999,396161
3/17/1999,398135
3/18/1999,399131
3/19/1999,399184
3/22/1999,398510
3/23/1999,399861
3/24/1999,400908
3/25/1999,400718
3/26/1999,399139
3/29/1999,399809
3/30/1999,400396
3/31/1999,400814
4/1/1999,403086
4/2/1999,403010
4/5/1999,403671
4/6/1999,403131
4/7/1999,406178
4/8/1999,406605
4/9/1999,405940
4/12/1999,409852
4/13/1999,408367
4/14/1999,409524
4/15/1999,409291
4/16/1999,407640
4/19/1999,408831
4/20/1999,408831
4/21/1999,408810
4/22/1999,409072
4/23/1999,411957
4/26/1999,412184
4/27/1999,413557
4/28/1999,414253
4/29/1999,413086
4/30/1999,413470
5/3/1999,415285
5/4/1999,414829
5/5/1999,417261
5/6/1999,421187
5/7/1999,420677
5/10/1999,421600
5/11/1999,421984
5/12/1999,420644
5/13/1999,420446
5/14/1999,421491
5/17/1999,424023
5/18/1999,424768
5/19/1999,423319
5/20/1999,424443
5/21/1999,423686
5/24/1999,425109
5/25/1999,426353
5/26/1999,424740
5/27/1999,423843
5/28/1999,423800
5/31/1999,425048
6/1/1999,425272
6/2/1999,424418
6/3/1999,425123
6/4/1999,424659
6/7/1999,425319
6/8/1999,427046
6/9/1999,429484
6/10/1999,430063
6/11/1999,430854
6/14/1999,431049
6/15/1999,430530
6/16/1999,429669
6/17/1999,430201
6/18/1999,430864
6/21/1999,432131
6/22/1999,431884
6/23/1999,431751
6/24/1999,432335
6/25/1999,437144
6/28/1999,436183
6/29/1999,435934
6/30/1999,434931
7/1/1999,433811
7/2/1999,433905
7/5/1999,435258
7/6/1999,435419
7/7/1999,435555
7/8/1999,434979
7/9/1999,435786
7/12/1999,435983
7/13/1999,437903
7/14/1999,437903
7/15/1999,439259
7/16/1999,441042
7/19/1999,439847
7/20/1999,446633
7/21/1999,448529
7/22/1999,449820
7/23/1999,451067
7/26/1999,456536
7/27/1999,455314
7/28/1999,454441
7/29/1999,457371
7/30/1999,459260
8/2/1999,458871
8/3/1999,459094
8/4/1999,462121
8/5/1999,463377
8/6/1999,463791
8/9/1999,463312
8/10/1999,464506
8/11/1999,463456
8/12/1999,463132
8/13/1999,465471
8/16/1999,462948
8/17/1999,463144
8/18/1999,463183
8/19/1999,463770
8/20/1999,463770
8/23/1999,467157
8/24/1999,466042
8/25/1999,464585
8/26/1999,465213
8/27/1999,467453
8/30/1999,467683
8/31/1999,471094
9/1/1999,471851
9/2/1999,474124
9/3/1999,476620
9/6/1999,474711
9/7/1999,474707
9/8/1999,476400
9/9/1999,476606
9/10/1999,474627
9/13/1999,472926
9/14/1999,473935
9/15/1999,474150
9/16/1999,475610
9/17/1999,477866
9/20/1999,478679
9/21/1999,478874
9/22/1999,482773
9/23/1999,481324
9/24/1999,485091
9/27/1999,483381
9/28/1999,485764
9/29/1999,488546
9/30/1999,491797
10/1/1999,495139
10/4/1999,495139
10/5/1999,495557
10/6/1999,497419
10/7/1999,497967
10/8/1999,498578
10/11/1999,498157
10/12/1999,498452
10/13/1999,503245
10/14/1999,503425
10/15/1999,506349
10/18/1999,509084
10/19/1999,507650
10/20/1999,507384
10/21/1999,508232
10/22/1999,510205
10/25/1999,508754
10/26/1999,508369
10/27/1999,506737
10/28/1999,506371
10/29/1999,502790
11/1/1999,509618
11/2/1999,509242
11/3/1999,509758
11/4/1999,510260
11/5/1999,508724
11/8/1999,511373
11/9/1999,512947
11/10/1999,512830
11/11/1999,514813
11/12/1999,511579
11/15/1999,514266
11/16/1999,516406
11/17/1999,518987
11/18/1999,519053
11/19/1999,520368
11/22/1999,520654
11/23/1999,521626
11/24/1999,519734
11/25/1999,520669
11/26/1999,520754
11/29/1999,521014
11/30/1999,521695
12/1/1999,521951
12/2/1999,522090
12/3/1999,521746
12/6/1999,528642
12/7/1999,531011
12/8/1999,532966
12/9/1999,530765
12/10/1999,530795
12/13/1999,533864
12/14/1999,531014
12/15/1999,531574
12/16/1999,536956
12/17/1999,537821
12/20/1999,537688
12/21/1999,538978
12/22/1999,538852
12/23/1999,540726
12/24/1999,542780
12/27/1999,545143
12/28/1999,545283
12/29/1999,545112
12/30/1999,544641
1/3/2000,546131
1/4/2000,552354
1/5/2000,555329
1/6/2000,555674
1/7/2000,554980
1/10/2000,552469
1/11/2000,553669
1/12/2000,555874
1/13/2000,555470
1/14/2000,553638
1/17/2000,552307
1/18/2000,552082
1/19/2000,552251
1/20/2000,551615
1/21/2000,552769
1/24/2000,552044
1/25/2000,551859
1/26/2000,552398
1/27/2000,551034
1/28/2000,547219
1/31/2000,547238
2/1/2000,544188
2/2/2000,544861
2/3/2000,546642
2/4/2000,550467
2/7/2000,549317
2/8/2000,553719
2/9/2000,554732
2/10/2000,553311
2/11/2000,551423
2/14/2000,553977
2/15/2000,551947
2/16/2000,552895
2/17/2000,557382
2/18/2000,556767
2/21/2000,557844
2/22/2000,563235
2/23/2000,564205
2/24/2000,559789
2/25/2000,557780
2/28/2000,552445
2/29/2000,556017
3/1/2000,553835
3/2/2000,557129
3/3/2000,555147
3/6/2000,555831
3/7/2000,554169
3/8/2000,552491
3/9/2000,555868
3/10/2000,555534
3/13/2000,560604
3/14/2000,557604
3/15/2000,558094
3/16/2000,560206
3/17/2000,559482
3/20/2000,563311
3/21/2000,563138
3/22/2000,560237
3/23/2000,561481
3/24/2000,565189
3/27/2000,565967
3/28/2000,564220
3/29/2000,562103
3/30/2000,561279
3/31/2000,561798
4/3/2000,563100
4/4/2000,563107
4/5/2000,567142
4/6/2000,566115
4/7/2000,564452
4/10/2000,565859
4/11/2000,566729
4/12/2000,566768
4/13/2000,565928
4/14/2000,565766
4/17/2000,568060
4/18/2000,566205
4/19/2000,565701
4/20/2000,562170
4/25/2000,561555
4/26/2000,558116
4/27/2000,557248
4/28/2000,554105
5/2/2000,556196
5/3/2000,549852
5/4/2000,551472
5/5/2000,552852
5/8/2000,552122
5/9/2000,552964
5/10/2000,557994
5/11/2000,558971
5/12/2000,556722
5/15/2000,562152
5/16/2000,559437
5/17/2000,554564
5/18/2000,554857
5/19/2000,552729
5/22/2000,558735
5/23/2000,563480
5/24/2000,563317
5/25/2000,559597
5/26/2000,564699
5/29/2000,570948
5/30/2000,574448
5/31/2000,572497
6/1/2000,573973
6/2/2000,575112
6/5/2000,578962
6/6/2000,580351
6/7/2000,584214
6/8/2000,588484
6/9/2000,582709
6/12/2000,584390
6/13/2000,586757
6/14/2000,588876
6/15/2000,584895
6/16/2000,587316
6/19/2000,591097
6/20/2000,587547
6/21/2000,585505
6/22/2000,583766
6/23/2000,583990
6/26/2000,581905
6/27/2000,584681
6/28/2000,585468
6/29/2000,589218
6/30/2000,590718
7/3/2000,590213
7/4/2000,590264
7/5/2000,592413
7/6/2000,592641
7/7/2000,590793
7/10/2000,592173
7/11/2000,592853
7/12/2000,592287
7/13/2000,586526
7/14/2000,587685
7/17/2000,587948
7/18/2000,588276
7/19/2000,583156
7/20/2000,583629
7/21/2000,589293
7/24/2000,588915
7/25/2000,592322
7/26/2000,592372
7/27/2000,592096
7/28/2000,587980
7/31/2000,588419
8/1/2000,588607
8/2/2000,583991
8/3/2000,580347
8/4/2000,579970
8/7/2000,583070
8/8/2000,581865
8/9/2000,579904
8/10/2000,582400
8/11/2000,585612
8/14/2000,581879
8/15/2000,586409
8/16/2000,585115
8/17/2000,587477
8/18/2000,587210
8/21/2000,584541
8/22/2000,582698
8/23/2000,580934
8/24/2000,584378
8/25/2000,585045
8/28/2000,585656
8/29/2000,583702
8/30/2000,582524
8/31/2000,582224
9/1/2000,582337
9/4/2000,587521
9/5/2000,582907
9/6/2000,580307
9/7/2000,574738
9/8/2000,577560
9/11/2000,572705
9/12/2000,574002
9/13/2000,575355
9/14/2000,578370
9/15/2000,574957
9/18/2000,571930
9/19/2000,572814
9/20/2000,569788
9/21/2000,571661
9/22/2000,586136
9/25/2000,583384
9/26/2000,582842
9/27/2000,587783
9/28/2000,586365
9/29/2000,583548
10/2/2000,587333
10/3/2000,585533
10/4/2000,584967
10/5/2000,586667
10/6/2000,583900
10/9/2000,583967
10/10/2000,584867
10/11/2000,585017
10/12/2000,582500
10/13/2000,582233
10/16/2000,579600
10/17/2000,576867
10/18/2000,578100
10/19/2000,575000
10/20/2000,577020
10/23/2000,573650
10/24/2000,573233
10/25/2000,571550
10/26/2000,570380
10/27/2000,572300
10/30/2000,579933
10/31/2000,576887
11/1/2000,582650
11/2/2000,586067
11/3/2000,591000
11/6/2000,588575
11/7/2000,585807
11/8/2000,584110
11/9/2000,583896
11/10/2000,588333
11/13/2000,587733
11/14/2000,586527
11/15/2000,586690
11/16/2000,586767
11/17/2000,585333
11/20/2000,583283
11/21/2000,583813
11/22/2000,583127
11/23/2000,582950
11/24/2000,583603
11/27/2000,581367
11/28/2000,589157
11/29/2000,590233
11/30/2000,594267
12/1/2000,600433
12/4/2000,600317
12/5/2000,599983
12/6/2000,600467
12/7/2000,608597
12/8/2000,605533
12/11/2000,600500
12/12/2000,600800
12/13/2000,601833
12/14/2000,603667
12/15/2000,608343
12/18/2000,601733
12/19/2000,605900
12/20/2000,613335
12/21/2000,614560
12/22/2000,622500
12/27/2000,625000
12/28/2000,624000
12/29/2000,624267
1/2/2001,630033
1/3/2001,632957
1/4/2001,630930
1/5/2001,634750
1/8/2001,632633
1/9/2001,629467
1/10/2001,630400
1/11/2001,635100
1/12/2001,635900
1/15/2001,631067
1/16/2001,631283
1/17/2001,630533
1/18/2001,632233
1/19/2001,630850
1/22/2001,627517
1/23/2001,631717
1/24/2001,627433
1/25/2001,622533
1/26/2001,626100
1/29/2001,625017
1/30/2001,625533
1/31/2001,628563
2/1/2001,633850
2/2/2001,634167
2/5/2001,635100
2/6/2001,631650
2/7/2001,632917
2/8/2001,629017
2/9/2001,628133
2/12/2001,632000
2/13/2001,631613
2/14/2001,627433
2/15/2001,624233
2/16/2001,626500
2/19/2001,630533
2/20/2001,630067
2/21/2001,624367
2/22/2001,1050000
2/23/2001,1052750
2/26/2001,963500
2/27/2001,935000
2/28/2001,932000
3/1/2001,886405
3/2/2001,879033
3/5/2001,850000
3/6/2001,820947
3/7/2001,880000
3/8/2001,880000
3/9/2001,862333
3/12/2001,860000
3/13/2001,866667
3/14/2001,906667
3/15/2001,929845
3/16/2001,906667
3/19/2001,920617
3/20/2001,876833
3/21/2001,881300
3/22/2001,878500
3/23/2001,889567
3/26/2001,879627
3/27/2001,863667
3/28/2001,881333
3/29/2001,964667
3/30/2001,899433
4/2/2001,965000
4/3/2001,1096667
4/4/2001,1104667
4/5/2001,1103500
4/6/2001,1056667
4/9/2001,1106333
4/10/2001,1150000
4/11/2001,1140000
4/12/2001,1124667
4/17/2001,1068110
4/18/2001,1105567
4/19/2001,1069037
4/20/2001,1104000
4/23/2001,1104283
4/24/2001,1121333
4/25/2001,1075833
4/26/2001,1116667
4/27/2001,1050000
4/30/2001,1017000
5/2/2001,1130000
5/3/2001,1039000
5/4/2001,1020720
5/7/2001,1011383
5/8/2001,1015000
5/9/2001,1021600
5/10/2001,1015800
5/11/2001,1009000
5/14/2001,999700
5/15/2001,998500
5/16/2001,997000
5/17/2001,983000
5/18/2001,977200
5/21/2001,976000
5/22/2001,962250
5/23/2001,957000
5/24/2001,960800
5/25/2001,953000
5/28/2001,957000
5/29/2001,956700
5/30/2001,982000
5/31/2001,995000
6/1/2001,974500
6/4/2001,970000
6/5/2001,990000
6/6/2001,1005900
6/7/2001,987000
6/8/2001,987500
6/11/2001,1003428
6/12/2001,1008748
6/13/2001,1038000
6/14/2001,1018333
6/15/2001,1030000
6/18/2001,1046000
6/19/2001,1048000
6/20/2001,1069000
6/21/2001,1098000
6/22/2001,1086000
6/25/2001,1120000
6/26/2001,1093000
6/27/2001,1078667
6/28/2001,1081333
6/29/2001,1067000
7/2/2001,1063000
7/3/2001,1082000
7/4/2001,1080000
7/5/2001,1075000
7/6/2001,1113000
7/9/2001,1102000
7/10/2001,1120100
7/11/2001,1180000
7/12/2001,1132450
7/13/2001,1144033
7/16/2001,1175000
7/17/2001,1277000
7/18/2001,1180000
7/19/2001,1173650
7/20/2001,1150767
7/23/2001,1147000
7/24/2001,1137000
7/25/2001,1155000
7/26/2001,1162000
7/27/2001,1164000
7/30/2001,1163000
7/31/2001,1163000
8/1/2001,1175000
8/2/2001,1178000
8/3/2001,1181000
8/6/2001,1187000
8/7/2001,1186000
8/8/2001,1203200
8/9/2001,1221000
8/10/2001,1241000
8/13/2001,1257000
8/14/2001,1306000
8/15/2001,1359000
8/16/2001,1339000
8/17/2001,1292000
8/20/2001,1301000
8/21/2001,1311000
8/22/2001,1344000
8/23/2001,1341333
8/24/2001,1343000
8/27/2001,1300000
8/28/2001,1272000
8/29/2001,1267000
8/30/2001,1253000
8/31/2001,1255000
9/3/2001,1267000
9/4/2001,1280000
9/5/2001,1263000
9/6/2001,1240000
9/7/2001,1253000
9/10/2001,1290000
9/11/2001,1285000
9/12/2001,1321000
9/13/2001,1336000
9/14/2001,1373000
9/17/2001,1435000
9/18/2001,1385000
9/19/2001,1383000
9/20/2001,1405000
9/21/2001,1409000
9/24/2001,1431000
9/25/2001,1423000
9/26/2001,1424000
9/27/2001,1425000
9/28/2001,1395000
10/1/2001,1413000
10/2/2001,1440000
10/3/2001,1454000
10/4/2001,1460000
10/5/2001,1487000
10/8/2001,1502000
10/9/2001,1505000
10/10/2001,1489000
10/11/2001,1462000
10/12/2001,1441000
10/15/2001,1462000
10/16/2001,1474000
10/17/2001,1473000
10/18/2001,1490000
10/19/2001,1481000
10/22/2001,1469000
10/23/2001,1430000
10/24/2001,1428000
10/25/2001,1435000
10/26/2001,1435000
10/29/2001,1443000
10/30/2001,1450000
10/31/2001,1438000
11/1/2001,1431000
11/2/2001,1419000
11/5/2001,1397000
11/6/2001,1380000
11/7/2001,1399000
11/8/2001,1386000
11/9/2001,1387000
11/12/2001,1391000
11/13/2001,1383000
11/14/2001,1355000
11/15/2001,1345000
11/16/2001,1335000
11/19/2001,1311000
11/20/2001,1291000
11/21/2001,1311000
11/22/2001,1318000
11/23/2001,1313000
11/26/2001,1304000
11/27/2001,1298000
11/28/2001,1309000
11/29/2001,1326000
11/30/2001,1319000
12/3/2001,1337000
12/4/2001,1321000
12/5/2001,1302000
12/6/2001,1294000
12/7/2001,1290000
12/10/2001,1278000
12/11/2001,1281000
12/12/2001,1275000
12/13/2001,1268000
12/14/2001,1291000
12/17/2001,1309000
12/18/2001,1307000
12/19/2001,1316000
12/20/2001,1328000
12/21/2001,1323000
12/24/2001,1304000
12/27/2001,1270000
12/28/2001,1269500
1/2/2002,1311000
1/3/2002,1294000
1/4/2002,1271000
1/7/2002,1248000
1/8/2002,1241000
1/9/2002,1244000
1/10/2002,1236000
1/11/2002,1228000
1/14/2002,1219000
1/15/2002,1220000
1/16/2002,1213000
1/17/2002,1204000
1/18/2002,1190000
1/21/2002,1178000
1/22/2002,1183000
1/23/2002,1195000
1/24/2002,1186000
1/25/2002,1157000
1/28/2002,1148000
1/29/2002,1136500
1/30/2002,1149000
1/31/2002,1142000
2/1/2002,1133000
2/4/2002,1136000
2/5/2002,1137000
2/6/2002,1153000
2/7/2002,1155000
2/8/2002,1200000
2/11/2002,1217000
2/12/2002,1202000
2/13/2002,1178000
2/14/2002,1166000
2/15/2002,1169000
2/18/2002,1181000
2/19/2002,1181000
2/20/2002,1203000
2/21/2002,1205000
2/22/2002,1213000
2/25/2002,1208000
2/26/2002,1209000
2/27/2002,1219000
2/28/2002,1205000
3/1/2002,1211000
3/4/2002,1197000
3/5/2002,1202000
3/6/2002,1202000
3/7/2002,1202000
3/8/2002,1207000
3/11/2002,1192000
3/12/2002,1192000
3/13/2002,1192000
3/14/2002,1206000
3/15/2002,1197000
3/18/2002,1185000
3/19/2002,1205000
3/20/2002,1189000
3/21/2002,1191000
3/22/2002,1180000
3/25/2002,1188000
3/26/2002,1175000
3/27/2002,1167000
3/28/2002,1172000
4/2/2002,1172000
4/3/2002,1173000
4/4/2002,1163000
4/5/2002,1150000
4/8/2002,1155000
4/9/2002,1144000
4/10/2002,1151000
4/11/2002,1138000
4/12/2002,1156000
4/15/2002,1149000
4/16/2002,1141000
4/17/2002,1162000
4/18/2002,1163000
4/19/2002,1159000
4/22/2002,1173000
4/23/2002,1179000
4/24/2002,1187000
4/25/2002,1226000
4/26/2002,1217000
4/29/2002,1205000
4/30/2002,1209000
5/2/2002,1236000
5/3/2002,1239000
5/6/2002,1260000
5/7/2002,1253000
5/8/2002,1249000
5/9/2002,1255000
5/10/2002,1257000
5/13/2002,1268000
5/14/2002,1270000
5/15/2002,1255000
5/16/2002,1289000
5/17/2002,1319000
5/20/2002,1320000
5/21/2002,1307000
5/22/2002,1306000
5/23/2002,1306000
5/24/2002,1299000
5/27/2002,1291000
5/28/2002,1303000
5/29/2002,1321000
5/30/2002,1337000
5/31/2002,1357000
6/3/2002,1362000
6/4/2002,1358000
6/5/2002,1350000
6/6/2002,1356000
6/7/2002,1371000
6/10/2002,1394000
6/11/2002,1422000
6/12/2002,1468000
6/13/2002,1463000
6/14/2002,1476000
6/17/2002,1509000
6/18/2002,1505000
6/19/2002,1488000
6/20/2002,1478000
6/21/2002,1518000
6/24/2002,1558000
6/25/2002,1532000
6/26/2002,1625000
6/27/2002,1567000
6/28/2002,1578000
7/1/2002,1567000
7/2/2002,1582000
7/3/2002,1599000
7/4/2002,1591000
7/5/2002,1559000
7/8/2002,1630000
7/9/2002,1653000
7/10/2002,1650000
7/11/2002,1649000
7/12/2002,1637000
7/15/2002,1697000
7/16/2002,1718000
7/17/2002,1672000
7/18/2002,1677000
7/19/2002,1694000
7/22/2002,1691000
7/23/2002,1665000
7/24/2002,1677000
7/25/2002,1684000
7/26/2002,1682000
7/29/2002,1667000
7/30/2002,1662000
7/31/2002,1660000
8/1/2002,1646000
8/2/2002,1627000
8/5/2002,1608000
8/6/2002,1597000
8/7/2002,1587000
8/8/2002,1583000
8/9/2002,1595000
8/12/2002,1606000
8/13/2002,1602000
8/14/2002,1611000
8/15/2002,1622000
8/16/2002,1607000
8/19/2002,1609000
8/20/2002,1598000
8/21/2002,1589000
8/22/2002,1596000
8/23/2002,1588000
8/26/2002,1583000
8/27/2002,1598000
8/28/2002,1603000
8/29/2002,1601000
8/30/2002,1602000
9/2/2002,1594000
9/3/2002,1608000
9/4/2002,1619000
9/5/2002,1622000
9/6/2002,1610000
9/9/2002,1608000
9/10/2002,1634000
9/11/2002,1612000
9/12/2002,1626000
9/13/2002,1628000
9/16/2002,1621000
9/17/2002,1612000
9/18/2002,1622000
9/19/2002,1637000
9/20/2002,1627000
9/23/2002,1627000
9/24/2002,1626000
9/25/2002,1612000
9/26/2002,1624000
9/27/2002,1619000
9/30/2002,1637000
10/1/2002,1641000
10/2/2002,1615000
10/3/2002,1621000
10/4/2002,1613000
10/7/2002,1612000
10/8/2002,1614000
10/9/2002,1619000
10/10/2002,1627000
10/11/2002,1621000
10/14/2002,1630000
10/15/2002,1618000
10/16/2002,1617000
10/17/2002,1614000
10/18/2002,1612000
10/21/2002,1625000
10/22/2002,1618000
10/23/2002,1628000
10/24/2002,1630000
10/25/2002,1637000
10/28/2002,1637000
10/29/2002,1645000
10/30/2002,1649000
10/31/2002,1648000
11/1/2002,1683000
11/4/2002,1664000
11/5/2002,1645000
11/6/2002,1636000
11/7/2002,1634000
11/8/2002,1635000
11/11/2002,1637000
11/12/2002,1651000
11/13/2002,1647000
11/14/2002,1635000
11/15/2002,1607000
11/18/2002,1593000
11/19/2002,1603000
11/20/2002,1590000
11/21/2002,1586000
11/22/2002,1584000
11/25/2002,1551000
11/26/2002,1543000
11/27/2002,1551000
11/28/2002,1540000
11/29/2002,1523000
12/2/2002,1505000
12/3/2002,1530000
12/4/2002,1553000
12/5/2002,1550000
12/6/2002,1553000
12/9/2002,1582000
12/10/2002,1568000
12/11/2002,1578000
12/12/2002,1580000
12/13/2002,1580000
12/16/2002,1580000
12/17/2002,1624000
12/18/2002,1634000
12/19/2002,1682000
12/20/2002,1681000
12/23/2002,1700000
12/24/2002,1731000
12/27/2002,1719000
12/30/2002,1713000
12/31/2002,1738000
1/2/2003,1734000
1/3/2003,1714000
1/6/2003,1742000
1/7/2003,1762000
1/8/2003,1735000
1/9/2003,1762000
1/10/2003,1752000
1/13/2003,1754000
1/14/2003,1766000
1/15/2003,1758000
1/16/2003,1757000
1/17/2003,1775000
1/20/2003,1773000
1/21/2003,1770000
1/22/2003,1788000
1/23/2003,1788000
1/24/2003,1793000
1/27/2003,1804000
1/28/2003,1798000
1/29/2003,1802000
1/30/2003,1769000
1/31/2003,1781000
2/3/2003,1758000
2/4/2003,1776000
2/5/2003,1792000
2/6/2003,1767000
2/7/2003,1768000
2/10/2003,1781000
2/11/2003,1770000
2/12/2003,1774000
2/13/2003,1793000
2/14/2003,1795000
2/17/2003,1755000
2/18/2003,1737000
2/19/2003,1751000
2/20/2003,1761000
2/21/2003,1760000
2/24/2003,1756000
2/25/2003,1743000
2/26/2003,1742000
2/27/2003,1747000
2/28/2003,1721000
3/3/2003,1785000
3/4/2003,1782000
3/5/2003,1757000
3/6/2003,1763000
3/7/2003,1780000
3/10/2003,1777000
3/11/2003,1803000
3/12/2003,1786000
3/13/2003,1775000
3/14/2003,1775000
3/17/2003,1824000
3/18/2003,1755000
3/19/2003,1796000
3/20/2003,1806000
3/21/2003,1820000
3/24/2003,1875000
3/25/2003,1853000
3/26/2003,1831000
3/27/2003,1846000
3/28/2003,1834000
3/31/2003,1864000
4/1/2003,1849000
4/2/2003,1836000
4/3/2003,1800000
4/4/2003,1777000
4/7/2003,1748000
4/8/2003,1747000
4/9/2003,1772000
4/10/2003,1786000
4/11/2003,1768000
4/14/2003,1751000
4/15/2003,1743000
4/16/2003,1748000
4/17/2003,1756000
4/22/2003,1756000
4/23/2003,1767000
4/24/2003,1756000
4/25/2003,1749000
4/28/2003,1749000
4/29/2003,1743000
4/30/2003,1750000
5/2/2003,1726000
5/5/2003,1715000
5/6/2003,1736000
5/7/2003,1750000
5/8/2003,1735000
5/9/2003,1719000
5/12/2003,1743000
5/13/2003,1722000
5/14/2003,1707000
5/15/2003,1702000
5/16/2003,1719000
5/19/2003,1737000
5/20/2003,1702000
5/21/2003,1703000
5/22/2003,1729000
5/23/2003,1728000
5/26/2003,1722000
5/27/2003,1730000
5/28/2003,1704000
5/29/2003,1713000
5/30/2003,1688000
6/2/2003,1660000
6/3/2003,1687000
6/4/2003,1669000
6/5/2003,1705000
6/6/2003,1687000
6/9/2003,1659000
6/10/2003,1669000
6/11/2003,1678000
6/12/2003,1665000
6/13/2003,1662000
6/16/2003,1677000
6/17/2003,1672000
6/18/2003,1659000
6/19/2003,1665000
6/20/2003,1650000
6/23/2003,1652000
6/24/2003,1666000
6/25/2003,1664000
6/26/2003,1650000
6/27/2003,1630000
6/30/2003,1618000
7/1/2003,1627000
7/2/2003,1616000
7/3/2003,1603000
7/4/2003,1596000
7/7/2003,1594000
7/8/2003,1590000
7/9/2003,1614000
7/10/2003,1598000
7/11/2003,1576000
7/14/2003,1568000
7/15/2003,1561000
7/16/2003,1544000
7/17/2003,1557000
7/18/2003,1564000
7/21/2003,1568000
7/22/2003,1577000
7/23/2003,1601000
7/24/2003,1635000
7/25/2003,1624000
7/28/2003,1630000
7/29/2003,1650000
7/30/2003,1631000
7/31/2003,1606000
8/1/2003,1609000
8/4/2003,1607000
8/5/2003,1591000
8/6/2003,1603000
8/7/2003,1603000
8/8/2003,1588000
8/11/2003,1585000
8/12/2003,1586500
8/13/2003,1583000
8/14/2003,1580000
8/15/2003,1574000
8/18/2003,1566000
8/19/2003,1555000
8/20/2003,1556000
8/21/2003,1540000
8/22/2003,1518000
8/25/2003,1515000
8/26/2003,1506000
8/27/2003,1531000
8/28/2003,1523000
8/29/2003,1529000
9/1/2003,1525500
9/2/2003,1508600
9/3/2003,1503000
9/4/2003,1500000
9/5/2003,1512000
9/8/2003,1530000
9/9/2003,1542000
9/10/2003,1549000
9/11/2003,1555000
9/12/2003,1536000
9/15/2003,1550000
9/16/2003,1542850
9/17/2003,1542063
9/18/2003,1550000
9/19/2003,1547258
9/22/2003,1555000
9/23/2003,1552100
9/24/2003,1551553
9/25/2003,1579876
9/26/2003,1575000
9/29/2003,1591000
9/30/2003,1628000
10/1/2003,1629000
10/2/2003,1651778
10/3/2003,1628000
10/6/2003,1581000
10/7/2003,1622000
10/8/2003,1626000
10/9/2003,1634000
10/10/2003,1641000
10/13/2003,1646000
10/14/2003,1642000
10/15/2003,1643000
10/16/2003,1644175
10/17/2003,1670000
10/20/2003,1672000
10/21/2003,1688000
10/22/2003,1715000
10/23/2003,1743000
10/24/2003,1747000
10/27/2003,1765700
10/28/2003,1778000
10/29/2003,1776000
10/30/2003,1750510
10/31/2003,1725367
11/3/2003,1708440
11/4/2003,1691031
11/5/2003,1693500
11/6/2003,1710600
11/7/2003,1718360
11/10/2003,1711243
11/11/2003,1710957
11/12/2003,1722300
11/13/2003,1728575
11/14/2003,1731850
11/17/2003,1732608
11/18/2003,1725697
11/19/2003,1737828
11/20/2003,1765508
11/21/2003,1749374
11/24/2003,1739609
11/25/2003,1729824
11/26/2003,1738865
11/27/2003,1741412
11/28/2003,1748045
12/1/2003,1744879
12/2/2003,1746628
12/3/2003,1764669
12/4/2003,1756611
12/5/2003,1753921
12/8/2003,1753751
12/9/2003,1755959
12/10/2003,1753491
12/11/2003,1761735
12/12/2003,1759713
12/15/2003,1752307
12/16/2003,1760184
12/17/2003,1764808
12/18/2003,1777136
12/19/2003,1773170
12/22/2003,1781315
12/23/2003,1771509
12/24/2003,1770408
12/29/2003,1766109
12/30/2003,1752635
12/31/2003,1771638
1/2/2004,1760013
1/5/2004,1743696
1/6/2004,1754294
1/7/2004,1733425
1/8/2004,1727017
1/9/2004,1731070
1/12/2004,1711297
1/13/2004,1705211
1/14/2004,1711949
1/15/2004,1691000
1/16/2004,1672478
1/19/2004,1675170
1/20/2004,1677519
1/21/2004,1677660
1/22/2004,1681600
1/23/2004,1685432
1/26/2004,1662217
1/27/2004,1655012
1/28/2004,1668765
1/29/2004,1673475
1/30/2004,1665205
2/2/2004,1668864
2/3/2004,1685000
2/4/2004,1670000
2/5/2004,1670000
2/6/2004,1691400
2/9/2004,1709000
2/10/2004,1716000
2/11/2004,1704500
2/12/2004,1687000
2/13/2004,1688000
2/16/2004,1691100
2/17/2004,1701000
2/18/2004,1691000
2/19/2004,1685500
2/20/2004,1680000
2/23/2004,1670000
2/24/2004,1670300
2/25/2004,1671500
2/26/2004,1659000
2/27/2004,1644000
3/1/2004,1646706
3/2/2004,1636775
3/3/2004,1619737
3/4/2004,1613577
3/5/2004,1615109
3/8/2004,1632846
3/9/2004,1627564
3/10/2004,1620987
3/11/2004,1624301
3/12/2004,1614822
3/15/2004,1615435
3/16/2004,1628084
3/17/2004,1620129
3/18/2004,1627981
3/19/2004,1623482
3/22/2004,1630333
3/23/2004,1623143
3/24/2004,1609822
3/25/2004,1607766
3/26/2004,1607394
3/29/2004,1600513
3/30/2004,1609898
3/31/2004,1612187
4/1/2004,1614628
4/2/2004,1609898
4/5/2004,1586279
4/6/2004,1586279
4/7/2004,1604377
4/8/2004,1624273
4/13/2004,1627416
4/14/2004,1604375
4/15/2004,1645073
4/16/2004,1624833
4/19/2004,1632166
4/20/2004,1633774
4/21/2004,1642907
4/22/2004,1648220
4/23/2004,1644150
4/26/2004,1631428
4/27/2004,1684951
4/28/2004,1690696
4/29/2004,1714688
4/30/2004,1698039
5/3/2004,1744614
5/4/2004,1743780
5/5/2004,1745000
5/6/2004,1769156
5/7/2004,1793751
5/10/2004,1824054
5/11/2004,1826500
5/12/2004,1810800
5/13/2004,1828864
5/14/2004,1814045
5/17/2004,1844700
5/18/2004,1855202
5/19/2004,1858818
5/20/2004,1853677
5/21/2004,1871812
5/24/2004,1839790
5/25/2004,1830788
5/26/2004,1820138
5/27/2004,1856761
5/28/2004,1824700
5/31/2004,1831286
6/1/2004,1835949
6/2/2004,1859277
6/3/2004,1861333
6/4/2004,1833637
6/7/2004,1816967
6/8/2004,1811841
6/9/2004,1804336
6/10/2004,1806800
6/11/2004,1786800
6/14/2004,1811000
6/15/2004,1821900
6/16/2004,1804900
6/17/2004,1801900
6/18/2004,1792100
6/21/2004,1803000
6/22/2004,1796300
6/23/2004,1802500
6/24/2004,1802919
6/25/2004,1813400
6/28/2004,1824900
6/29/2004,1816800
6/30/2004,1805300
7/1/2004,1791400
7/2/2004,1775800
7/5/2004,1774100
7/6/2004,1774400
7/7/2004,1784200
7/8/2004,1787400
7/9/2004,1788261
7/12/2004,1790800
7/13/2004,1779300
7/14/2004,1774400
7/15/2004,1773700
7/16/2004,1773800
7/19/2004,1773900
7/20/2004,1791300
7/21/2004,1786100
7/22/2004,1795900
7/23/2004,1778000
7/26/2004,1803000
7/27/2004,1819300
7/28/2004,1792700
7/29/2004,1773100
7/30/2004,1769700
8/2/2004,1764600
8/3/2004,1775300
8/4/2004,1782400
8/5/2004,1771100
8/6/2004,1771000
8/9/2004,1772400
8/10/2004,1782900
8/11/2004,1788200
8/12/2004,1789100
8/13/2004,1795200
8/16/2004,1798700
8/17/2004,1804000
8/18/2004,1802000
8/19/2004,1811700
8/20/2004,1813700
8/23/2004,1833500
8/24/2004,1832800
8/25/2004,1819300
8/26/2004,1823200
8/27/2004,1818300
8/30/2004,1825300
8/31/2004,1823500
9/1/2004,1832000
9/2/2004,1840100
9/3/2004,1833700
9/6/2004,1823400
9/7/2004,1820200
9/8/2004,1809200
9/9/2004,1816700
9/10/2004,1819500
9/13/2004,1839000
9/14/2004,1839100
9/15/2004,1829700
9/16/2004,1835100
9/17/2004,1847300
9/20/2004,1859000
9/21/2004,1865426
9/22/2004,1851000
9/23/2004,1841900
9/24/2004,1841900
9/27/2004,1833300
9/28/2004,1852500
9/29/2004,1853300
9/30/2004,1863600
10/1/2004,1870400
10/4/2004,1859200
10/5/2004,1852700
10/6/2004,1849300
10/7/2004,1849700
10/8/2004,1845500
10/11/2004,1851900
10/12/2004,1842700
10/13/2004,1824500
10/14/2004,1844400
10/15/2004,1849300
10/18/2004,1848000
10/19/2004,1843400
10/20/2004,1871800
10/21/2004,1871000
10/22/2004,1866577
10/25/2004,1887100
10/26/2004,1895500
10/27/2004,1889900
10/28/2004,1874700
10/29/2004,1877600
11/1/2004,1879620
11/2/2004,1873800
11/3/2004,1867600
11/4/2004,1883800
11/5/2004,1876200
11/8/2004,1880100
11/9/2004,1884400
11/10/2004,1887800
11/11/2004,1883200
11/12/2004,1881400
11/15/2004,1884500
11/16/2004,1890700
11/17/2004,1893100
11/18/2004,1882100
11/19/2004,1876400
11/22/2004,1877000
11/23/2004,1878500
11/24/2004,1877100
11/25/2004,1891000
11/26/2004,1889000
11/29/2004,1896900
11/30/2004,1899800
12/1/2004,1890400
12/2/2004,1890700
12/3/2004,1882500
12/6/2004,1878300
12/7/2004,1880900
12/8/2004,1881600
12/9/2004,1912400
12/10/2004,1896000
12/13/2004,1898600
12/14/2004,1893200
12/15/2004,1898100
12/16/2004,1880100
12/17/2004,1864100
12/20/2004,1855600
12/21/2004,1862000
12/22/2004,1860200
12/23/2004,1856190
12/24/2004,1854638
12/27/2004,1834938
12/28/2004,1840700
12/29/2004,1849500
12/30/2004,1829000
12/31/2004,1836200
1/3/2005,?
1/4/2005,?
1/5/2005,?
1/6/2005,?
1/7/2005,?
1/10/2005,?
1/11/2005,?
1/12/2005,?
1/13/2005,?
1/14/2005,?
1/17/2005,?
1/18/2005,?
1/19/2005,?
1/20/2005,?
1/21/2005,?
1/24/2005,?
1/25/2005,?
1/26/2005,?
1/27/2005,?
1/28/2005,?
1/31/2005,?
2/1/2005,?
2/2/2005,?
2/3/2005,?
2/4/2005,?
2/7/2005,?
2/8/2005,?
2/9/2005,?
2/10/2005,?
2/11/2005,?
2/14/2005,?
2/15/2005,?
2/16/2005,?
2/17/2005,?
2/18/2005,?
2/21/2005,?
2/22/2005,?
2/23/2005,?
2/24/2005,?
2/25/2005,?
2/28/2005,?
3/1/2005,?
3/2/2005,?
3/3/2005,?
3/4/2005,?
3/7/2005,?
3/8/2005,?
3/9/2005,?
3/10/2005,?
3/11/2005,?
3/14/2005,?
3/15/2005,?
3/16/2005,?
3/17/2005,?
3/18/2005,?
3/21/2005,?
3/22/2005,?
3/23/2005,?
3/24/2005,?
3/29/2005,?
3/30/2005,?
3/31/2005,?
4/1/2005,?
4/4/2005,?
4/5/2005,?
4/6/2005,?
4/7/2005,?
4/8/2005,?
4/11/2005,?
4/12/2005,?
4/13/2005,?
4/14/2005,?
4/15/2005,?
4/18/2005,?
4/19/2005,?
4/20/2005,?
4/21/2005,?
4/22/2005,?
4/25/2005,?
4/26/2005,?
4/27/2005,?
4/28/2005,?
4/29/2005,?
5/2/2005,?
5/3/2005,?
5/4/2005,?
5/5/2005,?
5/6/2005,?
5/9/2005,?
5/10/2005,?
5/11/2005,?
5/12/2005,?
5/13/2005,?
5/16/2005,?
5/17/2005,?
5/18/2005,?
5/19/2005,?
5/20/2005,?
5/23/2005,?
5/24/2005,?
5/25/2005,?
5/26/2005,?
5/27/2005,?
5/30/2005,?
5/31/2005,?
6/1/2005,?
6/2/2005,?
6/3/2005,?
6/6/2005,?
6/7/2005,?
6/8/2005,?
6/9/2005,?
6/10/2005,?
6/13/2005,?
6/14/2005,?
6/15/2005,?
6/16/2005,?
6/17/2005,?
6/20/2005,?
6/21/2005,?
6/22/2005,?
6/23/2005,?
6/24/2005,?
6/27/2005,?
6/28/2005,?
6/29/2005,?
6/30/2005,?
7/1/2005,?
7/4/2005,?
7/5/2005,?
7/6/2005,?
7/7/2005,?
7/8/2005,?
7/11/2005,?
7/12/2005,?
7/13/2005,?
7/14/2005,?
7/15/2005,?
7/18/2005,?
7/19/2005,?
7/20/2005,?
7/21/2005,?
7/22/2005,?
7/25/2005,?
7/26/2005,?
7/27/2005,?
7/28/2005,?
7/29/2005,?
8/1/2005,?
8/2/2005,?
8/3/2005,?
8/4/2005,?
8/5/2005,?
8/8/2005,?
8/9/2005,?
8/10/2005,?
8/11/2005,?
8/12/2005,?
8/15/2005,?
8/16/2005,?
8/17/2005,?
8/18/2005,?
8/19/2005,?
8/22/2005,?
8/23/2005,?
8/24/2005,?
8/25/2005,?
8/26/2005,?
8/29/2005,?
8/30/2005,?
8/31/2005,?
9/1/2005,?
9/2/2005,?
9/5/2005,?
9/6/2005,?
9/7/2005,?
9/8/2005,?
9/9/2005,?
9/12/2005,?
9/13/2005,?
9/14/2005,?
9/15/2005,?
9/16/2005,?
9/19/2005,?
9/20/2005,?
9/21/2005,?
9/22/2005,?
9/23/2005,?
9/26/2005,?
9/27/2005,?
9/28/2005,?
9/29/2005,?
9/30/2005,?
10/3/2005,?
10/4/2005,?
10/5/2005,?
10/6/2005,?
10/7/2005,?
10/10/2005,?
10/11/2005,?
10/12/2005,?
10/13/2005,?
10/14/2005,?
10/17/2005,?
10/18/2005,?
10/19/2005,?
10/20/2005,?
10/21/2005,?
10/24/2005,?
10/25/2005,?
10/26/2005,?
10/27/2005,?
10/28/2005,?
10/31/2005,?
11/1/2005,?
11/2/2005,?
11/3/2005,?
11/4/2005,?
11/7/2005,?
11/8/2005,?
11/9/2005,?
11/10/2005,?
11/11/2005,?
11/14/2005,?
11/15/2005,?
11/16/2005,?
11/17/2005,?
11/18/2005,?
11/21/2005,?
11/22/2005,?
11/23/2005,?
11/24/2005,?
11/25/2005,?
11/28/2005,?
11/29/2005,?
11/30/2005,?
12/1/2005,?
12/2/2005,?
12/5/2005,?
12/6/2005,?
12/7/2005,?
12/8/2005,?
12/9/2005,?
12/12/2005,?
12/13/2005,?
12/14/2005,?
12/15/2005,?
12/16/2005,?
12/19/2005,?
12/20/2005,?
12/21/2005,?
12/22/2005,?
12/23/2005,?
12/27/2005,?
12/28/2005,?
12/29/2005,?
12/30/2005,?
1/2/2006,?
1/3/2006,?
1/4/2006,?
1/5/2006,?
1/6/2006,?
1/9/2006,?
1/10/2006,?
1/11/2006,?
1/12/2006,?
1/13/2006,?
1/16/2006,?
1/17/2006,?
1/18/2006,?
1/19/2006,?
1/20/2006,?
1/23/2006,?
1/24/2006,?
1/25/2006,?
1/26/2006,?
1/27/2006,?
1/30/2006,?
1/31/2006,?
2/1/2006,?
2/2/2006,?
2/3/2006,?
2/6/2006,?
2/7/2006,?
2/8/2006,?
2/9/2006,?
2/10/2006,?
2/13/2006,?
2/14/2006,?
2/15/2006,?
2/16/2006,?
2/17/2006,?
2/20/2006,?
2/21/2006,?
2/22/2006,?
2/23/2006,?
2/24/2006,?
2/27/2006,?
2/28/2006,?
3/1/2006,?
3/2/2006,?
3/3/2006,?
3/6/2006,?
3/7/2006,?
3/8/2006,?
3/9/2006,?
3/10/2006,?
3/13/2006,?
3/14/2006,?
3/15/2006,?
3/16/2006,?
3/17/2006,?
3/20/2006,?
3/21/2006,?
3/22/2006,?
3/23/2006,?
3/24/2006,?
3/27/2006,?
3/28/2006,?
3/29/2006,?
3/30/2006,?
3/31/2006,?
4/3/2006,?
4/4/2006,?
4/5/2006,?
4/6/2006,?
4/7/2006,?
4/10/2006,?
4/11/2006,?
4/12/2006,?
4/13/2006,?
4/18/2006,?
4/19/2006,?
4/20/2006,?
4/21/2006,?
4/24/2006,?
4/25/2006,?
4/26/2006,?
4/27/2006,?
4/28/2006,?
5/2/2006,?
5/3/2006,?
5/4/2006,?
5/5/2006,?
5/8/2006,?
5/9/2006,?
5/10/2006,?
5/11/2006,?
5/12/2006,?
5/15/2006,?
5/16/2006,?
5/17/2006,?
5/18/2006,?
5/19/2006,?
5/22/2006,?
5/23/2006,?
5/24/2006,?
5/25/2006,?
5/26/2006,?
5/29/2006,?
5/30/2006,?
5/31/2006,?
6/1/2006,?
6/2/2006,?
6/5/2006,?
6/6/2006,?
6/7/2006,?
6/8/2006,?
6/9/2006,?
6/12/2006,?
6/13/2006,?
6/14/2006,?
6/15/2006,?
6/16/2006,?
6/19/2006,?
6/20/2006,?
6/21/2006,?
6/22/2006,?
6/23/2006,?
6/26/2006,?
6/27/2006,?
6/28/2006,?
6/29/2006,?
6/30/2006,?
7/3/2006,?
7/4/2006,?
7/5/2006,?
7/6/2006,?
7/7/2006,?
7/10/2006,?
7/11/2006,?
7/12/2006,?
7/13/2006,?
7/14/2006,?
7/17/2006,?
7/18/2006,?
7/19/2006,?
7/20/2006,?
7/21/2006,?
7/24/2006,?
7/25/2006,?
7/26/2006,?
7/27/2006,?
7/28/2006,?
7/31/2006,?
8/1/2006,?
8/2/2006,?
8/3/2006,?
8/4/2006,?
8/7/2006,?
8/8/2006,?
8/9/2006,?
8/10/2006,?
8/11/2006,?
8/14/2006,?
8/15/2006,?
8/16/2006,?
8/17/2006,?
8/18/2006,?
8/21/2006,?
8/22/2006,?
8/23/2006,?
8/24/2006,?
8/25/2006,?
8/28/2006,?
8/29/2006,?
8/30/2006,?
8/31/2006,?
9/1/2006,?
9/4/2006,?
9/5/2006,?
9/6/2006,?
9/7/2006,?
9/8/2006,?
9/11/2006,?
9/12/2006,?
9/13/2006,?
9/14/2006,?
9/15/2006,?
9/18/2006,?
9/19/2006,?
9/20/2006,?
9/21/2006,?
9/22/2006,?
9/25/2006,?
9/26/2006,?
9/27/2006,?
9/28/2006,?
9/29/2006,?
10/2/2006,?
10/3/2006,?
10/4/2006,?
10/5/2006,?
10/6/2006,?
10/9/2006,?
10/10/2006,?
10/11/2006,?
10/12/2006,?
10/13/2006,?
10/16/2006,?
10/17/2006,?
10/18/2006,?
10/19/2006,?
10/20/2006,?
10/23/2006,?
10/24/2006,?
10/25/2006,?
10/26/2006,?
10/27/2006,?
10/30/2006,?
10/31/2006,?
11/1/2006,?
11/2/2006,?
11/3/2006,?
11/6/2006,?
11/7/2006,?
11/8/2006,?
11/9/2006,?
11/10/2006,?
11/13/2006,?
11/14/2006,?
11/15/2006,?
11/16/2006,?
11/17/2006,?
11/20/2006,?
11/21/2006,?
11/22/2006,?
11/23/2006,?
11/24/2006,?
11/27/2006,?
11/28/2006,?
11/29/2006,?
11/30/2006,?
12/1/2006,?
12/4/2006,?
12/5/2006,?
12/6/2006,?
12/7/2006,?
12/8/2006,?
12/11/2006,?
12/12/2006,?
12/13/2006,?
12/14/2006,?
12/15/2006,?
12/18/2006,?
12/19/2006,?
12/20/2006,?
12/21/2006,?
12/22/2006,?
12/27/2006,?
12/28/2006,?
12/29/2006,?
1/2/2007,?
1/3/2007,?
1/4/2007,?
1/5/2007,?
1/8/2007,?
1/9/2007,?
1/10/2007,?
1/11/2007,?
1/12/2007,?
1/15/2007,?
1/16/2007,?
1/17/2007,?
1/18/2007,?
1/19/2007,?
1/22/2007,?
1/23/2007,?
1/24/2007,?
1/25/2007,?
1/26/2007,?
1/29/2007,?
1/30/2007,?
1/31/2007,?
2/1/2007,?
2/2/2007,?
2/5/2007,?
2/6/2007,?
2/7/2007,?
2/8/2007,?
2/9/2007,?
2/12/2007,?
2/13/2007,?
2/14/2007,?
2/15/2007,?
2/16/2007,?
2/19/2007,?
2/20/2007,?
2/21/2007,?
2/22/2007,?
2/23/2007,?
2/26/2007,?
2/27/2007,?
2/28/2007,?
3/1/2007,?
3/2/2007,?
3/5/2007,?
3/6/2007,?
3/7/2007,?
3/8/2007,?
3/9/2007,?
3/12/2007,?
3/13/2007,?
3/14/2007,?
3/15/2007,?
3/16/2007,?
3/19/2007,?
3/20/2007,?
3/21/2007,?
3/22/2007,?
3/23/2007,?
3/26/2007,?
3/27/2007,?
3/28/2007,?
3/29/2007,?
3/30/2007,?
4/2/2007,?
4/3/2007,?
4/4/2007,?
4/5/2007,?
4/10/2007,?
4/11/2007,?
4/12/2007,?
4/13/2007,?
4/16/2007,?
4/17/2007,?
4/18/2007,?
4/19/2007,?
4/20/2007,?
4/23/2007,?
4/24/2007,?
4/25/2007,?
4/26/2007,?
4/27/2007,?
4/30/2007,?
5/2/2007,?
5/3/2007,?
5/4/2007,?
5/7/2007,?
5/8/2007,?
5/9/2007,?
5/10/2007,?
5/11/2007,?
5/14/2007,?
5/15/2007,?
5/16/2007,?
5/17/2007,?
5/18/2007,?
5/21/2007,?
5/22/2007,?
5/23/2007,?
5/24/2007,?
5/25/2007,?
5/28/2007,?
5/29/2007,?
5/30/2007,?
5/31/2007,?
6/1/2007,?
6/4/2007,?
6/5/2007,?
6/6/2007,?
6/7/2007,?
6/8/2007,?
6/11/2007,?
6/12/2007,?
6/13/2007,?
6/14/2007,?
6/15/2007,?
6/18/2007,?
6/19/2007,?
6/20/2007,?
6/21/2007,?
6/22/2007,?
6/25/2007,?
6/26/2007,?
6/27/2007,?
6/28/2007,?
6/29/2007,?
7/2/2007,?
7/3/2007,?
7/4/2007,?
7/5/2007,?
7/6/2007,?
7/9/2007,?
7/10/2007,?
7/11/2007,?
7/12/2007,?
7/13/2007,?
7/16/2007,?
7/17/2007,?
7/18/2007,?
7/19/2007,?
7/20/2007,?
7/23/2007,?
7/24/2007,?
7/25/2007,?
7/26/2007,?
7/27/2007,?
7/30/2007,?
7/31/2007,?
8/1/2007,?
8/2/2007,?
8/3/2007,?
8/6/2007,?
8/7/2007,?
8/8/2007,?
8/9/2007,?
8/10/2007,?
8/13/2007,?
8/14/2007,?
8/15/2007,?
8/16/2007,?
8/17/2007,?
8/20/2007,?
8/21/2007,?
8/22/2007,?
8/23/2007,?
8/24/2007,?
8/27/2007,?
8/28/2007,?
8/29/2007,?
8/30/2007,?
8/31/2007,?
9/3/2007,?
9/4/2007,?
9/5/2007,?
9/6/2007,?
9/7/2007,?
9/10/2007,?
9/11/2007,?
9/12/2007,?
9/13/2007,?
9/14/2007,?
9/17/2007,?
9/18/2007,?
9/19/2007,?
9/20/2007,?
9/21/2007,?
9/24/2007,?
9/25/2007,?
9/26/2007,?
9/27/2007,?
9/28/2007,?
10/1/2007,?
10/2/2007,?
10/3/2007,?
10/4/2007,?
10/5/2007,?
10/8/2007,?
10/9/2007,?
10/10/2007,?
10/11/2007,?
10/12/2007,?
10/15/2007,?
10/16/2007,?
10/17/2007,?
10/18/2007,?
10/19/2007,?
10/22/2007,?
10/23/2007,?
10/24/2007,?
10/25/2007,?
10/26/2007,?
10/29/2007,?
10/30/2007,?
10/31/2007,?
11/1/2007,?
11/2/2007,?
11/5/2007,?
11/6/2007,?
11/7/2007,?
11/8/2007,?
11/9/2007,?
11/12/2007,?
11/13/2007,?
11/14/2007,?
11/15/2007,?
11/16/2007,?
11/19/2007,?
11/20/2007,?
11/21/2007,?
11/22/2007,?
11/23/2007,?
11/26/2007,?
11/27/2007,?
11/28/2007,?
11/29/2007,?
11/30/2007,?
12/3/2007,?
12/4/2007,?
12/5/2007,?
12/6/2007,?
12/7/2007,?
12/10/2007,?
12/11/2007,?
12/12/2007,?
12/13/2007,?
12/14/2007,?
12/17/2007,?
12/18/2007,?
12/19/2007,?
12/20/2007,?
12/21/2007,?
12/24/2007,?
12/27/2007,?
12/28/2007,?
12/31/2007,?
1/2/2008,?
1/3/2008,?
1/4/2008,?
1/7/2008,?
1/8/2008,?
1/9/2008,?
1/10/2008,?
1/11/2008,?
1/14/2008,?
1/15/2008,?
1/16/2008,?
1/17/2008,?
1/18/2008,?
1/21/2008,?
1/22/2008,?
1/23/2008,?
1/24/2008,?
1/25/2008,?
1/28/2008,?
1/29/2008,?
1/30/2008,?
1/31/2008,?
2/1/2008,?
2/4/2008,?
2/5/2008,?
2/6/2008,?
2/7/2008,?
2/8/2008,?
2/11/2008,?
2/12/2008,?
2/13/2008,?
2/14/2008,?
2/15/2008,?
2/18/2008,?
2/19/2008,?
2/20/2008,?
2/21/2008,?
2/22/2008,?
2/25/2008,?
2/26/2008,?
2/27/2008,?
2/28/2008,?
2/29/2008,?
3/3/2008,?
3/4/2008,?
3/5/2008,?
3/6/2008,?
3/7/2008,?
3/10/2008,?
3/11/2008,?
3/12/2008,?
3/13/2008,?
3/14/2008,?
3/17/2008,?
3/18/2008,?
3/19/2008,?
3/20/2008,?
3/25/2008,?
3/26/2008,?
3/27/2008,?
3/28/2008,?
3/31/2008,?
4/1/2008,?
4/2/2008,?
4/3/2008,?
4/4/2008,?
4/7/2008,?
4/8/2008,?
4/9/2008,?
4/10/2008,?
4/11/2008,?
4/14/2008,?
4/15/2008,?
4/16/2008,?
4/17/2008,?
4/18/2008,?
4/21/2008,?
4/22/2008,?
4/23/2008,?
4/24/2008,?
4/25/2008,?
4/28/2008,?
4/29/2008,?
4/30/2008,?
5/2/2008,?
5/5/2008,?
5/6/2008,?
5/7/2008,?
5/8/2008,?
5/9/2008,?
5/12/2008,?
5/13/2008,?
5/14/2008,?
5/15/2008,?
5/16/2008,?
5/19/2008,?
5/20/2008,?
5/21/2008,?
5/22/2008,?
5/23/2008,?
5/26/2008,?
5/27/2008,?
5/28/2008,?
5/29/2008,?
5/30/2008,?
6/2/2008,?
6/3/2008,?
6/4/2008,?
6/5/2008,?
6/6/2008,?
6/9/2008,?
6/10/2008,?
6/11/2008,?
6/12/2008,?
6/13/2008,?
6/16/2008,?
6/17/2008,?
6/18/2008,?
6/19/2008,?
6/20/2008,?
6/23/2008,?
6/24/2008,?
6/25/2008,?
6/26/2008,?
6/27/2008,?
6/30/2008,?
7/1/2008,?
7/2/2008,?
7/3/2008,?
7/4/2008,?
7/7/2008,?
7/8/2008,?
7/9/2008,?
7/10/2008,?
7/11/2008,?
7/14/2008,?
7/15/2008,?
7/16/2008,?
7/17/2008,?
7/18/2008,?
7/21/2008,?
7/22/2008,?
7/23/2008,?
7/24/2008,?
7/25/2008,?
7/28/2008,?
7/29/2008,?
7/30/2008,?
7/31/2008,?
8/1/2008,?
8/4/2008,?
8/5/2008,?
8/6/2008,?
8/7/2008,?
8/8/2008,?
8/11/2008,?
8/12/2008,?
8/13/2008,?
8/14/2008,?
8/15/2008,?
8/18/2008,?
8/19/2008,?
8/20/2008,?
8/21/2008,?
8/22/2008,?
8/25/2008,?
8/26/2008,?
8/27/2008,?
8/28/2008,?
8/29/2008,?
9/1/2008,?
9/2/2008,?
9/3/2008,?
9/4/2008,?
9/5/2008,?
9/8/2008,?
9/9/2008,?
9/10/2008,?
9/11/2008,?
9/12/2008,?
9/15/2008,?
9/16/2008,?
9/17/2008,?
9/18/2008,?
9/19/2008,?
9/22/2008,?
9/23/2008,?
9/24/2008,?
9/25/2008,?
9/26/2008,?
9/29/2008,?
9/30/2008,?
10/1/2008,?
10/2/2008,?
10/3/2008,?
10/6/2008,?
10/7/2008,?
10/8/2008,?
10/9/2008,?
10/10/2008,?
10/13/2008,?
10/14/2008,?
10/15/2008,?
10/16/2008,?
10/17/2008,?
10/20/2008,?
10/21/2008,?
10/22/2008,?
10/23/2008,?
10/24/2008,?
10/27/2008,?
10/28/2008,?
10/29/2008,?
10/30/2008,?
10/31/2008,?
11/3/2008,?
11/4/2008,?
11/5/2008,?
11/6/2008,?
11/7/2008,?
11/10/2008,?
11/11/2008,?
11/12/2008,?
11/13/2008,?
11/14/2008,?
11/17/2008,?
11/18/2008,?
11/19/2008,?
11/20/2008,?
11/21/2008,?
11/24/2008,?
11/25/2008,?
11/26/2008,?
11/27/2008,?
11/28/2008,?
12/1/2008,?
12/2/2008,?
12/3/2008,?
12/4/2008,?
12/5/2008,?
12/8/2008,?
12/9/2008,?
12/10/2008,?
12/11/2008,?
12/12/2008,?
12/15/2008,?
12/16/2008,?
12/17/2008,?
12/18/2008,?
12/19/2008,?
12/22/2008,?
12/23/2008,?
12/24/2008,?
12/29/2008,?
12/30/2008,?
12/31/2008,?
1/2/2009,?
1/5/2009,?
1/6/2009,?
1/7/2009,?
1/8/2009,?
1/9/2009,?
1/12/2009,?
1/13/2009,?
1/14/2009,?
1/15/2009,?
1/16/2009,?
1/19/2009,?
1/20/2009,?
1/21/2009,?
1/22/2009,?
1/23/2009,?
1/26/2009,?
1/27/2009,?
1/28/2009,?
1/29/2009,?
1/30/2009,?
2/2/2009,?
2/3/2009,?
2/4/2009,?
2/5/2009,?
2/6/2009,?
2/9/2009,?
2/10/2009,?
2/11/2009,?
2/12/2009,?
2/13/2009,?
2/16/2009,?
2/17/2009,?
2/18/2009,?
2/19/2009,?
2/20/2009,?
2/23/2009,?
2/24/2009,?
2/25/2009,?
2/26/2009,?
2/27/2009,?
3/2/2009,?
3/3/2009,?
3/4/2009,?
3/5/2009,?
3/6/2009,?
3/9/2009,?
3/10/2009,?
3/11/2009,?
3/12/2009,?
3/13/2009,?
3/16/2009,?
3/17/2009,?
3/18/2009,?
3/19/2009,?
3/20/2009,?
3/23/2009,?
3/24/2009,?
3/25/2009,?
3/26/2009,?
3/27/2009,?
3/30/2009,?
3/31/2009,?
4/1/2009,?
4/2/2009,?
4/3/2009,?
4/6/2009,?
4/7/2009,?
4/8/2009,?
4/9/2009,?
4/14/2009,?
4/15/2009,?
4/16/2009,?
4/17/2009,?
4/20/2009,?
4/21/2009,?
4/22/2009,?
4/23/2009,?
4/24/2009,?
4/27/2009,?
4/28/2009,?
4/29/2009,?
4/30/2009,?
5/4/2009,?
5/5/2009,?
5/6/2009,?
5/7/2009,?
5/8/2009,?
5/11/2009,?
5/12/2009,?
5/13/2009,?
5/14/2009,?
5/15/2009,?
5/18/2009,?
5/19/2009,?
5/20/2009,?
5/21/2009,?
5/22/2009,?
5/25/2009,?
5/26/2009,?
5/27/2009,?
5/28/2009,?
5/29/2009,?
6/1/2009,?
6/2/2009,?
6/3/2009,?
6/4/2009,?
6/5/2009,?
6/8/2009,?
6/9/2009,?
6/10/2009,?
6/11/2009,?
6/12/2009,?
6/15/2009,?
6/16/2009,?
6/17/2009,?
6/18/2009,?
6/19/2009,?
6/22/2009,?
6/23/2009,?
6/24/2009,?
6/25/2009,?
6/26/2009,?
6/29/2009,?
6/30/2009,?
7/1/2009,?
7/2/2009,?
7/3/2009,?
7/6/2009,?
7/7/2009,?
7/8/2009,?
7/9/2009,?
7/10/2009,?
7/13/2009,?
7/14/2009,?
7/15/2009,?
7/16/2009,?
7/17/2009,?
7/20/2009,?
7/21/2009,?
7/22/2009,?
7/23/2009,?
7/24/2009,?
7/27/2009,?
7/28/2009,?
7/29/2009,?
7/30/2009,?
7/31/2009,?
8/3/2009,?
8/4/2009,?
8/5/2009,?
8/6/2009,?
8/7/2009,?
8/10/2009,?
8/11/2009,?
8/12/2009,?
8/13/2009,?
8/14/2009,?
8/17/2009,?
8/18/2009,?
8/19/2009,?
8/20/2009,?
8/21/2009,?
8/24/2009,?
8/25/2009,?
8/26/2009,?
8/27/2009,?
8/28/2009,?
8/31/2009,?
9/1/2009,?
9/2/2009,?
9/3/2009,?
9/4/2009,?
9/7/2009,?
9/8/2009,?
9/9/2009,?
9/10/2009,?
9/11/2009,?
9/14/2009,?
9/15/2009,?
9/16/2009,?
9/17/2009,?
9/18/2009,?
9/21/2009,?
9/22/2009,?
9/23/2009,?
9/24/2009,?
9/25/2009,?
9/28/2009,?
9/29/2009,?
9/30/2009,?
10/1/2009,?
10/2/2009,?
10/5/2009,?
10/6/2009,?
10/7/2009,?
10/8/2009,?
10/9/2009,?
10/12/2009,?
10/13/2009,?
10/14/2009,?
10/15/2009,?
10/16/2009,?
10/19/2009,?
10/20/2009,?
10/21/2009,?
10/22/2009,?
10/23/2009,?
10/26/2009,?
10/27/2009,?
10/28/2009,?
10/29/2009,?
10/30/2009,?
11/2/2009,?
11/3/2009,?
11/4/2009,?
11/5/2009,?
11/6/2009,?
11/9/2009,?
11/10/2009,?
11/11/2009,?
11/12/2009,?
11/13/2009,?
11/16/2009,?
11/17/2009,?
11/18/2009,?
11/19/2009,?
11/20/2009,?
11/23/2009,?
11/24/2009,?
11/25/2009,?
11/26/2009,?
11/27/2009,?
11/30/2009,?
12/1/2009,?
12/2/2009,?
12/3/2009,?
12/4/2009,?
12/7/2009,?
12/8/2009,?
12/9/2009,?
12/10/2009,?
12/11/2009,?
12/14/2009,?
12/15/2009,?
12/16/2009,?
12/17/2009,?
12/18/2009,?
12/21/2009,?
12/22/2009,?
12/23/2009,?
12/24/2009,?
12/28/2009,?
12/29/2009,?
12/30/2009,?
12/31/2009,?
1/4/2010,?
1/5/2010,?
1/6/2010,?
1/7/2010,?
1/8/2010,?
1/11/2010,?
1/12/2010,?
1/13/2010,?
1/14/2010,?
1/15/2010,?
1/18/2010,?
1/19/2010,?
1/20/2010,?
1/21/2010,?
1/22/2010,?
1/25/2010,?
1/26/2010,?
1/27/2010,?
1/28/2010,?
1/29/2010,?
2/1/2010,?
2/2/2010,?
2/3/2010,?
2/4/2010,?
2/5/2010,?
2/8/2010,?
2/9/2010,?
2/10/2010,?
2/11/2010,?
2/12/2010,?
2/15/2010,?
2/16/2010,?
2/17/2010,?
2/18/2010,?
2/19/2010,?
2/22/2010,?
2/23/2010,?
2/24/2010,?
2/25/2010,?
2/26/2010,?
3/1/2010,?
3/2/2010,?
3/3/2010,?
3/4/2010,?
3/5/2010,?
3/8/2010,?
3/9/2010,?
3/10/2010,?
3/11/2010,?
3/12/2010,?
3/15/2010,?
3/16/2010,?
3/17/2010,?
3/18/2010,?
3/19/2010,?
3/22/2010,?
3/23/2010,?
3/24/2010,?
3/25/2010,?
3/26/2010,?
3/29/2010,?
3/30/2010,?
3/31/2010,?
4/1/2010,?
4/6/2010,?
4/7/2010,?
4/8/2010,?
4/9/2010,?
4/12/2010,?
4/13/2010,?
4/14/2010,?
4/15/2010,?
4/16/2010,?
4/19/2010,?
4/20/2010,?
4/21/2010,?
4/22/2010,?
4/23/2010,?
4/26/2010,?
4/27/2010,?
4/28/2010,?
4/29/2010,?
4/30/2010,?
5/3/2010,?
5/4/2010,?
5/5/2010,?
5/6/2010,?
5/7/2010,?
5/10/2010,?
5/11/2010,?
5/12/2010,?
5/13/2010,?
5/14/2010,?
5/17/2010,?
5/18/2010,?
5/19/2010,?
5/20/2010,?
5/21/2010,?
5/24/2010,?
5/25/2010,?
5/26/2010,?
5/27/2010,?
5/28/2010,?
5/31/2010,?
6/1/2010,?
6/2/2010,?
6/3/2010,?
6/4/2010,?
6/7/2010,?
6/8/2010,?
6/9/2010,?
6/10/2010,?
6/11/2010,?
6/14/2010,?
6/15/2010,?
6/16/2010,?
6/17/2010,?
6/18/2010,?
6/21/2010,?
6/22/2010,?
6/23/2010,?
6/24/2010,?
6/25/2010,?
6/28/2010,?
6/29/2010,?
6/30/2010,?
7/1/2010,?
7/2/2010,?
7/5/2010,?
7/6/2010,?
7/7/2010,?
7/8/2010,?
7/9/2010,?
7/12/2010,?
7/13/2010,?
7/14/2010,?
7/15/2010,?
7/16/2010,?
7/19/2010,?
7/20/2010,?
7/21/2010,?
7/22/2010,?
7/23/2010,?
7/26/2010,?
7/27/2010,?
7/28/2010,?
7/29/2010,?
7/30/2010,?
8/2/2010,?
8/3/2010,?
8/4/2010,?
8/5/2010,?
8/6/2010,?
8/9/2010,?
8/10/2010,?
8/11/2010,?
8/12/2010,?
8/13/2010,?
8/16/2010,?
8/17/2010,?
8/18/2010,?
8/19/2010,?
8/20/2010,?
8/23/2010,?
8/24/2010,?
8/25/2010,?
8/26/2010,?
8/27/2010,?
8/30/2010,?
8/31/2010,?
9/1/2010,?
9/2/2010,?
9/3/2010,?
9/6/2010,?
9/7/2010,?
9/8/2010,?
9/9/2010,?
9/10/2010,?
9/13/2010,?
9/14/2010,?
9/15/2010,?
9/16/2010,?
9/17/2010,?
9/20/2010,?
9/21/2010,?
9/22/2010,?
9/23/2010,?
9/24/2010,?
9/27/2010,?
9/28/2010,?
9/29/2010,?
9/30/2010,?
10/1/2010,?
10/4/2010,?
10/5/2010,?
10/6/2010,?
10/7/2010,?
10/8/2010,?
10/11/2010,?
10/12/2010,?
10/13/2010,?
10/14/2010,?
10/15/2010,?
10/18/2010,?
10/19/2010,?
10/20/2010,?
10/21/2010,?
10/22/2010,?
10/25/2010,?
10/26/2010,?
10/27/2010,?
10/28/2010,?
10/29/2010,?
11/1/2010,?
11/2/2010,?
11/3/2010,?
11/4/2010,?
11/5/2010,?
11/8/2010,?
11/9/2010,?
11/10/2010,?
11/11/2010,?
11/12/2010,?
11/15/2010,?
11/16/2010,?
11/17/2010,?
11/18/2010,?
11/19/2010,?
11/22/2010,?
11/23/2010,?
11/24/2010,?
11/25/2010,?
11/26/2010,?
11/29/2010,?
11/30/2010,?
12/1/2010,?
12/2/2010,?
12/3/2010,?
12/6/2010,?
12/7/2010,?
12/8/2010,?
12/9/2010,?
12/10/2010,?
12/13/2010,?
12/14/2010,?
12/15/2010,?
12/16/2010,?
12/17/2010,?
12/20/2010,?
12/21/2010,?
12/22/2010,?
12/23/2010,?
12/24/2010,?
12/27/2010,?
12/28/2010,?
12/29/2010,?
12/30/2010,?
12/31/2010,?
1/3/2011,?
1/4/2011,?
1/5/2011,?
1/6/2011,?
1/7/2011,?
1/10/2011,?
1/11/2011,?
1/12/2011,?
1/13/2011,?
1/14/2011,?
1/17/2011,?
1/18/2011,?
1/19/2011,?
1/20/2011,?
1/21/2011,?
1/24/2011,?
1/25/2011,?
1/26/2011,?
1/27/2011,?
1/28/2011,?
1/31/2011,?
2/1/2011,?
2/2/2011,?
2/3/2011,?
2/4/2011,?
2/7/2011,?
2/8/2011,?
2/9/2011,?
2/10/2011,?
2/11/2011,?
2/14/2011,?
2/15/2011,?
2/16/2011,?
2/17/2011,?
2/18/2011,?
2/21/2011,?
2/22/2011,?
2/23/2011,?
2/24/2011,?
2/25/2011,?
2/28/2011,?
3/1/2011,?
3/2/2011,?
3/3/2011,?
3/4/2011,?
3/7/2011,?
3/8/2011,?
3/9/2011,?
3/10/2011,?
3/11/2011,?
3/14/2011,?
3/15/2011,?
3/16/2011,?
3/17/2011,?
3/18/2011,?
3/21/2011,?
3/22/2011,?
3/23/2011,?
3/24/2011,?
3/25/2011,?
3/28/2011,?
3/29/2011,?
3/30/2011,?
3/31/2011,?
4/1/2011,?
4/4/2011,?
4/5/2011,?
4/6/2011,?
4/7/2011,?
4/8/2011,?
4/11/2011,?
4/12/2011,?
4/13/2011,?
4/14/2011,?
4/15/2011,?
4/18/2011,?
4/19/2011,?
4/20/2011,?
4/21/2011,?
4/26/2011,?
4/27/2011,?
4/28/2011,?
4/29/2011,?
5/2/2011,?
5/3/2011,?
5/4/2011,?
5/5/2011,?
5/6/2011,?
5/9/2011,?
5/10/2011,?
5/11/2011,?
5/12/2011,?
5/13/2011,?
5/16/2011,?
5/17/2011,?
5/18/2011,?
5/19/2011,?
5/20/2011,?
5/23/2011,?
5/24/2011,?
5/25/2011,?
5/26/2011,?
5/27/2011,?
5/30/2011,?
5/31/2011,?
6/1/2011,?
6/2/2011,?
6/3/2011,?
6/6/2011,?
6/7/2011,?
6/8/2011,?
6/9/2011,?
6/10/2011,?
6/13/2011,?
6/14/2011,?
6/15/2011,?
6/16/2011,?
6/17/2011,?
6/20/2011,?
6/21/2011,?
6/22/2011,?
6/23/2011,?
6/24/2011,?
6/27/2011,?
6/28/2011,?
6/29/2011,?
6/30/2011,?
7/1/2011,?
7/4/2011,?
7/5/2011,?
7/6/2011,?
7/7/2011,?
7/8/2011,?
7/11/2011,?
7/12/2011,?
7/13/2011,?
7/14/2011,?
7/15/2011,?
7/18/2011,?
7/19/2011,?
7/20/2011,?
7/21/2011,?
7/22/2011,?
7/25/2011,?
7/26/2011,?
7/27/2011,?
7/28/2011,?
7/29/2011,?
8/1/2011,?
8/2/2011,?
8/3/2011,?
8/4/2011,?
8/5/2011,?
8/8/2011,?
8/9/2011,?
8/10/2011,?
8/11/2011,?
8/12/2011,?
8/15/2011,?
8/16/2011,?
8/17/2011,?
8/18/2011,?
8/19/2011,?
8/22/2011,?
8/23/2011,?
8/24/2011,?
8/25/2011,?
8/26/2011,?
8/29/2011,?
8/30/2011,?
8/31/2011,?
9/1/2011,?
9/2/2011,?
9/5/2011,?
9/6/2011,?
9/7/2011,?
9/8/2011,?
9/9/2011,?
9/12/2011,?
9/13/2011,?
9/14/2011,?
9/15/2011,?
9/16/2011,?
9/19/2011,?
9/20/2011,?
9/21/2011,?
9/22/2011,?
9/23/2011,?
9/26/2011,?
9/27/2011,?
9/28/2011,?
9/29/2011,?
9/30/2011,?
10/3/2011,?
10/4/2011,?
10/5/2011,?
10/6/2011,?
10/7/2011,?
10/10/2011,?
10/11/2011,?
10/12/2011,?
10/13/2011,?
10/14/2011,?
10/17/2011,?
10/18/2011,?
10/19/2011,?
10/20/2011,?
10/21/2011,?
10/24/2011,?
10/25/2011,?
10/26/2011,?
10/27/2011,?
10/28/2011,?
10/31/2011,?
11/1/2011,?
11/2/2011,?
11/3/2011,?
11/4/2011,?
11/7/2011,?
11/8/2011,?
11/9/2011,?
11/10/2011,?
11/11/2011,?
11/14/2011,?
11/15/2011,?
11/16/2011,?
11/17/2011,?
11/18/2011,?
11/21/2011,?
11/22/2011,?
11/23/2011,?
11/24/2011,?
11/25/2011,?
11/28/2011,?
11/29/2011,?
11/30/2011,?
12/1/2011,?
12/2/2011,?
12/5/2011,?
12/6/2011,?
12/7/2011,?
12/8/2011,?
12/9/2011,?
12/12/2011,?
12/13/2011,?
12/14/2011,?
12/15/2011,?
12/16/2011,?
12/19/2011,?
12/20/2011,?
12/21/2011,?
12/22/2011,?
12/23/2011,?
12/27/2011,?
12/28/2011,?
12/29/2011,?
12/30/2011,?
1/2/2012,?
1/3/2012,?
1/4/2012,?
1/5/2012,?
1/6/2012,?
1/9/2012,?
1/10/2012,?
1/11/2012,?
1/12/2012,?
1/13/2012,?
1/16/2012,?
1/17/2012,?
1/18/2012,?
1/19/2012,?
1/20/2012,?
1/23/2012,?
1/24/2012,?
1/25/2012,?
1/26/2012,?
1/27/2012,?
1/30/2012,?
1/31/2012,?
2/1/2012,?
2/2/2012,?
2/3/2012,?
2/6/2012,?
2/7/2012,?
2/8/2012,?
2/9/2012,?
2/10/2012,?
2/13/2012,?
2/14/2012,?
2/15/2012,?
2/16/2012,?
2/17/2012,?
2/20/2012,?
2/21/2012,?
2/22/2012,?
2/23/2012,?
2/24/2012,?
2/27/2012,?
2/28/2012,?
2/29/2012,?
3/1/2012,?
3/2/2012,?
3/5/2012,?
3/6/2012,?
3/7/2012,?
3/8/2012,?
3/9/2012,?
3/12/2012,?
3/13/2012,?
3/14/2012,?
3/15/2012,?
3/16/2012,?
3/19/2012,?
3/20/2012,?
3/21/2012,?
3/22/2012,?
3/23/2012,?
3/26/2012,?
3/27/2012,?
3/28/2012,?
3/29/2012,?
3/30/2012,?
4/2/2012,?
4/3/2012,?
4/4/2012,?
4/5/2012,?
4/10/2012,?
4/11/2012,?
4/12/2012,?
4/13/2012,?
4/16/2012,?
4/17/2012,?
4/18/2012,?
4/19/2012,?
4/20/2012,?
4/23/2012,?
4/24/2012,?
4/25/2012,?
4/26/2012,?
4/27/2012,?
4/30/2012,?
5/2/2012,?
5/3/2012,?
5/4/2012,?
5/7/2012,?
5/8/2012,?
5/9/2012,?
5/10/2012,?
5/11/2012,?
5/14/2012,?
5/15/2012,?
5/16/2012,?
5/17/2012,?
5/18/2012,?
5/21/2012,?
5/22/2012,?
5/23/2012,?
5/24/2012,?
5/25/2012,?
5/28/2012,?
5/29/2012,?
5/30/2012,?
5/31/2012,?
6/1/2012,?
6/4/2012,?
6/5/2012,?
6/6/2012,?
6/7/2012,?
6/8/2012,?
6/11/2012,?
6/12/2012,?
6/13/2012,?
6/14/2012,?
6/15/2012,?
6/18/2012,?
6/19/2012,?
6/20/2012,?
6/21/2012,?
6/22/2012,?
6/25/2012,?
6/26/2012,?
6/27/2012,?
6/28/2012,?
6/29/2012,?
7/2/2012,?
7/3/2012,?
7/4/2012,?
7/5/2012,?
7/6/2012,?
7/9/2012,?
7/10/2012,?
7/11/2012,?
7/12/2012,?
7/13/2012,?
7/16/2012,?
7/17/2012,?
7/18/2012,?
7/19/2012,?
7/20/2012,?
7/23/2012,?
7/24/2012,?
7/25/2012,?
7/26/2012,?
7/27/2012,?
7/30/2012,?
7/31/2012,?
8/1/2012,?
8/2/2012,?
8/3/2012,?
8/6/2012,?
8/7/2012,?
8/8/2012,?
8/9/2012,?
8/10/2012,?
8/13/2012,?
8/14/2012,?
8/15/2012,?
8/16/2012,?
8/17/2012,?
8/20/2012,?
8/21/2012,?
8/22/2012,?
8/23/2012,?
8/24/2012,?
8/27/2012,?
8/28/2012,?
8/29/2012,?
8/30/2012,?
8/31/2012,?
9/3/2012,?
9/4/2012,?
9/5/2012,?
9/6/2012,?
9/7/2012,?
9/10/2012,?
9/11/2012,?
9/12/2012,?
9/13/2012,?
9/14/2012,?
9/17/2012,?
9/18/2012,?
9/19/2012,?
9/20/2012,?
9/21/2012,?
9/24/2012,?
9/25/2012,?
9/26/2012,?
9/27/2012,?
9/28/2012,?
10/1/2012,?
10/2/2012,?
10/3/2012,?
10/4/2012,?
10/5/2012,?
10/8/2012,?
10/9/2012,?
10/10/2012,?
10/11/2012,?
10/12/2012,?
10/15/2012,?
10/16/2012,?
10/17/2012,?
10/18/2012,?
10/19/2012,?
10/22/2012,?
10/23/2012,?
10/24/2012,?
10/25/2012,?
10/26/2012,?
10/29/2012,?
10/30/2012,?
10/31/2012,?
11/1/2012,?
11/2/2012,?
11/5/2012,?
11/6/2012,?
11/7/2012,?
11/8/2012,?
11/9/2012,?
11/12/2012,?
11/13/2012,?
11/14/2012,?
11/15/2012,?
11/16/2012,?
11/19/2012,?
11/20/2012,?
11/21/2012,?
11/22/2012,?
11/23/2012,?
11/26/2012,?
11/27/2012,?
11/28/2012,?
11/29/2012,?
11/30/2012,?
12/3/2012,?
12/4/2012,?
12/5/2012,?
12/6/2012,?
12/7/2012,?
12/10/2012,?
12/11/2012,?
12/12/2012,?
12/13/2012,?
12/14/2012,?
12/17/2012,?
12/18/2012,?
12/19/2012,?
12/20/2012,?
12/21/2012,?
12/24/2012,?
12/27/2012,?
12/28/2012,?
12/31/2012,?
1/2/2013,?
1/3/2013,?
1/4/2013,?
1/7/2013,?
1/8/2013,?
1/9/2013,?
1/10/2013,?
1/11/2013,?
1/14/2013,?
1/15/2013,?
1/16/2013,?
1/17/2013,?
1/18/2013,?
1/21/2013,?
1/22/2013,?
1/23/2013,?
1/24/2013,?
1/25/2013,?
1/28/2013,?
1/29/2013,?
1/30/2013,?
1/31/2013,?
2/1/2013,?
2/4/2013,?
2/5/2013,?
2/6/2013,?
2/7/2013,?
2/8/2013,?
2/11/2013,?
2/12/2013,?
2/13/2013,?
2/14/2013,?
2/15/2013,?
2/18/2013,?
2/19/2013,?
2/20/2013,?
2/21/2013,?
2/22/2013,?
2/25/2013,?
2/26/2013,?
2/27/2013,?
2/28/2013,?
3/1/2013,?
3/4/2013,?
3/5/2013,?
3/6/2013,?
3/7/2013,?
3/8/2013,?
3/11/2013,?
3/12/2013,?
3/13/2013,?
3/14/2013,?
3/15/2013,?
3/18/2013,?
3/19/2013,?
3/20/2013,?
3/21/2013,?
3/22/2013,?
3/25/2013,?
3/26/2013,?
3/27/2013,?
3/28/2013,?
4/2/2013,?
4/3/2013,?
4/4/2013,?
4/5/2013,?
4/8/2013,?
4/9/2013,?
4/10/2013,?
4/11/2013,?
4/12/2013,?
4/15/2013,?
4/16/2013,?
4/17/2013,?
4/18/2013,?
4/19/2013,?
4/22/2013,?
4/23/2013,?
4/24/2013,?
4/25/2013,?
4/26/2013,?
4/29/2013,?
4/30/2013,?
5/2/2013,?
5/3/2013,?
5/6/2013,?
5/7/2013,?
5/8/2013,?
5/9/2013,?
5/10/2013,?
5/13/2013,?
5/14/2013,?
5/15/2013,?
5/16/2013,?
5/17/2013,?
5/20/2013,?
5/21/2013,?
5/22/2013,?
5/23/2013,?
5/24/2013,?
5/27/2013,?
5/28/2013,?
5/29/2013,?
5/30/2013,?
5/31/2013,?
6/3/2013,?
6/4/2013,?
6/5/2013,?
6/6/2013,?
6/7/2013,?
6/10/2013,?
6/11/2013,?
6/12/2013,?
6/13/2013,?
6/14/2013,?
6/17/2013,?
6/18/2013,?
6/19/2013,?
6/20/2013,?
6/21/2013,?
6/24/2013,?
6/25/2013,?
6/26/2013,?
6/27/2013,?
6/28/2013,?
7/1/2013,?
7/2/2013,?
7/3/2013,?
7/4/2013,?
7/5/2013,?
7/8/2013,?
7/9/2013,?
7/10/2013,?
7/11/2013,?
7/12/2013,?
7/15/2013,?
7/16/2013,?
7/17/2013,?
7/18/2013,?
7/19/2013,?
7/22/2013,?
7/23/2013,?
7/24/2013,?
7/25/2013,?
7/26/2013,?
7/29/2013,?
7/30/2013,?
7/31/2013,?
8/1/2013,?
8/2/2013,?
8/5/2013,?
8/6/2013,?
8/7/2013,?
8/8/2013,?
8/9/2013,?
8/12/2013,?
8/13/2013,?
8/14/2013,?
8/15/2013,?
8/16/2013,?
8/19/2013,?
8/20/2013,?
8/21/2013,?
8/22/2013,?
8/23/2013,?
8/26/2013,?
8/27/2013,?
8/28/2013,?
8/29/2013,?
8/30/2013,?
9/2/2013,?
9/3/2013,?
9/4/2013,?
9/5/2013,?
9/6/2013,?
9/9/2013,?
9/10/2013,?
9/11/2013,?
9/12/2013,?
9/13/2013,?
9/16/2013,?
9/17/2013,?
9/18/2013,?
9/19/2013,?
9/20/2013,?
9/23/2013,?
9/24/2013,?
9/25/2013,?
9/26/2013,?
9/27/2013,?
9/30/2013,?
10/1/2013,?
10/2/2013,?
10/3/2013,?
10/4/2013,?
10/7/2013,?
10/8/2013,?
10/9/2013,?
10/10/2013,?
10/11/2013,?
10/14/2013,?
10/15/2013,?
10/16/2013,?
10/17/2013,?
10/18/2013,?
10/21/2013,?
10/22/2013,?
10/23/2013,?
10/24/2013,?
10/25/2013,?
10/28/2013,?
10/29/2013,?
10/30/2013,?
10/31/2013,?
11/1/2013,?
11/4/2013,?
11/5/2013,?
11/6/2013,?
11/7/2013,?
11/8/2013,?
11/11/2013,?
11/12/2013,?
11/13/2013,?
11/14/2013,?
11/15/2013,?
11/18/2013,?
11/19/2013,?
11/20/2013,?
11/21/2013,?
11/22/2013,?
11/25/2013,?
11/26/2013,?
11/27/2013,?
11/28/2013,?
11/29/2013,?
12/2/2013,?
12/3/2013,?
12/4/2013,?
12/5/2013,?
12/6/2013,?
12/9/2013,?
12/10/2013,?
12/11/2013,?
12/12/2013,?
12/13/2013,?
12/16/2013,?
12/17/2013,?
12/18/2013,?
12/19/2013,?
12/20/2013,?
12/23/2013,?
12/24/2013,?
12/27/2013,?
12/30/2013,?
12/31/2013,?
1/2/2014,?
1/3/2014,?
1/6/2014,?
1/7/2014,?
1/8/2014,?
1/9/2014,?
1/10/2014,?
1/13/2014,?
1/14/2014,?
1/15/2014,?
1/16/2014,?
1/17/2014,?
1/20/2014,?
1/21/2014,?
1/22/2014,?
1/23/2014,?
1/24/2014,?
1/27/2014,?
1/28/2014,?
1/29/2014,?
1/30/2014,?
1/31/2014,?
2/3/2014,?
2/4/2014,?
2/5/2014,?
2/6/2014,?
2/7/2014,?
2/10/2014,?
2/11/2014,?
2/12/2014,?
2/13/2014,?
2/14/2014,?
2/17/2014,?
2/18/2014,?
2/19/2014,?
2/20/2014,?
2/21/2014,?
2/24/2014,?
2/25/2014,?
2/26/2014,?
2/27/2014,?
2/28/2014,?
3/3/2014,?
3/4/2014,?
3/5/2014,?
3/6/2014,?
3/7/2014,?
3/10/2014,?
3/11/2014,?
3/12/2014,?
3/13/2014,?
3/14/2014,?
3/17/2014,?
3/18/2014,?
3/19/2014,?
3/20/2014,?
3/21/2014,?
3/24/2014,?
3/25/2014,?
3/26/2014,?
3/27/2014,?
3/28/2014,?
3/31/2014,?
4/1/2014,?
4/2/2014,?
4/3/2014,?
4/4/2014,?
4/7/2014,?
4/8/2014,?
4/9/2014,?
4/10/2014,?
4/11/2014,?
4/14/2014,?
4/15/2014,?
4/16/2014,?
4/17/2014,?
4/22/2014,?
4/23/2014,?
4/24/2014,?
4/25/2014,?
4/28/2014,?
4/29/2014,?
4/30/2014,?
5/2/2014,?
5/5/2014,?
5/6/2014,?
5/7/2014,?
5/8/2014,?
5/9/2014,?
5/12/2014,?
5/13/2014,?
5/14/2014,?
5/15/2014,?
5/16/2014,?
5/19/2014,?
5/20/2014,?
5/21/2014,?
5/22/2014,?
5/23/2014,?
5/26/2014,?
5/27/2014,?
5/28/2014,?
5/29/2014,?
5/30/2014,?
6/2/2014,?
6/3/2014,?
6/4/2014,?
6/5/2014,?
6/6/2014,?
6/9/2014,?
6/10/2014,?
6/11/2014,?
6/12/2014,?
6/13/2014,?
6/16/2014,?
6/17/2014,?
6/18/2014,?
6/19/2014,?
6/20/2014,?
6/23/2014,?
6/24/2014,?
6/25/2014,?
6/26/2014,?
6/27/2014,?
6/30/2014,?
7/1/2014,?
7/2/2014,?
7/3/2014,?
7/4/2014,?
7/7/2014,?
7/8/2014,?
7/9/2014,?
7/10/2014,?
7/11/2014,?
7/14/2014,?
7/15/2014,?
7/16/2014,?
7/17/2014,?
7/18/2014,?
7/21/2014,?
7/22/2014,?
7/23/2014,?
7/24/2014,?
7/25/2014,?
7/28/2014,?
7/29/2014,?
7/30/2014,?
7/31/2014,?
8/1/2014,?
8/4/2014,?
8/5/2014,?
8/6/2014,?
8/7/2014,?
8/8/2014,?
8/11/2014,?
8/12/2014,?
8/13/2014,?
8/14/2014,?
8/15/2014,?
8/18/2014,?
8/19/2014,?
8/20/2014,?
8/21/2014,?
8/22/2014,?
8/25/2014,?
8/26/2014,?
8/27/2014,?
8/28/2014,?
8/29/2014,?
9/1/2014,?
9/2/2014,?
9/3/2014,?
9/4/2014,?
9/5/2014,?
9/8/2014,?
9/9/2014,?
9/10/2014,?
9/11/2014,?
9/12/2014,?
9/15/2014,?
9/16/2014,?
9/17/2014,?
9/18/2014,?
9/19/2014,?
9/22/2014,?
9/23/2014,?
9/24/2014,?
9/25/2014,?
9/26/2014,?
9/29/2014,?
9/30/2014,?
10/1/2014,?
10/2/2014,?
10/3/2014,?
10/6/2014,?
10/7/2014,?
10/8/2014,?
10/9/2014,?
10/10/2014,?
10/13/2014,?
10/14/2014,?
10/15/2014,?
10/16/2014,?
10/17/2014,?
10/20/2014,?
10/21/2014,?
10/22/2014,?
10/23/2014,?
10/24/2014,?
10/27/2014,?
10/28/2014,?
10/29/2014,?
10/30/2014,?
10/31/2014,?
11/3/2014,?
11/4/2014,?
11/5/2014,?
11/6/2014,?
11/7/2014,?
11/10/2014,?
11/11/2014,?
11/12/2014,?
11/13/2014,?
11/14/2014,?
11/17/2014,?
11/18/2014,?
11/19/2014,?
11/20/2014,?
11/21/2014,?
11/24/2014,?
11/25/2014,?
11/26/2014,?
11/27/2014,?
11/28/2014,?
12/1/2014,?
12/2/2014,?
12/3/2014,?
12/4/2014,?
12/5/2014,?
12/8/2014,?
12/9/2014,?
12/10/2014,?
12/11/2014,?
12/12/2014,?
12/15/2014,?
12/16/2014,?
12/17/2014,?
12/18/2014,?
12/19/2014,?
12/22/2014,?
12/23/2014,?
12/24/2014,?
12/29/2014,?
12/30/2014,?
12/31/2014,?
1/2/2015,?
1/5/2015,?
1/6/2015,?
1/7/2015,?
1/8/2015,?
1/9/2015,?
1/12/2015,?
1/13/2015,?
1/14/2015,?
1/15/2015,?
1/16/2015,?
1/19/2015,?
1/20/2015,?
1/21/2015,?
1/22/2015,?
1/23/2015,?
1/26/2015,?
1/27/2015,?
1/28/2015,?
1/29/2015,?
1/30/2015,?
2/2/2015,?
2/3/2015,?
2/4/2015,?
2/5/2015,?
2/6/2015,?
2/9/2015,?
2/10/2015,?
2/11/2015,?
2/12/2015,?
2/13/2015,?
2/16/2015,?
2/17/2015,?
2/18/2015,?
2/19/2015,?
2/20/2015,?
2/23/2015,?
2/24/2015,?
2/25/2015,?
2/26/2015,?
2/27/2015,?
3/2/2015,?
3/3/2015,?
3/4/2015,?
3/5/2015,?
3/6/2015,?
3/9/2015,?
3/10/2015,?
3/11/2015,?
3/12/2015,?
3/13/2015,?
3/16/2015,?
3/17/2015,?
3/18/2015,?
3/19/2015,?
3/20/2015,?
3/23/2015,?
3/24/2015,?
3/25/2015,?
3/26/2015,?
3/27/2015,?
3/30/2015,?
3/31/2015,?
4/1/2015,?
4/2/2015,?
4/7/2015,?
4/8/2015,?
4/9/2015,?
4/10/2015,?
4/13/2015,?
4/14/2015,?
4/15/2015,?
4/16/2015,?
4/17/2015,?
4/20/2015,?
4/21/2015,?
4/22/2015,?
4/23/2015,?
4/24/2015,?
4/27/2015,?
4/28/2015,?
4/29/2015,?
4/30/2015,?
