Date,MXN,NEER
1/2/2008,16.0143,106.1258
1/3/2008,16.1123,105.8801
1/4/2008,16.0171,105.4519
1/7/2008,16.0863,104.3884
1/8/2008,15.9902,105.4842
1/9/2008,16.0416,105.3042
1/10/2008,16.0556,104.7831
1/11/2008,16.1934,105.1044
1/14/2008,16.2854,105.8803
1/15/2008,16.2421,105.9945
1/16/2008,16.2039,107.6245
1/17/2008,16.0808,107.5034
1/18/2008,16.0269,107.7234
1/21/2008,15.8868,107.2966
1/22/2008,15.9188,107.5294
1/23/2008,15.9651,107.8903
1/24/2008,15.9973,107.8737
1/25/2008,16.0035,107.7227
1/28/2008,16.0763,108.2404
1/29/2008,16.0413,107.7344
1/30/2008,16.0577,107.5394
1/31/2008,16.1087,106.7689
2/1/2008,16.0831,107.4728
2/4/2008,16.0033,108.0109
2/5/2008,15.8669,107.8786
2/6/2008,15.8383,107.6601
2/7/2008,15.7842,107.9952
2/8/2008,15.6472,107.501
2/11/2008,15.6428,108.3351
2/12/2008,15.6305,107.4062
2/13/2008,15.6953,106.9005
2/14/2008,15.701,105.7232
2/15/2008,15.79,104.4972
2/18/2008,15.7249,104.2307
2/19/2008,15.8287,102.7044
2/20/2008,15.8063,103.3947
2/21/2008,15.8729,102.836
2/22/2008,16.0195,103.9278
2/25/2008,15.9483,105.0613
2/26/2008,16.0096,106.0874
2/27/2008,16.1525,105.2918
2/28/2008,16.1686,104.4119
2/29/2008,16.2363,104.5591
3/3/2008,16.2915,104.7293
3/4/2008,16.2583,105.5863
3/5/2008,16.2688,105.2422
3/6/2008,16.4137,106.1774
3/7/2008,16.7159,107.2717
3/10/2008,16.6094,107.4564
3/11/2008,16.5986,107.2132
3/12/2008,16.6966,106.7681
3/13/2008,16.8037,105.8205
3/14/2008,16.7001,104.8312
3/17/2008,17.0198,106.48
3/18/2008,16.9262,107.192
3/19/2008,16.7379,106.9941
3/20/2008,16.5373,107.7907
3/25/2008,16.6464,107.6383
3/26/2008,16.7846,107.8515
3/27/2008,16.876,107.5697
3/28/2008,16.905,107.4662
3/31/2008,16.8983,105.2332
4/1/2008,16.6513,105.0931
4/2/2008,16.4996,107.7157
4/3/2008,16.411,107.3816
4/4/2008,16.5757,108.1721
4/7/2008,16.5404,107.8712
4/8/2008,16.5627,107.4533
4/9/2008,16.6035,106.938
4/10/2008,16.7877,105.7408
4/11/2008,16.6983,106.8882
4/14/2008,16.7212,106.8386
4/15/2008,16.5545,106.6017
4/16/2008,16.6417,106.1238
4/17/2008,16.6267,106.1273
4/18/2008,16.4814,105.9989
4/21/2008,16.657,105.9276
4/22/2008,16.7691,105.2984
4/23/2008,16.6938,105.523
4/24/2008,16.5204,105.071
4/25/2008,16.3134,106.22
4/28/2008,16.3227,107.0609
4/29/2008,16.3464,106.2385
4/30/2008,16.3597,106.9818
5/2/2008,16.2085,107.0899
5/5/2008,16.1858,107.6663
5/6/2008,16.271,106.7949
5/7/2008,16.2354,108.1148
5/8/2008,16.2034,106.9887
5/9/2008,16.3399,107.184
5/12/2008,16.2763,107.8309
5/13/2008,16.2191,107.2002
5/14/2008,16.2171,106.9695
5/15/2008,16.2121,106.5448
5/16/2008,16.1773,106.1961
5/19/2008,16.1923,106.8442
5/20/2008,16.2427,106.4252
5/21/2008,16.3422,106.5651
5/22/2008,16.3694,107.0731
5/23/2008,16.3347,106.739
5/26/2008,16.3631,106.7286
5/27/2008,16.389,107.0861
5/28/2008,16.2206,107.2004
5/29/2008,16.0346,106.9775
5/30/2008,16.0105,106.9855
6/2/2008,16.0573,106.9159
6/3/2008,16.0686,107.2916
6/4/2008,15.9609,107.1682
6/5/2008,15.8795,107.4646
6/6/2008,16.044,106.92
6/9/2008,16.3838,107.161
6/10/2008,16.1004,106.8922
6/11/2008,16.1581,106.7261
6/12/2008,16.0452,106.4073
6/13/2008,15.9234,106.3124
6/16/2008,15.9862,106.2861
6/17/2008,15.9415,104.8382
6/18/2008,15.9462,106.0031
6/19/2008,15.9748,105.5926
6/20/2008,16.0998,105.3426
6/23/2008,15.9346,104.8708
6/24/2008,16.1096,104.0279
6/25/2008,16.049,102.7212
6/26/2008,16.1715,102.7736
6/27/2008,16.2323,102.3397
6/30/2008,16.2298,103.3638
7/1/2008,16.3177,103.2007
7/2/2008,16.39,103.5204
7/3/2008,16.5164,103.4899
7/4/2008,16.2342,103.2029
7/7/2008,16.1565,103.2036
7/8/2008,16.2149,103.264
7/9/2008,16.1809,103.5402
7/10/2008,16.1847,103.5824
7/11/2008,16.3386,104.0596
7/14/2008,16.3002,104.895
7/15/2008,16.5137,105.3335
7/16/2008,16.3527,105.169
7/17/2008,16.2001,106.3397
7/18/2008,16.1469,106.1071
7/21/2008,16.122,106.3392
7/22/2008,16.1339,106.5807
7/23/2008,15.817,106.3885
7/24/2008,15.7123,106.5507
7/25/2008,15.7525,107.0183
7/28/2008,15.8846,106.759
7/29/2008,15.7953,107.1566
7/30/2008,15.6708,107.0059
7/31/2008,15.6375,106.9836
8/1/2008,15.6067,107.1924
8/4/2008,15.472,106.5717
8/5/2008,15.3331,105.9353
8/6/2008,15.3464,105.828
8/7/2008,15.3828,105.1869
8/8/2008,15.2624,104.6278
8/11/2008,15.2222,105.9858
8/12/2008,15.1288,105.4657
8/13/2008,15.1556,105.8527
8/14/2008,15.1261,105.8625
8/15/2008,15.0024,106.4458
8/18/2008,14.9437,106.375
8/19/2008,14.9698,106.4334
8/20/2008,14.9057,106.682
8/21/2008,14.9918,106.5051
8/22/2008,14.9576,107.0647
8/25/2008,14.9376,107.0179
8/26/2008,14.8624,107.2006
8/27/2008,14.9634,107.0569
8/28/2008,14.9844,106.1586
8/29/2008,15.11,104.6047
9/1/2008,15.0633,105.754
9/2/2008,15.0502,105.1687
9/3/2008,15.0202,104.7065
9/4/2008,15.0936,105.2394
9/5/2008,15.0277,104.2792
9/8/2008,14.7939,104.2546
9/9/2008,14.8194,105.7703
9/10/2008,14.9255,105.2415
9/11/2008,14.869,105.0106
9/12/2008,14.9315,104.5934
9/15/2008,15.2052,105.2939
9/16/2008,15.3399,105.7364
9/17/2008,15.2182,105.9699
9/18/2008,15.6259,106.1986
9/19/2008,15.201,105.8796
9/22/2008,15.4198,105.6374
9/23/2008,15.7181,104.851
9/24/2008,15.8108,105.0127
9/25/2008,15.9172,105.311
9/26/2008,15.8478,104.873
9/29/2008,15.5603,104.2119
9/30/2008,15.7126,104.6249
10/1/2008,15.3976,104.5294
10/2/2008,15.3667,105.8598
10/3/2008,15.5978,105.4154
10/6/2008,15.449,106.1754
10/7/2008,16.2084,106.4144
10/8/2008,17.5345,106.7943
10/9/2008,16.6305,106.2977
10/10/2008,18.4674,106.5474
10/13/2008,17.2407,106.4595
10/14/2008,16.3401,106.9503
10/15/2008,16.9359,107.2716
10/16/2008,18.2345,106.8266
10/17/2008,17.2979,107.1129
10/20/2008,17.1693,106.6887
10/21/2008,17.4029,106.5329
10/22/2008,17.4408,106.9362
10/23/2008,18.1902,107.1217
10/24/2008,17.4455,107.1925
10/27/2008,16.4285,107.315
10/28/2008,16.5468,107.1875
10/29/2008,16.6138,107.4804
10/30/2008,16.6978,107.8125
10/31/2008,16.1695,107.6792
11/3/2008,16.3737,107.7871
11/4/2008,16.1532,108.6347
11/5/2008,16.1905,108.3172
11/6/2008,16.3328,108.1569
11/7/2008,16.5573,107.1458
11/10/2008,16.3007,107.7202
11/11/2008,16.4309,107.4073
11/12/2008,16.3517,107.3825
11/13/2008,16.2136,107.5051
11/14/2008,16.4395,107.6935
11/17/2008,16.5466,107.618
11/18/2008,16.6767,108.3025
11/19/2008,16.6768,108.8862
11/20/2008,16.9003,109.1873
11/21/2008,17.6428,108.8117
11/24/2008,17.2563,109.2836
11/25/2008,17.1998,108.6578
11/26/2008,17.2941,108.2011
11/27/2008,17.0022,107.8943
11/28/2008,16.9295,108.4148
12/1/2008,17.2604,108.1009
12/2/2008,17.2171,106.8984
12/3/2008,17.161,106.9745
12/4/2008,17.2326,107.199
12/5/2008,17.3099,108.2485
12/8/2008,17.3209,107.3732
12/9/2008,17.2928,107.0017
12/10/2008,17.4681,106.7169
12/11/2008,17.5615,106.2456
12/12/2008,17.8723,105.3304
12/15/2008,18.4344,106.4564
12/16/2008,18.2659,106.7184
12/17/2008,18.4454,106.9153
12/18/2008,19.2493,107.1314
12/19/2008,18.3241,107.3867
12/22/2008,18.3426,106.9999
12/23/2008,18.43,107.5366
12/24/2008,18.6827,108.3643
12/29/2008,19.186,108.3294
12/30/2008,19.3143,107.9236
12/31/2008,19.2333,107.6097
1/2/2009,19.1718,107.1165
1/5/2009,18.5292,107.0519
1/6/2009,17.7949,106.1606
1/7/2009,18.2717,104.8866
1/8/2009,18.4054,105.7419
1/9/2009,18.7676,105.4635
1/12/2009,18.3766,106.301
1/13/2009,18.4262,106.5557
1/14/2009,18.271,106.2573
1/15/2009,18.62,105.904
1/16/2009,18.3524,106.0664
1/19/2009,18.4192,106.7442
1/20/2009,18.1925,106.2971
1/21/2009,18.0095,106.6734
1/22/2009,17.8933,106.5842
1/23/2009,18.1433,106.0086
1/26/2009,18.1211,106.3692
1/27/2009,18.5095,106.1685
1/28/2009,18.6953,106.1874
1/29/2009,18.5062,105.6909
1/30/2009,18.423,105.1553
2/2/2009,18.4829,102.8959
2/3/2009,18.6413,102.0605
2/4/2009,18.6886,101.0361
2/5/2009,18.5251,101.9716
2/6/2009,18.3271,103.5316
2/9/2009,18.3674,102.634
2/10/2009,18.4391,102.6768
2/11/2009,18.8571,101.8409
2/12/2009,18.7362,102.2692
2/13/2009,18.3946,101.6847
2/16/2009,18.605,102.0656
2/17/2009,18.4469,101.2327
2/18/2009,18.4342,99.896
2/19/2009,18.4667,100.7567
2/20/2009,18.5969,101.0034
2/23/2009,18.8611,102.0779
2/24/2009,19.0488,104.7407
2/25/2009,18.9687,106.355
2/26/2009,19.042,105.4452
2/27/2009,19.1416,105.5172
3/2/2009,19.3739,106.1342
3/3/2009,19.2631,106.6743
3/4/2009,19.1181,106.6296
3/5/2009,19.1903,106.9811
3/6/2009,19.3799,106.8795
3/9/2009,19.2596,107.706
3/10/2009,19.6603,108.3064
3/11/2009,19.4155,108.1011
3/12/2009,19.2753,107.3617
3/13/2009,18.9445,108.3144
3/16/2009,18.7348,108.0282
3/17/2009,18.395,107.6944
3/18/2009,18.5133,107.8813
3/19/2009,18.8722,107.9083
3/20/2009,19.1995,108.2874
3/23/2009,19.171,107.7594
3/24/2009,19.3636,108.2444
3/25/2009,19.3909,108.4942
3/26/2009,19.2525,107.9221
3/27/2009,19.1149,108.1375
3/30/2009,19.1611,108.7183
3/31/2009,18.7623,108.6454
4/1/2009,18.5914,108.6472
4/2/2009,18.4274,108.67
4/3/2009,18.4493,108.5942
4/6/2009,18.2,109.4515
4/7/2009,18.2323,109.978
4/8/2009,17.8023,110.1863
4/9/2009,17.59,110.5054
4/14/2009,17.365,109.127
4/15/2009,17.4346,109.7392
4/16/2009,17.1911,109.289
4/17/2009,17.0616,109.8306
4/20/2009,17.2318,109.9885
4/21/2009,17.3677,109.7203
4/22/2009,17.048,109.9271
4/23/2009,17.2423,109.871
4/24/2009,17.3372,110.3432
4/27/2009,17.9944,110.2742
4/28/2009,18.283,110.1822
4/29/2009,18.1459,109.2073
4/30/2009,18.295,109.0266
5/4/2009,18.2134,109.256
5/5/2009,17.759,109.6048
5/6/2009,17.6967,110.1408
5/7/2009,17.3576,110.1497
5/8/2009,17.5465,109.1819
5/11/2009,17.8577,109.4969
5/12/2009,18.0274,108.7765
5/13/2009,18.1731,107.8661
5/14/2009,18.0502,107.1194
5/15/2009,17.9411,107.951
5/18/2009,17.8339,107.9341
5/19/2009,17.5799,108.1448
5/20/2009,17.6943,107.9848
5/21/2009,17.9932,107.6862
5/22/2009,18.3767,107.6305
5/25/2009,18.4372,108.1944
5/26/2009,18.3412,108.0475
5/27/2009,18.3082,107.8539
5/28/2009,18.3176,107.8111
5/29/2009,18.434,107.6619
6/1/2009,18.6033,107.3334
6/2/2009,18.8725,107.682
6/3/2009,18.7632,106.6172
6/4/2009,18.838,107.0878
6/5/2009,18.7066,107.5312
6/8/2009,18.5345,106.7148
6/9/2009,18.6965,107.4357
6/10/2009,19.1153,107.0806
6/11/2009,19.0474,107.0221
6/12/2009,18.7584,107.1847
6/15/2009,18.6982,106.2388
6/16/2009,18.5015,105.7708
6/17/2009,18.6785,106.4614
6/18/2009,18.6946,106.63
6/19/2009,18.5714,107.1505
6/22/2009,18.6446,107.054
6/23/2009,18.5385,106.5011
6/24/2009,18.6351,105.669
6/25/2009,18.4593,105.4661
6/26/2009,18.5461,106.4409
6/29/2009,18.5321,106.1404
6/30/2009,18.5537,106.6957
7/1/2009,18.5228,106.8028
7/2/2009,18.4393,107.745
7/3/2009,18.5339,107.8418
7/6/2009,18.549,108.4343
7/7/2009,18.51,107.6486
7/8/2009,18.701,108.5143
7/9/2009,18.8424,109.1546
7/10/2009,19.0303,109.2986
7/13/2009,19.1576,109.5312
7/14/2009,19.1327,109.5422
7/15/2009,19.2836,109.2993
7/16/2009,19.1829,108.9572
7/17/2009,19.1765,109.1141
7/20/2009,18.7878,108.8884
7/21/2009,18.8597,108.7293
7/22/2009,18.8286,109.0151
7/23/2009,18.7681,108.71
7/24/2009,18.7555,108.2856
7/27/2009,18.7709,108.5614
7/28/2009,18.8641,108.351
7/29/2009,18.716,108.0124
7/30/2009,18.6483,108.5613
7/31/2009,18.6678,108.5194
8/3/2009,18.7627,109.019
8/4/2009,18.9279,109.3247
8/5/2009,18.9082,108.289
8/6/2009,18.711,107.2235
8/7/2009,18.7072,105.8325
8/10/2009,18.3135,106.4574
8/11/2009,18.3946,106.4068
8/12/2009,18.52,106.3527
8/13/2009,18.3544,105.8484
8/14/2009,18.3544,103.7083
8/17/2009,18.3075,104.9847
8/18/2009,18.2467,104.3164
8/19/2009,18.3202,104.8443
8/20/2009,18.2733,104.7154
8/21/2009,18.3954,103.5311
8/24/2009,18.3342,103.1411
8/25/2009,18.4851,103.2675
8/26/2009,18.5867,102.8588
8/27/2009,18.753,103.1439
8/28/2009,19.0179,103.0501
8/31/2009,19.0246,104.4099
9/1/2009,19.2344,103.9905
9/2/2009,19.3961,104.3401
9/3/2009,19.412,105.3082
9/4/2009,19.3072,105.728
9/7/2009,19.1843,105.1811
9/8/2009,19.2419,105.6537
9/9/2009,19.3687,106.0793
9/10/2009,19.6176,105.4427
9/11/2009,19.5779,104.8125
9/14/2009,19.5333,103.9676
9/15/2009,19.4908,104.1277
9/16/2009,19.4084,104.5395
9/17/2009,19.4178,105.1712
9/18/2009,19.4944,105.6607
9/21/2009,19.5318,105.5827
9/22/2009,19.65,105.0496
9/23/2009,19.7856,105.0372
9/24/2009,19.7197,105.2108
9/25/2009,19.7957,105.8197
9/28/2009,19.891,105.4178
9/29/2009,19.7575,105.7074
9/30/2009,19.7454,105.3295
10/1/2009,19.7207,105.4009
10/2/2009,20.0138,105.5421
10/5/2009,19.8997,106.0079
10/6/2009,19.938,105.9506
10/7/2009,19.8597,105.5757
10/8/2009,19.6651,105.4258
10/9/2009,19.5592,105.871
10/12/2009,19.478,106.3061
10/13/2009,19.591,106.2806
10/14/2009,19.4495,106.2202
10/15/2009,19.4889,106.1349
10/16/2009,19.5379,105.7299
10/19/2009,19.4978,106.2056
10/20/2009,19.2153,106.2489
10/21/2009,19.457,106.7588
10/22/2009,19.4295,107.7247
10/23/2009,19.3758,107.1511
10/26/2009,19.5758,107.917
10/27/2009,19.7147,108.1692
10/28/2009,19.5813,108.4169
10/29/2009,19.5135,107.9611
10/30/2009,19.3214,107.8305
11/2/2009,19.4961,108.2868
11/3/2009,19.5259,108.3607
11/4/2009,19.5509,108.1166
11/5/2009,19.7434,108.4742
11/6/2009,19.7888,109.0856
11/9/2009,20.0628,109.6931
11/10/2009,19.9557,110.1564
11/11/2009,19.7323,110.0528
11/12/2009,19.6791,110.3039
11/13/2009,19.5859,109.8411
11/16/2009,19.4395,110.4124
11/17/2009,19.3583,110.7623
11/18/2009,19.3947,111.6029
11/19/2009,19.4319,111.1986
11/20/2009,19.3928,111.2079
11/23/2009,19.4691,112.3942
11/24/2009,19.3232,111.8812
11/25/2009,19.3952,110.7389
11/26/2009,19.42,110.0631
11/27/2009,19.3606,110.737
11/30/2009,19.3984,111.1953
12/1/2009,19.4078,111.9334
12/2/2009,19.3303,111.2196
12/3/2009,19.1502,111.6105
12/4/2009,18.9382,111.619
12/7/2009,18.7795,111.2212
12/8/2009,18.8465,111.4589
12/9/2009,19.0876,111.5013
12/10/2009,19.0312,112.6421
12/11/2009,19.0144,112.231
12/14/2009,18.8668,111.9888
12/15/2009,18.6052,112.2618
12/16/2009,18.4548,112.5946
12/17/2009,18.3985,113.2467
12/18/2009,18.5217,112.5255
12/21/2009,18.385,115.11
12/22/2009,18.4699,115.2131
12/23/2009,18.3732,116.2003
12/24/2009,18.553,114.8871
12/28/2009,18.4989,114.4066
12/29/2009,18.8058,114.2086
12/30/2009,18.6896,114.3347
12/31/2009,18.9223,113.8674
1/4/2010,18.6664,113.2263
1/5/2010,18.4833,113.0204
1/6/2010,18.3752,113.5389
1/7/2010,18.2993,113.3176
1/8/2010,18.1966,113.9092
1/11/2010,18.3538,113.811
1/12/2010,18.4995,114.2464
1/13/2010,18.5678,114.9936
1/14/2010,18.4841,113.9629
1/15/2010,18.279,115.0604
1/18/2010,18.2228,113.9073
1/19/2010,18.1607,114.5136
1/20/2010,17.936,115.1065
1/21/2010,17.876,114.5804
1/22/2010,18.3585,114.6303
1/25/2010,18.2545,114.7012
1/26/2010,18.1882,114.8405
1/27/2010,18.1304,114.7113
1/28/2010,18.1179,114.9527
1/29/2010,18.1907,114.7187
2/1/2010,18.1398,114.7514
2/2/2010,17.9543,115.3142
2/3/2010,18.0114,115.2148
2/4/2010,17.97,114.6611
2/5/2010,18.0367,114.2981
2/8/2010,18.013,114.5852
2/9/2010,18.0645,112.6354
2/10/2010,17.9438,111.8853
2/11/2010,17.9363,112.2847
2/12/2010,17.6572,111.6938
2/15/2010,17.5857,113.3689
2/16/2010,17.614,114.0531
2/17/2010,17.6029,112.7171
2/18/2010,17.4548,113.4962
2/19/2010,17.399,114.0848
2/22/2010,17.3766,114.4762
2/23/2010,17.4186,113.5532
2/24/2010,17.4655,113.7429
2/25/2010,17.299,112.7679
2/26/2010,17.3642,114.285
3/1/2010,17.2478,113.1807
3/2/2010,17.21,113.1127
3/3/2010,17.3653,112.7997
3/4/2010,17.3595,113.3788
3/5/2010,17.2152,113.2986
3/8/2010,17.2346,113.5844
3/9/2010,17.2072,114.2684
3/10/2010,17.1705,114.1727
3/11/2010,17.1955,113.6939
3/12/2010,17.2641,113.6218
3/15/2010,17.2053,113.7463
3/16/2010,17.1894,113.6362
3/17/2010,17.1792,113.1524
3/18/2010,17.0286,112.7765
3/19/2010,16.9574,113.12
3/22/2010,17.0644,113.4214
3/23/2010,16.9224,113.3903
3/24/2010,16.7078,113.0384
3/25/2010,16.7264,113.3068
3/26/2010,16.7447,113.3217
3/29/2010,16.7633,112.853
3/30/2010,16.7339,112.9119
3/31/2010,16.6573,111.9897
4/1/2010,16.6195,112.4842
4/6/2010,16.416,112.427
4/7/2010,16.3415,111.8255
4/8/2010,16.3839,111.4609
4/9/2010,16.3178,110.4525
4/12/2010,16.5968,108.6553
4/13/2010,16.559,109.3791
4/14/2010,16.54,108.7224
4/15/2010,16.5712,108.1804
4/16/2010,16.4924,108.9955
4/19/2010,16.549,108.3538
4/20/2010,16.4647,109.6812
4/21/2010,16.3311,109.0935
4/22/2010,16.2904,108.7668
4/23/2010,16.2215,107.9235
4/26/2010,16.173,108.8494
4/27/2010,16.2064,108.808
4/28/2010,16.3284,108.8978
4/29/2010,16.2651,108.4503
4/30/2010,16.246,108.9482
5/3/2010,16.2669,107.7834
5/4/2010,16.1756,108.2541
5/5/2010,16.2789,109.7287
5/6/2010,16.2397,110.5385
5/7/2010,16.4689,110.7728
5/10/2010,16.208,111.8398
5/11/2010,15.9449,112.9173
5/12/2010,15.7655,112.2618
5/13/2010,15.5324,112.7539
5/14/2010,15.578,112.6985
5/17/2010,15.6557,113.1505
5/18/2010,15.5704,113.0994
5/19/2010,15.7547,112.655
5/20/2010,16.1134,112.1003
5/21/2010,16.3787,112.3553
5/24/2010,16.0745,111.7256
5/25/2010,16.2297,112.3837
5/26/2010,15.9235,111.6093
5/27/2010,15.8347,112.568
5/28/2010,15.8205,112.956
5/31/2010,15.8822,112.3238
6/1/2010,15.7893,112.5951
6/2/2010,15.7618,112.2576
6/3/2010,15.6245,112.3946
6/4/2010,15.4645,112.5069
6/7/2010,15.4749,113.1676
6/8/2010,15.4171,112.6933
6/9/2010,15.4208,113.258
6/10/2010,15.4266,113.5109
6/11/2010,15.3922,113.5245
6/14/2010,15.4013,113.7597
6/15/2010,15.5142,113.6208
6/16/2010,15.5151,113.0066
6/17/2010,15.5187,112.0587
6/18/2010,15.5454,112.0543
6/21/2010,15.45,111.5814
6/22/2010,15.396,112.4135
6/23/2010,15.4432,112.7152
6/24/2010,15.5899,112.8379
6/25/2010,15.6183,112.4444
6/28/2010,15.6027,112.5478
6/29/2010,15.6591,112.9825
6/30/2010,15.7363,113.1179
7/1/2010,15.9586,113.5944
7/2/2010,16.3877,113.6708
7/5/2010,16.4492,114.0595
7/6/2010,16.3433,113.5783
7/7/2010,16.3773,114.2096
7/8/2010,16.2652,114.4051
7/9/2010,16.1465,113.1628
7/12/2010,16.0557,112.9798
7/13/2010,16.0698,114.8283
7/14/2010,16.1416,114.1673
7/15/2010,16.2402,114.2668
7/16/2010,16.6634,113.6801
7/19/2010,16.7113,114.4231
7/20/2010,16.6346,114.242
7/21/2010,16.3218,113.7387
7/22/2010,16.4462,114.0876
7/23/2010,16.4346,113.3303
7/26/2010,16.4516,113.2299
7/27/2010,16.4437,112.4117
7/28/2010,16.4628,113.6117
7/29/2010,16.5578,113.3553
7/30/2010,16.574,113.5324
8/2/2010,16.4432,114.2243
8/3/2010,16.6452,115.0887
8/4/2010,16.6274,114.6072
8/5/2010,16.4735,114.5928
8/6/2010,16.5854,114.7738
8/9/2010,16.809,114.9027
8/10/2010,16.664,114.604
8/11/2010,16.536,114.4375
8/12/2010,16.3596,113.6861
8/13/2010,16.3059,114.6889
8/16/2010,16.297,114.7321
8/17/2010,16.226,115.5651
8/18/2010,16.1869,115.3234
8/19/2010,16.1753,115.642
8/20/2010,16.218,115.4445
8/23/2010,16.1951,115.4995
8/24/2010,16.383,115.789
8/25/2010,16.45,115.4842
8/26/2010,16.4679,115.6685
8/27/2010,16.6474,115.56
8/30/2010,16.579,115.3552
8/31/2010,16.782,115.8419
9/1/2010,16.8128,115.6898
9/2/2010,16.753,115.4334
9/3/2010,16.7443,114.9828
9/6/2010,16.6642,115.6542
9/7/2010,16.6156,115.4133
9/8/2010,16.5444,115.3896
9/9/2010,16.5217,115.3381
9/10/2010,16.4903,115.1508
9/13/2010,16.4646,115.3322
9/14/2010,16.5471,115.352
9/15/2010,16.6603,114.7819
9/16/2010,16.7258,114.7693
9/17/2010,16.7075,114.5011
9/20/2010,16.702,115.4114
9/21/2010,16.7411,115.2814
9/22/2010,16.9589,115.2731
9/23/2010,16.8776,115.4372
9/24/2010,16.8626,115.9119
9/27/2010,16.8463,115.8359
9/28/2010,16.8842,116.375
9/29/2010,16.945,116.1417
9/30/2010,17.1258,116.6391
10/1/2010,17.1947,116.4021
10/4/2010,17.2053,116.1663
10/5/2010,17.2951,115.7646
10/6/2010,17.2854,115.9522
10/7/2010,17.4122,116.267
10/8/2010,17.4337,115.9344
10/11/2010,17.2861,115.8587
10/12/2010,17.2359,115.5064
10/13/2010,17.29,115.1884
10/14/2010,17.4022,114.0855
10/15/2010,17.458,114.2071
10/18/2010,17.3713,113.9701
10/19/2010,17.2607,112.9399
10/20/2010,17.2757,113.1827
10/21/2010,17.3126,112.5464
10/22/2010,17.242,112.8199
10/25/2010,17.2332,111.593
10/26/2010,17.2473,111.7518
10/27/2010,17.1847,111.2697
10/28/2010,17.1935,111.4187
10/29/2010,17.1544,110.7254
11/1/2010,17.1951,109.6997
11/2/2010,17.2419,109.9987
11/3/2010,17.2162,109.2318
11/4/2010,17.4046,110.569
11/5/2010,17.2163,110.5894
11/8/2010,17.0462,109.345
11/9/2010,16.9759,109.6494
11/10/2010,16.9259,109.0798
11/11/2010,16.7769,110.1384
11/12/2010,16.7919,109.8075
11/15/2010,16.7797,110.0901
11/16/2010,16.737,109.5732
11/17/2010,16.7125,108.96
11/18/2010,16.7858,108.5875
11/19/2010,16.8213,108.8086
11/22/2010,16.7585,108.4613
11/23/2010,16.7259,108.0259
11/24/2010,16.5844,106.1735
11/25/2010,16.4481,106.7302
11/26/2010,16.5244,107.2838
11/29/2010,16.4621,106.7996
11/30/2010,16.319,106.3998
12/1/2010,16.2214,106.0182
12/2/2010,16.3014,105.8998
12/3/2010,16.3389,106.2119
12/6/2010,16.446,106.9142
12/7/2010,16.4747,106.5511
12/8/2010,16.5427,107.6799
12/9/2010,16.413,106.8601
12/10/2010,16.4947,107.4352
12/13/2010,16.4982,107.6897
12/14/2010,16.6511,106.3208
12/15/2010,16.5766,106.0587
12/16/2010,16.4469,104.4031
12/17/2010,16.4795,103.2611
12/20/2010,16.3115,104.8467
12/21/2010,16.3017,102.5158
12/22/2010,16.1933,103.6395
12/23/2010,16.1027,102.6405
12/24/2010,16.1904,103.5538
12/27/2010,16.2203,103.4218
12/28/2010,16.2668,103.3799
12/29/2010,16.2676,104.047
12/30/2010,16.4473,103.3729
12/31/2010,16.5475,103.237
1/3/2011,16.4314,104.685
1/4/2011,16.3642,104.7128
1/5/2011,16.1978,105.6323
1/6/2011,15.9448,105.674
1/7/2011,15.8369,104.7365
1/10/2011,15.8223,106.3404
1/11/2011,15.8001,106.1209
1/12/2011,15.6831,105.4173
1/13/2011,15.9292,106.0015
1/14/2011,16.25,106.8632
1/17/2011,16.0125,105.7359
1/18/2011,16.0036,106.1441
1/19/2011,16.2268,105.2111
1/20/2011,16.3188,106.3879
1/21/2011,16.3146,106.1052
1/24/2011,16.3505,105.8458
1/25/2011,16.4593,104.6618
1/26/2011,16.4896,104.7332
1/27/2011,16.4574,105.2236
1/28/2011,16.5103,106.0441
1/31/2011,16.6417,106.6905
2/1/2011,16.6367,106.5974
2/2/2011,16.5974,105.5119
2/3/2011,16.5427,105.0428
2/4/2011,16.3538,103.405
2/7/2011,16.2228,103.5151
2/8/2011,16.3859,104.0772
2/9/2011,16.4647,105.0285
2/10/2011,16.5127,106.0019
2/11/2011,16.3513,105.7017
2/14/2011,16.1932,105.1952
2/15/2011,16.262,104.9237
2/16/2011,16.3809,105.3002
2/17/2011,16.3585,104.801
2/18/2011,16.3544,104.1213
2/21/2011,16.4539,103.9026
2/22/2011,16.5583,103.8743
2/23/2011,16.626,103.4873
2/24/2011,16.7989,102.7115
2/25/2011,16.6656,102.542
2/28/2011,16.735,102.9541
3/1/2011,16.7175,103.5552
3/2/2011,16.7422,104.0519
3/3/2011,16.7066,103.5249
3/4/2011,16.724,102.9295
3/7/2011,16.8308,103.2983
3/8/2011,16.7804,104.155
3/9/2011,16.6906,104.208
3/10/2011,16.4954,101.7594
3/11/2011,16.5368,100.3698
3/14/2011,16.6373,100.6906
3/15/2011,16.7628,101.4552
3/16/2011,16.7828,101.59
3/17/2011,16.9434,102.0765
3/18/2011,17.0148,101.262
3/21/2011,17.0186,101.8496
3/22/2011,17.0204,102.4852
3/23/2011,16.9646,102.2338
3/24/2011,16.9183,101.7091
3/25/2011,16.8688,102.0005
3/28/2011,16.8284,102.0672
3/29/2011,16.8405,102.1263
3/30/2011,16.7932,101.5213
3/31/2011,16.9276,102.1747
4/1/2011,16.7967,103.3902
4/4/2011,16.8495,102.7584
4/5/2011,16.815,102.9751
4/6/2011,16.8597,103.8599
4/7/2011,16.8443,103.9851
4/8/2011,16.8978,104.1481
4/11/2011,16.9643,103.9277
4/12/2011,17.0312,104.525
4/13/2011,17.1016,104.0974
4/14/2011,16.9932,104.3394
4/15/2011,16.9542,102.9363
4/18/2011,16.716,101.9018
4/19/2011,16.7398,101.7911
4/20/2011,16.8795,101.7698
4/21/2011,16.936,101.0614
4/26/2011,16.9521,101.6026
4/27/2011,16.9723,101.2229
4/28/2011,17.0797,100.6046
4/29/2011,17.1186,99.7811
5/2/2011,17.09,100.026
5/3/2011,17.109,100.4599
5/4/2011,17.2174,100.9546
5/5/2011,17.3177,101.2628
5/6/2011,16.9505,101.5375
5/9/2011,16.7077,101.7548
5/10/2011,16.6538,102.1459
5/11/2011,16.5996,101.8736
5/12/2011,16.5764,102.3308
5/13/2011,16.6091,102.1138
5/16/2011,16.618,101.6385
5/17/2011,16.655,101.9789
5/18/2011,16.6891,102.4392
5/19/2011,16.6561,102.113
5/20/2011,16.5655,101.3325
5/23/2011,16.4377,100.3977
5/24/2011,16.5036,100.5838
5/25/2011,16.4861,100.9829
5/26/2011,16.5107,101.3456
5/27/2011,16.6077,101.6179
5/30/2011,16.5755,101.2706
5/31/2011,16.6521,100.5866
6/1/2011,16.6773,101.2543
6/2/2011,16.8821,100.4875
6/3/2011,16.8821,99.9507
6/6/2011,17.0795,101.099
6/7/2011,17.1634,100.9497
6/8/2011,17.274,100.4805
6/9/2011,17.2933,100.8427
6/10/2011,17.0689,99.9748
6/13/2011,17.0623,99.5009
6/14/2011,17.1014,98.9194
6/15/2011,16.9239,98.7965
6/16/2011,16.9021,98.467
6/17/2011,16.9806,98.6976
6/20/2011,16.991,99.4835
6/21/2011,17.0106,98.196
6/22/2011,16.9666,98.1603
6/23/2011,16.8394,97.1785
6/24/2011,16.8867,96.8145
6/27/2011,16.9253,98.0239
6/28/2011,16.965,97.214
6/29/2011,16.9954,96.5748
6/30/2011,16.9765,96.4015
7/1/2011,16.9266,94.3571
7/4/2011,16.828,94.3289
7/5/2011,16.7998,94.9827
7/6/2011,16.7138,93.5553
7/7/2011,16.5459,93.9943
7/8/2011,16.4491,92.9678
7/11/2011,16.4793,94.2134
7/12/2011,16.5197,93.1949
7/13/2011,16.5362,94.03
7/14/2011,16.5824,93.321
7/15/2011,16.551,92.9304
7/18/2011,16.5456,93.877
7/19/2011,16.5755,93.9968
7/20/2011,16.5442,92.9995
7/21/2011,16.5622,94.062
7/22/2011,16.7058,93.1177
7/25/2011,16.7757,93.1801
7/26/2011,16.806,93.525
7/27/2011,16.8134,94.9093
7/28/2011,16.6187,94.3571
7/29/2011,16.7518,94.19
8/1/2011,16.793,93.0962
8/2/2011,16.7217,93.5628
8/3/2011,16.9026,92.6874
8/4/2011,16.9823,92.3826
8/5/2011,17.0327,92.0904
8/8/2011,17.2718,92.4428
8/9/2011,17.7385,92.7968
8/10/2011,17.4084,91.495
8/11/2011,17.6618,90.9568
8/12/2011,17.514,90.6836
8/15/2011,17.5374,90.4706
8/16/2011,17.6627,91.2528
8/17/2011,17.5897,91.8595
8/18/2011,17.7242,93.2392
8/19/2011,17.6173,94.6264
8/22/2011,17.6415,93.7837
8/23/2011,17.7768,93.2708
8/24/2011,17.9411,95.0853
8/25/2011,17.9413,94.2413
8/26/2011,18.0543,93.9355
8/29/2011,17.9929,94.8017
8/30/2011,18.0245,94.9767
8/31/2011,18.0192,95.135
9/1/2011,17.6351,95.3855
9/2/2011,17.5878,94.8932
9/5/2011,17.7249,95.0395
9/6/2011,17.6759,94.5575
9/7/2011,17.4757,94.567
9/8/2011,17.5311,95.4204
9/9/2011,17.4107,96.2555
9/12/2011,17.4152,95.621
9/13/2011,17.5168,96.1195
9/14/2011,17.6663,95.4082
9/15/2011,17.7573,94.4271
9/16/2011,17.8788,94.2348
9/19/2011,17.9761,95.352
9/20/2011,17.9221,96.1959
9/21/2011,18.32,95.729
9/22/2011,18.6738,96.0477
9/23/2011,18.8894,95.9514
9/26/2011,18.2116,96.0153
9/27/2011,18.1259,96.2047
9/28/2011,18.2608,97.0939
9/29/2011,18.365,97.7354
9/30/2011,18.5936,97.518
10/3/2011,18.5179,97.8966
10/4/2011,18.485,98.5133
10/5/2011,18.3168,98.691
10/6/2011,18.0606,99.3395
10/7/2011,18.0541,98.7476
10/10/2011,18.0715,98.3196
10/11/2011,18.1467,98.319
10/12/2011,18.2463,99.6716
10/13/2011,18.3118,99.0614
10/14/2011,18.4109,99.3234
10/17/2011,18.2857,97.1562
10/18/2011,18.5187,97.0746
10/19/2011,18.4878,97.3902
10/20/2011,18.5178,97.3076
10/21/2011,18.9171,98.4214
10/24/2011,18.8843,97.8324
10/25/2011,18.5666,97.4757
10/26/2011,18.7532,96.2376
10/27/2011,18.5408,96.8398
10/28/2011,18.585,97.3545
10/31/2011,18.3833,97.45
11/1/2011,18.6867,98.2391
11/2/2011,18.6495,97.689
11/3/2011,18.356,94.8199
11/4/2011,18.4317,95.0415
11/7/2011,18.5517,93.463
11/8/2011,18.4477,94.2629
11/9/2011,18.4516,94.16
11/10/2011,18.4543,94.9537
11/11/2011,18.4192,94.4026
11/14/2011,18.4733,95.5816
11/15/2011,18.3765,95.2065
11/16/2011,18.3301,94.5039
11/17/2011,18.4609,95.6459
11/18/2011,18.5448,95.519
11/21/2011,18.7268,96.015
11/22/2011,18.949,95.7126
11/23/2011,18.8355,95.6921
11/24/2011,18.8252,96.3718
11/25/2011,18.8841,96.7572
11/28/2011,18.7413,96.0942
11/29/2011,18.6147,96.3578
11/30/2011,18.2109,95.4436
12/1/2011,18.3008,96.3039
12/2/2011,18.241,95.2217
12/5/2011,18.1214,95.993
12/6/2011,18.104,95.9739
12/7/2011,18.079,96.6437
12/8/2011,18.1169,96.9195
12/9/2011,18.3191,96.7847
12/12/2011,18.266,96.5919
12/13/2011,18.1647,97.2333
12/14/2011,18.0475,97.4713
12/15/2011,17.9662,97.3026
12/16/2011,18.0479,96.741
12/19/2011,18.0773,96.5142
12/20/2011,18.0685,95.3067
12/21/2011,18.0666,95.6386
12/22/2011,17.9918,96.1574
12/23/2011,18.0402,96.416
12/27/2011,18.1051,95.7378
12/28/2011,18.2846,95.9767
12/29/2011,18.0061,95.094
12/30/2011,18.0512,95.5044
1/2/2012,18.021,94.4097
1/3/2012,17.9613,93.8545
1/4/2012,17.7921,94.2689
1/5/2012,17.604,94.6617
1/6/2012,17.5457,94.5859
1/9/2012,17.4915,93.8581
1/10/2012,17.3805,93.7686
1/11/2012,17.3728,94.1024
1/12/2012,17.2985,94.5792
1/13/2012,17.2983,93.8518
1/16/2012,17.1633,93.5314
1/17/2012,17.2281,93.5191
1/18/2012,17.1517,93.1417
1/19/2012,17.1321,93.3718
1/20/2012,17.1248,92.8411
1/23/2012,17.0627,92.4484
1/24/2012,17.1965,92.8545
1/25/2012,17.0297,91.5196
1/26/2012,16.9883,91.6828
1/27/2012,17.0004,92.2309
1/30/2012,17.0423,92.7952
1/31/2012,17.0234,93.2006
2/1/2012,17.0668,92.7968
2/2/2012,16.907,91.181
2/3/2012,16.8909,91.8328
2/6/2012,16.5907,92.1448
2/7/2012,16.6601,91.6715
2/8/2012,16.8232,91.9713
2/9/2012,16.8765,91.973
2/10/2012,16.8943,92.613
2/13/2012,16.8404,93.0303
2/14/2012,16.7766,93.1989
2/15/2012,16.6897,92.1097
2/16/2012,16.8151,92.6605
2/17/2012,16.8317,92.1441
2/20/2012,16.8306,90.8549
2/21/2012,16.8286,90.8774
2/22/2012,16.9605,91.038
2/23/2012,16.9869,90.0014
2/24/2012,17.1926,89.372
2/27/2012,17.3089,88.591
2/28/2012,17.2682,88.2297
2/29/2012,17.1949,88.6701
3/1/2012,17.0633,88.0905
3/2/2012,16.8678,88.544
3/5/2012,16.9126,89.1611
3/6/2012,16.9779,89.2178
3/7/2012,17.0308,89.2143
3/8/2012,16.9511,88.5641
3/9/2012,16.746,89.0745
3/12/2012,16.648,89.8248
3/13/2012,16.5563,89.3504
3/14/2012,16.4549,88.4107
3/15/2012,16.5456,89.4705
3/16/2012,16.57,89.5895
3/19/2012,16.6825,90.0173
3/20/2012,16.7681,90.1692
3/21/2012,16.7442,89.586
3/22/2012,16.8642,90.3729
3/23/2012,17.0186,90.8125
3/26/2012,16.8545,91.2114
3/27/2012,16.8782,91.0423
3/28/2012,16.9715,91.0582
3/29/2012,16.9975,91.4579
3/30/2012,17.0222,90.8953
4/2/2012,17.0243,90.678
4/3/2012,16.9593,89.3897
4/4/2012,16.873,89.1501
4/5/2012,16.8244,88.8987
4/10/2012,17.068,89.2475
4/11/2012,17.2549,88.2883
4/12/2012,17.2124,88.8541
4/13/2012,17.1913,88.7748
4/16/2012,17.2429,88.8942
4/17/2012,17.2779,88.3637
4/18/2012,17.1767,87.8123
4/19/2012,17.275,87.1324
4/20/2012,17.3475,87.1574
4/23/2012,17.3139,87.4921
4/24/2012,17.285,87.9412
4/25/2012,17.3461,88.2881
4/26/2012,17.3843,88.8051
4/27/2012,17.3961,88.4247
4/30/2012,17.1563,88.7024
5/2/2012,16.9849,88.5299
5/3/2012,17.0073,88.4462
5/4/2012,17.067,88.3195
5/7/2012,17.184,87.32
5/8/2012,17.1877,88.1606
5/9/2012,17.4978,88.0119
5/10/2012,17.4001,88.1252
5/11/2012,17.5015,88.1742
5/14/2012,17.558,87.6515
5/15/2012,17.5635,87.794
5/16/2012,17.5848,88.2708
5/17/2012,17.5316,88.0803
5/18/2012,17.4891,87.8207
5/21/2012,17.5896,87.9204
5/22/2012,17.4659,89.4018
5/23/2012,17.6859,89.8317
5/24/2012,17.5421,90.4537
5/25/2012,17.5657,90.5763
5/28/2012,17.517,90.5752
5/29/2012,17.4445,90.5571
5/30/2012,17.3868,90.9526
5/31/2012,17.5664,90.5969
6/1/2012,17.8118,90.7014
6/4/2012,17.7016,91.1884
6/5/2012,17.6753,91.069
6/6/2012,17.71,90.5568
6/7/2012,17.5537,91.1179
6/8/2012,17.6203,88.9477
6/11/2012,17.4738,90.6717
6/12/2012,17.5712,90.3628
6/13/2012,17.5102,90.1327
6/14/2012,17.6279,89.5401
6/15/2012,17.5336,88.9229
6/18/2012,17.566,90.6423
6/19/2012,17.3461,89.3883
6/20/2012,17.3916,89.0422
6/21/2012,17.3374,87.8083
6/22/2012,17.3916,88.1376
6/25/2012,17.3833,88.7794
6/26/2012,17.3809,88.2884
6/27/2012,17.1282,88.7035
6/28/2012,16.9208,89.8185
6/29/2012,16.8755,89.6868
7/2/2012,16.7865,90.0275
7/3/2012,16.812,90.156
7/4/2012,16.7927,89.6897
7/5/2012,16.5626,89.7962
7/6/2012,16.6403,90.3777
7/9/2012,16.5464,89.0384
7/10/2012,16.3538,89.2205
7/11/2012,16.333,89.6587
7/12/2012,16.3487,89.5262
7/13/2012,16.3659,89.5491
7/16/2012,16.2379,90.375
7/17/2012,16.1864,90.7794
7/18/2012,16.1445,89.832
7/19/2012,16.1271,90.9167
7/20/2012,16.2327,90.7517
7/23/2012,16.3715,90.4027
7/24/2012,16.5008,90.8239
7/25/2012,16.5456,90.1189
7/26/2012,16.5217,90.4836
7/27/2012,16.4814,90.5657
7/30/2012,16.2021,90.0758
7/31/2012,16.2856,89.9749
8/1/2012,16.3514,90.4001
8/2/2012,16.4551,90.3028
8/3/2012,16.2603,90.0478
8/6/2012,16.2109,90.2828
8/7/2012,16.339,90.2469
8/8/2012,16.3722,89.8913
8/9/2012,16.1949,89.8629
8/10/2012,16.1368,89.156
8/13/2012,16.163,88.2232
8/14/2012,16.1714,88.3306
8/15/2012,16.1822,88.6316
8/16/2012,16.1358,88.1914
8/17/2012,16.3281,88.6887
8/20/2012,16.1413,88.6902
8/21/2012,16.2143,88.3604
8/22/2012,16.422,87.9745
8/23/2012,16.461,88.3328
8/24/2012,16.5368,88.3529
8/27/2012,16.5109,87.9007
8/28/2012,16.5184,88.3267
8/29/2012,16.6269,87.9597
8/30/2012,16.7698,88.2591
8/31/2012,16.777,87.8463
9/3/2012,16.6224,88.0493
9/4/2012,16.5518,87.8579
9/5/2012,16.5615,87.955
9/6/2012,16.5162,88.2604
9/7/2012,16.5019,87.9832
9/10/2012,16.6018,87.6438
9/11/2012,16.6711,87.345
9/12/2012,16.7652,87.2245
9/13/2012,16.8038,86.9895
9/14/2012,16.7204,87.3817
9/17/2012,16.7236,87.1987
9/18/2012,16.7283,87.269
9/19/2012,16.6816,85.8458
9/20/2012,16.7056,86.224
9/21/2012,16.6641,86.4859
9/24/2012,16.6727,86.3159
9/25/2012,16.6079,86.2912
9/26/2012,16.5957,86.8044
9/27/2012,16.5225,87.2378
9/28/2012,16.6086,86.6872
10/1/2012,16.5824,86.4582
10/2/2012,16.5813,86.5136
10/3/2012,16.5952,86.9817
10/4/2012,16.5643,87.3724
10/5/2012,16.5844,86.8617
10/8/2012,16.6357,87.1434
10/9/2012,16.5661,86.9466
10/10/2012,16.5624,86.7379
10/11/2012,16.6904,86.8211
10/12/2012,16.6949,87.1219
10/15/2012,16.6288,87.7467
10/16/2012,16.6848,87.6776
10/17/2012,16.8231,87.6393
10/18/2012,16.7891,87.6698
10/19/2012,16.7871,87.6677
10/22/2012,16.8251,87.1323
10/23/2012,16.8471,87.5167
10/24/2012,16.7825,87.8987
10/25/2012,16.8077,87.9734
10/26/2012,16.8304,87.9068
10/29/2012,16.829,88.2049
10/30/2012,16.9152,88.0353
10/31/2012,16.9685,88.0295
11/1/2012,16.9402,87.8133
11/2/2012,16.6645,86.729
11/5/2012,16.6796,86.2436
11/6/2012,16.6568,86.4616
11/7/2012,16.5991,86.0663
11/8/2012,16.6548,86.6181
11/9/2012,16.7982,86.3943
11/12/2012,16.7975,86.1285
11/13/2012,16.8062,85.8424
11/14/2012,16.8079,86.1007
11/15/2012,16.917,85.9441
11/16/2012,16.8339,86.4143
11/19/2012,16.7125,86.4688
11/20/2012,16.7542,86.3526
11/21/2012,16.6777,86.8416
11/22/2012,16.7523,87.074
11/23/2012,16.7933,86.8737
11/26/2012,16.8255,86.5826
11/27/2012,16.8137,86.874
11/28/2012,16.8552,86.8227
11/29/2012,16.8116,86.6121
11/30/2012,16.7648,86.9108
12/3/2012,16.8362,87.2504
12/4/2012,16.9802,87.3482
12/5/2012,16.9098,87.4515
12/6/2012,16.8684,87.4231
12/7/2012,16.6145,87.3302
12/10/2012,16.5673,87.0382
12/11/2012,16.609,87.1662
12/12/2012,16.6319,87.2819
12/13/2012,16.663,87.1766
12/14/2012,16.7345,86.9562
12/17/2012,16.8182,86.9825
12/18/2012,16.7795,87.1001
12/19/2012,16.8993,87.2126
12/20/2012,16.9287,87.3044
12/21/2012,17.0072,87.5696
12/24/2012,17.0977,87.3211
12/27/2012,17.1939,87.37
12/28/2012,17.1386,87.5887
12/31/2012,17.1845,87.07
1/2/2013,16.9319,87.6146
1/3/2013,16.7293,87.4442
1/4/2013,16.6586,87.5076
1/7/2013,16.5971,87.326
1/8/2013,16.6881,87.3974
1/9/2013,16.6719,87.1933
1/10/2013,16.6112,86.6078
1/11/2013,16.7598,86.0602
1/14/2013,16.9097,86.0293
1/15/2013,16.888,85.7663
1/16/2013,16.8084,85.6136
1/17/2013,16.8504,85.6601
1/18/2013,16.7882,85.7365
1/21/2013,16.9175,85.7869
1/22/2013,16.9153,85.878
1/23/2013,16.8538,86.1558
1/24/2013,16.9385,86.8323
1/25/2013,17.0448,87.6927
1/28/2013,17.1653,86.8481
1/29/2013,17.1112,86.7554
1/30/2013,17.2154,86.9275
1/31/2013,17.2173,86.6228
2/1/2013,17.3704,86.702
2/4/2013,17.1751,86.7469
2/5/2013,17.1341,86.7297
2/6/2013,17.1056,87.0481
2/7/2013,17.1761,87.1961
2/8/2013,17.0465,87.6896
2/11/2013,17.097,87.846
2/12/2013,17.1363,87.6886
2/13/2013,17.0794,87.9233
2/14/2013,16.9523,87.8845
2/15/2013,16.9221,87.4931
2/18/2013,16.9444,87.5906
2/19/2013,16.9185,85.999
2/20/2013,16.9117,86.0733
2/21/2013,16.8313,86.2672
2/22/2013,16.7762,86.244
2/25/2013,16.8455,85.5201
2/26/2013,16.7459,86.0522
2/27/2013,16.8211,85.0594
2/28/2013,16.7554,85.0439
3/1/2013,16.7042,85.286
3/4/2013,16.6451,84.9124
3/5/2013,16.6001,85.1368
3/6/2013,16.5647,85.086
3/7/2013,16.6541,85.7386
3/8/2013,16.6598,85.7195
3/11/2013,16.3724,85.567
3/12/2013,16.3106,86.0341
3/13/2013,16.0835,85.5809
3/14/2013,16.0628,85.421
3/15/2013,16.2443,85.7051
3/18/2013,16.141,86.0155
3/19/2013,16.0453,85.8478
3/20/2013,16.0388,85.8531
3/21/2013,15.9865,86.0638
3/22/2013,16.0711,85.9723
3/25/2013,15.9715,85.4296
3/26/2013,15.8408,85.5732
3/27/2013,15.8335,86.0388
3/28/2013,15.8146,85.9633
4/2/2013,15.8285,85.9493
4/3/2013,15.7274,86.2071
4/4/2013,15.7597,86.5833
4/5/2013,15.962,87.1173
4/8/2013,15.8076,86.9362
4/9/2013,15.8559,87.081
4/10/2013,15.8943,86.784
4/11/2013,15.8661,86.252
4/12/2013,15.744,85.3723
4/15/2013,15.8693,85.7258
4/16/2013,15.9744,86.3212
4/17/2013,16.0174,86.333
4/18/2013,15.8927,86.7286
4/19/2013,16.0396,86.2055
4/22/2013,16.0012,86.7169
4/23/2013,15.9641,86.8257
4/24/2013,15.9395,86.7603
4/25/2013,15.8922,87.0317
4/26/2013,15.8523,86.9092
4/29/2013,15.8514,86.7363
4/30/2013,15.9408,86.5066
5/2/2013,16.0529,85.9496
5/3/2013,15.9604,86.0671
5/6/2013,15.8424,86.6284
5/7/2013,15.8943,85.9524
5/8/2013,15.8073,85.2441
5/9/2013,15.7546,85.3748
5/10/2013,15.6689,85.4626
5/13/2013,15.7077,86.2667
5/14/2013,15.7759,86.4902
5/15/2013,15.6385,86.7833
5/16/2013,15.8096,86.5699
5/17/2013,15.8403,86.246
5/20/2013,15.8305,86.3226
5/21/2013,15.8388,86.3285
5/22/2013,15.9251,86.541
5/23/2013,16.1081,86.2836
5/24/2013,16.1026,86.2999
5/27/2013,16.1537,86.209
5/28/2013,16.156,86.168
5/29/2013,16.3671,86.2051
5/30/2013,16.5044,86.1706
5/31/2013,16.7688,86.3939
6/3/2013,16.5982,86.968
6/4/2013,16.6649,86.9476
6/5/2013,16.651,87.0706
6/6/2013,16.8147,87.0276
6/7/2013,17.049,87.2365
6/10/2013,16.922,86.9668
6/11/2013,17.2549,86.9853
6/12/2013,16.9295,87.334
6/13/2013,17.1166,87.3818
6/14/2013,16.8411,87.2873
6/17/2013,16.907,87.2209
6/18/2013,17.2832,86.9308
6/19/2013,17.2401,87.1861
6/20/2013,17.538,87.6918
6/21/2013,17.5558,87.7787
6/24/2013,17.5222,87.1939
6/25/2013,17.2858,87.342
6/26/2013,17.2046,86.9898
6/27/2013,17.0117,87.3711
6/28/2013,17.0413,87.2582
7/1/2013,16.8392,87.1576
7/2/2013,16.9286,87.608
7/3/2013,17.0048,87.4493
7/4/2013,16.8402,87.974
7/5/2013,16.6126,88.0056
7/8/2013,16.7461,87.9487
7/9/2013,16.52,87.4088
7/10/2013,16.5358,87.808
7/11/2013,16.7374,87.0636
7/12/2013,16.7474,86.7742
7/15/2013,16.6489,86.175
7/16/2013,16.5372,86.0069
7/17/2013,16.6105,86.3311
7/18/2013,16.3309,86.484
7/19/2013,16.3913,86.4123
7/22/2013,16.4786,86.4832
7/23/2013,16.5033,86.3567
7/24/2013,16.5509,86.3316
7/25/2013,16.7041,86.6462
7/26/2013,16.7779,87.0021
7/29/2013,16.8476,87.1728
7/30/2013,16.9524,87.1568
7/31/2013,17.0086,87.1725
8/1/2013,16.8653,86.83
8/2/2013,16.956,86.9213
8/5/2013,16.7893,87.3754
8/6/2013,16.8058,87.8464
8/7/2013,16.8685,87.7613
8/8/2013,16.9438,88.027
8/9/2013,16.8567,87.9584
8/12/2013,16.7753,87.5971
8/13/2013,16.9142,87.6348
8/14/2013,16.8756,87.7236
8/15/2013,17.0135,87.9744
8/16/2013,17.1412,87.857
8/19/2013,17.3238,88.1949
8/20/2013,17.4437,87.7541
8/21/2013,17.4634,88.0337
8/22/2013,17.621,87.6765
8/23/2013,17.4804,87.4769
8/26/2013,17.4207,87.6834
8/27/2013,17.8049,88.0738
8/28/2013,17.8076,88.1825
8/29/2013,17.604,88.644
8/30/2013,17.6158,88.5743
9/2/2013,17.5521,88.7859
9/3/2013,17.6834,88.7123
9/4/2013,17.5563,88.5223
9/5/2013,17.7016,88.0877
9/6/2013,17.4784,88.3414
9/9/2013,17.3917,88.5303
9/10/2013,17.2954,88.5772
9/11/2013,17.3472,88.67
9/12/2013,17.4232,89.0708
9/13/2013,17.4178,89.3421
9/16/2013,17.2205,89.1266
9/17/2013,17.2693,89.269
9/18/2013,17.2742,89.2703
9/19/2013,17.0857,89.3964
9/20/2013,17.2736,89.3333
9/23/2013,17.3382,90.0085
9/24/2013,17.3566,90.143
9/25/2013,17.5292,90.539
9/26/2013,17.5347,90.7146
9/27/2013,17.8128,90.1495
9/30/2013,17.8462,90.2873
10/1/2013,17.8057,90.1102
10/2/2013,17.8303,89.9765
10/3/2013,17.9098,90.2629
10/4/2013,17.815,90.4773
10/7/2013,17.877,90.6901
10/8/2013,17.7394,90.8155
10/9/2013,17.8128,91.0492
10/10/2013,17.781,91.0216
10/11/2013,17.7186,90.5255
10/14/2013,17.6773,90.6313
10/15/2013,17.5426,91.1686
10/16/2013,17.5812,91.2754
10/17/2013,17.5324,91.1243
10/18/2013,17.4977,90.5493
10/21/2013,17.5843,91.2981
10/22/2013,17.7718,91.5112
10/23/2013,17.7886,91.6028
10/24/2013,17.9741,91.8135
10/25/2013,17.8719,91.7023
10/28/2013,17.7631,91.1086
10/29/2013,17.7841,91.6579
10/30/2013,17.7178,91.7012
10/31/2013,17.6733,92.2416
11/1/2013,17.6703,91.9588
11/4/2013,17.577,92.2837
11/5/2013,17.6326,92.4274
11/6/2013,17.7106,92.8361
11/7/2013,17.5449,92.8565
11/8/2013,17.7168,92.8794
11/11/2013,17.6466,92.6995
11/12/2013,17.7464,92.2113
11/13/2013,17.6696,92.2925
11/14/2013,17.5555,91.229
11/15/2013,17.4647,92.5579
11/18/2013,17.4356,92.3485
11/19/2013,17.4365,92.782
11/20/2013,17.531,92.622
11/21/2013,17.6655,92.6668
11/22/2013,17.6167,92.1271
11/25/2013,17.5598,92.4505
11/26/2013,17.7212,92.3723
11/27/2013,17.8203,92.2752
11/28/2013,17.8184,91.7871
11/29/2013,17.7743,92.326
12/2/2013,17.7877,92.282
12/3/2013,17.9796,91.7054
12/4/2013,17.8511,92.3694
12/5/2013,17.7086,92.098
12/6/2013,17.8348,92.1373
12/9/2013,17.6094,91.4785
12/10/2013,17.6749,91.3264
12/11/2013,17.7439,91.162
12/12/2013,17.8772,90.1582
12/13/2013,17.7782,90.2582
12/16/2013,17.8013,90.5439
12/17/2013,17.7864,90.1402
12/18/2013,17.8211,90.2415
12/19/2013,17.7312,90.7332
12/20/2013,17.83,91.1392
12/23/2013,17.7681,90.9365
12/24/2013,17.7663,91.2573
12/27/2013,18.1236,91.4797
12/30/2013,18.0096,91.0955
12/31/2013,18.0731,91.0741
1/2/2014,17.9384,91.511
1/3/2014,17.821,91.3368
1/6/2014,17.8526,90.5297
1/7/2014,17.8083,90.3232
1/8/2014,17.7055,90.7725
1/9/2014,17.8639,90.5832
1/10/2014,17.7718,90.6662
1/13/2014,17.7642,90.3845
1/14/2014,17.9154,90.3949
1/15/2014,17.8443,90.3823
1/16/2014,18.0439,90.0025
1/17/2014,18.0908,90.2931
1/20/2014,17.9546,90.5969
1/21/2014,18.0065,91.0188
1/22/2014,18.0441,91.3471
1/23/2014,18.2149,92.0165
1/24/2014,18.4583,91.8166
1/27/2014,18.2949,91.3811
1/28/2014,18.1409,90.7285
1/29/2014,18.115,90.9972
1/30/2014,18.1111,90.3671
1/31/2014,18.1614,89.8347
2/3/2014,17.9892,89.9042
2/4/2014,18.1121,90.4828
2/5/2014,18.063,90.8229
2/6/2014,17.8802,90.6005
2/7/2014,18.1125,90.8449
2/10/2014,18.1372,90.6769
2/11/2014,18.16,90.7893
2/12/2014,18.0643,90.7556
2/13/2014,18.2725,90.283
2/14/2014,18.1673,89.9864
2/17/2014,18.1145,90.2365
2/18/2014,18.1366,90.9052
2/19/2014,18.2472,91.4522
2/20/2014,18.2701,91.8172
2/21/2014,18.2348,91.5743
2/24/2014,18.2126,92.0156
2/25/2014,18.232,92.2253
2/26/2014,18.1986,92.2452
2/27/2014,18.2075,91.9612
2/28/2014,18.3091,92.3503
3/3/2014,18.2997,92.791
3/4/2014,18.2977,93.0718
3/5/2014,18.1949,92.7773
3/6/2014,18.1314,92.8979
3/7/2014,18.2956,92.8793
3/10/2014,18.3035,92.7686
3/11/2014,18.3263,92.9116
3/12/2014,18.4385,93.0629
3/13/2014,18.3895,93.2414
3/14/2014,18.4553,93.4975
3/17/2014,18.3712,93.1923
3/18/2014,18.3367,93.5631
3/19/2014,18.3039,94.3727
3/20/2014,18.2828,94.3223
3/21/2014,18.2695,94.5385
3/24/2014,18.1705,94.8094
3/25/2014,18.1256,93.7078
3/26/2014,18.0986,92.7511
3/27/2014,18.0405,92.1502
3/28/2014,17.9924,92.2615
3/31/2014,18.0147,91.2065
4/1/2014,18.0263,91.2718
4/2/2014,18.0183,91.4243
4/3/2014,18.0593,92.0638
4/4/2014,17.9586,92.469
4/7/2014,17.9051,92.6401
4/8/2014,17.8587,92.3338
4/9/2014,18.0025,92.0819
4/10/2014,18.0132,91.5489
4/11/2014,18.164,91.568
4/14/2014,18.0491,92.3133
4/15/2014,18.0012,92.3541
4/16/2014,18.0674,92.5235
4/17/2014,18.0988,92.5844
4/22/2014,18.0222,92.0877
4/23/2014,18.081,92.8759
4/24/2014,18.0648,92.3012
4/25/2014,18.1549,92.1461
4/28/2014,18.1815,92.1932
4/29/2014,18.0903,92.3838
4/30/2014,18.1532,92.8827
5/2/2014,18.0622,92.392
5/5/2014,18.0938,93.0301
5/6/2014,18.1675,93.3189
5/7/2014,18.1319,92.703
5/8/2014,18.0859,92.789
5/9/2014,17.8653,93.0161
5/12/2014,17.8126,92.7787
5/13/2014,17.7166,93.3044
5/14/2014,17.7335,93.7951
5/15/2014,17.644,93.6459
5/16/2014,17.7336,93.6265
5/19/2014,17.7157,93.7313
5/20/2014,17.7229,93.2971
5/21/2014,17.6564,93.5643
5/22/2014,17.6734,93.6456
5/23/2014,17.5738,92.7185
5/26/2014,17.5305,93.3399
5/27/2014,17.5678,93.5223
5/28/2014,17.5298,93.1669
5/29/2014,17.5023,93.1462
5/30/2014,17.4833,93.1573
6/2/2014,17.5248,93.2348
6/3/2014,17.6355,93.8415
6/4/2014,17.6444,93.9336
6/5/2014,17.4946,93.1478
6/6/2014,17.5402,93.5789
6/9/2014,17.5951,93.3366
6/10/2014,17.6694,93.5232
6/11/2014,17.6653,93.6367
6/12/2014,17.5769,93.4061
6/13/2014,17.6047,93.4166
6/16/2014,17.6505,92.6712
6/17/2014,17.6906,92.3652
6/18/2014,17.7512,91.4754
6/19/2014,17.6774,91.4104
6/20/2014,17.6787,91.6388
6/23/2014,17.6486,91.4557
6/24/2014,17.73,91.5994
6/25/2014,17.7689,91.3022
6/26/2014,17.7164,91.9284
6/27/2014,17.7087,91.8072
6/30/2014,17.7124,91.8134
7/1/2014,17.7759,91.1662
7/2/2014,17.6777,90.456
7/3/2014,17.7357,90.3778
7/4/2014,17.6284,90.4396
7/7/2014,17.6417,89.8999
7/8/2014,17.6589,89.9555
7/9/2014,17.6839,88.9794
7/10/2014,17.7042,89.1635
7/11/2014,17.6718,89.7263
7/14/2014,17.696,89.6481
7/15/2014,17.652,90.0029
7/16/2014,17.5179,90.0524
7/17/2014,17.5047,89.4874
7/18/2014,17.5189,88.3065
7/21/2014,17.5369,87.8643
7/22/2014,17.4926,87.7708
7/23/2014,17.4173,88.3364
7/24/2014,17.4368,88.592
7/25/2014,17.4162,88.3045
7/28/2014,17.4092,88.6075
7/29/2014,17.4762,89.1319
7/30/2014,17.5305,88.5596
7/31/2014,17.6355,88.3083
8/1/2014,17.7517,87.9039
8/4/2014,17.705,87.8521
8/5/2014,17.6826,86.8326
8/6/2014,17.7502,87.0636
8/7/2014,17.6959,87.1438
8/8/2014,17.7284,87.3391
8/11/2014,17.7083,88.1185
8/12/2014,17.6134,88.0398
8/13/2014,17.5363,87.8489
8/14/2014,17.528,88.1381
8/15/2014,17.467,88.0217
8/18/2014,17.4728,88.4401
8/19/2014,17.4323,88.905
8/20/2014,17.3788,87.6716
8/21/2014,17.3845,86.3603
8/22/2014,17.3944,87.0222
8/25/2014,17.3243,87.2692
8/26/2014,17.2974,86.1431
8/27/2014,17.2217,86.818
8/28/2014,17.2675,85.9419
8/29/2014,17.2664,86.1684
9/1/2014,17.1822,85.4738
9/2/2014,17.2207,86.2173
9/3/2014,17.2022,86.6726
9/4/2014,17.0223,86.017
9/5/2014,17.0195,85.7675
9/8/2014,16.912,85.3616
9/9/2014,17.0106,86.057
9/10/2014,17.1135,85.6422
9/11/2014,17.0953,85.4347
9/12/2014,17.1271,85.5047
9/15/2014,17.0879,85.1159
9/16/2014,17.126,85.2137
9/17/2014,17.0802,84.6171
9/18/2014,17.0799,84.7342
9/19/2014,16.9743,85.0728
9/22/2014,17.01,85.3076
9/23/2014,17.0722,84.9782
9/24/2014,17.0409,84.4965
9/25/2014,16.9832,84.5612
9/26/2014,17.0351,85.1252
9/29/2014,17.1845,84.9032
9/30/2014,16.9977,84.9352
10/1/2014,16.9372,85.3964
10/2/2014,16.954,85.3161
10/3/2014,16.9048,85.6678
10/6/2014,16.8044,86.2989
10/7/2014,16.9022,86.833
10/8/2014,17.0353,87.3337
10/9/2014,17.0061,87.5526
10/10/2014,17.0161,88.2858
10/13/2014,17.0317,88.1
10/14/2014,16.9924,88.1235
10/15/2014,17.0548,87.4519
10/16/2014,17.375,87.7883
10/17/2014,17.3136,88.4841
10/20/2014,17.271,88.7208
10/21/2014,17.2351,89.1405
10/22/2014,17.1803,89.3338
10/23/2014,17.1095,89.2651
10/24/2014,17.1406,88.7851
10/27/2014,17.213,89.2379
10/28/2014,17.2117,89.1678
10/29/2014,17.1338,88.901
10/30/2014,16.9467,88.7834
10/31/2014,16.8711,89.085
11/3/2014,16.8643,88.1137
11/4/2014,17.081,87.9863
11/5/2014,16.9834,88.2234
11/6/2014,16.9925,88.463
11/7/2014,16.8944,88.6335
11/10/2014,16.8936,88.9197
11/11/2014,16.8979,89.0534
11/12/2014,16.9676,88.8449
11/13/2014,16.9243,89.4397
11/14/2014,16.9441,89.7729
11/17/2014,16.9539,89.906
11/18/2014,16.9671,89.8474
11/19/2014,17.0288,89.5541
11/20/2014,17.0584,89.3998
11/21/2014,16.9107,89.5144
11/24/2014,16.9047,89.2989
11/25/2014,16.9695,88.7771
11/26/2014,17.0658,88.7745
11/27/2014,17.1266,88.2603
11/28/2014,17.2709,89.1115
12/1/2014,17.3472,88.9543
12/2/2014,17.4172,88.933
12/3/2014,17.362,88.6993
12/4/2014,17.3743,89.042
12/5/2014,17.499,88.7691
12/8/2014,17.6331,87.7843
12/9/2014,17.809,88.0602
12/10/2014,17.8541,87.9309
12/11/2014,18.0523,87.7354
12/12/2014,18.5119,88.1172
12/15/2014,18.3628,88.2477
12/16/2014,18.5391,88.455
12/17/2014,18.3496,88.6421
12/18/2014,17.812,88.5751
12/19/2014,17.8389,87.171
12/22/2014,17.8608,87.7118
12/23/2014,17.8924,87.5214
12/24/2014,18.0123,88.2169
12/29/2014,17.9281,87.7324
12/30/2014,17.9293,88.162
12/31/2014,17.8679,88.1755
1/2/2015,17.8537,88.1679
1/5/2015,17.695,87.7987
1/6/2015,17.7781,88.0054
1/7/2015,17.4803,87.9413
1/8/2015,17.3087,87.8922
1/9/2015,17.319,87.9674
1/12/2015,17.2955,88.6735
1/13/2015,17.2164,89.3462
1/14/2015,17.2151,89.6197
1/15/2015,16.9345,89.4059
1/16/2015,16.9787,89.7937
1/19/2015,16.959,89.834
1/20/2015,16.9308,89.6283
1/21/2015,16.9351,89.7832
1/22/2015,17.0639,89.4482
1/23/2015,16.4851,89.8352
1/26/2015,16.4691,90.307
1/27/2015,16.5181,90.0797
1/28/2015,16.5951,89.8208
1/29/2015,16.7722,90.0211
1/30/2015,16.8382,89.4371
2/2/2015,16.8802,89.1684
2/3/2015,16.8433,89.525
2/4/2015,16.8433,89.4517
2/5/2015,16.8862,89.0907
2/6/2015,16.8843,89.2242
2/9/2015,16.7073,88.4622
2/10/2015,16.7845,88.4544
2/11/2015,16.9653,88.9635
2/12/2015,17.0866,88.9985
2/13/2015,17.0348,89.2347
2/16/2015,16.9608,88.6132
2/17/2015,16.933,88.081
2/18/2015,16.9923,88.1604
2/19/2015,17.0207,88.2366
2/20/2015,16.9572,87.2959
2/23/2015,17.0685,87.2883
2/24/2015,17.1143,86.8455
2/25/2015,16.9424,87.377
2/26/2015,16.8425,87.3696
2/27/2015,16.8723,87.6045
3/2/2015,16.7816,87.1581
3/3/2015,16.7967,88.0697
3/4/2015,16.7283,88.2314
3/5/2015,16.6566,88.5625
3/6/2015,16.6451,89.0029
3/9/2015,16.8091,88.5919
3/10/2015,16.6847,88.789
3/11/2015,16.5093,88.7656
3/12/2015,16.326,89.2924
3/13/2015,16.3713,89.5274
3/16/2015,16.3206,88.8842
3/17/2015,16.4024,88.9178
3/18/2015,16.3169,88.8644
3/19/2015,16.3091,88.8265
3/20/2015,16.265,88.531
3/23/2015,16.3462,88.3986
3/24/2015,16.3437,88.7484
3/25/2015,16.3611,89.1379
3/26/2015,16.4244,89.3744
3/27/2015,16.4268,88.9081
3/30/2015,16.5321,88.4834
3/31/2015,16.5124,88.2202
4/1/2015,16.3847,88.3163
4/2/2015,16.3666,87.4685
4/7/2015,16.1919,87.9756
4/8/2015,16.1382,88.0306
4/9/2015,16.0549,87.8706
4/10/2015,16.0487,88.1835
4/13/2015,16.1398,88.4769
4/14/2015,16.2263,88.546
4/15/2015,16.2123,88.9511
4/16/2015,16.3075,88.1424
4/17/2015,16.4205,88.3869
4/20/2015,16.4689,88.2877
4/21/2015,16.5053,87.5883
4/22/2015,16.5727,87.4464
4/23/2015,16.611,87.2483
4/24/2015,16.6235,87.5616
4/27/2015,16.6591,87.8943
4/28/2015,16.7325,87.9378
4/29/2015,16.8221,88.2839
4/30/2015,17.0894,88.5704
