Date,BRL
1/2/2008,2.601
1/3/2008,2.5979
1/4/2008,2.5709
1/7/2008,2.6027
1/8/2008,2.5796
1/9/2008,2.5897
1/10/2008,2.5873
1/11/2008,2.6004
1/14/2008,2.5956
1/15/2008,2.5824
1/16/2008,2.6127
1/17/2008,2.595
1/18/2008,2.6026
1/21/2008,2.6412
1/22/2008,2.6579
1/23/2008,2.6503
1/24/2008,2.6339
1/25/2008,2.6234
1/28/2008,2.6429
1/29/2008,2.6226
1/30/2008,2.631
1/31/2008,2.6241
2/1/2008,2.6026
2/4/2008,2.5813
2/5/2008,2.5645
2/6/2008,2.5737
2/7/2008,2.5802
2/8/2008,2.563
2/11/2008,2.5601
2/12/2008,2.5428
2/13/2008,2.5483
2/14/2008,2.5473
2/15/2008,2.5757
2/18/2008,2.5508
2/19/2008,2.548
2/20/2008,2.5523
2/21/2008,2.5241
2/22/2008,2.5279
2/25/2008,2.5196
2/26/2008,2.5278
2/27/2008,2.5185
2/28/2008,2.5263
2/29/2008,2.5496
3/3/2008,2.5704
3/4/2008,2.5356
3/5/2008,2.5452
3/6/2008,2.5483
3/7/2008,2.6086
3/10/2008,2.5839
3/11/2008,2.6
3/12/2008,2.6151
3/13/2008,2.6364
3/14/2008,2.611
3/17/2008,2.7199
3/18/2008,2.6861
3/19/2008,2.6414
3/20/2008,2.6853
3/25/2008,2.7034
3/26/2008,2.7166
3/27/2008,2.7275
3/28/2008,2.7551
3/31/2008,2.7554
4/1/2008,2.7452
4/2/2008,2.7122
4/3/2008,2.6798
4/4/2008,2.6954
4/7/2008,2.6703
4/8/2008,2.6768
4/9/2008,2.6645
4/10/2008,2.6861
4/11/2008,2.6774
4/14/2008,2.6898
4/15/2008,2.6635
4/16/2008,2.6641
4/17/2008,2.6336
4/18/2008,2.6116
4/21/2008,2.6519
4/22/2008,2.6469
4/23/2008,2.6382
4/24/2008,2.6137
4/25/2008,2.6197
4/28/2008,2.6008
4/29/2008,2.6408
4/30/2008,2.643
5/2/2008,2.5588
5/5/2008,2.5596
5/6/2008,2.5795
5/7/2008,2.5652
5/8/2008,2.6041
5/9/2008,2.6279
5/12/2008,2.5892
5/13/2008,2.5739
5/14/2008,2.582
5/15/2008,2.5733
5/16/2008,2.5513
5/19/2008,2.5565
5/20/2008,2.5773
5/21/2008,2.5893
5/22/2008,2.6111
5/23/2008,2.6024
5/26/2008,2.6154
5/27/2008,2.6065
5/28/2008,2.6033
5/29/2008,2.5637
5/30/2008,2.5391
6/2/2008,2.533
6/3/2008,2.5267
6/4/2008,2.5271
6/5/2008,2.5048
6/6/2008,2.5353
6/9/2008,2.5745
6/10/2008,2.5328
6/11/2008,2.5435
6/12/2008,2.5307
6/13/2008,2.5131
6/16/2008,2.5189
6/17/2008,2.5062
6/18/2008,2.5015
6/19/2008,2.488
6/20/2008,2.5048
6/23/2008,2.4956
6/24/2008,2.5089
6/25/2008,2.5021
6/26/2008,2.5015
6/27/2008,2.5282
6/30/2008,2.5112
7/1/2008,2.5371
7/2/2008,2.5231
7/3/2008,2.5535
7/4/2008,2.5274
7/7/2008,2.5168
7/8/2008,2.511
7/9/2008,2.5282
7/10/2008,2.5274
7/11/2008,2.545
7/14/2008,2.5316
7/15/2008,2.5562
7/16/2008,2.531
7/17/2008,2.519
7/18/2008,2.5179
7/21/2008,2.5122
7/22/2008,2.5168
7/23/2008,2.488
7/24/2008,2.4718
7/25/2008,2.4808
7/28/2008,2.4735
7/29/2008,2.4734
7/30/2008,2.4405
7/31/2008,2.4419
8/1/2008,2.4353
8/4/2008,2.4325
8/5/2008,2.4308
8/6/2008,2.4333
8/7/2008,2.4356
8/8/2008,2.436
8/11/2008,2.4094
8/12/2008,2.4134
8/13/2008,2.4127
8/14/2008,2.3983
8/15/2008,2.3994
8/18/2008,2.4025
8/19/2008,2.4132
8/20/2008,2.3903
8/21/2008,2.3922
8/22/2008,2.3893
8/25/2008,2.3979
8/26/2008,2.3985
8/27/2008,2.3959
8/28/2008,2.3922
8/29/2008,2.4071
9/1/2008,2.4011
9/2/2008,2.4027
9/3/2008,2.4064
9/4/2008,2.4315
9/5/2008,2.4622
9/8/2008,2.4199
9/9/2008,2.4591
9/10/2008,2.5159
9/11/2008,2.5243
9/12/2008,2.536
9/15/2008,2.5871
9/16/2008,2.5945
9/17/2008,2.5831
9/18/2008,2.7169
9/19/2008,2.628
9/22/2008,2.6283
9/23/2008,2.67
9/24/2008,2.7024
9/25/2008,2.7235
9/26/2008,2.7091
9/29/2008,2.7115
9/30/2008,2.7525
10/1/2008,2.6829
10/2/2008,2.7201
10/3/2008,2.8411
10/6/2008,2.8922
10/7/2008,2.9602
10/8/2008,3.341
10/9/2008,3.062
10/10/2008,3.1232
10/13/2008,3.022
10/14/2008,2.8258
10/15/2008,2.8435
10/16/2008,3.0452
10/17/2008,2.8745
10/20/2008,2.8329
10/21/2008,2.8372
10/22/2008,3.0008
10/23/2008,3.2362
10/24/2008,2.9916
10/27/2008,2.8469
10/28/2008,2.757
10/29/2008,2.7782
10/30/2008,2.7521
10/31/2008,2.6906
11/3/2008,2.8096
11/4/2008,2.7525
11/5/2008,2.742
11/6/2008,2.7305
11/7/2008,2.7851
11/10/2008,2.7315
11/11/2008,2.8069
11/12/2008,2.8484
11/13/2008,2.9083
11/14/2008,2.9419
11/17/2008,2.9148
11/18/2008,2.9279
11/19/2008,2.9887
11/20/2008,3.0198
11/21/2008,3.0627
11/24/2008,3.0215
11/25/2008,3.0243
11/26/2008,3.0393
11/27/2008,2.9077
11/28/2008,2.9707
12/1/2008,2.9823
12/2/2008,2.9546
12/3/2008,3.039
12/4/2008,3.131
12/5/2008,3.2246
12/8/2008,3.158
12/9/2008,3.1845
12/10/2008,3.2406
12/11/2008,3.1663
12/12/2008,3.1993
12/15/2008,3.2481
12/16/2008,3.2705
12/17/2008,3.3228
12/18/2008,3.4374
12/19/2008,3.3024
12/22/2008,3.3077
12/23/2008,3.3219
12/24/2008,3.3338
12/29/2008,3.3777
12/30/2008,3.3127
12/31/2008,3.2436
1/2/2009,3.2456
1/5/2009,3.1619
1/6/2009,2.9517
1/7/2009,2.9977
1/8/2009,3.0902
1/9/2009,3.1228
1/12/2009,3.0656
1/13/2009,3.0785
1/14/2009,3.0598
1/15/2009,3.1307
1/16/2009,3.0853
1/19/2009,3.0813
1/20/2009,3.05
1/21/2009,3.0597
1/22/2009,3.0259
1/23/2009,3.0121
1/26/2009,3.005
1/27/2009,3.0462
1/28/2009,3.0381
1/29/2009,2.9795
1/30/2009,2.964
2/2/2009,3.005
2/3/2009,2.9841
2/4/2009,2.9618
2/5/2009,2.9559
2/6/2009,2.9229
2/9/2009,2.917
2/10/2009,2.9208
2/11/2009,2.9763
2/12/2009,2.9468
2/13/2009,2.9137
2/16/2009,2.8958
2/17/2009,2.9121
2/18/2009,2.933
2/19/2009,2.952
2/20/2009,2.997
2/23/2009,3.0459
2/24/2009,3.0558
2/25/2009,3.0503
2/26/2009,3.0144
2/27/2009,3.0093
3/2/2009,3.0409
3/3/2009,3.0468
3/4/2009,3.0172
3/5/2009,2.9954
3/6/2009,3.0244
3/9/2009,2.9981
3/10/2009,3.0203
3/11/2009,2.974
3/12/2009,2.9724
3/13/2009,2.9589
3/16/2009,2.9706
3/17/2009,2.9523
3/18/2009,2.9982
3/19/2009,3.0624
3/20/2009,3.0519
3/23/2009,3.0522
3/24/2009,3.0581
3/25/2009,3.0442
3/26/2009,3.0426
3/27/2009,3.0178
3/30/2009,3.0608
3/31/2009,3.0767
4/1/2009,3.0572
4/2/2009,3.0049
4/3/2009,2.9816
4/6/2009,2.9853
4/7/2009,2.9704
4/8/2009,2.9241
4/9/2009,2.9044
4/14/2009,2.8859
4/15/2009,2.9223
4/16/2009,2.8771
4/17/2009,2.8366
4/20/2009,2.8761
4/21/2009,2.9052
4/22/2009,2.8866
4/23/2009,2.8727
4/24/2009,2.9014
4/27/2009,2.9121
4/28/2009,2.9081
4/29/2009,2.8973
4/30/2009,2.885
5/4/2009,2.8605
5/5/2009,2.8339
5/6/2009,2.8549
5/7/2009,2.806
5/8/2009,2.8066
5/11/2009,2.8151
5/12/2009,2.8039
5/13/2009,2.8369
5/14/2009,2.8759
5/15/2009,2.833
5/18/2009,2.8217
5/19/2009,2.7959
5/20/2009,2.7819
5/21/2009,2.8034
5/22/2009,2.8254
5/25/2009,2.8322
5/26/2009,2.8318
5/27/2009,2.7991
5/28/2009,2.8136
5/29/2009,2.832
6/1/2009,2.7752
6/2/2009,2.7677
6/3/2009,2.7466
6/4/2009,2.7713
6/5/2009,2.7345
6/8/2009,2.7388
6/9/2009,2.7084
6/10/2009,2.7136
6/11/2009,2.725
6/12/2009,2.7099
6/15/2009,2.6851
6/16/2009,2.6887
6/17/2009,2.7427
6/18/2009,2.7519
6/19/2009,2.7325
6/22/2009,2.7612
6/23/2009,2.8152
6/24/2009,2.7652
6/25/2009,2.7368
6/26/2009,2.721
6/29/2009,2.7209
6/30/2009,2.7469
7/1/2009,2.7367
7/2/2009,2.7222
7/3/2009,2.7271
7/6/2009,2.7401
7/7/2009,2.7321
7/8/2009,2.7686
7/9/2009,2.8025
7/10/2009,2.8084
7/13/2009,2.785
7/14/2009,2.7537
7/15/2009,2.7472
7/16/2009,2.7279
7/17/2009,2.7293
7/20/2009,2.7122
7/21/2009,2.701
7/22/2009,2.6989
7/23/2009,2.6957
7/24/2009,2.6904
7/27/2009,2.695
7/28/2009,2.6697
7/29/2009,2.6679
7/30/2009,2.6495
7/31/2009,2.6482
8/3/2009,2.6482
8/4/2009,2.6393
8/5/2009,2.6141
8/6/2009,2.6129
8/7/2009,2.6336
8/10/2009,2.5813
8/11/2009,2.6277
8/12/2009,2.6176
8/13/2009,2.6029
8/14/2009,2.602
8/17/2009,2.6396
8/18/2009,2.6281
8/19/2009,2.6237
8/20/2009,2.6194
8/21/2009,2.6289
8/24/2009,2.6168
8/25/2009,2.6293
8/26/2009,2.6619
8/27/2009,2.6493
8/28/2009,2.6731
8/31/2009,2.7089
9/1/2009,2.6914
9/2/2009,2.7048
9/3/2009,2.678
9/4/2009,2.6469
9/7/2009,2.6419
9/8/2009,2.6436
9/9/2009,2.6497
9/10/2009,2.6756
9/11/2009,2.6442
9/14/2009,2.6677
9/15/2009,2.6464
9/16/2009,2.6368
9/17/2009,2.6568
9/18/2009,2.6571
9/21/2009,2.6625
9/22/2009,2.6726
9/23/2009,2.6505
9/24/2009,2.6401
9/25/2009,2.6382
9/28/2009,2.6264
9/29/2009,2.6088
9/30/2009,2.605
10/1/2009,2.5808
10/2/2009,2.6046
10/5/2009,2.5887
10/6/2009,2.5759
10/7/2009,2.5925
10/8/2009,2.5784
10/9/2009,2.5708
10/12/2009,2.5735
10/13/2009,2.5738
10/14/2009,2.5514
10/15/2009,2.545
10/16/2009,2.5562
10/19/2009,2.5575
10/20/2009,2.6012
10/21/2009,2.6193
10/22/2009,2.5998
10/23/2009,2.5775
10/26/2009,2.562
10/27/2009,2.5749
10/28/2009,2.5685
10/29/2009,2.5859
10/30/2009,2.5574
11/2/2009,2.6045
11/3/2009,2.5904
11/4/2009,2.5556
11/5/2009,2.5652
11/6/2009,2.5546
11/9/2009,2.557
11/10/2009,2.5685
11/11/2009,2.5639
11/12/2009,2.5761
11/13/2009,2.5876
11/16/2009,2.5662
11/17/2009,2.5489
11/18/2009,2.5505
11/19/2009,2.5679
11/20/2009,2.5734
11/23/2009,2.5808
11/24/2009,2.5791
11/25/2009,2.6028
11/26/2009,2.6132
11/27/2009,2.601
11/30/2009,2.6251
12/1/2009,2.6136
12/2/2009,2.595
12/3/2009,2.5811
12/4/2009,2.573
12/7/2009,2.565
12/8/2009,2.5792
12/9/2009,2.5953
12/10/2009,2.5904
12/11/2009,2.5846
12/14/2009,2.5618
12/15/2009,2.5636
12/16/2009,2.5522
12/17/2009,2.5438
12/18/2009,2.5716
12/21/2009,2.5516
12/22/2009,2.5468
12/23/2009,2.537
12/24/2009,2.5316
12/28/2009,2.4994
12/29/2009,2.5034
12/30/2009,2.4934
12/31/2009,2.5113
1/4/2010,2.4917
1/5/2010,2.4817
1/6/2010,2.4882
1/7/2010,2.4969
1/8/2010,2.4932
1/11/2010,2.5041
1/12/2010,2.5309
1/13/2010,2.5345
1/14/2010,2.5585
1/15/2010,2.5438
1/18/2010,2.5505
1/19/2010,2.5405
1/20/2010,2.5275
1/21/2010,2.5117
1/22/2010,2.5698
1/25/2010,2.5699
1/26/2010,2.5848
1/27/2010,2.5991
1/28/2010,2.5882
1/29/2010,2.6006
2/1/2010,2.612
2/2/2010,2.5703
2/3/2010,2.5653
2/4/2010,2.5765
2/5/2010,2.5758
2/8/2010,2.5681
2/9/2010,2.5549
2/10/2010,2.5411
2/11/2010,2.5342
2/12/2010,2.5284
2/15/2010,2.5284
2/16/2010,2.5312
2/17/2010,2.5143
2/18/2010,2.4886
2/19/2010,2.4557
2/22/2010,2.4528
2/23/2010,2.4692
2/24/2010,2.468
2/25/2010,2.4678
2/26/2010,2.4719
3/1/2010,2.4471
3/2/2010,2.4253
3/3/2010,2.4418
3/4/2010,2.4435
3/5/2010,2.4215
3/8/2010,2.4275
3/9/2010,2.4345
3/10/2010,2.4154
3/11/2010,2.4144
3/12/2010,2.4259
3/15/2010,2.418
3/16/2010,2.4197
3/17/2010,2.4222
3/18/2010,2.4278
3/19/2010,2.4302
3/22/2010,2.4384
3/23/2010,2.4081
3/24/2010,2.3884
3/25/2010,2.3952
3/26/2010,2.4324
3/29/2010,2.4401
3/30/2010,2.414
3/31/2010,2.4043
4/1/2010,2.3953
4/6/2010,2.3662
4/7/2010,2.3446
4/8/2010,2.3752
4/9/2010,2.3752
4/12/2010,2.3971
4/13/2010,2.3845
4/14/2010,2.3744
4/15/2010,2.3741
4/16/2010,2.367
4/19/2010,2.3738
4/20/2010,2.3576
4/21/2010,2.3426
4/22/2010,2.3441
4/23/2010,2.3447
4/26/2010,2.3254
4/27/2010,2.3278
4/28/2010,2.3308
4/29/2010,2.3044
4/30/2010,2.2959
5/3/2010,2.2936
5/4/2010,2.2792
5/5/2010,2.2866
5/6/2010,2.2912
5/7/2010,2.3477
5/10/2010,2.3113
5/11/2010,2.2687
5/12/2010,2.2589
5/13/2010,2.2256
5/14/2010,2.229
5/17/2010,2.2313
5/18/2010,2.225
5/19/2010,2.248
5/20/2010,2.3067
5/21/2010,2.3473
5/24/2010,2.3026
5/25/2010,2.3236
5/26/2010,2.26
5/27/2010,2.2556
5/28/2010,2.2492
5/31/2010,2.2343
6/1/2010,2.2262
6/2/2010,2.2491
6/3/2010,2.2262
6/4/2010,2.2087
6/7/2010,2.2232
6/8/2010,2.2272
6/9/2010,2.2164
6/10/2010,2.2081
6/11/2010,2.1836
6/14/2010,2.1991
6/15/2010,2.2132
6/16/2010,2.2048
6/17/2010,2.2002
6/18/2010,2.2
6/21/2010,2.1772
6/22/2010,2.1749
6/23/2010,2.1975
6/24/2010,2.2055
6/25/2010,2.1879
6/28/2010,2.1928
6/29/2010,2.1946
6/30/2010,2.2082
7/1/2010,2.2337
7/2/2010,2.2377
7/5/2010,2.2175
7/6/2010,2.2215
7/7/2010,2.2422
7/8/2010,2.2297
7/9/2010,2.2266
7/12/2010,2.2142
7/13/2010,2.2099
7/14/2010,2.2331
7/15/2010,2.2524
7/16/2010,2.2978
7/19/2010,2.3043
7/20/2010,2.3122
7/21/2010,2.2691
7/22/2010,2.2765
7/23/2010,2.2686
7/26/2010,2.2881
7/27/2010,2.2928
7/28/2010,2.2957
7/29/2010,2.3042
7/30/2010,2.2924
8/2/2010,2.2843
8/3/2010,2.318
8/4/2010,2.3218
8/5/2010,2.3091
8/6/2010,2.3123
8/9/2010,2.3261
8/10/2010,2.3077
8/11/2010,2.298
8/12/2010,2.2744
8/13/2010,2.2694
8/16/2010,2.2682
8/17/2010,2.2499
8/18/2010,2.2554
8/19/2010,2.2519
8/20/2010,2.2386
8/23/2010,2.228
8/24/2010,2.2433
8/25/2010,2.2324
8/26/2010,2.234
8/27/2010,2.238
8/30/2010,2.2241
8/31/2010,2.2347
9/1/2010,2.2369
9/2/2010,2.234
9/3/2010,2.2124
9/6/2010,2.2352
9/7/2010,2.2011
9/8/2010,2.1939
9/9/2010,2.1914
9/10/2010,2.1867
9/13/2010,2.1971
9/14/2010,2.2008
9/15/2010,2.2215
9/16/2010,2.2513
9/17/2010,2.2419
9/20/2010,2.2406
9/21/2010,2.271
9/22/2010,2.2798
9/23/2010,2.2971
9/24/2010,2.3026
9/27/2010,2.3019
9/28/2010,2.3049
9/29/2010,2.3247
9/30/2010,2.3201
10/1/2010,2.3036
10/4/2010,2.3078
10/5/2010,2.334
10/6/2010,2.3113
10/7/2010,2.339
10/8/2010,2.3394
10/11/2010,2.3198
10/12/2010,2.3106
10/13/2010,2.324
10/14/2010,2.3213
10/15/2010,2.3369
10/18/2010,2.3271
10/19/2010,2.3387
10/20/2010,2.32
10/21/2010,2.3517
10/22/2010,2.3594
10/25/2010,2.3889
10/26/2010,2.3674
10/27/2010,2.3546
10/28/2010,2.3742
10/29/2010,2.3638
11/1/2010,2.3691
11/2/2010,2.3874
11/3/2010,2.3706
11/4/2010,2.396
11/5/2010,2.361
11/8/2010,2.3607
11/9/2010,2.3638
11/10/2010,2.3446
11/11/2010,2.3491
11/12/2010,2.356
11/15/2010,2.3466
11/16/2010,2.3504
11/17/2010,2.342
11/18/2010,2.3385
11/19/2010,2.3461
11/22/2010,2.3452
11/23/2010,2.3388
11/24/2010,2.307
11/25/2010,2.2902
11/26/2010,2.2862
11/29/2010,2.2739
11/30/2010,2.2373
12/1/2010,2.2349
12/2/2010,2.2405
12/3/2010,2.253
12/6/2010,2.2405
12/7/2010,2.2338
12/8/2010,2.2222
12/9/2010,2.2408
12/10/2010,2.2573
12/13/2010,2.2648
12/14/2010,2.2802
12/15/2010,2.2694
12/16/2010,2.2548
12/17/2010,2.264
12/20/2010,2.2466
12/21/2010,2.2349
12/22/2010,2.2246
12/23/2010,2.2226
12/24/2010,2.2155
12/27/2010,2.2194
12/28/2010,2.2222
12/29/2010,2.2127
12/30/2010,2.2182
12/31/2010,2.2177
1/3/2011,2.2068
1/4/2011,2.2192
1/5/2011,2.2
1/6/2011,2.2042
1/7/2011,2.1917
1/10/2011,2.1818
1/11/2011,2.1866
1/12/2011,2.1812
1/13/2011,2.2054
1/14/2011,2.2524
1/17/2011,2.2369
1/18/2011,2.2391
1/19/2011,2.2543
1/20/2011,2.2511
1/21/2011,2.2605
1/24/2011,2.2697
1/25/2011,2.2734
1/26/2011,2.2821
1/27/2011,2.2892
1/28/2011,2.2982
1/31/2011,2.2962
2/1/2011,2.2914
2/2/2011,2.2984
2/3/2011,2.2917
2/4/2011,2.2718
2/7/2011,2.2702
2/8/2011,2.285
2/9/2011,2.2768
2/10/2011,2.273
2/11/2011,2.2586
2/14/2011,2.2438
2/15/2011,2.2525
2/16/2011,2.2542
2/17/2011,2.2673
2/18/2011,2.2715
2/21/2011,2.2751
2/22/2011,2.2807
2/23/2011,2.291
2/24/2011,2.2979
2/25/2011,2.2853
2/28/2011,2.2932
3/1/2011,2.2991
3/2/2011,2.2951
3/3/2011,2.2985
3/4/2011,2.3029
3/7/2011,2.3211
3/8/2011,2.2994
3/9/2011,2.3039
3/10/2011,2.2919
3/11/2011,2.2915
3/14/2011,2.321
3/15/2011,2.3259
3/16/2011,2.3179
3/17/2011,2.3367
3/18/2011,2.3584
3/21/2011,2.3592
3/22/2011,2.3655
3/23/2011,2.3517
3/24/2011,2.3412
3/25/2011,2.3414
3/28/2011,2.3282
3/29/2011,2.337
3/30/2011,2.3128
3/31/2011,2.3058
4/1/2011,2.3019
4/4/2011,2.2995
4/5/2011,2.2835
4/6/2011,2.294
4/7/2011,2.2842
4/8/2011,2.2619
4/11/2011,2.2711
4/12/2011,2.2859
4/13/2011,2.2999
4/14/2011,2.2913
4/15/2011,2.2798
4/18/2011,2.2632
4/19/2011,2.2647
4/20/2011,2.27
4/21/2011,2.2823
4/26/2011,2.2882
4/27/2011,2.2907
4/28/2011,2.3298
4/29/2011,2.3464
5/2/2011,2.3349
5/3/2011,2.3533
5/4/2011,2.3579
5/5/2011,2.3909
5/6/2011,2.3457
5/9/2011,2.3167
5/10/2011,2.3138
5/11/2011,2.3102
5/12/2011,2.3056
5/13/2011,2.3099
5/16/2011,2.3053
5/17/2011,2.3124
5/18/2011,2.3036
5/19/2011,2.2939
5/20/2011,2.3079
5/23/2011,2.2908
5/24/2011,2.2918
5/25/2011,2.294
5/26/2011,2.3012
5/27/2011,2.2981
5/30/2011,2.2752
5/31/2011,2.2758
6/1/2011,2.2735
6/2/2011,2.2961
6/3/2011,2.2861
6/6/2011,2.3109
6/7/2011,2.312
6/8/2011,2.3184
6/9/2011,2.3088
6/10/2011,2.2976
6/13/2011,2.2869
6/14/2011,2.2871
6/15/2011,2.2717
6/16/2011,2.2706
6/17/2011,2.284
6/20/2011,2.2869
6/21/2011,2.287
6/22/2011,2.2844
6/23/2011,2.261
6/24/2011,2.2707
6/27/2011,2.275
6/28/2011,2.2732
6/29/2011,2.2687
6/30/2011,2.2601
7/1/2011,2.2617
7/4/2011,2.2609
7/5/2011,2.2571
7/6/2011,2.2495
7/7/2011,2.2341
7/8/2011,2.2214
7/11/2011,2.2256
7/12/2011,2.2107
7/13/2011,2.2181
7/14/2011,2.2339
7/15/2011,2.2283
7/18/2011,2.2208
7/19/2011,2.2252
7/20/2011,2.2206
7/21/2011,2.2188
7/22/2011,2.2357
7/25/2011,2.2311
7/26/2011,2.2208
7/27/2011,2.2453
7/28/2011,2.2277
7/29/2011,2.2431
8/1/2011,2.2296
8/2/2011,2.2289
8/3/2011,2.233
8/4/2011,2.2312
8/5/2011,2.2469
8/8/2011,2.2732
8/9/2011,2.3138
8/10/2011,2.3012
8/11/2011,2.3061
8/12/2011,2.3037
8/15/2011,2.2978
8/16/2011,2.301
8/17/2011,2.288
8/18/2011,2.2956
8/19/2011,2.2928
8/22/2011,2.2996
8/23/2011,2.3111
8/24/2011,2.3132
8/25/2011,2.3273
8/26/2011,2.3185
8/29/2011,2.3143
8/30/2011,2.3013
8/31/2011,2.3135
9/1/2011,2.2895
9/2/2011,2.317
9/5/2011,2.3347
9/6/2011,2.3209
9/7/2011,2.3255
9/8/2011,2.3221
9/9/2011,2.3047
9/12/2011,2.3053
9/13/2011,2.337
9/14/2011,2.3518
9/15/2011,2.368
9/16/2011,2.37
9/19/2011,2.3916
9/20/2011,2.4387
9/21/2011,2.4702
9/22/2011,2.4887
9/23/2011,2.5666
9/26/2011,2.4589
9/27/2011,2.4513
9/28/2011,2.4634
9/29/2011,2.4994
9/30/2011,2.5067
10/3/2011,2.5224
10/4/2011,2.5024
10/5/2011,2.4769
10/6/2011,2.435
10/7/2011,2.3946
10/10/2011,2.3723
10/11/2011,2.412
10/12/2011,2.4462
10/13/2011,2.4217
10/14/2011,2.4042
10/17/2011,2.4083
10/18/2011,2.4332
10/19/2011,2.428
10/20/2011,2.4417
10/21/2011,2.4638
10/24/2011,2.465
10/25/2011,2.4241
10/26/2011,2.4459
10/27/2011,2.4341
10/28/2011,2.4082
10/31/2011,2.3647
11/1/2011,2.3945
11/2/2011,2.4
11/3/2011,2.3675
11/4/2011,2.3957
11/7/2011,2.4022
11/8/2011,2.4048
11/9/2011,2.3863
11/10/2011,2.3974
11/11/2011,2.3956
11/14/2011,2.408
11/15/2011,2.3904
11/16/2011,2.3968
11/17/2011,2.4
11/18/2011,2.4043
11/21/2011,2.4257
11/22/2011,2.4431
11/23/2011,2.4682
11/24/2011,2.4851
11/25/2011,2.5127
11/28/2011,2.4877
11/29/2011,2.4621
11/30/2011,2.4341
12/1/2011,2.4189
12/2/2011,2.4122
12/5/2011,2.3957
12/6/2011,2.3995
12/7/2011,2.4018
12/8/2011,2.3994
12/9/2011,2.4243
12/12/2011,2.4068
12/13/2011,2.4292
12/14/2011,2.4275
12/15/2011,2.4226
12/16/2011,2.4085
12/19/2011,2.4272
12/20/2011,2.4303
12/21/2011,2.4223
12/22/2011,2.4218
12/23/2011,2.4234
12/27/2011,2.4273
12/28/2011,2.4328
12/29/2011,2.4201
12/30/2011,2.4159
1/2/2012,2.4178
1/3/2012,2.4069
1/4/2012,2.3706
1/5/2012,2.3551
1/6/2012,2.3523
1/9/2012,2.3477
1/10/2012,2.303
1/11/2012,2.2937
1/12/2012,2.2795
1/13/2012,2.274
1/16/2012,2.2599
1/17/2012,2.2661
1/18/2012,2.2828
1/19/2012,2.2804
1/20/2012,2.2804
1/23/2012,2.2825
1/24/2012,2.2923
1/25/2012,2.283
1/26/2012,2.2849
1/27/2012,2.2903
1/30/2012,2.2919
1/31/2012,2.2893
2/1/2012,2.2907
2/2/2012,2.2702
2/3/2012,2.2706
2/6/2012,2.2549
2/7/2012,2.2636
2/8/2012,2.2853
2/9/2012,2.2882
2/10/2012,2.2767
2/13/2012,2.2757
2/14/2012,2.2633
2/15/2012,2.2475
2/16/2012,2.2552
2/17/2012,2.255
2/20/2012,2.2731
2/21/2012,2.267
2/22/2012,2.2721
2/23/2012,2.2648
2/24/2012,2.2943
2/27/2012,2.2883
2/28/2012,2.2873
2/29/2012,2.2872
3/1/2012,2.2886
3/2/2012,2.2712
3/5/2012,2.2844
3/6/2012,2.3007
3/7/2012,2.3209
3/8/2012,2.3298
3/9/2012,2.3307
3/12/2012,2.3745
3/13/2012,2.3778
3/14/2012,2.3614
3/15/2012,2.3468
3/16/2012,2.3617
3/19/2012,2.3796
3/20/2012,2.4112
3/21/2012,2.4125
3/22/2012,2.4001
3/23/2012,2.4109
3/26/2012,2.4021
3/27/2012,2.4271
3/28/2012,2.4262
3/29/2012,2.4315
3/30/2012,2.4323
4/2/2012,2.434
4/3/2012,2.4342
4/4/2012,2.406
4/5/2012,2.3942
4/10/2012,2.3836
4/11/2012,2.4068
4/12/2012,2.4075
4/13/2012,2.4066
4/16/2012,2.3965
4/17/2012,2.4229
4/18/2012,2.4369
4/19/2012,2.4693
4/20/2012,2.4779
4/23/2012,2.4711
4/24/2012,2.4729
4/25/2012,2.4784
4/26/2012,2.4873
4/27/2012,2.4916
4/30/2012,2.492
5/2/2012,2.5105
5/3/2012,2.534
5/4/2012,2.5107
5/7/2012,2.5098
5/8/2012,2.509
5/9/2012,2.5337
5/10/2012,2.5456
5/11/2012,2.5305
5/14/2012,2.5417
5/15/2012,2.5539
5/16/2012,2.5355
5/17/2012,2.544
5/18/2012,2.5376
5/21/2012,2.5842
5/22/2012,2.6062
5/23/2012,2.6447
5/24/2012,2.5565
5/25/2012,2.5435
5/28/2012,2.4826
5/29/2012,2.4846
5/30/2012,2.4921
5/31/2012,2.4935
6/1/2012,2.5021
6/4/2012,2.5388
6/5/2012,2.5503
6/6/2012,2.519
6/7/2012,2.5557
6/8/2012,2.5353
6/11/2012,2.535
6/12/2012,2.5654
6/13/2012,2.5783
6/14/2012,2.5912
6/15/2012,2.5924
6/18/2012,2.5868
6/19/2012,2.5848
6/20/2012,2.5702
6/21/2012,2.5719
6/22/2012,2.5805
6/25/2012,2.5932
6/26/2012,2.5768
6/27/2012,2.585
6/28/2012,2.5898
6/29/2012,2.5788
7/2/2012,2.5347
7/3/2012,2.493
7/4/2012,2.5362
7/5/2012,2.5116
7/6/2012,2.5028
7/9/2012,2.4948
7/10/2012,2.4964
7/11/2012,2.4899
7/12/2012,2.4928
7/13/2012,2.48
7/16/2012,2.4851
7/17/2012,2.4966
7/18/2012,2.4756
7/19/2012,2.4806
7/20/2012,2.4636
7/23/2012,2.4698
7/24/2012,2.471
7/25/2012,2.4738
7/26/2012,2.4806
7/27/2012,2.4875
7/30/2012,2.4828
7/31/2012,2.5117
8/1/2012,2.5221
8/2/2012,2.5134
8/3/2012,2.5018
8/6/2012,2.513
8/7/2012,2.5204
8/8/2012,2.5103
8/9/2012,2.4913
8/10/2012,2.4772
8/13/2012,2.4954
8/14/2012,2.4945
8/15/2012,2.4872
8/16/2012,2.4817
8/17/2012,2.4948
8/20/2012,2.4817
8/21/2012,2.4964
8/22/2012,2.5119
8/23/2012,2.5339
8/24/2012,2.5397
8/27/2012,2.5395
8/28/2012,2.556
8/29/2012,2.5736
8/30/2012,2.5738
8/31/2012,2.5804
9/3/2012,2.5503
9/4/2012,2.5548
9/5/2012,2.5695
9/6/2012,2.5756
9/7/2012,2.5769
9/10/2012,2.5847
9/11/2012,2.5851
9/12/2012,2.6036
9/13/2012,2.619
9/14/2012,2.6431
9/17/2012,2.6411
9/18/2012,2.6532
9/19/2012,2.6317
9/20/2012,2.6284
9/21/2012,2.6289
9/24/2012,2.6175
9/25/2012,2.6192
9/26/2012,2.6118
9/27/2012,2.6136
9/28/2012,2.6232
10/1/2012,2.6098
10/2/2012,2.6174
10/3/2012,2.6148
10/4/2012,2.6179
10/5/2012,2.6258
10/8/2012,2.6348
10/9/2012,2.6289
10/10/2012,2.6199
10/11/2012,2.6339
10/12/2012,2.6428
10/15/2012,2.6459
10/16/2012,2.6534
10/17/2012,2.6676
10/18/2012,2.6631
10/19/2012,2.644
10/22/2012,2.6498
10/23/2012,2.6373
10/24/2012,2.6213
10/25/2012,2.6345
10/26/2012,2.6148
10/29/2012,2.6169
10/30/2012,2.6334
10/31/2012,2.6389
11/1/2012,2.6352
11/2/2012,2.6106
11/5/2012,2.5999
11/6/2012,2.6033
11/7/2012,2.5911
11/8/2012,2.5918
11/9/2012,2.6145
11/12/2012,2.6053
11/13/2012,2.6186
11/14/2012,2.628
11/15/2012,2.6332
11/16/2012,2.6391
11/19/2012,2.6494
11/20/2012,2.6648
11/21/2012,2.6784
11/22/2012,2.6959
11/23/2012,2.7263
11/26/2012,2.6932
11/27/2012,2.6878
11/28/2012,2.6947
11/29/2012,2.7264
11/30/2012,2.7391
12/3/2012,2.7477
12/4/2012,2.7575
12/5/2012,2.7511
12/6/2012,2.7199
12/7/2012,2.686
12/10/2012,2.6877
12/11/2012,2.6951
12/12/2012,2.7112
12/13/2012,2.7126
12/14/2012,2.7244
12/17/2012,2.7501
12/18/2012,2.7595
12/19/2012,2.7678
12/20/2012,2.7308
12/21/2012,2.736
12/24/2012,2.7487
12/27/2012,2.7186
12/28/2012,2.6928
12/31/2012,2.7036
1/2/2013,2.707
1/3/2013,2.6828
1/4/2013,2.6595
1/7/2013,2.6473
1/8/2013,2.6483
1/9/2013,2.6601
1/10/2013,2.672
1/11/2013,2.7013
1/14/2013,2.7147
1/15/2013,2.7157
1/16/2013,2.7082
1/17/2013,2.7294
1/18/2013,2.723
1/21/2013,2.7197
1/22/2013,2.7279
1/23/2013,2.7205
1/24/2013,2.7171
1/25/2013,2.7339
1/28/2013,2.7361
1/29/2013,2.6773
1/30/2013,2.6929
1/31/2013,2.6892
2/1/2013,2.7089
2/4/2013,2.6975
2/5/2013,2.6934
2/6/2013,2.6869
2/7/2013,2.6881
2/8/2013,2.6188
2/11/2013,2.6429
2/12/2013,2.6506
2/13/2013,2.6569
2/14/2013,2.622
2/15/2013,2.6075
2/18/2013,2.6279
2/19/2013,2.6169
2/20/2013,2.6145
2/21/2013,2.5935
2/22/2013,2.5939
2/25/2013,2.6142
2/26/2013,2.5922
2/27/2013,2.595
2/28/2013,2.5871
3/1/2013,2.5825
3/4/2013,2.5809
3/5/2013,2.568
3/6/2013,2.5631
3/7/2013,2.5612
3/8/2013,2.5578
3/11/2013,2.5283
3/12/2013,2.5519
3/13/2013,2.544
3/14/2013,2.546
3/15/2013,2.5785
3/18/2013,2.5697
3/19/2013,2.5637
3/20/2013,2.5651
3/21/2013,2.5726
3/22/2013,2.6072
3/25/2013,2.6031
3/26/2013,2.5894
3/27/2013,2.5838
3/28/2013,2.5703
4/2/2013,2.5913
4/3/2013,2.5912
4/4/2013,2.5898
4/5/2013,2.606
4/8/2013,2.5773
4/9/2013,2.5946
4/10/2013,2.5968
4/11/2013,2.5876
4/12/2013,2.5827
4/15/2013,2.5854
4/16/2013,2.6084
4/17/2013,2.6094
4/18/2013,2.6207
4/19/2013,2.6398
4/22/2013,2.6237
4/23/2013,2.6266
4/24/2013,2.6318
4/25/2013,2.6266
4/26/2013,2.6005
4/29/2013,2.6112
4/30/2013,2.6236
5/2/2013,2.6426
5/3/2013,2.6334
5/6/2013,2.6373
5/7/2013,2.6374
5/8/2013,2.6347
5/9/2013,2.6356
5/10/2013,2.6244
5/13/2013,2.6147
5/14/2013,2.6053
5/15/2013,2.5997
5/16/2013,2.6151
5/17/2013,2.61
5/20/2013,2.6134
5/21/2013,2.6293
5/22/2013,2.6344
5/23/2013,2.6463
5/24/2013,2.647
5/27/2013,2.6542
5/28/2013,2.6568
5/29/2013,2.6866
5/30/2013,2.687
5/31/2013,2.7664
6/3/2013,2.7752
6/4/2013,2.7749
6/5/2013,2.7483
6/6/2013,2.7849
6/7/2013,2.8419
6/10/2013,2.8284
6/11/2013,2.8642
6/12/2013,2.8243
6/13/2013,2.8511
6/14/2013,2.8302
6/17/2013,2.8656
6/18/2013,2.9203
6/19/2013,2.9208
6/20/2013,2.9514
6/21/2013,2.9737
6/24/2013,2.9575
6/25/2013,2.8989
6/26/2013,2.8828
6/27/2013,2.842
6/28/2013,2.8899
7/1/2013,2.9026
7/2/2013,2.9182
7/3/2013,2.9376
7/4/2013,2.9432
7/5/2013,2.8987
7/8/2013,2.8916
7/9/2013,2.9085
7/10/2013,2.899
7/11/2013,2.945
7/12/2013,2.9542
7/15/2013,2.9516
7/16/2013,2.9022
7/17/2013,2.9669
7/18/2013,2.9332
7/19/2013,2.9173
7/22/2013,2.9497
7/23/2013,2.9507
7/24/2013,2.9396
7/25/2013,2.9711
7/26/2013,2.9764
7/29/2013,2.9945
7/30/2013,3.0219
7/31/2013,3.033
8/1/2013,3.0087
8/2/2013,3.0512
8/5/2013,3.0321
8/6/2013,3.055
8/7/2013,3.0641
8/8/2013,3.076
8/9/2013,3.0466
8/12/2013,3.0253
8/13/2013,3.0483
8/14/2013,3.0586
8/15/2013,3.0883
8/16/2013,3.1309
8/19/2013,3.2158
8/20/2013,3.2091
8/21/2013,3.2155
8/22/2013,3.2513
8/23/2013,3.2059
8/26/2013,3.1613
8/27/2013,3.2176
8/28/2013,3.1861
8/29/2013,3.1142
8/30/2013,3.1122
9/2/2013,3.1257
9/3/2013,3.1593
9/4/2013,3.0883
9/5/2013,3.1294
9/6/2013,3.0395
9/9/2013,3.0382
9/10/2013,3.0007
9/11/2013,3.0222
9/12/2013,3.0331
9/13/2013,3.0308
9/16/2013,3.0086
9/17/2013,3.0395
9/18/2013,3.0067
9/19/2013,2.9605
9/20/2013,2.9929
9/23/2013,2.984
9/24/2013,2.9773
9/25/2013,2.9852
9/26/2013,3.0034
9/27/2013,3.0589
9/30/2013,3.0406
10/1/2013,3.0107
10/2/2013,2.9927
10/3/2013,2.9973
10/4/2013,2.9926
10/7/2013,3.0123
10/8/2013,2.9847
10/9/2013,2.98
10/10/2013,2.9722
10/11/2013,2.9533
10/14/2013,2.9507
10/15/2013,2.948
10/16/2013,2.9465
10/17/2013,2.9599
10/18/2013,2.9448
10/21/2013,2.9736
10/22/2013,2.9886
10/23/2013,2.9998
10/24/2013,3.0346
10/25/2013,3.0121
10/28/2013,3.0115
10/29/2013,3.0029
10/30/2013,3.0135
10/31/2013,2.9962
11/1/2013,3.0409
11/4/2013,3.0334
11/5/2013,3.0614
11/6/2013,3.0716
11/7/2013,3.0406
11/8/2013,3.0874
11/11/2013,3.1002
11/12/2013,3.1339
11/13/2013,3.1205
11/14/2013,3.1255
11/15/2013,3.1146
11/18/2013,3.0912
11/19/2013,3.0623
11/20/2013,3.0705
11/21/2013,3.113
11/22/2013,3.0918
11/25/2013,3.0956
11/26/2013,3.1139
11/27/2013,3.1311
11/28/2013,3.1566
11/29/2013,3.1587
12/2/2013,3.1645
12/3/2013,3.1951
12/4/2013,3.2274
12/5/2013,3.2225
12/6/2013,3.2237
12/9/2013,3.1885
12/10/2013,3.1759
12/11/2013,3.1997
12/12/2013,3.2051
12/13/2013,3.2005
12/16/2013,3.2091
12/17/2013,3.1891
12/18/2013,3.1994
12/19/2013,3.2112
12/20/2013,3.2489
12/23/2013,3.2504
12/24/2013,3.2247
12/27/2013,3.2519
12/30/2013,3.2208
12/31/2013,3.2576
1/2/2014,3.2753
1/3/2014,3.2373
1/6/2014,3.24
1/7/2014,3.2241
1/8/2014,3.2246
1/9/2014,3.2641
1/10/2014,3.2511
1/13/2014,3.2124
1/14/2014,3.2284
1/15/2014,3.1916
1/16/2014,3.2269
1/17/2014,3.2127
1/20/2014,3.1637
1/21/2014,3.1977
1/22/2014,3.2072
1/23/2014,3.2397
1/24/2014,3.3004
1/27/2014,3.2747
1/28/2014,3.2934
1/29/2014,3.3172
1/30/2014,3.2955
1/31/2014,3.2829
2/3/2014,3.2478
2/4/2014,3.264
2/5/2014,3.2697
2/6/2014,3.2431
2/7/2014,3.2395
2/10/2014,3.2653
2/11/2014,3.2895
2/12/2014,3.2702
2/13/2014,3.3189
2/14/2014,3.2837
2/17/2014,3.2752
2/18/2014,3.2915
2/19/2014,3.3069
2/20/2014,3.2738
2/21/2014,3.2577
2/24/2014,3.2183
2/25/2014,3.2115
2/26/2014,3.2143
2/27/2014,3.2098
2/28/2014,3.212
3/3/2014,3.2125
3/4/2014,3.21
3/5/2014,3.2156
3/6/2014,3.1856
3/7/2014,3.2387
3/10/2014,3.2354
3/11/2014,3.2489
3/12/2014,3.2785
3/13/2014,3.268
3/14/2014,3.2849
3/17/2014,3.272
3/18/2014,3.2726
3/19/2014,3.2493
3/20/2014,3.2295
3/21/2014,3.2138
3/24/2014,3.1957
3/25/2014,3.199
3/26/2014,3.1784
3/27/2014,3.1553
3/28/2014,3.122
3/31/2014,3.1276
4/1/2014,3.1338
4/2/2014,3.1212
4/3/2014,3.1356
4/4/2014,3.1074
4/7/2014,3.0843
4/8/2014,3.0304
4/9/2014,3.0459
4/10/2014,3.0442
4/11/2014,3.0667
4/14/2014,3.0648
4/15/2014,3.0621
4/16/2014,3.0827
4/17/2014,3.104
4/22/2014,3.0979
4/23/2014,3.1039
4/24/2014,3.0621
4/25/2014,3.0836
4/28/2014,3.1035
4/29/2014,3.0683
4/30/2014,3.1248
5/2/2014,3.0894
5/5/2014,3.0909
5/6/2014,3.1202
5/7/2014,3.1037
5/8/2014,3.0902
5/9/2014,3.0506
5/12/2014,3.0485
5/13/2014,3.0359
5/14/2014,3.0422
5/15/2014,3.0197
5/16/2014,3.0353
5/19/2014,3.0395
5/20/2014,3.0362
5/21/2014,3.0288
5/22/2014,3.0258
5/23/2014,3.0229
5/26/2014,3.0288
5/27/2014,3.0422
5/28/2014,3.0569
5/29/2014,3.0363
5/30/2014,3.0315
6/2/2014,3.058
6/3/2014,3.0909
6/4/2014,3.106
6/5/2014,3.0873
6/6/2014,3.0779
6/9/2014,3.0488
6/10/2014,3.0207
6/11/2014,3.0194
6/12/2014,3.0216
6/13/2014,3.0289
6/16/2014,3.0187
6/17/2014,3.0322
6/18/2014,3.0657
6/19/2014,3.0426
6/20/2014,3.0331
6/23/2014,3.0261
6/24/2014,3.0212
6/25/2014,3.0133
6/26/2014,3.0112
6/27/2014,2.9905
6/30/2014,3.0002
7/1/2014,3.0349
7/2/2014,3.0113
7/3/2014,3.0388
7/4/2014,3.0089
7/7/2014,3.0137
7/8/2014,3.0196
7/9/2014,3.0133
7/10/2014,3.0238
7/11/2014,3.0251
7/14/2014,3.0231
7/15/2014,3.0166
7/16/2014,3.0047
7/17/2014,3.0175
7/18/2014,3.0228
7/21/2014,3.0101
7/22/2014,2.9966
7/23/2014,2.9864
7/24/2014,2.9884
7/25/2014,2.9968
7/28/2014,2.9952
7/29/2014,2.9905
7/30/2014,2.9963
7/31/2014,3.0156
8/1/2014,3.0546
8/4/2014,3.0264
8/5/2014,3.0355
8/6/2014,3.0584
8/7/2014,3.0406
8/8/2014,3.0632
8/11/2014,3.0476
8/12/2014,3.0458
8/13/2014,3.0374
8/14/2014,3.0463
8/15/2014,3.0283
8/18/2014,3.0191
8/19/2014,3.0211
8/20/2014,2.9932
8/21/2014,2.9979
8/22/2014,3.0177
8/25/2014,3.0069
8/26/2014,3.0136
8/27/2014,2.9722
8/28/2014,2.9732
8/29/2014,2.96
9/1/2014,2.9375
9/2/2014,2.9553
9/3/2014,2.9397
9/4/2014,2.9176
9/5/2014,2.9079
9/8/2014,2.9041
9/9/2014,2.9374
9/10/2014,2.9625
9/11/2014,2.9671
9/12/2014,2.9828
9/15/2014,3.0186
9/16/2014,3.0322
9/17/2014,3.0247
9/18/2014,3.0605
9/19/2014,3.0349
9/22/2014,3.0699
9/23/2014,3.0934
9/24/2014,3.085
9/25/2014,3.0551
9/26/2014,3.085
9/29/2014,3.1431
9/30/2014,3.0821
10/1/2014,3.0971
10/2/2014,3.1273
10/3/2014,3.1441
10/6/2014,3.0014
10/7/2014,3.0562
10/8/2014,3.0246
10/9/2014,3.0212
10/10/2014,3.058
10/13/2014,3.0303
10/14/2014,3.036
10/15/2014,3.0617
10/16/2014,3.1688
10/17/2014,3.1491
10/20/2014,3.1318
10/21/2014,3.1766
10/22/2014,3.1532
10/23/2014,3.1596
10/24/2014,3.1541
10/27/2014,3.215
10/28/2014,3.1687
10/29/2014,3.0902
10/30/2014,3.0453
10/31/2014,3.0714
11/3/2014,3.1106
11/4/2014,3.1589
11/5/2014,3.1428
11/6/2014,3.1783
11/7/2014,3.1987
11/10/2014,3.1654
11/11/2014,3.1908
11/12/2014,3.1936
11/13/2014,3.2058
11/14/2014,3.261
11/17/2014,3.2631
11/18/2014,3.2543
11/19/2014,3.2431
11/20/2014,3.2002
11/21/2014,3.1657
11/24/2014,3.1419
11/25/2014,3.1322
11/26/2014,3.134
11/27/2014,3.1346
11/28/2014,3.1831
12/1/2014,3.1991
12/2/2014,3.1875
12/3/2014,3.1534
12/4/2014,3.1728
12/5/2014,3.1832
12/8/2014,3.1777
12/9/2014,3.2238
12/10/2014,3.2105
12/11/2014,3.2593
12/12/2014,3.3071
12/15/2014,3.3181
12/16/2014,3.4196
12/17/2014,3.3988
12/18/2014,3.2777
12/19/2014,3.2525
12/22/2014,3.2455
12/23/2014,3.2498
12/24/2014,3.2921
12/29/2014,3.2602
12/30/2014,3.2394
12/31/2014,3.2207
1/2/2015,3.2433
1/5/2015,3.2334
1/6/2015,3.2159
1/7/2015,3.1679
1/8/2015,3.1774
1/9/2015,3.1389
1/12/2015,3.1354
1/13/2015,3.1143
1/14/2015,3.0909
1/15/2015,3.0537
1/16/2015,3.0357
1/19/2015,3.0503
1/20/2015,3.0378
1/21/2015,3.0138
1/22/2015,2.9955
1/23/2015,2.9057
1/26/2015,2.9184
1/27/2015,2.9284
1/28/2015,2.9322
1/29/2015,2.9421
1/30/2015,3.0114
2/2/2015,3.0296
2/3/2015,3.0848
2/4/2015,3.0919
2/5/2015,3.1238
2/6/2015,3.1536
2/9/2015,3.143
2/10/2015,3.1641
2/11/2015,3.237
2/12/2015,3.2565
2/13/2015,3.2395
2/16/2015,3.2336
2/17/2015,3.2395
2/18/2015,3.2195
2/19/2015,3.2452
2/20/2015,3.2432
2/23/2015,3.2729
2/24/2015,3.2518
2/25/2015,3.2395
2/26/2015,3.2264
2/27/2015,3.2579
3/2/2015,3.2133
3/3/2015,3.2536
3/4/2015,3.2999
3/5/2015,3.3009
3/6/2015,3.2949
3/9/2015,3.362
3/10/2015,3.369
3/11/2015,3.3102
3/12/2015,3.3031
3/13/2015,3.3893
3/16/2015,3.4107
3/17/2015,3.4796
3/18/2015,3.4283
3/19/2015,3.474
3/20/2015,3.522
3/23/2015,3.4963
3/24/2015,3.4202
3/25/2015,3.4334
3/26/2015,3.4904
3/27/2015,3.4846
3/30/2015,3.5616
3/31/2015,3.4958
4/1/2015,3.3994
4/2/2015,3.4307
4/7/2015,3.3979
4/8/2015,3.3676
4/9/2015,3.2681
4/10/2015,3.2639
4/13/2015,3.2694
4/14/2015,3.2857
4/15/2015,3.2661
4/16/2015,3.2312
4/17/2015,3.2562
4/20/2015,3.2728
4/21/2015,3.2423
4/22/2015,3.2461
4/23/2015,3.2328
4/24/2015,3.2183
4/27/2015,3.2023
4/28/2015,3.1786
4/29/2015,3.2467
4/30/2015,3.3232
