Date,MYR,NEER
4/1/2005,4.9243,91.436
4/4/2005,4.8954,91.6361
4/5/2005,4.8677,91.4156
4/6/2005,4.8867,91.9633
4/7/2005,4.9106,92.4811
4/8/2005,4.8711,92.141
4/11/2005,4.9289,92.0692
4/12/2005,4.9342,92.3695
4/13/2005,4.9103,91.7156
4/14/2005,4.8715,91.2984
4/15/2005,4.8897,91.9718
4/18/2005,4.9274,91.9855
4/19/2005,4.9384,92.0345
4/20/2005,4.9585,91.7723
4/21/2005,4.9619,92.5847
4/22/2005,4.9692,93.7333
4/25/2005,4.927,93.9669
4/26/2005,4.9327,94.4085
4/27/2005,4.9095,94.4012
4/28/2005,4.9038,94.3886
4/29/2005,4.9236,94.7961
5/2/2005,4.8878,94.8407
5/3/2005,4.8852,94.759
5/4/2005,4.922,95.1269
5/5/2005,4.9239,95.4501
5/6/2005,4.9198,93.8929
5/9/2005,4.873,94.4899
5/10/2005,4.8844,95.1535
5/11/2005,4.8951,95.1096
5/12/2005,4.8529,94.6663
5/13/2005,4.8012,94.6658
5/16/2005,4.794,94.3778
5/17/2005,4.8016,93.851
5/18/2005,4.7959,94.1152
5/19/2005,4.8039,94.3044
5/20/2005,4.7906,94.9743
5/23/2005,4.7681,95.1777
5/24/2005,4.7944,95.4182
5/25/2005,4.7742,94.2748
5/26/2005,4.7586,93.5211
5/27/2005,4.7693,92.6329
5/30/2005,4.7393,93.2461
5/31/2005,4.6858,92.8058
6/1/2005,4.6466,91.4321
6/2/2005,4.6599,91.3637
6/3/2005,4.6698,91.2604
6/6/2005,4.6634,90.0322
6/7/2005,4.6683,90.4262
6/8/2005,4.6831,90.8805
6/9/2005,4.6518,91.6022
6/10/2005,4.648,91.978
6/13/2005,4.5846,91.2922
6/14/2005,4.6028,91.3351
6/15/2005,4.5872,92.1204
6/16/2005,4.6047,91.4841
6/17/2005,4.6283,91.5642
6/20/2005,4.6408,91.0183
6/21/2005,4.596,91.1883
6/22/2005,4.6032,90.0459
6/23/2005,4.5861,89.7982
6/24/2005,4.5922,89.6209
6/27/2005,4.6233,89.1538
6/28/2005,4.5971,89.6234
6/29/2005,4.5815,90.2548
6/30/2005,4.596,89.5355
7/1/2005,4.5941,90.5845
7/4/2005,4.5207,89.7484
7/5/2005,4.5165,90.2375
7/6/2005,4.5279,90.4659
7/7/2005,4.5437,90.6672
7/8/2005,4.5235,91.4956
7/11/2005,4.5623,90.6891
7/12/2005,4.6231,90.753
7/13/2005,4.6299,91.0302
7/14/2005,4.587,92.0126
7/15/2005,4.5855,90.7526
7/18/2005,4.5805,90.9416
7/19/2005,4.5467,91.9891
7/20/2005,4.5839,92.382
7/21/2005,4.6311,91.1905
7/22/2005,4.5901,90.1661
7/25/2005,4.5256,89.6303
7/26/2005,4.4955,89.6886
7/27/2005,4.4977,89.3827
7/28/2005,4.5389,87.3331
7/29/2005,4.5352,87.2102
8/1/2005,4.5831,87.5741
8/2/2005,4.5768,86.6203
8/3/2005,4.6108,87.3299
8/4/2005,4.6248,86.6911
8/5/2005,4.6456,87.264
8/8/2005,4.6359,87.2337
8/9/2005,4.6357,86.7258
8/10/2005,4.6365,86.6953
8/11/2005,4.6539,87.8162
8/12/2005,4.6725,87.6379
8/15/2005,4.6478,88.49
8/16/2005,4.6371,88.2911
8/17/2005,4.6327,88.188
8/18/2005,4.6027,88.3447
8/19/2005,4.5881,88.025
8/22/2005,4.6101,88.1906
8/23/2005,4.6112,88.5761
8/24/2005,4.6037,88.8718
8/25/2005,4.6251,88.3656
8/26/2005,4.6341,88.2896
8/29/2005,4.6323,88.0622
8/30/2005,4.5947,86.859
8/31/2005,4.601,87.7333
9/1/2005,4.6716,88.9613
9/2/2005,4.7208,88.7107
9/5/2005,4.7129,89.7135
9/6/2005,4.7015,89.6067
9/7/2005,4.6929,89.9229
9/8/2005,4.6807,89.8517
9/9/2005,4.6797,89.8037
9/12/2005,4.6407,89.3193
9/13/2005,4.6273,89.0752
9/14/2005,4.6411,89.9934
9/15/2005,4.6068,89.4091
9/16/2005,4.6148,88.4273
9/19/2005,4.5758,88.392
9/20/2005,4.5816,87.5797
9/21/2005,4.6082,87.0643
9/22/2005,4.608,86.5196
9/23/2005,4.568,86.592
9/26/2005,4.5357,86.6168
9/27/2005,4.5258,86.8955
9/28/2005,4.5377,86.5658
9/29/2005,4.5479,86.3481
9/30/2005,4.5389,87.4838
10/3/2005,4.4984,87.5577
10/4/2005,4.5006,87.8985
10/5/2005,4.5064,87.3957
10/6/2005,4.5494,87.1592
10/7/2005,4.5774,87.2326
10/10/2005,4.5589,86.7611
10/11/2005,4.5342,87.6597
10/12/2005,4.5295,87.6183
10/13/2005,4.5189,88.6786
10/14/2005,4.5258,88.4206
10/17/2005,4.5371,87.0417
10/18/2005,4.5045,86.9687
10/19/2005,4.5099,87.152
10/20/2005,4.5118,88.368
10/21/2005,4.5334,88.8834
10/24/2005,4.5087,89.6847
10/25/2005,4.5364,88.3636
10/26/2005,4.5519,88.8104
10/27/2005,4.5791,90.1255
10/28/2005,4.5821,88.7112
10/31/2005,4.5386,88.8664
11/1/2005,4.5351,86.2146
11/2/2005,4.5281,86.0402
11/3/2005,4.5473,85.5605
11/4/2005,4.5064,85.5993
11/7/2005,4.4666,85.8285
11/8/2005,4.4355,84.9484
11/9/2005,4.434,85.4848
11/10/2005,4.4436,86.2021
11/11/2005,4.4206,86.9693
11/14/2005,4.4263,86.867
11/15/2005,4.4101,87.5842
11/16/2005,4.4139,88.1939
11/17/2005,4.4195,88.829
11/18/2005,4.4145,88.805
11/21/2005,4.4643,87.4212
11/22/2005,4.4229,87.304
11/23/2005,4.4513,87.2159
11/24/2005,4.454,87.4475
11/25/2005,4.4458,87.4828
11/28/2005,4.4324,86.8691
11/29/2005,4.4576,88.5478
11/30/2005,4.4457,88.728
12/1/2005,4.439,89.2364
12/2/2005,4.4211,89.7559
12/5/2005,4.4491,89.8178
12/6/2005,4.4547,89.7456
12/7/2005,4.4264,88.6638
12/8/2005,4.4407,88.2862
12/9/2005,4.4392,88.689
12/12/2005,4.5029,87.9203
12/13/2005,4.5017,90.4133
12/14/2005,4.5424,91.7811
12/15/2005,4.532,92.002
12/16/2005,4.5279,92.1798
12/19/2005,4.5268,91.9375
12/20/2005,4.5184,92.0976
12/21/2005,4.4871,93.8476
12/22/2005,4.4672,92.9868
12/23/2005,4.4821,94.5597
12/27/2005,4.4796,94.9509
12/28/2005,4.5042,95.1927
12/29/2005,4.4699,95.6776
12/30/2005,4.4584,96.4252
1/2/2006,4.4702,96.7662
1/3/2006,4.4864,96.9594
1/4/2006,4.5608,97.4731
1/5/2006,4.5439,97.7291
1/6/2006,4.5392,97.6042
1/9/2006,4.5277,97.5379
1/10/2006,4.5224,97.4038
1/11/2006,4.5294,97.5218
1/12/2006,4.5315,97.6394
1/13/2006,4.5022,97.9899
1/16/2006,4.5359,97.8574
1/17/2006,4.5275,97.6772
1/18/2006,4.5545,97.7569
1/19/2006,4.525,97.2852
1/20/2006,4.5195,97.3155
1/23/2006,4.602,97.0706
1/24/2006,4.5989,97.0102
1/25/2006,4.6041,97.1413
1/26/2006,4.5897,96.931
1/27/2006,4.5651,96.9153
1/30/2006,4.555,96.7061
1/31/2006,4.5449,97.7341
2/1/2006,4.5351,97.8904
2/2/2006,4.5229,97.3998
2/3/2006,4.5162,97.1689
2/6/2006,4.4797,97.7627
2/7/2006,4.4701,97.6439
2/8/2006,4.4614,98.1205
2/9/2006,4.465,98.0218
2/10/2006,4.4576,97.86
2/13/2006,4.4265,98.6147
2/14/2006,4.4278,97.8498
2/15/2006,4.4301,97.9288
2/16/2006,4.4118,97.7752
2/17/2006,4.4134,97.982
2/20/2006,4.4375,98.1873
2/21/2006,4.4278,98.1152
2/22/2006,4.4187,98.0811
2/23/2006,4.442,98.0119
2/24/2006,4.4188,98.8833
2/27/2006,4.4009,99.2536
2/28/2006,4.4116,99.7345
3/1/2006,4.4343,99.8128
3/2/2006,4.4191,100.0286
3/3/2006,4.454,100.5731
3/6/2006,4.4547,101.0632
3/7/2006,4.4239,101.191
3/8/2006,4.4308,101.359
3/9/2006,4.4342,101.7056
3/10/2006,4.4303,101.0644
3/13/2006,4.4338,101.2793
3/14/2006,4.4381,101.5794
3/15/2006,4.4556,101.7518
3/16/2006,4.471,101.4497
3/17/2006,4.5139,101.2014
3/20/2006,4.5019,100.9382
3/21/2006,4.4884,101.423
3/22/2006,4.4547,101.3435
3/23/2006,4.4489,101.1091
3/24/2006,4.4243,101.8874
3/27/2006,4.4432,101.0493
3/28/2006,4.465,101.333
3/29/2006,4.4396,101.9672
3/30/2006,4.4643,102.1471
3/31/2006,4.458,102.6131
4/3/2006,4.441,102.6819
4/4/2006,4.4946,102.2642
4/5/2006,4.5026,101.0564
4/6/2006,4.5148,101.8145
4/7/2006,4.4673,100.9462
4/10/2006,4.4385,100.9031
4/11/2006,4.4407,100.9104
4/12/2006,4.4535,100.4727
4/13/2006,4.4397,99.3324
4/18/2006,4.5008,99.6135
4/19/2006,4.523,99.504
4/20/2006,4.5202,100.5547
4/21/2006,4.5058,101.128
4/24/2006,4.5114,100.8495
4/25/2006,4.5252,100.6171
4/26/2006,4.5233,100.2175
4/27/2006,4.5063,99.4891
4/28/2006,4.544,99.3599
5/2/2006,4.5698,99.1163
5/3/2006,4.5546,99.6436
5/4/2006,4.5476,99.9368
5/5/2006,4.5753,99.8305
5/8/2006,4.5832,100.3634
5/9/2006,4.5582,99.3498
5/10/2006,4.5752,98.9697
5/11/2006,4.553,99.8271
5/12/2006,4.6239,100.1531
5/15/2006,4.6308,100.4526
5/16/2006,4.6173,100.5341
5/17/2006,4.6072,100.8106
5/18/2006,4.6029,100.7101
5/19/2006,4.6191,100.5374
5/22/2006,4.6287,99.9892
5/23/2006,4.6427,100.3259
5/24/2006,4.681,100.7484
5/25/2006,4.6522,100.4283
5/26/2006,4.6613,100.2174
5/29/2006,4.6324,100.6054
5/30/2006,4.6464,100.6263
5/31/2006,4.6724,101.0879
6/1/2006,4.6359,101.6774
6/2/2006,4.6653,100.9841
6/5/2006,4.7096,100.2691
6/6/2006,4.6814,100.4034
6/7/2006,4.6769,99.9367
6/8/2006,4.6706,100.4546
6/9/2006,4.6421,100.6671
6/12/2006,4.6212,101.48
6/13/2006,4.6322,101.8116
6/14/2006,4.6138,101.1975
6/15/2006,4.6052,100.9413
6/16/2006,4.6075,101.8025
6/19/2006,4.619,102.3065
6/20/2006,4.5981,102.7312
6/21/2006,4.6322,101.8995
6/22/2006,4.6006,101.5921
6/23/2006,4.6039,101.2452
6/26/2006,4.6319,100.1588
6/27/2006,4.6309,100.1325
6/28/2006,4.6314,100.1692
6/29/2006,4.6194,100.5199
6/30/2006,4.6714,100.6007
7/3/2006,4.6837,100.8524
7/4/2006,4.6578,100.5222
7/5/2006,4.6711,99.8095
7/6/2006,4.6693,100.1222
7/7/2006,4.6621,101.0926
7/10/2006,4.6449,100.7841
7/11/2006,4.6512,100.1891
7/12/2006,4.6499,100.4218
7/13/2006,4.6453,101.2027
7/14/2006,4.6497,101.4587
7/17/2006,4.627,101.7154
7/18/2006,4.6152,101.0339
7/19/2006,4.6121,101.1351
7/20/2006,4.6533,102.1228
7/21/2006,4.665,102.5572
7/24/2006,4.6673,102.593
7/25/2006,4.6595,102.823
7/26/2006,4.632,102.7821
7/27/2006,4.6783,102.7896
7/28/2006,4.6433,102.6376
7/31/2006,4.6689,103.1134
8/1/2006,4.6845,103.4558
8/2/2006,4.7039,102.3158
8/3/2006,4.706,101.9316
8/4/2006,4.7017,102.0677
8/7/2006,4.7057,102.0001
8/8/2006,4.7087,102.0365
8/9/2006,4.7182,102.439
8/10/2006,4.7086,102.5646
8/11/2006,4.6955,102.7732
8/14/2006,4.6786,103.4439
8/15/2006,4.6852,103.2761
8/16/2006,4.7104,103.4343
8/17/2006,4.7285,103.5596
8/18/2006,4.699,104.472
8/21/2006,4.7406,105.541
8/22/2006,4.7097,105.6186
8/23/2006,4.7078,105.6537
8/24/2006,4.7205,105.908
8/25/2006,4.6964,105.0108
8/28/2006,4.711,105.136
8/29/2006,4.7108,105.0876
8/30/2006,4.717,105.175
8/31/2006,4.7305,105.169
9/1/2006,4.7,105.5172
9/4/2006,4.7025,105.627
9/5/2006,4.666,105.3706
9/6/2006,4.6682,105.3477
9/7/2006,4.6436,105.2189
9/8/2006,4.6549,104.9456
9/11/2006,4.6682,105.1675
9/12/2006,4.6699,105.5618
9/13/2006,4.6556,105.5626
9/14/2006,4.6738,105.6188
9/15/2006,4.653,105.5355
9/18/2006,4.6607,105.5879
9/19/2006,4.6586,105.5636
9/20/2006,4.6654,105.7195
9/21/2006,4.6729,105.7899
9/22/2006,4.7109,105.6444
9/25/2006,4.6986,105.4847
9/26/2006,4.673,105.3612
9/27/2006,4.6702,104.7944
9/28/2006,4.6866,105.6585
9/29/2006,4.6684,105.7943
10/2/2006,4.6801,106.4169
10/3/2006,4.6955,106.5807
10/4/2006,4.6836,106.0449
10/5/2006,4.6864,106.3423
10/6/2006,4.6699,106.5449
10/9/2006,4.6568,106.3043
10/10/2006,4.6322,106.6545
10/11/2006,4.6353,106.3436
10/12/2006,4.629,105.8697
10/13/2006,4.6209,106.3515
10/16/2006,4.6099,105.9902
10/17/2006,4.6032,106.0881
10/18/2006,4.6052,106.333
10/19/2006,4.6168,106.0534
10/20/2006,4.639,106.2864
10/23/2006,4.6162,106.4957
10/24/2006,4.6107,106.4493
10/25/2006,4.625,106.3428
10/26/2006,4.6418,107.3204
10/27/2006,4.6312,107.1898
10/30/2006,4.6322,106.8919
10/31/2006,4.6372,107.1218
11/1/2006,4.6565,107.3684
11/2/2006,4.6606,107.1379
11/3/2006,4.6536,107.186
11/6/2006,4.6464,106.798
11/7/2006,4.6517,106.8087
11/8/2006,4.6537,107.3108
11/9/2006,4.6648,107.3322
11/10/2006,4.6799,107.6762
11/13/2006,4.6643,107.4302
11/14/2006,4.666,107.2511
11/15/2006,4.6659,107.0573
11/16/2006,4.6792,106.879
11/17/2006,4.6657,106.8731
11/20/2006,4.687,106.9303
11/21/2006,4.6771,106.9005
11/22/2006,4.6969,106.4555
11/23/2006,4.7117,105.9078
11/24/2006,4.7545,105.7958
11/27/2006,4.7702,105.6597
11/28/2006,4.7855,105.6457
11/29/2006,4.7727,105.556
11/30/2006,4.7758,105.8399
12/1/2006,4.7592,106.1184
12/4/2006,4.7753,105.6367
12/5/2006,4.7412,105.5009
12/6/2006,4.7116,105.7886
12/7/2006,4.7105,105.9694
12/8/2006,4.7103,106.1636
12/11/2006,4.6871,106.023
12/12/2006,4.6877,106.1767
12/13/2006,4.7018,105.9069
12/14/2006,4.6772,106.1867
12/15/2006,4.6533,106.0717
12/18/2006,4.6553,106.1236
12/19/2006,4.7057,105.8747
12/20/2006,4.6791,106.0136
12/21/2006,4.6591,105.4417
12/22/2006,4.6627,105.6624
12/27/2006,4.6484,105.5024
12/28/2006,4.6534,105.5518
12/29/2006,4.649,105.9158
1/2/2007,4.6843,106.058
1/3/2007,4.6474,105.5663
1/4/2007,4.6153,105.3812
1/5/2007,4.5958,105.0656
1/8/2007,4.571,104.835
1/9/2007,4.5667,104.7514
1/10/2007,4.5659,104.8572
1/11/2007,4.5684,104.7781
1/12/2007,4.5312,104.7069
1/15/2007,4.5378,104.9861
1/16/2007,4.5361,104.9866
1/17/2007,4.5201,104.7421
1/18/2007,4.525,104.8824
1/19/2007,4.535,104.577
1/22/2007,4.5302,104.7688
1/23/2007,4.566,104.6663
1/24/2007,4.5518,104.7864
1/25/2007,4.5429,104.939
1/26/2007,4.5173,105.0296
1/29/2007,4.5256,105.2697
1/30/2007,4.5432,105.5303
1/31/2007,4.5345,105.1448
2/1/2007,4.5577,104.931
2/2/2007,4.5577,104.3822
2/5/2007,4.5247,104.7113
2/6/2007,4.5291,104.7154
2/7/2007,4.537,104.9655
2/8/2007,4.5397,104.9914
2/9/2007,4.5444,104.8116
2/12/2007,4.5266,104.8469
2/13/2007,4.5577,105.0737
2/14/2007,4.5767,104.8826
2/15/2007,4.5927,104.5887
2/16/2007,4.5825,104.7214
2/19/2007,4.587,104.3114
2/20/2007,4.5902,104.4366
2/21/2007,4.5922,104.4427
2/22/2007,4.5805,104.0948
2/23/2007,4.5884,103.999
2/26/2007,4.5948,104.2166
2/27/2007,4.6245,103.2682
2/28/2007,4.6278,103.4888
3/1/2007,4.638,103.2209
3/2/2007,4.6156,103.3985
3/5/2007,4.6019,103.3818
3/6/2007,4.6027,103.4196
3/7/2007,4.6117,103.585
3/8/2007,4.6124,103.2474
3/9/2007,4.6095,103.2226
3/12/2007,4.6059,103.3605
3/13/2007,4.6362,103.3588
3/14/2007,4.6292,103.3487
3/15/2007,4.6456,103.9617
3/16/2007,4.6751,103.8911
3/19/2007,4.6567,103.8219
3/20/2007,4.6489,103.579
3/21/2007,4.618,103.8429
3/22/2007,4.6295,104.1455
3/23/2007,4.6065,104.2285
3/26/2007,4.5797,103.9504
3/27/2007,4.6054,103.4929
3/28/2007,4.6213,103.2735
3/29/2007,4.6124,103.0741
3/30/2007,4.6047,103.1942
4/2/2007,4.624,103.4781
4/3/2007,4.6225,103.7057
4/4/2007,4.6158,103.6399
4/5/2007,4.615,102.8662
4/10/2007,4.6279,102.5981
4/11/2007,4.6292,102.4524
4/12/2007,4.6438,102.6052
4/13/2007,4.657,102.536
4/16/2007,4.6626,103.0523
4/17/2007,4.6548,102.7435
4/18/2007,4.6542,102.9233
4/19/2007,4.6617,102.8734
4/20/2007,4.6553,102.7213
4/23/2007,4.6392,102.9551
4/24/2007,4.6478,102.687
4/25/2007,4.6686,102.9556
4/26/2007,4.6505,102.8353
4/27/2007,4.667,103.4233
4/30/2007,4.6556,103.5027
5/2/2007,4.6498,103.3026
5/3/2007,4.6567,103.2681
5/4/2007,4.6385,102.8415
5/7/2007,4.6495,103.051
5/8/2007,4.6204,103.158
5/9/2007,4.606,103.23
5/10/2007,4.6012,103.0215
5/11/2007,4.5981,102.9165
5/14/2007,4.6087,102.655
5/15/2007,4.6056,102.1717
5/16/2007,4.6162,102.3789
5/17/2007,4.5972,102.3468
5/18/2007,4.5835,102.2806
5/21/2007,4.5602,101.7115
5/22/2007,4.5569,101.8322
5/23/2007,4.5724,101.493
5/24/2007,4.5582,101.2739
5/25/2007,4.5578,101.6293
5/28/2007,4.5572,101.9425
5/29/2007,4.5856,102.268
5/30/2007,4.5638,101.8973
5/31/2007,4.572,100.8531
6/1/2007,4.5669,101.5774
6/4/2007,4.5778,101.5712
6/5/2007,4.609,101.7913
6/6/2007,4.6214,101.725
6/7/2007,4.6135,101.5169
6/8/2007,4.6261,101.1198
6/11/2007,4.6322,101.9357
6/12/2007,4.596,101.9551
6/13/2007,4.6166,101.903
6/14/2007,4.6105,102.9239
6/15/2007,4.6033,102.9364
6/18/2007,4.5875,103.1218
6/19/2007,4.6073,103.4866
6/20/2007,4.6048,103.5126
6/21/2007,4.6287,103.7964
6/22/2007,4.6412,103.5634
6/25/2007,4.6649,103.5632
6/26/2007,4.6794,103.2064
6/27/2007,4.6805,103.2972
6/28/2007,4.6683,103.1456
6/29/2007,4.6626,102.9764
7/2/2007,4.6668,102.7288
7/3/2007,4.6876,102.8848
7/4/2007,4.6928,102.7034
7/5/2007,4.7024,102.6713
7/6/2007,4.6893,103.0294
7/9/2007,4.6863,103.3115
7/10/2007,4.7011,103.3664
7/11/2007,4.7468,103.5159
7/12/2007,4.7575,103.8359
7/13/2007,4.7479,104.1176
7/16/2007,4.742,104.1751
7/17/2007,4.7441,104.4792
7/18/2007,4.7565,104.7332
7/19/2007,4.7506,104.742
7/20/2007,4.7068,104.0796
7/23/2007,4.7109,104.4149
7/24/2007,4.7053,104.568
7/25/2007,4.7049,104.8201
7/26/2007,4.719,105.1093
7/27/2007,4.7219,104.3868
7/30/2007,4.7294,104.2312
7/31/2007,4.7351,104.522
8/1/2007,4.7445,104.6093
8/2/2007,4.7407,104.3796
8/3/2007,4.7409,104.9406
8/6/2007,4.79,105.3492
8/7/2007,4.7831,105.4075
8/8/2007,4.7672,105.212
8/9/2007,4.7633,104.9023
8/10/2007,4.7461,104.796
8/13/2007,4.7437,104.5751
8/14/2007,4.7276,104.6271
8/15/2007,4.7003,105.16
8/16/2007,4.6991,105.2589
8/17/2007,4.7298,105.0104
8/20/2007,4.7011,105.1794
8/21/2007,4.7244,105.1132
8/22/2007,4.6989,105.503
8/23/2007,4.7271,105.5531
8/24/2007,4.7482,105.731
8/27/2007,4.7578,104.9754
8/28/2007,4.7742,105.1559
8/29/2007,4.7749,104.6221
8/30/2007,4.7689,104.6699
8/31/2007,4.7988,104.7738
9/3/2007,4.7746,105.1857
9/4/2007,4.7652,105.3176
9/5/2007,4.768,105.0577
9/6/2007,4.7886,104.8147
9/7/2007,4.7998,104.8435
9/10/2007,4.8455,104.7224
9/11/2007,4.8584,104.3744
9/12/2007,4.8507,104.5385
9/13/2007,4.8327,104.6141
9/14/2007,4.8267,104.8047
9/17/2007,4.8417,104.3678
9/18/2007,4.8375,103.4988
9/19/2007,4.8291,103.2194
9/20/2007,4.8361,102.4207
9/21/2007,4.8392,103.6732
9/24/2007,4.8386,104.1227
9/25/2007,4.8482,103.9332
9/26/2007,4.8406,104.1042
9/27/2007,4.846,104.7133
9/28/2007,4.8315,103.6031
10/1/2007,4.8318,102.0264
10/2/2007,4.8239,102.4183
10/3/2007,4.8426,102.8624
10/4/2007,4.8112,103.449
10/5/2007,4.8077,103.1536
10/8/2007,4.7804,102.7949
10/9/2007,4.7677,101.9541
10/10/2007,4.7736,102.6347
10/11/2007,4.7773,103.2514
10/12/2007,4.7763,103.2896
10/15/2007,4.7927,102.8684
10/16/2007,4.7862,102.6128
10/17/2007,4.7932,101.4965
10/18/2007,4.8123,101.5767
10/19/2007,4.7986,102.1101
10/22/2007,4.7803,102.3795
10/23/2007,4.8079,102.0198
10/24/2007,4.7948,102.2085
10/25/2007,4.8007,102.3022
10/26/2007,4.8122,102.2842
10/29/2007,4.8044,102.2969
10/30/2007,4.8184,102.6619
10/31/2007,4.8181,102.9556
11/1/2007,4.806,103.0782
11/2/2007,4.8361,102.62
11/5/2007,4.8513,102.9475
11/6/2007,4.8551,103.0247
11/7/2007,4.9032,103.4087
11/8/2007,4.8845,103.9974
11/9/2007,4.8726,103.4634
11/12/2007,4.8657,103.7586
11/13/2007,4.8933,103.3223
11/14/2007,4.9172,104.0185
11/15/2007,4.9355,103.8804
11/16/2007,4.952,104.5404
11/19/2007,4.9421,105.1673
11/20/2007,4.9715,105.3854
11/21/2007,5.0108,105.8355
11/22/2007,5.0159,105.6947
11/23/2007,4.9773,105.4123
11/26/2007,4.9827,105.5612
11/27/2007,5.0177,105.395
11/28/2007,4.9882,105.8561
11/29/2007,4.9689,106.1211
11/30/2007,4.9663,106.2873
12/3/2007,4.9212,106.554
12/4/2007,4.9264,106.4333
12/5/2007,4.9216,106.1316
12/6/2007,4.8741,106.1647
12/7/2007,4.8745,106.0246
12/10/2007,4.8849,106.5114
12/11/2007,4.863,106.5222
12/12/2007,4.8684,106.5291
12/13/2007,4.8634,106.0903
12/14/2007,4.8155,105.1126
12/17/2007,4.808,105.5292
12/18/2007,4.833,104.8327
12/19/2007,4.8219,104.9083
12/20/2007,4.8098,104.9039
12/21/2007,4.8166,105.3773
12/24/2007,4.8089,105.4501
12/27/2007,4.8396,105.9353
12/28/2007,4.8748,106.5441
12/31/2007,4.8682,105.968
1/2/2008,4.8625,106.4362
1/3/2008,4.8523,105.844
1/4/2008,4.8349,106.684
1/7/2008,4.8314,107.3596
1/8/2008,4.81,108.3828
1/9/2008,4.793,108.6922
1/10/2008,4.7918,108.2007
1/11/2008,4.8207,108.3115
1/14/2008,4.8446,108.4613
1/15/2008,4.8484,109.3479
1/16/2008,4.8348,109.1791
1/17/2008,4.8135,110.5009
1/18/2008,4.7999,110.6416
1/21/2008,4.7682,110.9267
1/22/2008,4.775,111.2133
1/23/2008,4.7839,111.4759
1/24/2008,4.7985,111.1237
1/25/2008,4.7666,111.4918
1/28/2008,4.7821,111.8369
1/29/2008,4.7828,111.8453
1/30/2008,4.791,111.5038
1/31/2008,4.8112,111.7658
2/1/2008,4.8173,111.1974
2/4/2008,4.789,111.6676
2/5/2008,4.7402,111.2395
2/6/2008,4.7248,111.4328
2/7/2008,4.718,109.116
2/8/2008,4.6899,108.3943
2/11/2008,4.716,108.8207
2/12/2008,4.7096,109.1499
2/13/2008,4.7237,109.5056
2/14/2008,4.7308,109.3251
2/15/2008,4.7272,109.2484
2/18/2008,4.7139,108.8608
2/19/2008,4.7513,109.1782
2/20/2008,4.7258,109.3668
2/21/2008,4.7465,109.4437
2/22/2008,4.7766,109.22
2/25/2008,4.7651,109.0116
2/26/2008,4.779,109.1499
2/27/2008,4.8186,109.4639
2/28/2008,4.8425,109.5683
2/29/2008,4.8451,109.7414
3/3/2008,4.8627,109.6579
3/4/2008,4.8431,108.9902
3/5/2008,4.8376,108.6091
3/6/2008,4.85,108.0094
3/7/2008,4.8826,107.4905
3/10/2008,4.9088,107.4552
3/11/2008,4.9228,107.1715
3/12/2008,4.9279,107.1948
3/13/2008,4.92,107.0606
3/14/2008,4.9212,106.9692
3/17/2008,5.0354,106.6267
3/18/2008,4.9951,106.3346
3/19/2008,4.9869,106.3003
3/20/2008,4.9014,106.3068
3/25/2008,4.9782,105.9934
3/26/2008,5.0154,106.1338
3/27/2008,5.0665,106.9526
3/28/2008,5.0508,106.8163
3/31/2008,5.0575,106.635
4/1/2008,5.0026,106.8122
4/2/2008,4.9858,106.6963
4/3/2008,4.9644,106.5603
4/4/2008,5.0224,106.3563
4/7/2008,5.0037,106.5025
4/8/2008,5.004,106.5424
4/9/2008,4.9985,106.6895
4/10/2008,5.003,106.4311
4/11/2008,4.9906,106.197
4/14/2008,5.017,106.2636
4/15/2008,5.0151,106.3453
4/16/2008,5.0229,106.2987
4/17/2008,4.9949,106.1601
4/18/2008,4.9581,106.1878
4/21/2008,4.9944,105.9699
4/22/2008,4.9999,106.2265
4/23/2008,4.9924,106.432
4/24/2008,4.957,106.2252
4/25/2008,4.9213,106.1929
4/28/2008,4.9377,106.1193
4/29/2008,4.9072,105.9297
4/30/2008,4.9091,105.8161
5/2/2008,4.8909,105.9571
5/5/2008,4.8807,105.8603
5/6/2008,4.8936,105.469
5/7/2008,4.8921,105.113
5/8/2008,4.9394,105.1333
5/9/2008,4.9427,105.9648
5/12/2008,4.96,106.0353
5/13/2008,4.9815,107.4791
5/14/2008,5.0424,107.0128
5/15/2008,5.0685,106.981
5/16/2008,5.0152,106.8644
5/19/2008,5.0407,106.9475
5/20/2008,5.0756,108.1536
5/21/2008,5.0748,107.8671
5/22/2008,5.055,107.7211
5/23/2008,5.0634,108.0453
5/26/2008,5.09,107.9223
5/27/2008,5.109,107.793
5/28/2008,5.0725,107.6229
5/29/2008,5.058,107.3191
5/30/2008,5.0246,107.188
6/2/2008,5.0001,107.2968
6/3/2008,5.0256,107.3317
6/4/2008,5.0179,107.4086
6/5/2008,5.0172,107.0626
6/6/2008,5.0823,106.2599
6/9/2008,5.1503,106.2001
6/10/2008,5.0708,105.8627
6/11/2008,5.0765,105.93
6/12/2008,5.0518,106.0375
6/13/2008,5.0264,106.0386
6/16/2008,5.0566,106.1148
6/17/2008,5.02,105.9815
6/18/2008,5.0468,106.2063
6/19/2008,5.0468,106.2367
6/20/2008,5.0826,106.2467
6/23/2008,5.0637,106.0608
6/24/2008,5.0666,105.9654
6/25/2008,5.09,106.2208
6/26/2008,5.1181,106.2607
6/27/2008,5.1378,106.4934
6/30/2008,5.1509,106.3826
7/1/2008,5.1529,106.4768
7/2/2008,5.1749,106.7652
7/3/2008,5.1857,106.4566
7/4/2008,5.1221,106.3946
7/7/2008,5.1108,106.4592
7/8/2008,5.1163,106.2328
7/9/2008,5.0987,106.2619
7/10/2008,5.1059,106.359
7/11/2008,5.1369,106.277
7/14/2008,5.1194,106.1246
7/15/2008,5.148,106.0192
7/16/2008,5.1279,106.1246
7/17/2008,5.1232,106.1203
7/18/2008,5.1315,105.6871
7/21/2008,5.1348,105.8277
7/22/2008,5.153,105.9392
7/23/2008,5.0993,106.2574
7/24/2008,5.0997,105.926
7/25/2008,5.1129,106.0185
7/28/2008,5.145,106.0486
7/29/2008,5.1238,105.8898
7/30/2008,5.0867,105.7605
7/31/2008,5.0829,106.0412
8/1/2008,5.0826,106.2605
8/4/2008,5.087,105.7951
8/5/2008,5.0666,105.9043
8/6/2008,5.0721,105.9188
8/7/2008,5.0822,105.8323
8/8/2008,4.9767,106.1544
8/11/2008,4.9795,106.2442
8/12/2008,4.9588,105.8221
8/13/2008,4.9441,105.6046
8/14/2008,4.9655,105.4457
8/15/2008,4.9313,105.3456
8/18/2008,4.9001,105.2033
8/19/2008,4.8933,105.8783
8/20/2008,4.9101,105.9316
8/21/2008,4.948,105.8521
8/22/2008,4.9459,105.9936
8/25/2008,4.9824,105.5927
8/26/2008,4.9502,105.4167
8/27/2008,4.9898,105.1677
8/28/2008,5.0037,105.0806
8/29/2008,5.0003,105.2986
9/1/2008,4.9777,105.3561
9/2/2008,4.9739,105.9669
9/3/2008,4.9699,105.3341
9/4/2008,4.9658,106.2248
9/5/2008,4.9273,105.2921
9/8/2008,4.8832,105.5304
9/9/2008,4.8783,105.2312
9/10/2008,4.8758,104.9444
9/11/2008,4.84,105.0727
9/12/2008,4.8563,104.955
9/15/2008,4.8892,104.9176
9/16/2008,4.9314,105.2922
9/17/2008,4.9137,104.8513
9/18/2008,5.0315,104.8345
9/19/2008,4.9278,105.0139
9/22/2008,4.9818,105.0346
9/23/2008,5.024,105.3774
9/24/2008,5.0277,105.6242
9/25/2008,5.0377,105.6614
9/26/2008,5.0303,105.1892
9/29/2008,4.9468,105.4163
9/30/2008,4.9238,105.2729
10/1/2008,4.8474,105.0565
10/2/2008,4.7917,105.2586
10/3/2008,4.7969,105.3061
10/6/2008,4.7549,105.0504
10/7/2008,4.761,105.3775
10/8/2008,4.8028,105.7081
10/9/2008,4.7996,105.8016
10/10/2008,4.7696,105.5995
10/13/2008,4.7757,105.5953
10/14/2008,4.8056,105.2097
10/15/2008,4.7858,105.271
10/16/2008,4.7632,105.4379
10/17/2008,4.7269,104.8655
10/20/2008,4.7279,104.3789
10/21/2008,4.65,104.0217
10/22/2008,4.5541,104.1763
10/23/2008,4.5777,104.1943
10/24/2008,4.5106,104.0242
10/27/2008,4.4619,104.2674
10/28/2008,4.4874,104.6207
10/29/2008,4.5723,104.5371
10/30/2008,4.6046,104.291
10/31/2008,4.53,104.0682
11/3/2008,4.5153,103.8964
11/4/2008,4.5223,103.7796
11/5/2008,4.5367,103.8295
11/6/2008,4.525,103.886
11/7/2008,4.5309,103.6801
11/10/2008,4.5725,103.9337
11/11/2008,4.5704,104.007
11/12/2008,4.5014,104.1778
11/13/2008,4.5071,103.6438
11/14/2008,4.5573,103.4838
11/17/2008,4.5582,103.5997
11/18/2008,4.5582,103.5991
11/19/2008,4.5609,103.5472
11/20/2008,4.5446,103.6267
11/21/2008,4.5651,103.6965
11/24/2008,4.636,103.9768
11/25/2008,4.6389,104.0609
11/26/2008,4.6857,104.231
11/27/2008,4.6666,104.0975
11/28/2008,4.6116,103.4864
12/1/2008,4.5761,103.9166
12/2/2008,4.6211,103.9985
12/3/2008,4.5948,104.0096
12/4/2008,4.593,103.9471
12/5/2008,4.6069,104.1898
12/8/2008,4.6756,104.0376
12/9/2008,4.6441,103.3958
12/10/2008,4.6724,103.3407
12/11/2008,4.7138,103.6686
12/12/2008,4.7791,104.3442
12/15/2008,4.8129,104.6652
12/16/2008,4.8702,104.5767
12/17/2008,4.9635,104.7277
12/18/2008,5.0608,104.9497
12/19/2008,4.8379,104.6707
12/22/2008,4.8651,104.8699
12/23/2008,4.8511,104.6825
12/24/2008,4.873,105.5458
12/29/2008,4.966,105.3951
12/30/2008,4.904,106.1744
12/31/2008,4.8048,106.0067
1/2/2009,4.808,106.0632
1/5/2009,4.7503,106.0367
1/6/2009,4.6789,105.8824
1/7/2009,4.7589,106.1701
1/8/2009,4.8211,106.225
1/9/2009,4.8448,106.5532
1/12/2009,4.7837,106.789
1/13/2009,4.7458,106.7878
1/14/2009,4.7061,106.6563
1/15/2009,4.7027,106.3342
1/16/2009,4.7473,105.9785
1/19/2009,4.7198,106.025
1/20/2009,4.6684,105.9447
1/21/2009,4.6689,105.922
1/22/2009,4.685,105.9672
1/23/2009,4.6388,106.0966
1/26/2009,4.7095,106.0477
1/27/2009,4.7762,105.8589
1/28/2009,4.7557,106.1046
1/29/2009,4.7186,106.0017
1/30/2009,4.6234,105.7718
2/2/2009,4.6134,105.7028
2/3/2009,4.6507,105.6942
2/4/2009,4.6484,106.004
2/5/2009,4.6372,106.0403
2/6/2009,4.6053,106.1286
2/9/2009,4.6731,106.1087
2/10/2009,4.6539,105.7086
2/11/2009,4.6632,105.7915
2/12/2009,4.6404,105.9808
2/13/2009,4.6221,106.1055
2/16/2009,4.6177,105.6462
2/17/2009,4.5994,105.6101
2/18/2009,4.607,105.345
2/19/2009,4.6437,105.8345
2/20/2009,4.6291,105.6057
2/23/2009,4.6783,106.5148
2/24/2009,4.677,106.5884
2/25/2009,4.6951,106.5916
2/26/2009,4.6916,106.6262
2/27/2009,4.6852,107.2229
3/2/2009,4.6958,107.1009
3/3/2009,4.6795,107.5543
3/4/2009,4.6623,107.7413
3/5/2009,4.6799,107.121
3/6/2009,4.7056,106.9771
3/9/2009,4.671,107.117
3/10/2009,4.7201,107.4998
3/11/2009,4.7263,107.303
3/12/2009,4.7198,107.0973
3/13/2009,4.7819,106.8641
3/16/2009,4.7897,106.5708
3/17/2009,4.7562,106.821
3/18/2009,4.8351,106.8506
3/19/2009,4.9933,106.599
3/20/2009,4.9352,106.5512
3/23/2009,4.9381,106.1879
3/24/2009,4.897,105.6979
3/25/2009,4.8956,106.1058
3/26/2009,4.8909,105.7753
3/27/2009,4.8061,105.9984
3/30/2009,4.856,105.9139
3/31/2009,4.8514,106.3546
4/1/2009,4.8315,106.4861
4/2/2009,4.8178,106.5769
4/3/2009,4.8062,106.4771
4/6/2009,4.7999,106.462
4/7/2009,4.7619,106.3398
4/8/2009,4.8035,105.4488
4/9/2009,4.7869,105.3848
4/14/2009,4.7614,105.3766
4/15/2009,4.7522,105.9134
4/16/2009,4.7492,106.0185
4/17/2009,4.7224,105.1882
4/20/2009,4.7099,104.8863
4/21/2009,4.7131,104.8102
4/22/2009,4.7185,104.6274
4/23/2009,4.7274,104.4446
4/24/2009,4.7443,104.1652
4/27/2009,4.7211,104.369
4/28/2009,4.7122,104.0445
4/29/2009,4.7592,103.9292
4/30/2009,4.7259,104.0246
5/4/2009,4.6697,104.011
5/5/2009,4.7045,103.6863
5/6/2009,4.7073,103.9659
5/7/2009,4.7098,103.6869
5/8/2009,4.7216,103.7416
5/11/2009,4.7733,103.5628
5/12/2009,4.8062,102.8773
5/13/2009,4.8028,102.9407
5/14/2009,4.8115,102.9954
5/15/2009,4.7982,102.7638
5/18/2009,4.7964,103.3516
5/19/2009,4.8057,103.1587
5/20/2009,4.8428,102.901
5/21/2009,4.8605,102.6968
5/22/2009,4.8769,102.6417
5/25/2009,4.8881,102.7469
5/26/2009,4.8852,102.5522
5/27/2009,4.8702,102.7651
5/28/2009,4.8669,102.6934
5/29/2009,4.9167,102.7925
6/1/2009,4.9365,102.9507
6/2/2009,4.9676,103.4365
6/3/2009,4.9504,103.1631
6/4/2009,4.922,103.2476
6/5/2009,4.9556,103.1544
6/8/2009,4.8829,103.5767
6/9/2009,4.9226,102.1293
6/10/2009,4.9294,102.673
6/11/2009,4.8996,102.5389
6/12/2009,4.9091,102.2345
6/15/2009,4.8871,102.064
6/16/2009,4.8893,102.0194
6/17/2009,4.8904,101.7657
6/18/2009,4.9284,102.1096
6/19/2009,4.9264,102.3105
6/22/2009,4.9064,102.4685
6/23/2009,4.958,102.1659
6/24/2009,4.9564,102.5527
6/25/2009,4.9292,102.2428
6/26/2009,4.9794,102.8648
6/29/2009,4.9758,102.6795
6/30/2009,4.9681,102.8306
7/1/2009,4.9604,102.627
7/2/2009,4.9452,102.3671
7/3/2009,4.9403,102.4491
7/6/2009,4.9265,103.2861
7/7/2009,4.9746,102.7732
7/8/2009,4.9522,101.6176
7/9/2009,4.986,102.1046
7/10/2009,4.9731,102.1595
7/13/2009,5.0338,102.2393
7/14/2009,5.0179,102.8256
7/15/2009,5.0206,103.1272
7/16/2009,5.0465,102.6811
7/17/2009,5.0238,103.5103
7/20/2009,5.035,102.7152
7/21/2009,5.0378,102.5071
7/22/2009,5.0421,102.8442
7/23/2009,5.0371,102.749
7/24/2009,5.0214,102.4784
7/27/2009,5.0205,102.4541
7/28/2009,4.9937,102.0866
7/29/2009,4.9836,101.9461
7/30/2009,4.9628,101.4043
7/31/2009,4.9801,101.6425
8/3/2009,5.0168,101.7943
8/4/2009,5.0265,102.3139
8/5/2009,5.0399,102.4945
8/6/2009,5.0158,101.7995
8/7/2009,5.0257,101.3026
8/10/2009,4.9771,102.1599
8/11/2009,4.973,102.4059
8/12/2009,5.0027,102.6798
8/13/2009,5.0147,103.3246
8/14/2009,5.0279,103.332
8/17/2009,4.985,103.8141
8/18/2009,4.9882,104.0836
8/19/2009,5.0048,104.8664
8/20/2009,5.0228,105.5539
8/21/2009,5.0456,105.3547
8/24/2009,5.0267,105.618
8/25/2009,5.0413,105.7231
8/26/2009,5.0287,105.6513
8/27/2009,5.0416,105.6937
8/28/2009,5.0583,105.307
8/31/2009,5.0259,105.1671
9/1/2009,5.0485,105.0329
9/2/2009,5.0332,104.9956
9/3/2009,5.0574,105.0247
9/4/2009,5.0281,105.3511
9/7/2009,5.037,105.5693
9/8/2009,5.0684,105.6494
9/9/2009,5.0776,105.2043
9/10/2009,5.082,105.2103
9/11/2009,5.097,105.1327
9/14/2009,5.108,105.0366
9/15/2009,5.1175,104.648
9/16/2009,5.107,104.8213
9/17/2009,5.1058,104.2853
9/18/2009,5.1173,104.0769
9/21/2009,5.101,103.9393
9/22/2009,5.1434,104.6214
9/23/2009,5.123,105.459
9/24/2009,5.1149,105.4767
9/25/2009,5.092,105.8547
9/28/2009,5.0982,106.0767
9/29/2009,5.0711,105.6115
9/30/2009,5.0679,105.9904
10/1/2009,5.0392,105.988
10/2/2009,5.0581,105.8855
10/5/2009,5.0579,105.4924
10/6/2009,5.057,105.5358
10/7/2009,5.0217,105.0203
10/8/2009,5.0061,105.0932
10/9/2009,5.0121,104.9595
10/12/2009,5.0201,105.0169
10/13/2009,5.0411,105.0509
10/14/2009,5.0156,104.9901
10/15/2009,4.9921,104.6859
10/16/2009,5.0131,104.7009
10/19/2009,5.0341,105.2538
10/20/2009,5.037,105.9175
10/21/2009,5.0396,105.2224
10/22/2009,5.0978,105.105
10/23/2009,5.0805,105.1283
10/26/2009,5.0757,105.0764
10/27/2009,5.0609,104.7534
10/28/2009,5.0594,104.6174
10/29/2009,5.0649,104.3264
10/30/2009,5.0505,104.3156
11/2/2009,5.0616,104.7905
11/3/2009,5.0284,104.6034
11/4/2009,5.046,104.4328
11/5/2009,5.0867,104.5504
11/6/2009,5.0553,104.7618
11/9/2009,5.065,104.4247
11/10/2009,5.066,104.4978
11/11/2009,5.0772,104.3365
11/12/2009,5.0466,104.2535
11/13/2009,5.0187,104.6328
11/16/2009,5.0395,104.2725
11/17/2009,5.0092,104.2396
11/18/2009,5.0345,104.8428
11/19/2009,5.04,104.8338
11/20/2009,5.0156,104.9895
11/23/2009,5.0524,104.9147
11/24/2009,5.0715,105.2408
11/25/2009,5.0852,105.2143
11/26/2009,5.1068,104.6936
11/27/2009,5.0587,104.8614
11/30/2009,5.0966,104.4325
12/1/2009,5.0924,104.7333
12/2/2009,5.0951,104.5626
12/3/2009,5.0962,105.3594
12/4/2009,5.0937,105.3058
12/7/2009,5.0239,104.9071
12/8/2009,5.015,104.6429
12/9/2009,5.0189,104.2792
12/10/2009,5.0045,105.6345
12/11/2009,5.0166,106.23
12/14/2009,4.9939,105.8059
12/15/2009,4.9636,105.8927
12/16/2009,4.9861,105.3312
12/17/2009,4.9304,104.9174
12/18/2009,4.9283,105.6383
12/21/2009,4.9351,105.7708
12/22/2009,4.91,106.0813
12/23/2009,4.9074,106.1043
12/24/2009,4.9385,106.0275
12/28/2009,4.9409,106.2428
12/29/2009,4.9541,106.0141
12/30/2009,4.9122,105.2303
12/31/2009,4.9326,105.456
1/4/2010,4.8887,105.4746
1/5/2010,4.8922,105.6287
1/6/2010,4.8517,105.4602
1/7/2010,4.8225,105.5087
1/8/2010,4.8207,105.6348
1/11/2010,4.8473,105.6152
1/12/2010,4.8424,105.8858
1/13/2010,4.8768,106.0663
1/14/2010,4.8376,105.9044
1/15/2010,4.8002,106.0313
1/18/2010,4.8014,106.1277
1/19/2010,4.7685,106.0002
1/20/2010,4.7547,106.2115
1/21/2010,4.7501,105.9834
1/22/2010,4.8031,106.3107
1/25/2010,4.8106,106.2106
1/26/2010,4.8206,106.1995
1/27/2010,4.8158,106.1336
1/28/2010,4.7719,106.0598
1/29/2010,4.7638,105.9395
2/1/2010,4.7509,105.8847
2/2/2010,4.7602,105.8075
2/3/2010,4.7539,105.6383
2/4/2010,4.7371,105.0985
2/5/2010,4.7152,105.4671
2/8/2010,4.7063,105.3294
2/9/2010,4.7235,106.2085
2/10/2010,4.7149,106.4201
2/11/2010,4.7018,106.556
2/12/2010,4.6423,106.352
2/15/2010,4.6609,106.4036
2/16/2010,4.6753,106.2792
2/17/2010,4.6514,106.6097
2/18/2010,4.6138,106.4731
2/19/2010,4.6147,106.4833
2/22/2010,4.6349,106.5608
2/23/2010,4.606,106.0219
2/24/2010,4.6107,106.1452
2/25/2010,4.5954,105.8535
2/26/2010,4.6175,106.4145
3/1/2010,4.5775,106.5115
3/2/2010,4.5796,107.2012
3/3/2010,4.6004,106.9158
3/4/2010,4.6075,106.9473
3/5/2010,4.569,106.917
3/8/2010,4.559,106.8765
3/9/2010,4.5301,106.5195
3/10/2010,4.5199,106.6266
3/11/2010,4.5321,106.6876
3/12/2010,4.5521,106.8111
3/15/2010,4.5507,106.9682
3/16/2010,4.5538,106.874
3/17/2010,4.533,106.8377
3/18/2010,4.5141,106.3133
3/19/2010,4.4753,106.0759
3/22/2010,4.4757,106.1883
3/23/2010,4.4876,106.2794
3/24/2010,4.4249,106.4409
3/25/2010,4.4302,106.3678
3/26/2010,4.4152,106.494
3/29/2010,4.4003,106.4537
3/30/2010,4.4066,106.4264
3/31/2010,4.3968,106.3926
4/1/2010,4.3885,106.3412
4/6/2010,4.3035,106.4445
4/7/2010,4.2841,106.5207
4/8/2010,4.258,106.9019
4/9/2010,4.2695,107.0514
4/12/2010,4.356,107.0302
4/13/2010,4.3775,106.914
4/14/2010,4.3575,107.1509
4/15/2010,4.3192,106.801
4/16/2010,4.3177,106.3963
4/19/2010,4.3224,106.0952
4/20/2010,4.3209,106.0042
4/21/2010,4.274,105.763
4/22/2010,4.2671,106.1358
4/23/2010,4.2439,105.7255
4/26/2010,4.2407,106.0684
4/27/2010,4.2362,105.7814
4/28/2010,4.2616,105.3512
4/29/2010,4.232,105.2368
4/30/2010,4.2402,104.7936
5/3/2010,4.2487,105.1119
5/4/2010,4.2048,104.963
5/5/2010,4.1751,104.4931
5/6/2010,4.1458,104.6663
5/7/2010,4.1737,104.7938
5/10/2010,4.1507,104.8433
5/11/2010,4.0792,104.5837
5/12/2010,4.069,104.0055
5/13/2010,4.0134,104.2377
5/14/2010,3.9881,104.491
5/17/2010,3.9856,104.8968
5/18/2010,3.9931,104.7795
5/19/2010,3.9908,104.6548
5/20/2010,4.04,104.7048
5/21/2010,4.1503,104.4861
5/24/2010,4.1029,104.7255
5/25/2010,4.1124,104.6262
5/26/2010,4.0823,105.3259
5/27/2010,4.0374,104.6932
5/28/2010,4.0781,104.5497
5/31/2010,4.0139,103.8407
6/1/2010,4.0203,104.3312
6/2/2010,4.0234,104.0513
6/3/2010,4.0061,104.511
6/4/2010,3.9503,104.9134
6/7/2010,3.9853,104.1765
6/8/2010,3.9737,104.6098
6/9/2010,3.9855,104.5715
6/10/2010,3.9732,104.3378
6/11/2010,3.9819,104.8345
6/14/2010,3.984,104.8137
6/15/2010,4.0036,104.4197
6/16/2010,4.0048,104.6085
6/17/2010,4.0235,104.7201
6/18/2010,4.0221,104.832
6/21/2010,3.9484,104.5558
6/22/2010,3.9403,104.3333
6/23/2010,3.9709,104.3388
6/24/2010,3.9674,104.1644
6/25/2010,3.9943,104.6247
6/28/2010,3.9744,104.7761
6/29/2010,3.9692,104.7485
6/30/2010,3.973,104.7612
7/1/2010,3.9869,105.0056
7/2/2010,4.0467,104.8075
7/5/2010,4.0206,104.633
7/6/2010,4.0322,105.0822
7/7/2010,4.0459,105.4084
7/8/2010,4.0544,105.6961
7/9/2010,4.0382,105.9253
7/12/2010,4.0281,106.1305
7/13/2010,4.0252,106.3822
7/14/2010,4.0618,106.5212
7/15/2010,4.1075,106.857
7/16/2010,4.1672,106.7154
7/19/2010,4.1786,106.9461
7/20/2010,4.1261,107.0997
7/21/2010,4.1225,107.1736
7/22/2010,4.1204,107.4233
7/23/2010,4.1238,107.4595
7/26/2010,4.1347,107.2442
7/27/2010,4.1504,107.451
7/28/2010,4.1464,107.8779
7/29/2010,4.1703,107.8584
7/30/2010,4.1442,107.8275
8/2/2010,4.133,108.0614
8/3/2010,4.1772,107.5292
8/4/2010,4.1856,107.7896
8/5/2010,4.1628,107.6195
8/6/2010,4.1465,107.6108
8/9/2010,4.1654,107.3444
8/10/2010,4.1382,107.5849
8/11/2010,4.1287,107.3852
8/12/2010,4.0736,107.435
8/13/2010,4.0554,107.6246
8/16/2010,4.0787,107.4675
8/17/2010,4.0625,107.8881
8/18/2010,4.0514,107.4916
8/19/2010,4.0107,107.7645
8/20/2010,3.9939,106.9811
8/23/2010,3.9753,106.6247
8/24/2010,3.9689,106.182
8/25/2010,3.965,106.7014
8/26/2010,3.988,106.1639
8/27/2010,3.9997,105.9901
8/30/2010,3.985,106.622
8/31/2010,3.9936,106.432
9/1/2010,4.0047,106.5054
9/2/2010,4.006,106.2325
9/3/2010,4.0035,105.7406
9/6/2010,4.0097,106.1089
9/7/2010,3.985,106.4153
9/8/2010,3.9489,106.02
9/9/2010,3.955,105.7588
9/10/2010,3.9538,106.0354
9/13/2010,3.9709,106.0737
9/14/2010,3.9935,105.8649
9/15/2010,4.0493,106.0547
9/16/2010,4.063,105.8771
9/17/2010,4.0512,105.6169
9/20/2010,4.0569,105.8467
9/21/2010,4.0685,105.3531
9/22/2010,4.1308,106.1897
9/23/2010,4.1241,106.6104
9/24/2010,4.1483,106.708
9/27/2010,4.1658,106.6781
9/28/2010,4.157,106.7871
9/29/2010,4.199,106.5843
9/30/2010,4.2101,106.2702
10/1/2010,4.2352,106.7648
10/4/2010,4.2376,106.191
10/5/2010,4.267,106.2988
10/6/2010,4.287,106.2822
10/7/2010,4.3195,105.8982
10/8/2010,4.322,105.9362
10/11/2010,4.3223,106.3588
10/12/2010,4.3,106.3762
10/13/2010,4.3172,107.0795
10/14/2010,4.3473,107.6415
10/15/2010,4.3443,105.9803
10/18/2010,4.3036,106.0827
10/19/2010,4.3081,106.0709
10/20/2010,4.3267,106.0589
10/21/2010,4.3534,106.5061
10/22/2010,4.339,105.9272
10/25/2010,4.3405,105.6269
10/26/2010,4.3079,105.1757
10/27/2010,4.296,105.0303
10/28/2010,4.3088,104.9349
10/29/2010,4.309,106.336
11/1/2010,4.3066,106.2352
11/2/2010,4.326,105.5979
11/3/2010,4.3233,105.1117
11/4/2010,4.3916,104.904
11/5/2010,4.3422,105.2271
11/8/2010,4.3038,104.5776
11/9/2010,4.3177,103.4508
11/10/2010,4.2566,104.3408
11/11/2010,4.2442,105.7113
11/12/2010,4.2652,106.3158
11/15/2010,4.2779,107.1289
11/16/2010,4.2612,106.7766
11/17/2010,4.2595,107.4644
11/18/2010,4.2612,107.4082
11/19/2010,4.266,106.7495
11/22/2010,4.2333,106.5678
11/23/2010,4.2365,106.5399
11/24/2010,4.1881,104.8
11/25/2010,4.18,105.3089
11/26/2010,4.183,105.876
11/29/2010,4.1535,105.906
11/30/2010,4.1171,105.7576
12/1/2010,4.1338,106.3538
12/2/2010,4.14,106.1792
12/3/2010,4.1698,105.4875
12/6/2010,4.179,106.2115
12/7/2010,4.2027,106.2557
12/8/2010,4.1514,106.2053
12/9/2010,4.1591,105.6293
12/10/2010,4.1518,105.7099
12/13/2010,4.1658,105.338
12/14/2010,4.2,104.9627
12/15/2010,4.199,105.5968
12/16/2010,4.154,105.7051
12/17/2010,4.1524,105.3312
12/20/2010,4.1372,104.7905
12/21/2010,4.1173,105.3211
12/22/2010,4.0985,106.1474
12/23/2010,4.0675,105.9106
12/24/2010,4.0548,105.6183
12/27/2010,4.0656,105.6097
12/28/2010,4.0832,104.0874
12/29/2010,4.0518,103.9728
12/30/2010,4.09,103.6519
12/31/2010,4.095,103.8041
1/3/2011,4.0905,102.8741
1/4/2011,4.1129,102.4522
1/5/2011,4.0565,102.3754
1/6/2011,4.017,101.8095
1/7/2011,3.9784,101.7988
1/10/2011,3.9748,102.2062
1/11/2011,3.9744,101.967
1/12/2011,3.9734,102.1091
1/13/2011,4.033,101.6035
1/14/2011,4.0886,101.6515
1/17/2011,4.0672,101.8688
1/18/2011,4.0882,101.8108
1/19/2011,4.1227,101.7435
1/20/2011,4.1231,101.176
1/21/2011,4.1374,101.184
1/24/2011,4.1513,100.4622
1/25/2011,4.1536,100.0403
1/26/2011,4.1748,100.1195
1/27/2011,4.1847,100.1183
1/28/2011,4.1877,100.16
1/31/2011,4.1891,99.618
2/1/2011,4.198,99.7173
2/2/2011,4.1945,99.7374
2/3/2011,4.1634,100.0376
2/4/2011,4.1302,99.7815
2/7/2011,4.1089,99.8363
2/8/2011,4.1335,99.8801
2/9/2011,4.1473,99.9131
2/10/2011,4.1472,98.9371
2/11/2011,4.1413,99.3155
2/14/2011,4.1026,98.8839
2/15/2011,4.1185,98.8032
2/16/2011,4.1158,98.8002
2/17/2011,4.125,98.725
2/18/2011,4.1238,98.6746
2/21/2011,4.151,99.0098
2/22/2011,4.1691,99.3016
2/23/2011,4.1838,99.0321
2/24/2011,4.2152,99.1818
2/25/2011,4.1964,99.0803
2/28/2011,4.2166,98.9838
3/1/2011,4.1897,98.5011
3/2/2011,4.1917,98.5155
3/3/2011,4.1979,99.0295
3/4/2011,4.2241,99.106
3/7/2011,4.247,99.8664
3/8/2011,4.2167,100.0051
3/9/2011,4.2237,100.3978
3/10/2011,4.1962,100.2213
3/11/2011,4.1891,100.1746
3/14/2011,4.2339,99.798
3/15/2011,4.2596,100.0875
3/16/2011,4.2637,100.2771
3/17/2011,4.2803,99.8096
3/18/2011,4.303,99.9542
3/21/2011,4.3048,99.502
3/22/2011,4.301,99.1257
3/23/2011,4.2814,99.214
3/24/2011,4.2723,98.6312
3/25/2011,4.2656,98.2672
3/28/2011,4.2482,98.3716
3/29/2011,4.2599,98.426
3/30/2011,4.2629,98.5163
3/31/2011,4.2983,98.43
4/1/2011,4.2784,98.2384
4/4/2011,4.3083,98.1551
4/5/2011,4.2866,98.1274
4/6/2011,4.3258,97.9584
4/7/2011,4.3263,98.268
4/8/2011,4.3441,98.0354
4/11/2011,4.3591,98.219
4/12/2011,4.3793,98.256
4/13/2011,4.3812,98.1718
4/14/2011,4.3577,98.4112
4/15/2011,4.3687,98.0956
4/18/2011,4.316,98.2912
4/19/2011,4.3271,98.0582
4/20/2011,4.3734,98.0795
4/21/2011,4.3861,97.7596
4/26/2011,4.3668,98.1273
4/27/2011,4.3689,98.2591
4/28/2011,4.399,98.2146
4/29/2011,4.4015,98.5993
5/2/2011,4.3962,98.6496
5/3/2011,4.3978,98.3672
5/4/2011,4.4304,98.7597
5/5/2011,4.4442,98.8828
5/6/2011,4.3539,98.7952
5/9/2011,4.3047,98.807
5/10/2011,4.2952,98.6607
5/11/2011,4.2777,98.5312
5/12/2011,4.2643,98.6348
5/13/2011,4.294,98.4585
5/16/2011,4.3228,97.9563
5/17/2011,4.32,98.2919
5/18/2011,4.3165,98.1653
5/19/2011,4.312,98.0094
5/20/2011,4.2974,98.4326
5/23/2011,4.2887,98.2459
5/24/2011,4.2971,98.3517
5/25/2011,4.3086,98.7766
5/26/2011,4.3078,99.0863
5/27/2011,4.328,98.9722
5/30/2011,4.308,98.5368
5/31/2011,4.3335,99.1061
6/1/2011,4.3318,99.1845
6/2/2011,4.3597,99.1005
6/3/2011,4.3631,99.3201
6/6/2011,4.3912,99.4598
6/7/2011,4.4059,99.064
6/8/2011,4.4211,98.5701
6/9/2011,4.4215,98.3961
6/10/2011,4.3748,98.505
6/13/2011,4.3648,98.0554
6/14/2011,4.3792,97.5528
6/15/2011,4.3405,97.2777
6/16/2011,4.2997,96.9201
6/17/2011,4.3252,97.2877
6/20/2011,4.3267,97.1731
6/21/2011,4.3586,96.9006
6/22/2011,4.3551,96.9367
6/23/2011,4.3091,97.1914
6/24/2011,4.33,97.2387
6/27/2011,4.3439,97.2459
6/28/2011,4.3507,96.9264
6/29/2011,4.3727,97.3513
6/30/2011,4.3626,97.2763
7/1/2011,4.3587,96.9477
7/4/2011,4.3519,96.8249
7/5/2011,4.3491,96.755
7/6/2011,4.3146,97.3366
7/7/2011,4.2902,97.3226
7/8/2011,4.2565,97.2254
7/11/2011,4.2343,97.2125
7/12/2011,4.2365,97.0299
7/13/2011,4.2542,97.0112
7/14/2011,4.2663,97.1912
7/15/2011,4.2523,97.4663
7/18/2011,4.2311,97.282
7/19/2011,4.2572,97.1795
7/20/2011,4.2585,97.4577
7/21/2011,4.2638,97.6817
7/22/2011,4.2756,97.2762
7/25/2011,4.2737,97.3967
7/26/2011,4.274,97.1661
7/27/2011,4.2601,97.411
7/28/2011,4.2145,97.5147
7/29/2011,4.2309,97.6569
8/1/2011,4.2373,98.1911
8/2/2011,4.1974,98.2113
8/3/2011,4.2442,97.8987
8/4/2011,4.2545,98.1084
8/5/2011,4.2699,97.7646
8/8/2011,4.313,97.7823
8/9/2011,4.3193,97.5896
8/10/2011,4.3202,97.6615
8/11/2011,4.2479,97.5761
8/12/2011,4.2779,97.4732
8/15/2011,4.2648,97.6106
8/16/2011,4.2843,97.4183
8/17/2011,4.304,97.0871
8/18/2011,4.2834,96.7416
8/19/2011,4.2889,97.071
8/22/2011,4.2778,97.1192
8/23/2011,4.2894,96.844
8/24/2011,4.2945,96.8759
8/25/2011,4.3128,96.5965
8/26/2011,4.304,96.3039
8/29/2011,4.3193,96.8613
8/30/2011,4.294,97.061
8/31/2011,4.2921,97.5007
9/1/2011,4.2384,97.6934
9/2/2011,4.23,98.0113
9/5/2011,4.2117,98.2782
9/6/2011,4.2057,98.52
9/7/2011,4.1933,98.4578
9/8/2011,4.2055,98.3484
9/9/2011,4.1534,97.9913
9/12/2011,4.1453,98.4195
9/13/2011,4.1842,98.174
9/14/2011,4.2196,98.0405
9/15/2011,4.2558,98.3246
9/16/2011,4.245,98.3081
9/19/2011,4.2608,98.1548
9/20/2011,4.2768,98.4772
9/21/2011,4.2837,98.72
9/22/2011,4.2744,98.7764
9/23/2011,4.301,99.024
9/26/2011,4.3004,99.104
9/27/2011,4.2781,99.0809
9/28/2011,4.2999,98.6341
9/29/2011,4.3288,99.0227
9/30/2011,4.3112,98.8662
10/3/2011,4.2753,99.1016
10/4/2011,4.2196,98.8227
10/5/2011,4.2492,98.6308
10/6/2011,4.2156,99.0479
10/7/2011,4.245,99.1435
10/10/2011,4.2489,99.1016
10/11/2011,4.2746,99.1031
10/12/2011,4.3038,98.8073
10/13/2011,4.3096,98.9804
10/14/2011,4.3195,98.4925
10/17/2011,4.2707,98.8678
10/18/2011,4.2854,98.5965
10/19/2011,4.2957,98.7245
10/20/2011,4.313,98.8433
10/21/2011,4.339,99.2286
10/24/2011,4.3432,99.5493
10/25/2011,4.3525,99.7385
10/26/2011,4.3766,100.2138
10/27/2011,4.3405,100.1486
10/28/2011,4.3419,100.1647
10/31/2011,4.3032,100.6842
11/1/2011,4.2525,100.6373
11/2/2011,4.325,99.671
11/3/2011,4.3171,99.2175
11/4/2011,4.3018,98.7702
11/7/2011,4.2909,99.298
11/8/2011,4.3068,99.3787
11/9/2011,4.262,98.9988
11/10/2011,4.2911,98.5942
11/11/2011,4.2969,98.6788
11/14/2011,4.2848,98.8625
11/15/2011,4.2714,99.0412
11/16/2011,4.2495,99.2337
11/17/2011,4.2577,99.1955
11/18/2011,4.2907,99.5602
11/21/2011,4.2869,99.4392
11/22/2011,4.298,98.9618
11/23/2011,4.2671,99.889
11/24/2011,4.2566,100.3893
11/25/2011,4.2296,99.9539
11/28/2011,4.242,99.5353
11/29/2011,4.2255,98.7584
11/30/2011,4.2602,98.7873
12/1/2011,4.2087,98.1185
12/2/2011,4.2276,99.2687
12/5/2011,4.208,99.0468
12/6/2011,4.199,98.7218
12/7/2011,4.185,98.7745
12/8/2011,4.2,98.1279
12/9/2011,4.214,98.1828
12/12/2011,4.1946,97.5365
12/13/2011,4.185,98.4207
12/14/2011,4.1419,99.0688
12/15/2011,4.1508,98.9179
12/16/2011,4.1485,98.5801
12/19/2011,4.1516,99.1451
12/20/2011,4.1569,98.9868
12/21/2011,4.1362,99.3428
12/22/2011,4.1261,99.4684
12/23/2011,4.1188,98.8693
12/27/2011,4.1474,99.2264
12/28/2011,4.1379,99.4875
12/29/2011,4.0981,99.4137
12/30/2011,4.1055,99.025
1/2/2012,4.1033,99.2176
1/3/2012,4.0857,99.7194
1/4/2012,4.0618,99.4469
1/5/2012,4.0389,99.537
1/6/2012,4.0161,99.3586
1/9/2012,4.0138,99.3119
1/10/2012,4.0127,99.3052
1/11/2012,3.9935,99.3522
1/12/2012,3.9991,99.6129
1/13/2012,4.0005,99.5238
1/16/2012,3.9774,99.15
1/17/2012,3.9873,99.1781
1/18/2012,4.002,99.4522
1/19/2012,4.0069,99.2566
1/20/2012,4.0016,99.4684
1/23/2012,4.013,98.8084
1/24/2012,4.0147,98.5438
1/25/2012,3.9903,98.8346
1/26/2012,3.9967,99.1454
1/27/2012,3.9941,99.0906
1/30/2012,4.0097,98.7234
1/31/2012,4.0128,98.6766
2/1/2012,4.0078,97.8621
2/2/2012,3.9505,98.1911
2/3/2012,3.9616,98.5683
2/6/2012,3.9374,98.4924
2/7/2012,3.9509,98.6385
2/8/2012,3.9878,98.9006
2/9/2012,4.0004,98.7028
2/10/2012,4.0042,98.7503
2/13/2012,4.0116,98.8969
2/14/2012,4.0073,98.7184
2/15/2012,3.9756,98.6183
2/16/2012,3.9744,98.9056
2/17/2012,3.9951,99.031
2/20/2012,4.0043,100.1412
2/21/2012,3.9997,100.6416
2/22/2012,4.0054,100.6358
2/23/2012,4.0113,100.7989
2/24/2012,4.0425,100.1047
2/27/2012,4.0499,99.6617
2/28/2012,4.0483,100.0768
2/29/2012,4.0275,100.5083
3/1/2012,3.9989,99.9814
3/2/2012,3.9701,100.1354
3/5/2012,3.9905,98.9439
3/6/2012,3.9854,98.0621
3/7/2012,3.9714,98.5504
3/8/2012,3.9772,98.8679
3/9/2012,3.9697,98.5848
3/12/2012,3.9796,99.2256
3/13/2012,3.9641,98.778
3/14/2012,3.9954,99.0922
3/15/2012,3.9941,99.2884
3/16/2012,4.0067,99.4401
3/19/2012,4.0147,99.3726
3/20/2012,4.0678,99.3863
3/21/2012,4.0692,99.8409
3/22/2012,4.0704,99.6288
3/23/2012,4.0739,99.3516
3/26/2012,4.0817,100.024
3/27/2012,4.0746,99.7832
3/28/2012,4.0834,100.2357
3/29/2012,4.0738,100.3441
3/30/2012,4.0916,100.3053
4/2/2012,4.0683,100.3741
4/3/2012,4.0607,100.1854
4/4/2012,4.0293,100.1715
4/5/2012,4.0106,100.2431
4/10/2012,4.0331,100.2252
4/11/2012,4.034,100.4021
4/12/2012,4.036,100.4573
4/13/2012,4.0197,100.5699
4/16/2012,3.9899,100.6572
4/17/2012,4.0223,100.8046
4/18/2012,4.011,100.9787
4/19/2012,4.0115,100.2588
4/20/2012,4.042,100.0465
4/23/2012,4.0279,100.5054
4/24/2012,4.0335,100.4655
4/25/2012,4.0408,100.1445
4/26/2012,4.0359,100.2434
4/27/2012,4.022,100.7605
4/30/2012,3.9986,100.5072
5/2/2012,3.9767,100.1133
5/3/2012,3.9796,99.9514
5/4/2012,3.9937,99.9966
5/7/2012,3.9803,99.5028
5/8/2012,3.9802,99.5259
5/9/2012,3.9808,99.9401
5/10/2012,3.9758,99.8161
5/11/2012,3.975,100.2773
5/14/2012,3.9644,100.1413
5/15/2012,3.9531,100.1801
5/16/2012,3.9689,100.1961
5/17/2012,3.9485,100.6043
5/18/2012,3.988,100.3633
5/21/2012,3.9952,99.9175
5/22/2012,3.9945,99.7349
5/23/2012,3.982,99.3354
5/24/2012,3.946,99.3797
5/25/2012,3.9564,99.5132
5/28/2012,3.9495,99.594
5/29/2012,3.9531,99.6918
5/30/2012,3.9329,99.3549
5/31/2012,3.938,99.2512
6/1/2012,3.9434,99.4844
6/4/2012,3.9802,99.8434
6/5/2012,3.9773,99.444
6/6/2012,3.9646,99.3797
6/7/2012,3.9843,99.6435
6/8/2012,3.9708,99.8779
6/11/2012,3.9796,99.2193
6/12/2012,3.9731,99.8062
6/13/2012,3.9814,99.6574
6/14/2012,3.999,99.9146
6/15/2012,3.9841,100.0216
6/18/2012,3.9829,100.1177
6/19/2012,3.9844,100.3385
6/20/2012,4.0101,100.4691
6/21/2012,4.0246,100.5874
6/22/2012,4.0006,101.3228
6/25/2012,3.9903,101.1235
6/26/2012,3.9801,101.7586
6/27/2012,3.9805,101.8112
6/28/2012,3.9676,101.7886
6/29/2012,3.996,101.3333
7/2/2012,3.9833,101.5932
7/3/2012,3.9628,101.4384
7/4/2012,3.9621,101.4663
7/5/2012,3.9313,101.8131
7/6/2012,3.9289,101.4474
7/9/2012,3.9194,101.4858
7/10/2012,3.9036,101.5763
7/11/2012,3.8944,101.5229
7/12/2012,3.8876,101.5257
7/13/2012,3.8815,101.7247
7/16/2012,3.8727,101.4741
7/17/2012,3.8912,101.3021
7/18/2012,3.8702,101.0583
7/19/2012,3.8667,101.4869
7/20/2012,3.8448,101.5425
7/23/2012,3.8396,101.9046
7/24/2012,3.8453,101.5393
7/25/2012,3.851,101.6606
7/26/2012,3.8766,101.4847
7/27/2012,3.8938,101.6633
7/30/2012,3.8593,101.8212
7/31/2012,3.8455,102.0511
8/1/2012,3.8301,101.6028
8/2/2012,3.8503,101.7017
8/3/2012,3.8277,101.9586
8/6/2012,3.8449,101.6093
8/7/2012,3.8576,101.6882
8/8/2012,3.8272,101.1765
8/9/2012,3.8193,100.9952
8/10/2012,3.8222,101.2252
8/13/2012,3.8524,101.1176
8/14/2012,3.8493,101.3626
8/15/2012,3.8382,101.8324
8/16/2012,3.8411,101.8025
8/17/2012,3.8649,102.1414
8/20/2012,3.848,101.978
8/21/2012,3.8713,101.9101
8/22/2012,3.8852,102.0461
8/23/2012,3.8865,102.1727
8/24/2012,3.879,102.6117
8/27/2012,3.8968,101.9602
8/28/2012,3.9137,101.9958
8/29/2012,3.9153,101.8021
8/30/2012,3.9225,101.6683
8/31/2012,3.936,101.7702
9/3/2012,3.9118,101.379
9/4/2012,3.9087,101.7668
9/5/2012,3.9262,102.0835
9/6/2012,3.9381,102.0481
9/7/2012,3.9478,102.4446
9/10/2012,3.9638,102.6664
9/11/2012,3.9512,102.2595
9/12/2012,3.964,101.8044
9/13/2012,3.978,102.0311
9/14/2012,3.977,101.767
9/17/2012,3.9853,102.4719
9/18/2012,4.003,102.6456
9/19/2012,3.9792,101.8587
9/20/2012,3.981,102.2382
9/21/2012,3.9611,102.5067
9/24/2012,3.9691,101.5863
9/25/2012,3.9714,101.9805
9/26/2012,3.9611,103.0266
9/27/2012,3.9604,103.231
9/28/2012,3.9596,103.5205
10/1/2012,3.9433,103.3042
10/2/2012,3.9462,104.5497
10/3/2012,3.9499,104.8156
10/4/2012,3.9599,104.7839
10/5/2012,3.9691,104.5091
10/8/2012,3.9813,104.5491
10/9/2012,3.9805,104.6151
10/10/2012,3.9623,104.3418
10/11/2012,3.9622,104.5385
10/12/2012,3.9658,104.4768
10/15/2012,3.9671,104.468
10/16/2012,3.9789,104.333
10/17/2012,3.9769,104.3315
10/18/2012,3.9843,104.5319
10/19/2012,3.9785,104.0331
10/22/2012,3.9868,103.6106
10/23/2012,3.9754,103.2423
10/24/2012,3.9619,103.3024
10/25/2012,3.9545,103.7051
10/26/2012,3.9435,103.5421
10/29/2012,3.9487,103.3521
10/30/2012,3.956,103.0544
10/31/2012,3.9597,103.0293
11/1/2012,3.96,102.8256
11/2/2012,3.9237,103.0981
11/5/2012,3.9142,103.0168
11/6/2012,3.9219,102.7205
11/7/2012,3.8917,102.3178
11/8/2012,3.9017,102.3822
11/9/2012,3.8903,101.8614
11/12/2012,3.9017,102.4912
11/13/2012,3.897,102.6301
11/14/2012,3.8914,103.6622
11/15/2012,3.9097,103.177
11/16/2012,3.9127,103.2715
11/19/2012,3.9101,102.4942
11/20/2012,3.9169,104.0486
11/21/2012,3.919,103.9901
11/22/2012,3.9465,103.5234
11/23/2012,3.9485,103.2168
11/26/2012,3.9605,103.2014
11/27/2012,3.9492,104.0848
11/28/2012,3.9351,104.3073
11/29/2012,3.9569,104.0473
11/30/2012,3.9475,103.8577
12/3/2012,3.9727,103.4952
12/4/2012,3.983,103.6007
12/5/2012,3.9735,103.3955
12/6/2012,3.9845,103.6048
12/7/2012,3.9434,104.0422
12/10/2012,3.9583,104.1224
12/11/2012,3.972,104.0505
12/12/2012,3.9792,104.2853
12/13/2012,3.9946,104.3978
12/14/2012,3.9982,104.2307
12/17/2012,4.0264,104.4569
12/18/2012,4.0236,104.2481
12/19/2012,4.0618,104.1777
12/20/2012,4.0473,104.208
12/21/2012,4.043,104.039
12/24/2012,4.0511,104.4236
12/27/2012,4.0598,103.9845
12/28/2012,4.0357,104.0425
12/31/2012,4.0347,104.1493
1/2/2013,4.0255,103.8446
1/3/2013,3.9719,103.5195
1/4/2013,3.9657,103.6158
1/7/2013,3.9684,103.8942
1/8/2013,3.9817,103.8733
1/9/2013,3.9682,103.8869
1/10/2013,3.9727,104.0435
1/11/2013,4.0101,103.1237
1/14/2013,4.025,102.869
1/15/2013,4.0114,102.8399
1/16/2013,4.009,103.2221
1/17/2013,4.0311,102.8142
1/18/2013,4.014,102.7135
1/21/2013,4.0434,102.9973
1/22/2013,4.0517,103.2377
1/23/2013,4.0569,103.3851
1/24/2013,4.0682,103.3931
1/25/2013,4.1114,103.3997
1/28/2013,4.095,103.2503
1/29/2013,4.1421,102.8871
1/30/2013,4.1756,102.7989
1/31/2013,4.2086,102.5591
2/1/2013,4.2452,102.3885
2/4/2013,4.208,102.3861
2/5/2013,4.1908,102.3945
2/6/2013,4.1864,102.4356
2/7/2013,4.2002,102.2261
2/8/2013,4.1435,102.2653
2/11/2013,4.1492,102.1875
2/12/2013,4.1657,102.1492
2/13/2013,4.1659,102.4964
2/14/2013,4.117,102.7256
2/15/2013,4.1228,102.455
2/18/2013,4.1384,102.2608
2/19/2013,4.144,102.3994
2/20/2013,4.14,102.2106
2/21/2013,4.0975,102.0356
2/22/2013,4.0896,101.5684
2/25/2013,4.1219,101.3575
2/26/2013,4.0566,101.3913
2/27/2013,4.061,101.1658
2/28/2013,4.0617,100.7861
3/1/2013,4.0262,100.6161
3/4/2013,4.0413,100.3258
3/5/2013,4.044,100.2012
3/6/2013,4.0497,100.7811
3/7/2013,4.043,100.6996
3/8/2013,4.0658,100.2272
3/11/2013,4.0414,100.2273
3/12/2013,4.0582,100.9318
3/13/2013,4.0345,100.7838
3/14/2013,4.0246,100.6025
3/15/2013,4.0877,100.8545
3/18/2013,4.0487,101.4562
3/19/2013,4.0409,101.4356
3/20/2013,4.0421,102.0967
3/21/2013,4.03,101.9803
3/22/2013,4.0295,101.8744
3/25/2013,4.008,102.2219
3/26/2013,3.982,102.0089
3/27/2013,3.9551,102.3675
3/28/2013,3.965,102.5608
4/2/2013,3.9519,102.348
4/3/2013,3.954,102.5791
4/4/2013,3.9478,102.4639
4/5/2013,3.9616,102.3006
4/8/2013,3.9818,102.0892
4/9/2013,3.9595,102.0161
4/10/2013,3.9648,102.1233
4/11/2013,3.9796,102.4495
4/12/2013,3.9662,102.2932
4/15/2013,3.9766,102.3271
4/16/2013,3.9913,102.1704
4/17/2013,3.9848,102.5029
4/18/2013,3.9579,102.6276
4/19/2013,3.9811,102.4006
4/22/2013,3.9746,101.9631
4/23/2013,3.9718,101.9463
4/24/2013,3.9644,101.6294
4/25/2013,3.9728,101.5091
4/26/2013,3.9444,101.2745
4/29/2013,3.9766,101.4595
4/30/2013,3.9764,101.701
5/2/2013,4.0238,101.4305
5/3/2013,3.979,101.1855
5/6/2013,3.9026,101.14
5/7/2013,3.907,100.8012
5/8/2013,3.8903,101.0406
5/9/2013,3.9084,100.7888
5/10/2013,3.8799,100.7071
5/13/2013,3.889,100.2427
5/14/2013,3.8787,100.3265
5/15/2013,3.8612,99.8875
5/16/2013,3.8818,99.4825
5/17/2013,3.889,99.5988
5/20/2013,3.8739,100.1762
5/21/2013,3.8855,100.2839
5/22/2013,3.9047,100.3399
5/23/2013,3.906,100.3224
5/24/2013,3.9263,100.3881
5/27/2013,3.919,100.379
5/28/2013,3.935,100.4904
5/29/2013,3.9873,100.4455
5/30/2013,3.9855,100.6517
5/31/2013,4.0267,101.0197
6/3/2013,4.0312,100.9937
6/4/2013,4.0513,101.292
6/5/2013,4.0236,101.3793
6/6/2013,4.0478,100.9506
6/7/2013,4.102,101.2549
6/10/2013,4.1476,100.6357
6/11/2013,4.1883,101.0743
6/12/2013,4.1577,101.2918
6/13/2013,4.1712,101.2144
6/14/2013,4.1445,101.0816
6/17/2013,4.1759,101.0896
6/18/2013,4.2195,101.4205
6/19/2013,4.225,100.9517
6/20/2013,4.2288,100.756
6/21/2013,4.2222,101.1722
6/24/2013,4.2112,101.0415
6/25/2013,4.1799,100.9389
6/26/2013,4.178,101.3482
6/27/2013,4.1362,101.1414
6/28/2013,4.134,101.2372
7/1/2013,4.1256,101.689
7/2/2013,4.123,102.0914
7/3/2013,4.1295,102.5705
7/4/2013,4.1298,102.4299
7/5/2013,4.1077,102.5976
7/8/2013,4.1144,101.7883
7/9/2013,4.0986,101.5424
7/10/2013,4.0743,101.7345
7/11/2013,4.1327,101.8215
7/12/2013,4.1416,101.7751
7/15/2013,4.1513,101.6961
7/16/2013,4.1672,102.4204
7/17/2013,4.1924,102.6403
7/18/2013,4.1809,102.4443
7/19/2013,4.1915,102.2189
7/22/2013,4.1873,102.4269
7/23/2013,4.1893,102.6032
7/24/2013,4.2222,102.3261
7/25/2013,4.2227,101.9517
7/26/2013,4.2534,102.1354
7/29/2013,4.2809,102.4946
7/30/2013,4.2848,102.9365
7/31/2013,4.3153,102.931
8/1/2013,4.2918,103.6001
8/2/2013,4.3075,103.4418
8/5/2013,4.284,103.9642
8/6/2013,4.3116,103.1546
8/7/2013,4.3301,102.956
8/8/2013,4.3373,102.6509
8/9/2013,4.3522,103.3144
8/12/2013,4.314,102.6584
8/13/2013,4.3305,102.8102
8/14/2013,4.3351,103.5732
8/15/2013,4.3581,103.6195
8/16/2013,4.3718,104.007
8/19/2013,4.3863,104.4694
8/20/2013,4.4006,104.5064
8/21/2013,4.408,104.4774
8/22/2013,4.4172,104.5138
8/23/2013,4.4085,104.5339
8/26/2013,4.4187,104.7589
8/27/2013,4.4429,104.7815
8/28/2013,4.4506,104.7391
8/29/2013,4.3754,104.8511
8/30/2013,4.3554,104.5162
9/2/2013,4.322,104.474
9/3/2013,4.3301,104.2789
9/4/2013,4.3254,104.3132
9/5/2013,4.3656,104.2824
9/6/2013,4.3666,104.1156
9/9/2013,4.3428,104.2481
9/10/2013,4.338,104.1354
9/11/2013,4.3299,103.9318
9/12/2013,4.3521,103.6596
9/13/2013,4.376,103.7138
9/16/2013,4.3945,103.7546
9/17/2013,4.3327,103.6822
9/18/2013,4.3186,103.5558
9/19/2013,4.2714,103.6506
9/20/2013,4.2772,103.3826
9/23/2013,4.3145,103.5396
9/24/2013,4.334,103.5578
9/25/2013,4.3512,103.4713
9/26/2013,4.3391,103.2526
9/27/2013,4.3692,103.3486
9/30/2013,4.4103,103.3249
10/1/2013,4.3855,103.2067
10/2/2013,4.3625,103.1396
10/3/2013,4.3437,103.1576
10/4/2013,4.3207,103.1915
10/7/2013,4.3228,103.3128
10/8/2013,4.3274,103.2021
10/9/2013,4.3222,103.0917
10/10/2013,4.312,102.9892
10/11/2013,4.3124,102.9149
10/14/2013,4.315,103.1221
10/15/2013,4.2928,103.0907
10/16/2013,4.3013,102.7727
10/17/2013,4.3049,103.2918
10/18/2013,4.3197,103.4558
10/21/2013,4.332,102.9459
10/22/2013,4.3392,102.6278
10/23/2013,4.3562,102.6486
10/24/2013,4.3454,102.1339
10/25/2013,4.3488,102.1116
10/28/2013,4.322,101.7828
10/29/2013,4.3304,101.9422
10/30/2013,4.329,101.9731
10/31/2013,4.3043,101.9928
11/1/2013,4.2923,102.3485
11/4/2013,4.2929,102.2196
11/5/2013,4.2819,102.1468
11/6/2013,4.2971,101.9922
11/7/2013,4.2503,101.9774
11/8/2013,4.269,101.9435
11/11/2013,4.2858,102.2163
11/12/2013,4.3148,102.148
11/13/2013,4.3085,102.4043
11/14/2013,4.3064,102.6161
11/15/2013,4.3103,102.9549
11/18/2013,4.3053,102.9812
11/19/2013,4.2916,103.0528
11/20/2013,4.3021,102.9751
11/21/2013,4.3178,102.8637
11/22/2013,4.3539,102.7351
11/25/2013,4.3506,102.7549
11/26/2013,4.3625,102.9456
11/27/2013,4.3922,103.1809
11/28/2013,4.3936,103.4475
11/29/2013,4.3905,103.2753
12/2/2013,4.3437,103.2997
12/3/2013,4.3667,103.2226
12/4/2013,4.3834,103.1239
12/5/2013,4.3883,103.2222
12/6/2013,4.4192,103.1941
12/9/2013,4.4031,103.1284
12/10/2013,4.4094,103.4092
12/11/2013,4.4249,103.3454
12/12/2013,4.4466,103.4198
12/13/2013,4.4425,103.2902
12/16/2013,4.4626,103.1294
12/17/2013,4.4714,103.3089
12/18/2013,4.4808,103.1432
12/19/2013,4.477,103.4075
12/20/2013,4.4898,103.3489
12/23/2013,4.5117,103.3619
12/24/2013,4.5085,103.4224
12/27/2013,4.5416,103.363
12/30/2013,4.5408,103.2017
12/31/2013,4.5221,102.9168
1/2/2014,4.4954,102.9339
1/3/2014,4.476,102.9948
1/6/2014,4.4681,102.7826
1/7/2014,4.4798,102.5628
1/8/2014,4.4526,102.3088
1/9/2014,4.462,102.2528
1/10/2014,4.4423,101.669
1/13/2014,4.455,101.8937
1/14/2014,4.4607,101.8687
1/15/2014,4.4713,101.9606
1/16/2014,4.4834,101.8202
1/17/2014,4.4772,101.7954
1/20/2014,4.5004,101.4174
1/21/2014,4.5152,100.6783
1/22/2014,4.5199,101.2763
1/23/2014,4.5425,101.3541
1/24/2014,4.5902,101.2274
1/27/2014,4.5652,101.0946
1/28/2014,4.5517,101.2837
1/29/2014,4.5365,100.9999
1/30/2014,4.5417,100.7823
1/31/2014,4.5245,100.7006
2/3/2014,4.5519,100.379
2/4/2014,4.4999,99.7917
2/5/2014,4.4855,99.8086
2/6/2014,4.4883,99.2133
2/7/2014,4.5295,99.0977
2/10/2014,4.5604,98.9038
2/11/2014,4.5579,98.9692
2/12/2014,4.5096,99.087
2/13/2014,4.5435,99.326
2/14/2014,4.516,99.4886
2/17/2014,4.513,99.4792
2/18/2014,4.5278,99.5914
2/19/2014,4.529,99.3882
2/20/2014,4.536,99.6629
2/21/2014,4.5158,99.7052
2/24/2014,4.5104,99.8033
2/25/2014,4.512,99.6062
2/26/2014,4.4957,99.6447
2/27/2014,4.4793,99.6727
2/28/2014,4.5265,99.6137
3/3/2014,4.5222,99.569
3/4/2014,4.5049,99.533
3/5/2014,4.4932,99.4308
3/6/2014,4.482,99.6601
3/7/2014,4.5246,99.822
3/10/2014,4.5575,99.8846
3/11/2014,4.5434,99.5833
3/12/2014,4.5685,99.6216
3/13/2014,4.5646,99.7941
3/14/2014,4.5541,99.7132
3/17/2014,4.557,99.4516
3/18/2014,4.555,99.6759
3/19/2014,4.5667,99.8036
3/20/2014,4.5365,99.7514
3/21/2014,4.5591,99.6537
3/24/2014,4.547,99.6512
3/25/2014,4.5584,99.5103
3/26/2014,4.5498,99.4792
3/27/2014,4.5264,99.5104
3/28/2014,4.4891,99.1882
3/31/2014,4.4976,99.1548
4/1/2014,4.5039,99.0987
4/2/2014,4.5176,99.0466
4/3/2014,4.5223,99.1935
4/4/2014,4.4939,99.2271
4/7/2014,4.4847,99.0867
4/8/2014,4.4628,99.1891
4/9/2014,4.452,99.0937
4/10/2014,4.4735,99.0484
4/11/2014,4.4904,99.0511
4/14/2014,4.4947,99.3024
4/15/2014,4.4777,99.2894
4/16/2014,4.4871,99.5709
4/17/2014,4.4861,99.437
4/22/2014,4.5128,99.5872
4/23/2014,4.5197,99.5113
4/24/2014,4.5184,99.5355
4/25/2014,4.5234,99.6273
4/28/2014,4.5303,99.9208
4/29/2014,4.5059,99.7826
4/30/2014,4.5212,99.8135
5/2/2014,4.5218,99.4186
5/5/2014,4.5177,98.9785
5/6/2014,4.5377,99.0894
5/7/2014,4.5228,99.1008
5/8/2014,4.5357,99.2028
5/9/2014,4.4492,99.2935
5/12/2014,4.4582,99.0721
5/13/2014,4.4377,99.1301
5/14/2014,4.4209,99.111
5/15/2014,4.4064,98.9732
5/16/2014,4.4189,99.1962
5/19/2014,4.4036,98.9467
5/20/2014,4.4109,98.9995
5/21/2014,4.3982,99.2621
5/22/2014,4.3904,99.0851
5/23/2014,4.3753,99.107
5/26/2014,4.3768,99.1701
5/27/2014,4.3901,99.1692
5/28/2014,4.3861,99.3114
5/29/2014,4.3735,99.1815
5/30/2014,4.3765,98.9772
6/2/2014,4.394,99.1254
6/3/2014,4.4059,99.2423
6/4/2014,4.4179,99.4876
6/5/2014,4.3758,99.6534
6/6/2014,4.3821,99.2962
6/9/2014,4.3518,99.6117
6/10/2014,4.3452,99.3168
6/11/2014,4.354,99.1731
6/12/2014,4.3493,99.3614
6/13/2014,4.3576,99.5434
6/16/2014,4.365,99.7355
6/17/2014,4.3738,99.8383
6/18/2014,4.3852,99.6845
6/19/2014,4.3813,99.7046
6/20/2014,4.3801,99.8161
6/23/2014,4.3691,99.8542
6/24/2014,4.3761,99.7452
6/25/2014,4.3902,99.8494
6/26/2014,4.3809,99.8575
6/27/2014,4.3754,99.6551
6/30/2014,4.3856,99.8139
7/1/2014,4.3893,99.5342
7/2/2014,4.3706,99.4082
7/3/2014,4.3596,99.8822
7/4/2014,4.3291,99.8247
7/7/2014,4.3353,99.8685
7/8/2014,4.3102,100.0354
7/9/2014,4.318,100.4232
7/10/2014,4.3326,99.9526
7/11/2014,4.3319,100.1464
7/14/2014,4.336,100.0615
7/15/2014,4.3451,100.4753
7/16/2014,4.3154,100.3284
7/17/2014,4.2985,99.9551
7/18/2014,4.3032,99.5843
7/21/2014,4.2883,99.6677
7/22/2014,4.2805,99.6748
7/23/2014,4.2654,99.5701
7/24/2014,4.2827,99.6454
7/25/2014,4.2655,99.5184
7/28/2014,4.2679,99.7996
7/29/2014,4.263,100.0777
7/30/2014,4.2651,99.8343
7/31/2014,4.2769,100.1965
8/1/2014,4.3025,99.6324
8/4/2014,4.2977,99.7096
8/5/2014,4.2655,99.6753
8/6/2014,4.2704,100.1637
8/7/2014,4.2875,100.2497
8/8/2014,4.2843,100.223
8/11/2014,4.282,100.4722
8/12/2014,4.2671,100.4673
8/13/2014,4.2658,100.2746
8/14/2014,4.2411,99.9881
8/15/2014,4.2232,100.1624
8/18/2014,4.2246,100.6858
8/19/2014,4.2165,100.4
8/20/2014,4.207,100.4761
8/21/2014,4.2064,100.1654
8/22/2014,4.1981,100.5094
8/25/2014,4.1746,100.5335
8/26/2014,4.165,100.4164
8/27/2014,4.1459,100.325
8/28/2014,4.161,100.4429
8/29/2014,4.1648,100.6489
9/1/2014,4.1495,100.4122
9/2/2014,4.1766,100.2126
9/3/2014,4.1844,100.1499
9/4/2014,4.1325,100.455
9/5/2014,4.1207,100.3476
9/8/2014,4.1116,100.1928
9/9/2014,4.12,100.3502
9/10/2014,4.1422,100.8915
9/11/2014,4.1337,100.7072
9/12/2014,4.1308,100.8978
9/15/2014,4.1706,100.8423
9/16/2014,4.1745,100.6336
9/17/2014,4.1742,100.4306
9/18/2014,4.1898,100.4771
9/19/2014,4.1606,100.4493
9/22/2014,4.167,100.8531
9/23/2014,4.1836,100.6609
9/24/2014,4.156,100.4986
9/25/2014,4.1433,100.6378
9/26/2014,4.1518,100.3028
9/29/2014,4.144,100.3497
9/30/2014,4.1314,100.7283
10/1/2014,4.1199,100.4582
10/2/2014,4.108,100.4602
10/3/2014,4.1201,100.0715
10/6/2014,4.0996,99.8102
10/7/2014,4.1158,99.6648
10/8/2014,4.1388,100.112
10/9/2014,4.1343,100.1104
10/10/2014,4.1172,100.1852
10/13/2014,4.1356,100.2691
10/14/2014,4.1376,100.2058
10/15/2014,4.1489,100.0324
10/16/2014,4.2025,100.1394
10/17/2014,4.1958,100.188
10/20/2014,4.1774,99.9852
10/21/2014,4.1648,99.8308
10/22/2014,4.1411,99.8759
10/23/2014,4.144,99.7334
10/24/2014,4.1496,99.8689
10/27/2014,4.1543,99.99
10/28/2014,4.1716,100.0078
10/29/2014,4.1653,99.8793
10/30/2014,4.1396,100.2495
10/31/2014,4.121,100.1411
11/3/2014,4.1452,100.1721
11/4/2014,4.1659,100.1342
11/5/2014,4.1798,99.8887
11/6/2014,4.176,99.8551
11/7/2014,4.1467,99.9674
11/10/2014,4.1585,99.6337
11/11/2014,4.1562,99.7579
11/12/2014,4.1526,99.7166
11/13/2014,4.1557,99.4863
11/14/2014,4.1769,99.358
11/17/2014,4.1874,99.1315
11/18/2014,4.1961,99.021
11/19/2014,4.2119,98.7044
11/20/2014,4.2218,98.6437
11/21/2014,4.1463,98.2972
11/24/2014,4.1618,98.5643
11/25/2014,4.1651,98.4008
11/26/2014,4.1806,98.2129
11/27/2014,4.1764,98.2981
11/28/2014,4.234,98.2528
12/1/2014,4.272,98.8884
12/2/2014,4.2705,98.8474
12/3/2014,4.2505,98.5887
12/4/2014,4.2454,98.8316
12/5/2014,4.2911,99.0068
12/8/2014,4.2815,98.5474
12/9/2014,4.3049,98.7484
12/10/2014,4.3088,98.7481
12/11/2014,4.3385,98.6244
12/12/2014,4.3502,98.9805
12/15/2014,4.3525,98.8342
12/16/2014,4.3769,98.576
12/17/2014,4.34,99.2122
12/18/2014,4.2521,99.4721
12/19/2014,4.2668,99.5006
12/22/2014,4.2839,99.311
12/23/2014,4.2697,99.3908
12/24/2014,4.2729,99.359
12/29/2014,4.2659,99.5764
12/30/2014,4.2559,99.4181
12/31/2014,4.2473,99.1742
1/2/2015,4.2349,99.0978
1/5/2015,4.2215,99.1228
1/6/2015,4.255,99.0449
1/7/2015,4.2376,99.2786
1/8/2015,4.189,99.8863
1/9/2015,4.2054,99.93
1/12/2015,4.2105,100.4047
1/13/2015,4.2322,100.304
1/14/2015,4.2317,100.1847
1/15/2015,4.1689,100.2212
1/16/2015,4.1234,100.4492
1/19/2015,4.1447,100.3154
1/20/2015,4.1771,100.2635
1/21/2015,4.1828,100.1006
1/22/2015,4.1617,100.3633
1/23/2015,4.0281,100.2515
1/26/2015,4.0584,100.1338
1/27/2015,4.0741,100.4713
1/28/2015,4.1048,100.1859
1/29/2015,4.1089,100.4545
1/30/2015,4.11,100.3169
2/2/2015,4.0989,100.4518
2/3/2015,4.0819,100.4195
2/4/2015,4.0824,100.2814
2/5/2015,4.0605,100.1466
2/6/2015,4.0347,100.1622
2/9/2015,4.0142,100.2944
2/10/2015,4.0434,100.135
2/11/2015,4.0918,99.9554
2/12/2015,4.0874,99.5834
2/13/2015,4.0683,99.6891
2/16/2015,4.0846,99.5341
2/17/2015,4.0919,99.2598
2/18/2015,4.12,99.2517
2/19/2015,4.1309,99.4725
2/20/2015,4.1221,99.5473
2/23/2015,4.1093,99.7764
2/24/2015,4.1257,99.6099
2/25/2015,4.0908,99.7235
2/26/2015,4.0483,99.7659
2/27/2015,4.0576,99.8296
3/2/2015,4.0771,99.4805
3/3/2015,4.0597,99.5764
3/4/2015,4.0629,99.6278
3/5/2015,4.0416,99.4519
3/6/2015,3.9923,99.3338
3/9/2015,3.9943,99.0702
3/10/2015,3.9786,99.2099
3/11/2015,3.9109,99.3457
3/12/2015,3.9061,99.5302
3/13/2015,3.9021,99.5651
3/16/2015,3.9074,99.2479
3/17/2015,3.9311,99.1158
3/18/2015,3.9292,99.2946
3/19/2015,3.9555,99.3614
3/20/2015,4.0199,99.1619
3/23/2015,4.032,98.8105
3/24/2015,3.9951,98.5361
3/25/2015,4.0271,98.531
3/26/2015,4.0212,98.6473
3/27/2015,3.9994,98.4308
3/30/2015,4.0246,98.3425
3/31/2015,3.9873,98.1052
4/1/2015,3.9785,98.3346
4/2/2015,3.964,98.0751
4/7/2015,3.9527,98.0207
4/8/2015,3.9431,98.1245
4/9/2015,3.906,98.016
4/10/2015,3.876,97.9752
4/13/2015,3.9172,97.9864
4/14/2015,3.9092,98.2879
4/15/2015,3.9206,98.8073
4/16/2015,3.9046,98.8345
4/17/2015,3.911,98.5338
4/20/2015,3.893,98.3178
4/21/2015,3.8859,98.3281
4/22/2015,3.8619,98.4668
4/23/2015,3.9067,98.2731
4/24/2015,3.8686,98.1621
4/27/2015,3.8533,98.5081
4/28/2015,3.8755,98.2871
4/29/2015,3.9178,98.0187
4/30/2015,3.9895,97.9558
