Date,THB,NEER
4/1/2005,50.745,90.1973
4/4/2005,50.939,89.6547
4/5/2005,50.79,89.64
4/6/2005,50.872,89.7289
4/7/2005,51.196,89.3811
4/8/2005,50.896,89.4874
4/11/2005,51.365,89.2333
4/12/2005,51.511,89.0523
4/13/2005,51.042,89.397
4/14/2005,50.943,89.2597
4/15/2005,51.075,89.3752
4/18/2005,51.317,89.4386
4/19/2005,51.395,89.3396
4/20/2005,51.402,89.4372
4/21/2005,51.716,89.0781
4/22/2005,51.595,89.1054
4/25/2005,51.093,89.2685
4/26/2005,51.257,89.0735
4/27/2005,51.143,89.0211
4/28/2005,51.06,88.9968
4/29/2005,51.11,88.9628
5/2/2005,50.83,88.9897
5/3/2005,50.827,88.9635
5/4/2005,51.138,88.7116
5/5/2005,51.124,88.7147
5/6/2005,51.033,88.9148
5/9/2005,50.704,89.0191
5/10/2005,50.767,89.0866
5/11/2005,50.699,89.2862
5/12/2005,50.367,89.47
5/13/2005,49.948,89.6593
5/16/2005,50.312,89.1268
5/17/2005,50.371,89.0395
5/18/2005,50.326,89.0485
5/19/2005,50.456,88.8863
5/20/2005,50.372,88.9615
5/23/2005,50.303,88.6951
5/24/2005,50.487,88.4935
5/25/2005,50.486,88.1958
5/26/2005,50.599,87.9211
5/27/2005,50.779,88.0251
5/30/2005,50.37,87.9362
5/31/2005,50.058,87.9865
6/1/2005,49.864,87.754
6/2/2005,49.894,87.9241
6/3/2005,50.035,87.8965
6/6/2005,49.79,87.7692
6/7/2005,49.765,87.7349
6/8/2005,49.995,87.9101
6/9/2005,49.821,87.9866
6/10/2005,49.701,87.8778
6/13/2005,49.345,87.8859
6/14/2005,49.562,87.7434
6/15/2005,49.423,87.2011
6/16/2005,49.599,87.2016
6/17/2005,50.058,87.2521
6/20/2005,50.195,87.1382
6/21/2005,49.837,87.5146
6/22/2005,49.883,87.5696
6/23/2005,49.485,87.3392
6/24/2005,49.595,87.4445
6/27/2005,49.976,87.504
6/28/2005,49.892,87.6084
6/29/2005,49.803,87.7683
6/30/2005,49.938,87.5486
7/1/2005,49.923,87.3435
7/4/2005,49.296,86.659
7/5/2005,49.386,86.5117
7/6/2005,49.572,86.6438
7/7/2005,49.843,86.5754
7/8/2005,50.161,86.7488
7/11/2005,50.483,86.9264
7/12/2005,50.815,86.8898
7/13/2005,50.925,86.8393
7/14/2005,50.498,86.5551
7/15/2005,50.428,86.9587
7/18/2005,50.398,87.0705
7/19/2005,50.225,87.2312
7/20/2005,50.737,87.2115
7/21/2005,50.474,86.9813
7/22/2005,50.238,86.5034
7/25/2005,49.975,86.7826
7/26/2005,49.818,86.6915
7/27/2005,49.99,86.9302
7/28/2005,50.6,86.9174
7/29/2005,50.385,87.0515
8/1/2005,50.78,87.0241
8/2/2005,50.536,87.2206
8/3/2005,50.803,87.1805
8/4/2005,50.787,87.4672
8/5/2005,51.028,87.3886
8/8/2005,50.89,87.3344
8/9/2005,50.969,86.7951
8/10/2005,50.682,86.7738
8/11/2005,50.747,87.036
8/12/2005,50.849,87.2057
8/15/2005,50.733,87.4486
8/16/2005,50.721,87.6296
8/17/2005,50.727,87.4671
8/18/2005,50.411,87.4869
8/19/2005,50.265,87.4929
8/22/2005,50.174,87.3732
8/23/2005,50.155,87.4612
8/24/2005,50.265,87.4481
8/25/2005,50.409,87.4239
8/26/2005,50.481,87.0536
8/29/2005,50.655,86.9867
8/30/2005,50.379,87.3721
8/31/2005,50.441,87.4283
9/1/2005,50.927,87.3369
9/2/2005,51.491,87.7424
9/5/2005,51.335,87.7681
9/6/2005,51.303,87.6249
9/7/2005,51.03,87.7624
9/8/2005,50.934,87.8069
9/9/2005,50.908,87.8827
9/12/2005,50.29,87.7947
9/13/2005,50.293,87.8098
9/14/2005,50.375,88.0359
9/15/2005,50.059,87.9445
9/16/2005,50.178,88.187
9/19/2005,49.895,88.3053
9/20/2005,49.9,88.3762
9/21/2005,50.171,88.5052
9/22/2005,50.163,88.6212
9/23/2005,49.75,88.7226
9/26/2005,49.646,88.759
9/27/2005,49.529,88.7659
9/28/2005,49.554,88.8908
9/29/2005,49.529,89.0844
9/30/2005,49.44,89.0878
10/3/2005,49.12,89.2782
10/4/2005,49.081,89.3248
10/5/2005,49.032,89.3781
10/6/2005,49.428,89.7027
10/7/2005,49.586,89.4299
10/10/2005,49.353,89.5999
10/11/2005,49.162,89.4793
10/12/2005,49.175,89.5093
10/13/2005,49.056,89.5054
10/14/2005,49.078,89.4913
10/17/2005,49.124,89.4513
10/18/2005,48.8,89.4201
10/19/2005,48.961,89.7188
10/20/2005,48.874,89.8272
10/21/2005,49.115,89.7458
10/24/2005,48.913,89.7738
10/25/2005,49.103,89.8557
10/26/2005,49.257,89.6513
10/27/2005,49.452,89.4764
10/28/2005,49.507,89.6251
10/31/2005,49.038,89.7847
11/1/2005,48.975,89.9078
11/2/2005,48.969,89.9752
11/3/2005,49.163,89.833
11/4/2005,48.907,89.9172
11/7/2005,48.524,89.7014
11/8/2005,48.367,89.8976
11/9/2005,48.366,89.6798
11/10/2005,48.399,89.7529
11/11/2005,48.114,89.7351
11/14/2005,48.228,89.6082
11/15/2005,48.07,89.6609
11/16/2005,48.094,89.7544
11/17/2005,48.146,89.5144
11/18/2005,48.129,89.4553
11/21/2005,48.64,89.4259
11/22/2005,48.241,89.6321
11/23/2005,48.488,89.4135
11/24/2005,48.544,89.3346
11/25/2005,48.462,89.4811
11/28/2005,48.387,89.1715
11/29/2005,48.589,89.1256
11/30/2005,48.522,89.1005
12/1/2005,48.442,89.1933
12/2/2005,48.451,89.3351
12/5/2005,48.682,89.4565
12/6/2005,48.744,89.6231
12/7/2005,48.384,89.4782
12/8/2005,48.548,89.4868
12/9/2005,48.674,89.3627
12/12/2005,49.177,89.621
12/13/2005,49.071,89.338
12/14/2005,49.332,89.5815
12/15/2005,49.072,89.632
12/16/2005,49.086,89.715
12/19/2005,49.016,90.4497
12/20/2005,48.896,90.5574
12/21/2005,48.632,90.6435
12/22/2005,48.413,90.6383
12/23/2005,48.527,91.3075
12/27/2005,48.522,91.237
12/28/2005,48.818,90.9504
12/29/2005,48.431,91.5074
12/30/2005,48.437,91.7943
1/2/2006,48.516,92.3163
1/3/2006,48.488,91.8509
1/4/2006,48.918,91.5088
1/5/2006,48.82,92.1375
1/6/2006,48.451,92.5312
1/9/2006,48.06,92.5048
1/10/2006,48.025,92.5812
1/11/2006,48.1,92.7259
1/12/2006,47.671,92.3545
1/13/2006,47.643,92.2516
1/16/2006,48.054,92.1618
1/17/2006,47.984,92.1458
1/18/2006,47.869,91.7807
1/19/2006,47.543,91.5637
1/20/2006,47.248,91.9063
1/23/2006,48.011,92.5512
1/24/2006,48.18,92.5172
1/25/2006,47.891,92.3222
1/26/2006,47.664,92.2632
1/27/2006,47.531,92.3797
1/30/2006,47.291,92.6365
1/31/2006,47.271,92.4169
2/1/2006,47.389,92.2861
2/2/2006,47.48,92.1654
2/3/2006,47.506,92.1169
2/6/2006,47.247,92.3669
2/7/2006,47.359,92.4779
2/8/2006,47.491,92.6911
2/9/2006,47.379,93.7297
2/10/2006,46.904,93.0846
2/13/2006,46.754,93.4047
2/14/2006,46.793,93.0096
2/15/2006,46.865,92.8553
2/16/2006,46.738,93.0979
2/17/2006,46.663,93.2405
2/20/2006,46.958,93.1153
2/21/2006,46.916,92.8232
2/22/2006,46.926,92.5289
2/23/2006,47.017,92.7228
2/24/2006,46.852,92.4869
2/27/2006,46.517,93.1969
2/28/2006,46.526,93.099
3/1/2006,46.587,92.9499
3/2/2006,46.011,92.7405
3/3/2006,46.658,93.1755
3/6/2006,46.606,93.0479
3/7/2006,46.58,93.1943
3/8/2006,46.705,93.365
3/9/2006,46.568,93.3054
3/10/2006,46.562,93.3104
3/13/2006,46.707,93.4456
3/14/2006,46.836,93.4291
3/15/2006,47.102,94.1563
3/16/2006,47.176,94.3853
3/17/2006,47.491,94.6993
3/20/2006,47.085,94.9201
3/21/2006,47.131,95.1652
3/22/2006,47.041,94.8974
3/23/2006,47.075,95.0372
3/24/2006,46.765,95.0667
3/27/2006,46.807,95.1676
3/28/2006,46.952,95.199
3/29/2006,46.789,94.9783
3/30/2006,46.991,95.0324
3/31/2006,47.008,94.6891
4/3/2006,46.867,94.6294
4/4/2006,47.233,94.7938
4/5/2006,46.978,94.6736
4/6/2006,46.976,93.9745
4/7/2006,46.436,93.8365
4/10/2006,46.144,93.6707
4/11/2006,46.082,93.3249
4/12/2006,46.235,93.456
4/13/2006,46.127,93.3066
4/18/2006,46.482,92.9626
4/19/2006,46.567,92.7546
4/20/2006,46.608,92.1259
4/21/2006,46.6,91.7983
4/24/2006,46.437,92.0613
4/25/2006,46.745,92.0834
4/26/2006,46.863,92.2469
4/27/2006,46.717,92.4157
4/28/2006,47.045,92.2864
5/2/2006,47.569,92.1712
5/3/2006,47.526,91.9077
5/4/2006,47.598,92.3947
5/5/2006,48.037,92.4465
5/8/2006,47.822,92.5755
5/9/2006,47.787,92.6367
5/10/2006,48.068,92.8551
5/11/2006,48.09,92.6731
5/12/2006,48.861,92.346
5/15/2006,49.036,92.6415
5/16/2006,48.893,92.7183
5/17/2006,48.835,92.6047
5/18/2006,48.77,92.9705
5/19/2006,48.753,92.9339
5/22/2006,48.966,93.3688
5/23/2006,49.098,93.0849
5/24/2006,49.425,93.1165
5/25/2006,48.907,93.1504
5/26/2006,48.934,93.3505
5/29/2006,48.744,93.2109
5/30/2006,48.981,93.2995
5/31/2006,49.051,93.5389
6/1/2006,48.711,93.4997
6/2/2006,48.962,93.491
6/5/2006,49.42,93.554
6/6/2006,49.071,93.3285
6/7/2006,48.965,93.4782
6/8/2006,49.03,93.2489
6/9/2006,48.532,93.3244
6/12/2006,48.323,93.533
6/13/2006,48.438,93.7541
6/14/2006,48.217,93.9937
6/15/2006,48.431,94.0634
6/16/2006,48.51,94.0621
6/19/2006,48.435,94.1926
6/20/2006,48.154,94.0456
6/21/2006,48.488,94.302
6/22/2006,48.355,94.3297
6/23/2006,48.118,94.1775
6/26/2006,48.32,94.1493
6/27/2006,48.339,94.2331
6/28/2006,48.319,94.292
6/29/2006,48.199,94.4051
6/30/2006,48.575,94.251
7/3/2006,48.685,94.0459
7/4/2006,48.454,93.815
7/5/2006,48.798,93.9194
7/6/2006,48.697,93.7415
7/7/2006,48.586,93.9659
7/10/2006,48.273,94.0702
7/11/2006,48.182,94.0918
7/12/2006,48.208,94.2431
7/13/2006,48.151,94.4233
7/14/2006,48.099,94.6599
7/17/2006,47.955,95.1664
7/18/2006,47.777,95.49
7/19/2006,47.708,95.2319
7/20/2006,48.09,94.3386
7/21/2006,48.116,94.7468
7/24/2006,48.03,94.756
7/25/2006,47.99,94.7069
7/26/2006,47.793,94.6936
7/27/2006,48.156,94.586
7/28/2006,48.064,94.897
7/31/2006,48.315,94.8525
8/1/2006,48.327,94.9948
8/2/2006,48.555,94.9206
8/3/2006,48.401,94.9529
8/4/2006,48.418,95.0876
8/7/2006,48.496,95.1402
8/8/2006,48.386,95.3668
8/9/2006,48.393,95.4279
8/10/2006,48.147,95.261
8/11/2006,47.793,95.4925
8/14/2006,47.567,95.5375
8/15/2006,47.685,95.7876
8/16/2006,47.878,95.7467
8/17/2006,48.444,96.0546
8/18/2006,48.084,94.7701
8/21/2006,48.389,95.3108
8/22/2006,48.192,95.1691
8/23/2006,48.184,95.1483
8/24/2006,48.337,95.1587
8/25/2006,48.072,95.2516
8/28/2006,48.196,95.2707
8/29/2006,48.068,95.3563
8/30/2006,48.17,95.3032
8/31/2006,48.241,95.1572
9/1/2006,48.077,95.3124
9/4/2006,48.002,95.122
9/5/2006,47.845,95.5357
9/6/2006,47.769,96.0499
9/7/2006,47.548,96.1085
9/8/2006,47.61,96.0544
9/11/2006,47.622,96.0532
9/12/2006,47.614,96.037
9/13/2006,47.389,96.0706
9/14/2006,47.518,96.0349
9/15/2006,47.225,96.1834
9/18/2006,47.297,96.1794
9/19/2006,47.142,96.4823
9/20/2006,47.824,96.6501
9/21/2006,47.638,96.7385
9/22/2006,47.957,96.7336
9/25/2006,47.85,96.9265
9/26/2006,47.606,96.9372
9/27/2006,47.603,97.0676
9/28/2006,47.722,96.8949
9/29/2006,47.572,96.8694
10/2/2006,47.708,97.1971
10/3/2006,47.847,97.0619
10/4/2006,47.692,96.9346
10/5/2006,47.816,96.8873
10/6/2006,47.482,96.9009
10/9/2006,47.356,97.3593
10/10/2006,47.049,97.6363
10/11/2006,47.034,97.4955
10/12/2006,47.01,97.539
10/13/2006,46.985,97.2785
10/16/2006,46.875,97.2002
10/17/2006,46.825,97.2449
10/18/2006,46.884,96.9104
10/19/2006,46.873,96.5494
10/20/2006,46.987,96.7453
10/23/2006,46.761,96.9765
10/24/2006,46.676,97.5214
10/25/2006,46.691,97.8554
10/26/2006,46.835,97.6897
10/27/2006,46.764,97.6409
10/30/2006,46.707,97.9553
10/31/2006,46.639,97.984
11/1/2006,46.763,98.1351
11/2/2006,46.827,98.8727
11/3/2006,46.825,99.5152
11/6/2006,46.648,99.4948
11/7/2006,46.77,99.7167
11/8/2006,46.871,99.9526
11/9/2006,47.002,98.179
11/10/2006,47.11,98.5961
11/13/2006,46.847,98.0306
11/14/2006,46.684,96.3538
11/15/2006,46.738,96.7558
11/16/2006,46.726,97.1083
11/17/2006,46.812,98.2693
11/20/2006,47,99.2735
11/21/2006,46.886,98.3058
11/22/2006,47.133,98.9839
11/23/2006,47.319,99.24
11/24/2006,47.728,98.5228
11/27/2006,47.75,99.2616
11/28/2006,47.772,98.53
11/29/2006,47.477,98.2841
11/30/2006,47.399,98.7977
12/1/2006,47.577,98.9046
12/4/2006,47.739,98.8493
12/5/2006,47.489,99.0544
12/6/2006,47.342,100.8469
12/7/2006,47.293,100.744
12/8/2006,47.207,100.7903
12/11/2006,46.882,101.5377
12/12/2006,46.714,100.9384
12/13/2006,46.783,103.859
12/14/2006,46.515,106.6227
12/15/2006,46.253,104.7117
12/18/2006,47.022,103.8196
12/19/2006,47.073,102.9124
12/20/2006,47.4,100.7428
12/21/2006,48.159,101.3957
12/22/2006,48.019,102.6878
12/27/2006,47.776,103.4476
12/28/2006,47.252,103.2445
12/29/2006,46.77,103.7685
1/2/2007,47.462,104.4705
1/3/2007,47.043,105.3139
1/4/2007,46.625,104.9425
1/5/2007,46.841,106.3664
1/8/2007,46.371,105.735
1/9/2007,46.754,105.5432
1/10/2007,46.837,105.8583
1/11/2007,46.639,104.4825
1/12/2007,46.337,104.3293
1/15/2007,46.503,105.4407
1/16/2007,46.486,104.3971
1/17/2007,46.255,103.2309
1/18/2007,45.507,103.5773
1/19/2007,45.645,104.0515
1/22/2007,45.61,104.5165
1/23/2007,45.523,106.1454
1/24/2007,45.723,108.2794
1/25/2007,44.32,107.3338
1/26/2007,43.057,107.0075
1/29/2007,43.953,107.7537
1/30/2007,44.45,107.0465
1/31/2007,44.756,106.2012
2/1/2007,45.765,106.8004
2/2/2007,45.524,106.4498
2/5/2007,44.656,106.5533
2/6/2007,44.33,106.1821
2/7/2007,44.543,106.7634
2/8/2007,44.401,109.5144
2/9/2007,44.158,109.5273
2/12/2007,43.727,109.9576
2/13/2007,44.05,106.8453
2/14/2007,43.572,108.1989
2/15/2007,43.87,109.279
2/16/2007,43.817,108.2183
2/19/2007,44.91,108.3732
2/20/2007,43.84,107.8325
2/21/2007,44.47,107.7367
2/22/2007,44.46,107.9965
2/23/2007,44.06,107.3908
2/26/2007,44.516,107.1554
2/27/2007,45.114,106.963
2/28/2007,44.9,107.7637
3/1/2007,44.678,106.7579
3/2/2007,44.29,106.9145
3/5/2007,43.37,106.911
3/6/2007,42.597,107.0971
3/7/2007,43.037,106.8891
3/8/2007,43.248,107.1368
3/9/2007,42.969,107.2666
3/12/2007,43.259,106.93
3/13/2007,43.708,107.2295
3/14/2007,43.4,106.4263
3/15/2007,43.69,106.3682
3/16/2007,43.85,106.1639
3/19/2007,43.97,106.8073
3/20/2007,43.677,106.0016
3/21/2007,42.56,106.7892
3/22/2007,42.652,106.3386
3/23/2007,42.402,106.4959
3/26/2007,43.55,106.6158
3/27/2007,43.2,104.7745
3/28/2007,42.711,104.2275
3/29/2007,43.16,104.7152
3/30/2007,43.057,104.307
4/2/2007,43.348,104.3266
4/3/2007,43.422,105.1229
4/4/2007,43.305,106.3377
4/5/2007,43.574,105.6231
4/10/2007,43.834,106.0728
4/11/2007,43.875,106.4781
4/12/2007,43.687,105.8262
4/13/2007,44.182,106.4906
4/16/2007,44.218,105.824
4/17/2007,44.192,106.0577
4/18/2007,44.1,105.9449
4/19/2007,44.2,105.7473
4/20/2007,44.149,106.4374
4/23/2007,43.983,106.7946
4/24/2007,44.191,107.4829
4/25/2007,44.2,108.3205
4/26/2007,44.47,107.4223
4/27/2007,44.61,107.7891
4/30/2007,44.645,107.8746
5/2/2007,44.374,108.0182
5/3/2007,44.741,107.5742
5/4/2007,44.229,108.4756
5/7/2007,44.335,108.2143
5/8/2007,44.34,108.0879
5/9/2007,44.228,108.5895
5/10/2007,44.188,108.3481
5/11/2007,44.83,108.9866
5/14/2007,45.24,109.7863
5/15/2007,45.023,109.8367
5/16/2007,45.278,110.6766
5/17/2007,45.179,109.3198
5/18/2007,44.732,112.1015
5/21/2007,44.491,110.1664
5/22/2007,44.127,109.619
5/23/2007,44.517,110.7952
5/24/2007,44.222,112.9542
5/25/2007,44.057,111.6912
5/28/2007,44.171,113.5935
5/29/2007,44.492,114.5366
5/30/2007,44.015,114.4032
5/31/2007,44.337,115.346
6/1/2007,44.213,116.1062
6/4/2007,44.345,116.8162
6/5/2007,44.529,115.8762
6/6/2007,44.208,114.9821
6/7/2007,43.977,116.4675
6/8/2007,43.527,115.9879
6/11/2007,43.2,115.8762
6/12/2007,43.471,115.0809
6/13/2007,43.269,115.8221
6/14/2007,43.313,115.8485
6/15/2007,43.279,115.883
6/18/2007,43.62,114.934
6/19/2007,43.254,113.5851
6/20/2007,43.396,111.0638
6/21/2007,43.404,110.4526
6/22/2007,43.341,110.2077
6/25/2007,43.466,110.0656
6/26/2007,43.207,109.3174
6/27/2007,42.834,105.4114
6/28/2007,42.859,103.8273
6/29/2007,42.615,105.5577
7/2/2007,43.264,105.3548
7/3/2007,43.258,106.4172
7/4/2007,42.965,106.3121
7/5/2007,42.284,106.577
7/6/2007,42.981,105.3392
7/9/2007,43.24,105.542
7/10/2007,42.836,105.4645
7/11/2007,42.153,106.0332
7/12/2007,42.743,106.1807
7/13/2007,41.996,106.7753
7/16/2007,41.55,106.3694
7/17/2007,41.588,106.157
7/18/2007,41.668,105.8819
7/19/2007,41.384,105.8797
7/20/2007,41.057,105.6527
7/23/2007,40.772,105.9938
7/24/2007,41.084,106.5069
7/25/2007,41.195,106.791
7/26/2007,40.651,107.2407
7/27/2007,40.65,107.4916
7/30/2007,40.704,107.4174
7/31/2007,41.121,106.9991
8/1/2007,40.777,106.286
8/2/2007,40.787,106.7076
8/3/2007,40.826,107.0415
8/6/2007,41.385,106.6365
8/7/2007,41.888,106.3667
8/8/2007,42.853,106.7447
8/9/2007,42.896,107.0571
8/10/2007,42.809,107.3406
8/13/2007,42.91,107.2837
8/14/2007,43.079,108.2092
8/15/2007,43.728,108.2324
8/16/2007,44.169,107.8637
8/17/2007,44.903,107.6765
8/20/2007,44.22,107.9863
8/21/2007,44.385,108.0644
8/22/2007,43.908,107.9693
8/23/2007,44.206,107.0142
8/24/2007,44.156,107.3549
8/27/2007,44.753,107.2612
8/28/2007,44.652,107.1242
8/29/2007,44.594,106.6363
8/30/2007,44.344,106.5674
8/31/2007,44.528,105.8195
9/3/2007,44.065,105.8701
9/4/2007,44.101,106.004
9/5/2007,44.222,105.7164
9/6/2007,44.486,105.4238
9/7/2007,44.546,105.645
9/10/2007,44.774,106.0908
9/11/2007,44.709,104.9164
9/12/2007,44.608,105.3345
9/13/2007,44.535,104.9672
9/14/2007,44.269,104.9298
9/17/2007,44.376,105.4138
9/18/2007,44.259,105.314
9/19/2007,44.606,105.3928
9/20/2007,44.447,105.4689
9/21/2007,44.554,105.3628
9/24/2007,44.806,105.2497
9/25/2007,45.066,105.4775
9/26/2007,44.99,105.8946
9/27/2007,44.92,105.895
9/28/2007,45.063,105.9272
10/1/2007,45.3,107.3286
10/2/2007,44.969,107.6856
10/3/2007,44.95,108.0022
10/4/2007,44.655,108.2415
10/5/2007,44.691,108.2722
10/8/2007,44.228,109.924
10/9/2007,44.104,109.6082
10/10/2007,44.489,109.7293
10/11/2007,44.696,109.6827
10/12/2007,44.51,109.8153
10/15/2007,44.855,109.9017
10/16/2007,44.424,110.0061
10/17/2007,44.597,110.895
10/18/2007,45.105,110.4936
10/19/2007,44.901,109.8205
10/22/2007,44.608,109.3558
10/23/2007,44.88,109.6263
10/24/2007,44.974,110.7205
10/25/2007,45.145,111.5936
10/26/2007,45.626,111.9366
10/29/2007,45.591,111.133
10/30/2007,45.572,110.8188
10/31/2007,45.787,110.4641
11/1/2007,45.56,110.8168
11/2/2007,45.995,111.0214
11/5/2007,45.869,111.0009
11/6/2007,45.82,111.6674
11/7/2007,46.571,112.4734
11/8/2007,46.271,111.4611
11/9/2007,46.316,110.5878
11/12/2007,46.079,110.2049
11/13/2007,46.221,110.3798
11/14/2007,46.268,109.2647
11/15/2007,46.21,106.3087
11/16/2007,46.214,106.9529
11/19/2007,46.165,106.0634
11/20/2007,46.548,105.037
11/21/2007,46.615,104.7362
11/22/2007,46.568,104.2606
11/23/2007,46.229,104.5106
11/26/2007,46.326,103.8115
11/27/2007,46.37,104.5085
11/28/2007,45.627,104.8937
11/29/2007,45.43,105.0408
11/30/2007,45.365,105.6306
12/3/2007,45.01,105.7194
12/4/2007,45.134,104.4146
12/5/2007,44.44,104.3298
12/6/2007,44.239,102.6945
12/7/2007,44.399,102.0447
12/10/2007,44.588,102.4817
12/11/2007,44.419,102.6178
12/12/2007,44.363,103.0265
12/13/2007,44.372,103.3515
12/14/2007,43.74,103.7841
12/17/2007,43.74,104.2418
12/18/2007,44.075,104.2005
12/19/2007,44.16,106.2927
12/20/2007,43.98,107.1096
12/21/2007,43.62,108.4657
12/24/2007,43.32,108.7787
12/27/2007,43.46,104.3566
12/28/2007,44.04,101.5641
12/31/2007,43.8,101.5503
1/2/2008,44.013,101.8105
1/3/2008,44.062,101.5805
1/4/2008,43.874,101.4266
1/7/2008,43.801,101.7294
1/8/2008,43.772,101.6963
1/9/2008,43.42,101.3908
1/10/2008,43.121,101.2661
1/11/2008,43.725,101.5049
1/14/2008,44.18,100.8074
1/15/2008,44.256,101.4415
1/16/2008,43.93,102.003
1/17/2008,44.217,101.8948
1/18/2008,45.45,101.0258
1/21/2008,44.988,100.844
1/22/2008,44.775,101.0123
1/23/2008,45.2,100.9504
1/24/2008,45.9,100.7623
1/25/2008,46.14,101.0937
1/28/2008,46.404,101.1554
1/29/2008,46.3,101.2461
1/30/2008,46.689,100.6153
1/31/2008,46.45,100.7175
2/1/2008,46.305,100.5866
2/4/2008,46.12,100.3866
2/5/2008,45.552,100.2094
2/6/2008,45.303,100.3985
2/7/2008,45.75,100.2647
2/8/2008,45.73,100.4037
2/11/2008,46.5,100.6558
2/12/2008,46.805,101.0157
2/13/2008,46.748,101.4501
2/14/2008,46.803,101.0001
2/15/2008,46.663,101.0624
2/18/2008,46.4,100.8958
2/19/2008,46.658,100.9122
2/20/2008,46.313,101.0442
2/21/2008,46.271,101.0383
2/22/2008,46.45,100.9263
2/25/2008,45.52,101.3102
2/26/2008,45.291,101.2826
2/27/2008,44.9,101.4254
2/28/2008,44.91,101.1366
2/29/2008,46.79,101.4653
3/3/2008,48.117,101.1597
3/4/2008,48.089,100.5304
3/5/2008,48.019,100.1163
3/6/2008,48.354,99.6785
3/7/2008,48.618,99.7263
3/10/2008,48.344,99.8228
3/11/2008,48.521,99.8372
3/12/2008,48.83,99.6044
3/13/2008,48.959,100.437
3/14/2008,48.893,100.1459
3/17/2008,49.518,99.8743
3/18/2008,49.218,99.2699
3/19/2008,48.881,99.1284
3/20/2008,48.313,99.0443
3/25/2008,49.042,99.0296
3/26/2008,49.4,98.5151
3/27/2008,49.544,98.287
3/28/2008,49.667,98.2966
3/31/2008,49.784,98.1703
4/1/2008,49.31,97.1967
4/2/2008,49.288,96.3948
4/3/2008,49.093,97.8204
4/4/2008,49.823,97.6986
4/7/2008,49.692,97.8555
4/8/2008,49.758,97.8959
4/9/2008,49.94,97.4668
4/10/2008,50.1,97.489
4/11/2008,49.98,97.2211
4/14/2008,50.106,96.7419
4/15/2008,50.009,96.7855
4/16/2008,50.149,96.6774
4/17/2008,49.925,96.3295
4/18/2008,49.616,96.1228
4/21/2008,50.087,95.8585
4/22/2008,50.103,95.7041
4/23/2008,50.163,95.8428
4/24/2008,49.814,95.8185
4/25/2008,49.455,96.1343
4/28/2008,49.533,96.127
4/29/2008,49.385,95.8656
4/30/2008,49.215,95.4066
5/2/2008,49.025,95.4661
5/5/2008,48.993,95.2827
5/6/2008,49.247,95.0294
5/7/2008,48.979,95.0796
5/8/2008,48.995,94.9088
5/9/2008,49.381,95.3565
5/12/2008,49.646,95.9341
5/13/2008,49.97,95.8911
5/14/2008,50.107,95.6608
5/15/2008,50.128,95.9785
5/16/2008,50.012,95.9167
5/19/2008,50.232,95.8059
5/20/2008,50.006,95.9378
5/21/2008,50.225,95.8753
5/22/2008,50.294,96.0491
5/23/2008,50.429,96.0149
5/26/2008,50.648,95.9815
5/27/2008,50.85,96.1572
5/28/2008,50.71,96.0223
5/29/2008,50.51,96.2078
5/30/2008,50.405,96.4879
6/2/2008,50.583,97.116
6/3/2008,50.841,97.0709
6/4/2008,50.574,97.5038
6/5/2008,50.688,97.3307
6/6/2008,51.688,97.4145
6/9/2008,52.584,97.4862
6/10/2008,51.275,96.8743
6/11/2008,51.359,96.6365
6/12/2008,51.107,96.7274
6/13/2008,50.939,96.9828
6/16/2008,51.44,96.8741
6/17/2008,51.376,96.8207
6/18/2008,51.568,96.9054
6/19/2008,51.738,96.7952
6/20/2008,52.005,96.433
6/23/2008,51.91,96.6999
6/24/2008,52.2,96.7938
6/25/2008,52.381,96.6506
6/26/2008,52.809,96.3983
6/27/2008,52.819,96.7552
6/30/2008,52.738,96.8231
7/1/2008,52.83,96.5375
7/2/2008,52.8,96.6244
7/3/2008,52.992,96.6752
7/4/2008,52.45,96.542
7/7/2008,52.658,97.275
7/8/2008,52.904,97.2025
7/9/2008,52.881,97.8023
7/10/2008,52.92,97.8088
7/11/2008,53.302,97.3761
7/14/2008,53.325,97.6376
7/15/2008,53.536,97.727
7/16/2008,53.157,98.2084
7/17/2008,52.985,98.6862
7/18/2008,52.711,98.9062
7/21/2008,52.863,98.9205
7/22/2008,53.09,98.7972
7/23/2008,52.595,98.6309
7/24/2008,52.455,98.3518
7/25/2008,52.608,99.0447
7/28/2008,52.666,99.0031
7/29/2008,52.604,99.0526
7/30/2008,52.215,99.2822
7/31/2008,52.328,99.4647
8/1/2008,52.224,99.9343
8/4/2008,52.193,99.9488
8/5/2008,52.075,99.9243
8/6/2008,52.014,100.1523
8/7/2008,51.971,100.3827
8/8/2008,50.769,100.2683
8/11/2008,50.647,99.9146
8/12/2008,50.222,99.969
8/13/2008,50.201,99.699
8/14/2008,50.274,99.3913
8/15/2008,49.872,98.6109
8/18/2008,49.81,98.5959
8/19/2008,50.034,98.6449
8/20/2008,50.309,98.2521
8/21/2008,50.294,98.6072
8/22/2008,50.281,98.851
8/25/2008,50.355,98.7494
8/26/2008,49.998,99.7455
8/27/2008,50.274,99.8186
8/28/2008,50.369,99.7029
8/29/2008,50.453,99.8156
9/1/2008,50.15,99.9513
9/2/2008,50,100.1344
9/3/2008,49.78,100.1348
9/4/2008,49.883,99.6692
9/5/2008,49.302,99.3496
9/8/2008,49.067,99.4885
9/9/2008,48.86,98.754
9/10/2008,48.822,98.3172
9/11/2008,48.449,98.0007
9/12/2008,48.788,98.2371
9/15/2008,48.977,98.1677
9/16/2008,48.872,97.8902
9/17/2008,48.838,97.764
9/18/2008,49.408,97.6691
9/19/2008,48.63,97.4574
9/22/2008,49.396,97.3907
9/23/2008,49.732,97.2832
9/24/2008,49.953,97.4295
9/25/2008,49.862,97.2294
9/26/2008,49.703,96.5481
9/29/2008,48.866,96.0982
9/30/2008,48.473,97.0665
10/1/2008,47.854,97.1497
10/2/2008,47.381,97.1999
10/3/2008,47.298,97.0513
10/6/2008,46.908,95.5448
10/7/2008,47.058,96.5859
10/8/2008,47.193,96.9347
10/9/2008,46.957,97.2559
10/10/2008,46.671,97.2863
10/13/2008,46.707,97.1724
10/14/2008,46.832,96.8487
10/15/2008,46.509,96.9542
10/16/2008,46.282,97.1791
10/17/2008,45.922,97.5849
10/20/2008,46.017,97.5935
10/21/2008,45.313,98.1092
10/22/2008,44.334,97.7319
10/23/2008,44.361,98.609
10/24/2008,43.702,98.5533
10/27/2008,43.33,98.1583
10/28/2008,43.753,98.7486
10/29/2008,44.564,98.4406
10/30/2008,45.381,98.1097
10/31/2008,44.726,97.8589
11/3/2008,44.813,98.2746
11/4/2008,44.799,98.7065
11/5/2008,45.039,98.9696
11/6/2008,44.689,98.7837
11/7/2008,44.589,98.7629
11/10/2008,45.06,98.6562
11/11/2008,44.544,98.7532
11/12/2008,43.824,98.391
11/13/2008,43.828,98.5165
11/14/2008,44.331,98.3366
11/17/2008,44.291,98.5432
11/18/2008,44.317,98.8113
11/19/2008,44.251,99.3955
11/20/2008,44.079,99.3707
11/21/2008,44.403,98.735
11/24/2008,45.07,98.8785
11/25/2008,45.14,98.6845
11/26/2008,45.599,98.9735
11/27/2008,45.679,98.856
11/28/2008,45.2,98.7456
12/1/2008,45.036,98.5769
12/2/2008,45.157,98.7178
12/3/2008,44.919,98.9369
12/4/2008,45.047,99.3748
12/5/2008,45.17,99.1386
12/8/2008,45.702,98.7385
12/9/2008,45.504,99.256
12/10/2008,45.748,98.8274
12/11/2008,46.345,98.6652
12/12/2008,46.71,98.676
12/15/2008,47.123,98.5381
12/16/2008,47.614,98.4215
12/17/2008,48.581,98.6478
12/18/2008,50.184,98.203
12/19/2008,48.093,97.3724
12/22/2008,48.273,98.1113
12/23/2008,48.357,98.0642
12/24/2008,48.464,98.1115
12/29/2008,49.938,97.8788
12/30/2008,48.998,98.7112
12/31/2008,48.285,98.3982
1/2/2009,48.212,97.758
1/5/2009,47.462,98.4908
1/6/2009,46.755,98.4401
1/7/2009,47.351,98.3793
1/8/2009,47.564,98.0587
1/9/2009,47.675,98.2798
1/12/2009,46.819,98.1937
1/13/2009,46.298,98.4514
1/14/2009,45.987,98.226
1/15/2009,45.66,97.9119
1/16/2009,46.279,97.8171
1/19/2009,46.038,97.939
1/20/2009,45.21,97.99
1/21/2009,45.114,97.9321
1/22/2009,45.334,98.1161
1/23/2009,44.674,97.9973
1/26/2009,45.329,97.9929
1/27/2009,45.971,97.5277
1/28/2009,46.264,97.5925
1/29/2009,45.764,97.9122
1/30/2009,44.811,97.4992
2/2/2009,44.619,97.561
2/3/2009,44.927,97.8454
2/4/2009,44.778,97.5744
2/5/2009,44.845,97.541
2/6/2009,44.818,98.1222
2/9/2009,45.548,98.0787
2/10/2009,45.381,98.2492
2/11/2009,45.393,98.0576
2/12/2009,45.063,98.1259
2/13/2009,44.977,98.1916
2/16/2009,44.914,98.1815
2/17/2009,44.554,98.2259
2/18/2009,44.546,98.2569
2/19/2009,45.179,97.9156
2/20/2009,44.994,97.2795
2/23/2009,45.593,97.3708
2/24/2009,45.565,97.7056
2/25/2009,45.774,97.9888
2/26/2009,45.939,97.5144
2/27/2009,45.714,97.5147
3/2/2009,45.661,97.6027
3/3/2009,45.603,97.9085
3/4/2009,45.311,98.1371
3/5/2009,45.468,97.9176
3/6/2009,45.675,98.3731
3/9/2009,45.435,98.6205
3/10/2009,46.025,98.5948
3/11/2009,45.994,98.7394
3/12/2009,45.98,98.6532
3/13/2009,46.413,98.8478
3/16/2009,46.71,98.7178
3/17/2009,46.365,98.6191
3/18/2009,47.025,98.5668
3/19/2009,48.43,98.6093
3/20/2009,47.848,98.6997
3/23/2009,47.897,98.5943
3/24/2009,47.822,98.3544
3/25/2009,47.89,98.7807
3/26/2009,47.627,98.4015
3/27/2009,47.024,98.2442
3/30/2009,47.257,98.5853
3/31/2009,47.223,98.5185
4/1/2009,47.043,98.4313
4/2/2009,47.321,98.5695
4/3/2009,47.545,98.4357
4/6/2009,47.607,98.6527
4/7/2009,47.025,98.1726
4/8/2009,46.884,98.292
4/9/2009,47.046,98.2079
4/14/2009,46.984,98.1683
4/15/2009,46.758,97.9785
4/16/2009,46.681,98.0809
4/17/2009,46.317,97.8532
4/20/2009,46.127,97.852
4/21/2009,45.986,97.7095
4/22/2009,46.046,97.8386
4/23/2009,46.321,97.957
4/24/2009,46.835,97.8368
4/27/2009,46.528,97.9565
4/28/2009,46.05,97.9375
4/29/2009,46.915,97.8651
4/30/2009,46.808,97.3421
5/4/2009,46.585,97.2415
5/5/2009,47.058,97.3314
5/6/2009,46.857,97.5145
5/7/2009,46.63,97.6177
5/8/2009,46.8,97.9977
5/11/2009,46.98,98.0607
5/12/2009,47.282,97.9917
5/13/2009,47.04,97.518
5/14/2009,46.908,97.9852
5/15/2009,46.718,97.8674
5/18/2009,46.635,97.6181
5/19/2009,46.839,97.2925
5/20/2009,47.169,97.4819
5/21/2009,47.352,97.6648
5/22/2009,47.973,97.5666
5/25/2009,48.17,97.356
5/26/2009,47.962,97.5446
5/27/2009,47.799,97.3966
5/28/2009,47.685,97.4181
5/29/2009,48.377,97.0828
6/1/2009,48.49,97.1575
6/2/2009,48.58,96.5993
6/3/2009,48.368,96.5713
6/4/2009,48.141,96.499
6/5/2009,48.464,96.4265
6/8/2009,47.664,96.5299
6/9/2009,47.733,96.396
6/10/2009,48.01,96.5955
6/11/2009,47.676,97
6/12/2009,47.768,96.8221
6/15/2009,47.353,96.8977
6/16/2009,47.372,96.8118
6/17/2009,47.302,96.8223
6/18/2009,47.533,96.8053
6/19/2009,47.585,96.8627
6/22/2009,47.335,96.876
6/23/2009,47.742,97.05
6/24/2009,47.888,97.124
6/25/2009,47.57,96.9688
6/26/2009,47.997,96.7898
6/29/2009,47.846,96.6739
6/30/2009,48.14,96.4659
7/1/2009,47.99,96.605
7/2/2009,47.9,96.6705
7/3/2009,47.757,96.2031
7/6/2009,47.424,95.9825
7/7/2009,47.794,96.4617
7/8/2009,47.368,96.5145
7/9/2009,47.669,96.1794
7/10/2009,47.382,96.416
7/13/2009,47.732,96.4643
7/14/2009,47.758,96.5442
7/15/2009,48.01,96.6916
7/16/2009,48.13,96.9367
7/17/2009,47.991,96.9865
7/20/2009,48.359,96.9382
7/21/2009,48.351,96.8364
7/22/2009,48.271,96.7791
7/23/2009,48.357,96.9487
7/24/2009,48.322,96.9138
7/27/2009,48.465,96.6186
7/28/2009,48.3,96.6899
7/29/2009,47.989,96.3612
7/30/2009,47.857,96.3987
7/31/2009,48.112,96.4423
8/3/2009,48.652,96.48
8/4/2009,48.884,96.4438
8/5/2009,48.98,96.5268
8/6/2009,48.833,96.4841
8/7/2009,48.778,96.692
8/10/2009,48.322,96.6882
8/11/2009,48.228,96.4218
8/12/2009,48.277,96.3492
8/13/2009,48.664,96.1281
8/14/2009,48.635,96.2558
8/17/2009,47.95,95.8564
8/18/2009,48.021,95.9442
8/19/2009,48.058,96.001
8/20/2009,48.462,96.2224
8/21/2009,48.765,96.3487
8/24/2009,48.713,97.1922
8/25/2009,48.723,96.7822
8/26/2009,48.525,97.0042
8/27/2009,48.547,97.0911
8/28/2009,48.861,97.1193
8/31/2009,48.532,97.478
9/1/2009,48.685,97.4331
9/2/2009,48.426,97.8987
9/3/2009,48.817,97.9483
9/4/2009,48.597,97.9377
9/7/2009,48.784,98.232
9/8/2009,49.244,98.0181
9/9/2009,49.397,97.6789
9/10/2009,49.475,97.4728
9/11/2009,49.554,97.6158
9/14/2009,49.438,97.8163
9/15/2009,49.524,98.0136
9/16/2009,49.522,97.7456
9/17/2009,49.602,97.9171
9/18/2009,49.563,98.1047
9/21/2009,49.434,98.1684
9/22/2009,49.687,97.6632
9/23/2009,49.604,97.695
9/24/2009,49.539,97.5757
9/25/2009,49.284,98.133
9/28/2009,49.195,98.1798
9/29/2009,48.906,98.2868
9/30/2009,48.988,98.449
10/1/2009,48.698,98.6028
10/2/2009,48.655,98.2826
10/5/2009,48.912,98.4749
10/6/2009,49.091,98.3514
10/7/2009,49.041,98.3576
10/8/2009,49.183,98.3359
10/9/2009,49.14,98.2193
10/12/2009,49.219,98.3701
10/13/2009,49.49,98.4172
10/14/2009,49.71,98.5342
10/15/2009,49.794,98.7623
10/16/2009,49.729,98.6166
10/19/2009,49.796,98.638
10/20/2009,50.018,98.5286
10/21/2009,49.903,98.4969
10/22/2009,50.183,98.4819
10/23/2009,50.204,98.6071
10/26/2009,50.141,98.3682
10/27/2009,49.731,98.4768
10/28/2009,49.463,98.7084
10/29/2009,49.499,99.1083
10/30/2009,49.484,98.766
11/2/2009,49.39,98.9173
11/3/2009,49.069,99.041
11/4/2009,49.339,98.8141
11/5/2009,49.693,98.7307
11/6/2009,49.602,99.2863
11/9/2009,49.916,99.5823
11/10/2009,49.855,99.4819
11/11/2009,50.051,99.4935
11/12/2009,49.713,99.7992
11/13/2009,49.484,99.5684
11/16/2009,49.69,99.4777
11/17/2009,49.385,99.5383
11/18/2009,49.594,99.5663
11/19/2009,49.35,99.7328
11/20/2009,49.26,99.7978
11/23/2009,49.72,100.2185
11/24/2009,49.746,100.3046
11/25/2009,49.978,100.5581
11/26/2009,49.971,100.8149
11/27/2009,49.565,100.7047
11/30/2009,49.951,100.7526
12/1/2009,50.035,101.2292
12/2/2009,50.031,101.2351
12/3/2009,50.074,101.2783
12/4/2009,49.902,101.0784
12/7/2009,49.026,101.0579
12/8/2009,49.028,101.1847
12/9/2009,48.993,101.0927
12/10/2009,48.793,101.0902
12/11/2009,48.868,100.9905
12/14/2009,48.533,101.3026
12/15/2009,48.218,101.2829
12/16/2009,48.317,100.6182
12/17/2009,47.655,100.6385
12/18/2009,47.635,100.8112
12/21/2009,47.746,100.8001
12/22/2009,47.492,100.7013
12/23/2009,47.603,100.8002
12/24/2009,48.01,101.2056
12/28/2009,48.103,101.2011
12/29/2009,48.12,101.1935
12/30/2009,47.81,101.4301
12/31/2009,47.986,101.2634
1/4/2010,47.779,101.2953
1/5/2010,47.862,101.2697
1/6/2010,47.581,101.3126
1/7/2010,47.439,101.009
1/8/2010,47.329,101.1284
1/11/2010,48.008,101.7975
1/12/2010,47.839,102.1577
1/13/2010,48.098,102.3382
1/14/2010,47.641,102.3938
1/15/2010,47.244,101.8417
1/18/2010,47.202,102.001
1/19/2010,46.96,102.1992
1/20/2010,46.571,102.1014
1/21/2010,46.418,102.0611
1/22/2010,46.688,102.3784
1/25/2010,46.649,102.5992
1/26/2010,46.548,102.9912
1/27/2010,46.487,103.0308
1/28/2010,46.316,102.821
1/29/2010,46.332,103.0919
2/1/2010,46.177,102.6564
2/2/2010,46.187,102.4874
2/3/2010,46.196,102.2067
2/4/2010,45.806,102.7674
2/5/2010,45.468,102.8275
2/8/2010,45.387,102.6371
2/9/2010,45.649,102.9527
2/10/2010,45.576,103.2425
2/11/2010,45.496,103.2619
2/12/2010,45.066,103.2257
2/15/2010,45.155,103.1889
2/16/2010,45.32,103.2062
2/17/2010,45.495,102.9728
2/18/2010,45.009,102.9916
2/19/2010,44.849,102.8074
2/22/2010,45.158,102.5941
2/23/2010,44.906,102.3426
2/24/2010,44.753,102.2443
2/25/2010,44.669,102.4481
2/26/2010,44.869,102.2902
3/1/2010,44.474,102.0378
3/2/2010,44.346,102.1354
3/3/2010,44.586,102.0975
3/4/2010,44.606,102.0188
3/5/2010,44.311,101.8177
3/8/2010,44.644,101.4345
3/9/2010,44.379,101.3208
3/10/2010,44.51,101.0841
3/11/2010,44.652,101.0591
3/12/2010,44.8,101.356
3/15/2010,44.67,101.4116
3/16/2010,44.497,101.3824
3/17/2010,44.465,101.3352
3/18/2010,44.108,101.2591
3/19/2010,43.731,101.047
3/22/2010,43.592,101.0373
3/23/2010,43.7,100.9843
3/24/2010,43.168,100.9117
3/25/2010,43.26,100.9651
3/26/2010,43.284,100.8474
3/29/2010,43.589,100.7082
3/30/2010,43.594,100.7503
3/31/2010,43.598,100.4339
4/1/2010,43.609,100.2214
4/6/2010,43.37,100.1725
4/7/2010,43.208,99.9215
4/8/2010,42.916,99.9391
4/9/2010,43.15,100.2338
4/12/2010,43.969,100.1953
4/13/2010,43.948,100.3192
4/14/2010,43.922,100.8149
4/15/2010,43.679,100.9378
4/16/2010,43.644,101.4992
4/19/2010,43.379,101.6854
4/20/2010,43.374,101.8334
4/21/2010,43.061,101.8049
4/22/2010,42.958,102.0728
4/23/2010,42.881,102.3224
4/26/2010,42.94,102.7437
4/27/2010,42.854,102.8288
4/28/2010,42.841,102.7542
4/29/2010,42.797,102.9626
4/30/2010,43.081,103.191
5/3/2010,42.88,103.366
5/4/2010,42.232,103.4815
5/5/2010,41.79,103.6019
5/6/2010,41.178,103.4989
5/7/2010,41.211,103.4329
5/10/2010,41.877,103.3489
5/11/2010,41.072,103.3094
5/12/2010,40.976,103.7524
5/13/2010,40.687,104.1494
5/14/2010,40.455,104.3757
5/17/2010,40.055,104.3497
5/18/2010,40.186,103.8455
5/19/2010,39.7,104.0282
5/20/2010,39.931,104.0766
5/21/2010,40.534,104.0109
5/24/2010,40.112,103.7247
5/25/2010,39.75,103.5514
5/26/2010,40.053,103.4237
5/27/2010,39.908,103.5474
5/28/2010,40.328,103.5267
5/31/2010,40.07,103.4815
6/1/2010,39.607,103.6568
6/2/2010,39.818,104.0052
6/3/2010,39.969,104.1922
6/4/2010,39.328,104.2291
6/7/2010,39.046,104.5348
6/8/2010,38.952,104.4179
6/9/2010,39.129,104.0234
6/10/2010,39.17,104.3207
6/11/2010,39.37,104.0342
6/14/2010,39.693,103.9279
6/15/2010,39.708,103.8369
6/16/2010,39.796,104.0662
6/17/2010,40.062,104.298
6/18/2010,40.091,104.1844
6/21/2010,40.011,104.0659
6/22/2010,39.63,104.0602
6/23/2010,39.73,103.8799
6/24/2010,39.759,104.083
6/25/2010,39.839,104.2516
6/28/2010,39.941,104.1384
6/29/2010,39.564,103.9404
6/30/2010,39.767,104.0861
7/1/2010,39.967,104.2826
7/2/2010,40.671,103.9086
7/5/2010,40.638,104.3792
7/6/2010,40.787,104.681
7/7/2010,40.818,104.8764
7/8/2010,41.056,105.2609
7/9/2010,40.868,104.756
7/12/2010,40.702,104.8416
7/13/2010,40.683,105.1187
7/14/2010,41.05,105.0201
7/15/2010,41.377,104.7881
7/16/2010,41.893,104.8514
7/19/2010,41.832,104.7872
7/20/2010,41.489,104.9503
7/21/2010,41.387,105.1609
7/22/2010,41.486,104.8304
7/23/2010,41.577,105.3261
7/26/2010,41.657,105.4855
7/27/2010,41.966,105.5802
7/28/2010,41.906,105.652
7/29/2010,42.144,105.1923
7/30/2010,42.048,104.9746
8/2/2010,42.115,104.7111
8/3/2010,42.529,105.2389
8/4/2010,42.455,105.0327
8/5/2010,42.314,105.1936
8/6/2010,42.259,104.7404
8/9/2010,42.37,104.8871
8/10/2010,41.98,105.1027
8/11/2010,41.554,104.8702
8/12/2010,40.864,104.9557
8/13/2010,40.81,104.8757
8/16/2010,40.787,104.83
8/17/2010,40.796,104.8208
8/18/2010,40.72,104.3392
8/19/2010,40.504,103.9134
8/20/2010,40.069,104.0467
8/23/2010,39.986,103.5258
8/24/2010,39.769,103.5001
8/25/2010,39.715,103.7478
8/26/2010,39.796,103.7858
8/27/2010,39.84,104.0379
8/30/2010,39.719,103.746
8/31/2010,39.67,102.7507
9/1/2010,39.903,103.2692
9/2/2010,39.947,103.576
9/3/2010,40.022,102.9483
9/6/2010,40.103,102.6688
9/7/2010,39.74,102.3372
9/8/2010,39.405,102.1603
9/9/2010,39.24,102.1594
9/10/2010,39.165,101.7216
9/13/2010,39.357,100.8062
9/14/2010,39.591,100.6653
9/15/2010,40.071,100.9588
9/16/2010,40.274,101.0517
9/17/2010,40.153,100.2922
9/20/2010,40.203,100.7844
9/21/2010,40.337,100.3029
9/22/2010,40.955,100.2564
9/23/2010,40.922,100.3924
9/24/2010,41.155,100.6496
9/27/2010,41.192,101.0722
9/28/2010,41.162,100.9916
9/29/2010,41.459,101.1252
9/30/2010,41.442,101.1362
10/1/2010,41.463,101.4061
10/4/2010,41.341,101.6357
10/5/2010,41.533,101.8058
10/6/2010,41.492,102
10/7/2010,41.714,101.8795
10/8/2010,41.709,101.7239
10/11/2010,41.857,101.7079
10/12/2010,41.437,101.508
10/13/2010,41.79,101.3801
10/14/2010,42.014,101.1966
10/15/2010,42.015,101.2204
10/18/2010,41.546,101.2469
10/19/2010,41.452,101.309
10/20/2010,41.486,101.3034
10/21/2010,41.859,101.4434
10/22/2010,41.722,101.3483
10/25/2010,41.883,101.8574
10/26/2010,41.611,101.9864
10/27/2010,41.402,102.1486
10/28/2010,41.516,101.824
10/29/2010,41.509,101.8501
11/1/2010,41.59,101.5892
11/2/2010,41.774,101.3875
11/3/2010,41.694,101.4325
11/4/2010,42.298,101.7293
11/5/2010,41.741,101.492
11/8/2010,41.267,101.481
11/9/2010,41.149,101.454
11/10/2010,40.752,101.5152
11/11/2010,40.71,101.5085
11/12/2010,40.859,101.6184
11/15/2010,40.803,101.6418
11/16/2010,40.652,101.7413
11/17/2010,40.49,101.6527
11/18/2010,40.859,101.8532
11/19/2010,40.94,101.8717
11/22/2010,40.886,102.0702
11/23/2010,40.576,102.2328
11/24/2010,40.076,102.4968
11/25/2010,40.036,102.3254
11/26/2010,40.065,102.0883
11/29/2010,39.694,101.8372
11/30/2010,39.254,101.6963
12/1/2010,39.443,101.5207
12/2/2010,39.524,101.5632
12/3/2010,39.811,101.7849
12/6/2010,39.86,101.8463
12/7/2010,40.089,101.803
12/8/2010,39.791,101.4633
12/9/2010,39.728,101.2432
12/10/2010,39.818,101.2251
12/13/2010,39.889,100.9231
12/14/2010,40.312,100.7917
12/15/2010,40.194,100.8648
12/16/2010,39.863,100.4603
12/17/2010,39.982,100.5226
12/20/2010,39.681,99.9016
12/21/2010,39.675,100.0369
12/22/2010,39.552,100.3654
12/23/2010,39.401,100.3986
12/24/2010,39.57,100.7765
12/27/2010,39.651,100.4833
12/28/2010,39.829,100.607
12/29/2010,39.628,100.9197
12/30/2010,40.046,100.7458
12/31/2010,40.17,100.73
1/3/2011,40.151,100.5838
1/4/2011,40.337,100.9
1/5/2011,39.877,100.6605
1/6/2011,39.568,100.7053
1/7/2011,39.423,100.487
1/10/2011,39.65,100.1903
1/11/2011,39.504,100.1862
1/12/2011,39.4,100.1271
1/13/2011,40.164,99.9811
1/14/2011,40.687,99.7619
1/17/2011,40.685,99.614
1/18/2011,40.768,99.6481
1/19/2011,41.133,99.2908
1/20/2011,41.164,99.1279
1/21/2011,41.506,99.4938
1/24/2011,42.019,99.5519
1/25/2011,42.1,99.3555
1/26/2011,42.146,99.5236
1/27/2011,42.266,99.5998
1/28/2011,42.515,99.3583
1/31/2011,42.295,99.3749
2/1/2011,42.517,99.2598
2/2/2011,42.589,99.3762
2/3/2011,42.431,99.486
2/4/2011,41.997,99.0665
2/7/2011,41.662,98.3809
2/8/2011,41.887,98.5612
2/9/2011,41.937,98.5246
2/10/2011,41.914,98.1597
2/11/2011,41.722,99.2487
2/14/2011,41.368,99.4482
2/15/2011,41.489,99.9867
2/16/2011,41.395,100.3767
2/17/2011,41.521,100.1142
2/18/2011,41.671,100.0695
2/21/2011,41.728,100.126
2/22/2011,41.862,100.2612
2/23/2011,42.044,100.4342
2/24/2011,42.159,100.698
2/25/2011,42.153,100.8987
2/28/2011,42.304,100.7546
3/1/2011,42.235,100.7039
3/2/2011,42.2,100.5658
3/3/2011,42.256,100.7192
3/4/2011,42.555,100.6091
3/7/2011,42.673,100.4125
3/8/2011,42.222,100.6272
3/9/2011,42.23,100.3788
3/10/2011,41.976,100.1732
3/11/2011,41.953,100.4184
3/14/2011,42.304,100.4494
3/15/2011,42.291,101.1438
3/16/2011,42.453,101.047
3/17/2011,42.404,100.9879
3/18/2011,42.8,100.6135
3/21/2011,42.979,100.2495
3/22/2011,42.974,100.3906
3/23/2011,42.804,100.2006
3/24/2011,42.737,100.1963
3/25/2011,42.712,99.9368
3/28/2011,42.531,100.1501
3/29/2011,42.662,100.4752
3/30/2011,42.72,100.3874
3/31/2011,42.976,100.258
4/1/2011,42.819,100.031
4/4/2011,43.033,100.0663
4/5/2011,42.795,99.9781
4/6/2011,43.115,99.7307
4/7/2011,42.963,99.7252
4/8/2011,43.275,99.7655
4/11/2011,43.432,99.914
4/12/2011,43.613,100.0828
4/13/2011,43.696,100.7808
4/14/2011,43.461,100.5588
4/15/2011,43.538,100.4421
4/18/2011,42.968,100.8515
4/19/2011,42.992,100.9576
4/20/2011,43.472,100.9793
4/21/2011,43.621,100.7481
4/26/2011,43.822,100.5159
4/27/2011,43.96,100.2853
4/28/2011,44.293,100.6463
4/29/2011,44.387,100.6372
5/2/2011,44.303,100.8211
5/3/2011,44.34,100.2818
5/4/2011,44.601,99.5231
5/5/2011,44.664,99.9901
5/6/2011,43.88,99.4389
5/9/2011,43.479,99.151
5/10/2011,43.332,99.5861
5/11/2011,43.186,99.5901
5/12/2011,42.926,99.9258
5/13/2011,43.168,99.6408
5/16/2011,42.924,99.9363
5/17/2011,42.938,100.036
5/18/2011,43.065,99.6331
5/19/2011,43.209,99.7188
5/20/2011,43.138,99.7266
5/23/2011,42.607,99.7938
5/24/2011,42.859,100.151
5/25/2011,42.84,99.8844
5/26/2011,43.085,99.7452
5/27/2011,43.323,99.075
5/30/2011,43.287,99.1093
5/31/2011,43.601,99.0214
6/1/2011,43.613,98.862
6/2/2011,43.799,98.9989
6/3/2011,43.957,99.3356
6/6/2011,44.226,98.971
6/7/2011,44.366,99.7013
6/8/2011,44.408,99.8945
6/9/2011,44.5,100.0147
6/10/2011,44.023,100.0779
6/13/2011,43.751,99.9538
6/14/2011,44.009,100.0794
6/15/2011,43.633,100.0208
6/16/2011,43.152,99.8313
6/17/2011,43.638,99.8963
6/20/2011,43.559,100.0914
6/21/2011,43.881,99.9397
6/22/2011,43.868,99.4702
6/23/2011,43.446,99.2684
6/24/2011,43.627,99.2403
6/27/2011,43.893,99.1967
6/28/2011,44.152,99.4769
6/29/2011,44.429,99.4718
6/30/2011,44.38,99.4314
7/1/2011,44.638,100.0294
7/4/2011,44.182,100.0871
7/5/2011,44.106,100.2477
7/6/2011,43.66,100.3606
7/7/2011,43.24,100.3074
7/8/2011,43.025,100.3208
7/11/2011,42.618,100.1264
7/12/2011,42.414,99.8672
7/13/2011,42.557,99.8827
7/14/2011,42.734,100.1585
7/15/2011,42.551,99.7508
7/18/2011,42.219,99.6082
7/19/2011,42.373,99.8796
7/20/2011,42.493,99.7345
7/21/2011,42.538,99.671
7/22/2011,42.9,99.7709
7/25/2011,42.795,99.523
7/26/2011,42.993,99.1266
7/27/2011,42.962,98.7325
7/28/2011,42.409,98.3779
7/29/2011,42.523,98.3948
8/1/2011,42.827,98.7034
8/2/2011,42.255,98.4886
8/3/2011,42.557,98.4623
8/4/2011,42.459,98.4385
8/5/2011,42.295,98.1461
8/8/2011,42.462,98.2649
8/9/2011,42.725,97.897
8/10/2011,42.929,97.8645
8/11/2011,42.372,97.8208
8/12/2011,42.679,97.5461
8/15/2011,42.798,97.5958
8/16/2011,42.908,97.716
8/17/2011,43.243,98.0715
8/18/2011,42.978,98.168
8/19/2011,42.896,98.189
8/22/2011,43.008,97.9331
8/23/2011,43.14,98.2952
8/24/2011,43.198,98.5795
8/25/2011,43.258,98.5008
8/26/2011,43.177,98.9528
8/29/2011,43.447,98.8287
8/30/2011,43.249,98.8493
8/31/2011,43.263,98.9099
9/1/2011,42.826,98.9091
9/2/2011,42.651,98.8398
9/5/2011,42.279,99.2791
9/6/2011,42.177,99.3376
9/7/2011,42.094,99.3432
9/8/2011,42.16,99.3754
9/9/2011,41.562,99.6491
9/12/2011,41.159,99.9805
9/13/2011,41.222,100.0558
9/14/2011,41.558,100.0801
9/15/2011,41.813,100.1799
9/16/2011,41.803,101.05
9/19/2011,41.615,101.6855
9/20/2011,41.706,101.4765
9/21/2011,41.656,101.3676
9/22/2011,41.379,101.4063
9/23/2011,41.526,101.514
9/26/2011,42.012,100.8296
9/27/2011,41.891,101.1458
9/28/2011,42.256,101.0403
9/29/2011,42.452,100.808
9/30/2011,42.048,100.8536
10/3/2011,41.594,101.5035
10/4/2011,41.125,101.4667
10/5/2011,41.585,101.5974
10/6/2011,41.279,101.813
10/7/2011,41.538,101.6793
10/10/2011,41.962,101.671
10/11/2011,42.1,101.6235
10/12/2011,42.399,101.5451
10/13/2011,42.32,101.4967
10/14/2011,42.484,101.6323
10/17/2011,42.182,101.3413
10/18/2011,42.095,101.3063
10/19/2011,42.438,101.2864
10/20/2011,42.76,101.2912
10/21/2011,42.76,101.179
10/24/2011,42.787,100.8637
10/25/2011,42.923,100.6999
10/26/2011,42.895,100.7701
10/27/2011,42.872,100.6742
10/28/2011,43.245,100.4397
10/31/2011,42.899,100.5743
11/1/2011,42.162,100.6096
11/2/2011,42.504,100.6909
11/3/2011,42.311,100.8162
11/4/2011,42.228,101.0441
11/7/2011,42.174,101.0598
11/8/2011,42.315,100.8709
11/9/2011,41.881,100.9211
11/10/2011,41.937,100.857
11/11/2011,42.056,100.7671
11/14/2011,42.056,100.4137
11/15/2011,41.746,100.4886
11/16/2011,41.571,100.4729
11/17/2011,41.653,100.4165
11/18/2011,42.072,100.6073
11/21/2011,41.989,100.5148
11/22/2011,42.216,100.2865
11/23/2011,41.955,100.279
11/24/2011,41.817,100.278
11/25/2011,41.552,100.1695
11/28/2011,41.806,100.1764
11/29/2011,41.715,100.1319
11/30/2011,41.596,100.0379
12/1/2011,41.636,100.0269
12/2/2011,41.6,99.7635
12/5/2011,41.401,99.8366
12/6/2011,41.294,100.0355
12/7/2011,41.255,100.1898
12/8/2011,41.236,100.2746
12/9/2011,41.423,100.1303
12/12/2011,41.277,100.0453
12/13/2011,41.138,99.9642
12/14/2011,40.642,99.7577
12/15/2011,40.797,99.5861
12/16/2011,40.903,99.3863
12/19/2011,40.786,99.4795
12/20/2011,40.922,99.473
12/21/2011,40.82,100.3515
12/22/2011,40.785,100.1324
12/23/2011,40.881,100.5227
12/27/2011,41.089,100.2658
12/28/2011,41.235,99.9775
12/29/2011,40.961,99.8441
12/30/2011,40.991,100.0153
1/2/2012,40.758,100.1434
1/3/2012,40.916,100.1173
1/4/2012,40.825,100.1143
1/5/2012,40.588,100.0809
1/6/2012,40.474,100.2796
1/9/2012,40.45,99.7327
1/10/2012,40.512,99.5201
1/11/2012,40.469,99.7283
1/12/2012,40.5,99.3658
1/13/2012,40.573,99.4233
1/16/2012,40.401,99.3122
1/17/2012,40.669,99.3083
1/18/2012,40.726,99.4835
1/19/2012,40.837,99.9469
1/20/2012,40.719,99.9294
1/23/2012,40.86,99.9437
1/24/2012,40.92,99.6735
1/25/2012,40.897,99.9081
1/26/2012,41.118,99.6023
1/27/2012,40.92,99.6732
1/30/2012,40.903,100.1382
1/31/2012,40.753,99.9522
2/1/2012,40.763,99.5584
2/2/2012,40.5,99.5789
2/3/2012,40.638,99.4702
2/6/2012,40.404,99.5259
2/7/2012,40.611,99.562
2/8/2012,40.791,99.8227
2/9/2012,40.861,99.7455
2/10/2012,40.741,99.7763
2/13/2012,40.836,99.628
2/14/2012,40.613,99.7382
2/15/2012,40.297,99.718
2/16/2012,40.114,99.6394
2/17/2012,40.517,99.6224
2/20/2012,40.793,99.6225
2/21/2012,40.671,99.498
2/22/2012,40.431,99.5581
2/23/2012,40.339,99.5859
2/24/2012,40.732,99.8073
2/27/2012,40.753,99.8349
2/28/2012,40.833,99.913
2/29/2012,40.665,99.8452
3/1/2012,40.735,99.9553
3/2/2012,40.404,100.0175
3/5/2012,40.506,99.9453
3/6/2012,40.485,100.1516
3/7/2012,40.37,100.2611
3/8/2012,40.441,100.3563
3/9/2012,40.312,100.3642
3/12/2012,40.21,100.1273
3/13/2012,40.033,100.0866
3/14/2012,40.205,99.992
3/15/2012,40.176,99.9729
3/16/2012,40.332,100.3647
3/19/2012,40.41,100.2558
3/20/2012,40.637,100.264
3/21/2012,40.693,100.1982
3/22/2012,40.607,100.2464
3/23/2012,40.732,100.1157
3/26/2012,40.837,100.2555
3/27/2012,40.946,100.064
3/28/2012,41.038,100.3649
3/29/2012,40.971,100.2993
3/30/2012,41.177,100.3971
4/2/2012,41.082,100.1832
4/3/2012,41.037,100.0338
4/4/2012,40.78,100.0429
4/5/2012,40.511,99.9398
4/10/2012,40.588,100.3242
4/11/2012,40.562,100.5166
4/12/2012,40.564,101.0448
4/13/2012,40.404,101.2015
4/16/2012,40.126,101.4447
4/17/2012,40.433,101.3503
4/18/2012,40.392,101.0422
4/19/2012,40.449,101.0099
4/20/2012,40.747,100.8756
4/23/2012,40.706,100.9564
4/24/2012,40.746,100.8382
4/25/2012,40.859,100.7124
4/26/2012,40.808,100.8181
4/27/2012,40.719,100.7723
4/30/2012,40.62,100.8323
5/2/2012,40.535,100.9575
5/3/2012,40.576,101.1122
5/4/2012,40.63,101.0789
5/7/2012,40.402,101.0749
5/8/2012,40.378,101.0346
5/9/2012,40.287,100.9663
5/10/2012,40.335,100.9968
5/11/2012,40.346,101.0923
5/14/2012,40.313,101.2165
5/15/2012,40.237,101.4035
5/16/2012,40.048,101.3981
5/17/2012,39.834,101.4505
5/18/2012,39.855,101.4178
5/21/2012,39.959,101.3877
5/22/2012,40.066,101.7013
5/23/2012,39.889,101.6504
5/24/2012,39.655,101.6477
5/25/2012,39.758,101.7918
5/28/2012,39.721,101.9296
5/29/2012,39.735,101.763
5/30/2012,39.627,101.6608
5/31/2012,39.516,101.5967
6/1/2012,39.307,101.5264
6/4/2012,39.226,101.4305
6/5/2012,39.3,101.6221
6/6/2012,39.29,101.5889
6/7/2012,39.649,101.3284
6/8/2012,39.524,101.4485
6/11/2012,39.689,101.5402
6/12/2012,39.562,101.6804
6/13/2012,39.57,101.726
6/14/2012,39.586,101.7961
6/15/2012,39.652,101.8253
6/18/2012,39.709,101.8683
6/19/2012,39.586,101.9992
6/20/2012,40.018,102.0106
6/21/2012,40.177,102.0317
6/22/2012,39.838,101.8722
6/25/2012,39.824,101.8772
6/26/2012,39.708,101.9093
6/27/2012,39.767,102.0961
6/28/2012,39.589,102.2221
6/29/2012,39.873,102.4676
7/2/2012,39.819,103.3614
7/3/2012,39.561,103.438
7/4/2012,39.533,103.5382
7/5/2012,39.192,103.5587
7/6/2012,39.138,103.405
7/9/2012,39.043,103.6721
7/10/2012,38.87,103.931
7/11/2012,38.864,103.9643
7/12/2012,38.75,104.0719
7/13/2012,38.56,104.6888
7/16/2012,38.53,105.2811
7/17/2012,38.783,105.7001
7/18/2012,38.794,106.038
7/19/2012,38.827,105.8384
7/20/2012,38.674,105.5859
7/23/2012,38.47,105.9026
7/24/2012,38.431,105.7519
7/25/2012,38.453,105.802
7/26/2012,38.729,106.0917
7/27/2012,38.836,106.4715
7/30/2012,38.673,106.1056
7/31/2012,38.67,106.4719
8/1/2012,38.726,106.7613
8/2/2012,38.902,106.9463
8/3/2012,38.657,106.9659
8/6/2012,38.969,106.9935
8/7/2012,39.149,106.8627
8/8/2012,38.883,106.9321
8/9/2012,38.76,107.0397
8/10/2012,38.589,106.8663
8/13/2012,38.769,107.0576
8/14/2012,38.81,106.782
8/15/2012,38.743,106.9353
8/16/2012,38.753,107.0646
8/17/2012,38.886,107.2432
8/20/2012,38.771,107.2512
8/21/2012,39.086,107.3127
8/22/2012,39.062,107.1669
8/23/2012,39.187,107.002
8/24/2012,39.059,107.2925
8/27/2012,39.156,107.6373
8/28/2012,39.288,107.7506
8/29/2012,39.316,107.6347
8/30/2012,39.363,107.8088
8/31/2012,39.51,108.1521
9/3/2012,39.25,108.4543
9/4/2012,39.246,108.6967
9/5/2012,39.331,109.0036
9/6/2012,39.468,109.1055
9/7/2012,39.643,109.186
9/10/2012,39.721,109.2119
9/11/2012,39.742,109.3142
9/12/2012,39.926,110.2926
9/13/2012,40.047,110.9576
9/14/2012,40.28,110.7387
9/17/2012,40.318,110.0658
9/18/2012,40.311,109.9736
9/19/2012,40.085,109.9678
9/20/2012,40.024,110.1499
9/21/2012,40.016,110.3949
9/24/2012,39.949,109.6244
9/25/2012,39.999,109.573
9/26/2012,39.807,110.1487
9/27/2012,39.871,110.3301
9/28/2012,39.811,111.0816
10/1/2012,39.648,111.7392
10/2/2012,39.63,111.6657
10/3/2012,39.564,111.6162
10/4/2012,39.617,111.7032
10/5/2012,39.721,111.1365
10/8/2012,39.785,111.4635
10/9/2012,39.701,111.949
10/10/2012,39.582,112.7926
10/11/2012,39.671,113.2939
10/12/2012,39.74,113.3522
10/15/2012,39.782,112.6515
10/16/2012,40.012,112.3147
10/17/2012,40.187,111.222
10/18/2012,40.207,110.4911
10/19/2012,40.044,110.1315
10/22/2012,40.156,110.0123
10/23/2012,39.99,109.43
10/24/2012,39.758,108.9755
10/25/2012,39.876,109.2963
10/26/2012,39.679,109.3076
10/29/2012,39.636,109.7366
10/30/2012,39.78,109.4483
10/31/2012,39.876,109.3066
11/1/2012,39.846,109.834
11/2/2012,39.514,109.7127
11/5/2012,39.379,110.0954
11/6/2012,39.373,109.9234
11/7/2012,39.117,110.0334
11/8/2012,39.1,109.9703
11/9/2012,38.907,110.072
11/12/2012,39.02,109.5741
11/13/2012,38.951,109.4182
11/14/2012,39.082,109.1992
11/15/2012,39.186,108.6028
11/16/2012,39.191,108.6625
11/19/2012,39.205,107.8591
11/20/2012,39.285,107.4279
11/21/2012,39.311,107.3526
11/22/2012,39.582,106.8519
11/23/2012,39.631,106.2647
11/26/2012,39.774,105.5566
11/27/2012,39.764,106.009
11/28/2012,39.614,104.881
11/29/2012,39.905,104.7006
11/30/2012,39.867,104.708
12/3/2012,40.02,105.4767
12/4/2012,40.179,105.0817
12/5/2012,40.083,104.8499
12/6/2012,40.079,105.0772
12/7/2012,39.593,105.1983
12/10/2012,39.63,105.2182
12/11/2012,39.785,105.6337
12/12/2012,39.928,105.6577
12/13/2012,40.081,105.3158
12/14/2012,40.067,105.3737
12/17/2012,40.27,105.6571
12/18/2012,40.285,106.1232
12/19/2012,40.717,106.249
12/20/2012,40.559,105.963
12/21/2012,40.459,105.9862
12/24/2012,40.46,105.4244
12/27/2012,40.66,105.7974
12/28/2012,40.353,105.6521
12/31/2012,40.347,105.4297
1/2/2013,40.237,105.4629
1/3/2013,39.791,105.7003
1/4/2013,39.7,105.5569
1/7/2013,39.691,105.7963
1/8/2013,39.834,105.885
1/9/2013,39.651,105.9327
1/10/2013,39.732,106.023
1/11/2013,40.18,105.9595
1/14/2013,40.343,105.4662
1/15/2013,40.008,105.0063
1/16/2013,39.645,104.806
1/17/2013,39.797,104.5851
1/18/2013,39.626,104.6628
1/21/2013,39.623,104.9222
1/22/2013,39.605,104.9942
1/23/2013,39.71,104.6543
1/24/2013,39.78,104.2614
1/25/2013,40.304,103.9335
1/28/2013,40.278,104.2007
1/29/2013,40.098,104.0698
1/30/2013,40.284,104.4605
1/31/2013,40.42,104.7212
2/1/2013,40.659,104.6199
2/4/2013,40.344,104.5415
2/5/2013,40.273,104.5537
2/6/2013,40.267,103.5279
2/7/2013,40.34,103.1222
2/8/2013,39.841,103.0259
2/11/2013,39.972,103.0458
2/12/2013,40.139,103.1779
2/13/2013,40.197,102.5132
2/14/2013,39.728,102.1851
2/15/2013,39.802,102.5773
2/18/2013,39.909,102.6816
2/19/2013,39.873,103.1259
2/20/2013,39.869,102.7726
2/21/2013,39.373,102.4667
2/22/2013,39.347,102.4265
2/25/2013,39.673,102.5891
2/26/2013,39.009,102.591
2/27/2013,39.081,103.0357
2/28/2013,39.085,103.6357
3/1/2013,38.727,103.3089
3/4/2013,38.8,103.3665
3/5/2013,38.841,103.3574
3/6/2013,38.792,104.3364
3/7/2013,38.705,104.2641
3/8/2013,38.903,104.4669
3/11/2013,38.631,104.6807
3/12/2013,38.624,104.4277
3/13/2013,38.424,104.3201
3/14/2013,38.358,104.6067
3/15/2013,38.656,104.1568
3/18/2013,38.179,103.974
3/19/2013,37.9,103.7279
3/20/2013,37.696,103.4561
3/21/2013,37.658,103.5751
3/22/2013,37.964,103.4819
3/25/2013,37.908,103.7056
3/26/2013,37.684,103.908
3/27/2013,37.41,103.9888
3/28/2013,37.423,103.9044
4/2/2013,37.621,104.2986
4/3/2013,37.676,104.2717
4/4/2013,37.646,104.1582
4/5/2013,37.939,103.9662
4/8/2013,38.066,103.6387
4/9/2013,37.868,103.5896
4/10/2013,37.976,103.8731
4/11/2013,38.084,104.0355
4/12/2013,37.89,104.2321
4/15/2013,38.04,104.3116
4/16/2013,38.035,104.2457
4/17/2013,37.89,104.239
4/18/2013,37.452,104.2071
4/19/2013,37.509,104.276
4/22/2013,37.377,104.0357
4/23/2013,37.45,103.9534
4/24/2013,37.626,103.8543
4/25/2013,38.076,103.8586
4/26/2013,38.087,103.879
4/29/2013,38.382,103.6349
4/30/2013,38.301,103.5544
5/2/2013,38.821,103.2998
5/3/2013,38.791,103.3107
5/6/2013,38.744,103.2173
5/7/2013,38.718,102.954
5/8/2013,38.551,102.5312
5/9/2013,38.664,102.4916
5/10/2013,38.678,102.7074
5/13/2013,38.504,102.6431
5/14/2013,38.555,102.4532
5/15/2013,38.27,102.2986
5/16/2013,38.412,102.1051
5/17/2013,38.324,101.9268
5/20/2013,38.315,102.3455
5/21/2013,38.366,102.4505
5/22/2013,38.511,102.5346
5/23/2013,38.561,102.5594
5/24/2013,38.713,102.9285
5/27/2013,38.636,102.8112
5/28/2013,38.84,102.6062
5/29/2013,39.089,102.1968
5/30/2013,39.13,102.1036
5/31/2013,39.48,101.7976
6/3/2013,39.622,101.2837
6/4/2013,39.813,101.2756
6/5/2013,39.88,100.7795
6/6/2013,40.212,101.0486
6/7/2013,40.562,100.7535
6/10/2013,40.671,100.3929
6/11/2013,41.133,100.4321
6/12/2013,41.106,100.2554
6/13/2013,40.997,100.5113
6/14/2013,40.681,100.6816
6/17/2013,40.905,100.4703
6/18/2013,41.259,100.1208
6/19/2013,41.197,101.0035
6/20/2013,41.078,101.0147
6/21/2013,41.003,101.3721
6/24/2013,40.724,101.1491
6/25/2013,40.65,101.2511
6/26/2013,40.609,101.1479
6/27/2013,40.556,101.1506
6/28/2013,40.613,101.0403
7/1/2013,40.382,101.0387
7/2/2013,40.314,100.9808
7/3/2013,40.29,100.9563
7/4/2013,40.393,100.958
7/5/2013,40.131,100.8818
7/8/2013,40.413,100.2846
7/9/2013,40.23,101.2815
7/10/2013,40.066,101.1278
7/11/2013,40.619,101.1086
7/12/2013,40.64,101.0121
7/15/2013,40.571,101.0488
7/16/2013,40.731,101.2136
7/17/2013,40.84,101.7704
7/18/2013,40.706,101.53
7/19/2013,40.724,102.0918
7/22/2013,40.762,101.8576
7/23/2013,40.805,101.4516
7/24/2013,40.983,101.5493
7/25/2013,41.085,101.7607
7/26/2013,41.292,101.6154
7/29/2013,41.363,101.6053
7/30/2013,41.539,101.6628
7/31/2013,41.537,101.7162
8/1/2013,41.402,101.2572
8/2/2013,41.444,101.5108
8/5/2013,41.521,102.0038
8/6/2013,41.699,102.4694
8/7/2013,41.831,102.3381
8/8/2013,41.75,102.2131
8/9/2013,41.817,102.157
8/12/2013,41.487,102.4927
8/13/2013,41.531,101.9967
8/14/2013,41.504,102.1427
8/15/2013,41.593,102.1192
8/16/2013,41.728,102.3308
8/19/2013,41.873,102.7256
8/20/2013,42.399,102.6153
8/21/2013,42.601,102.2424
8/22/2013,42.687,102.6547
8/23/2013,42.749,102.0863
8/26/2013,42.675,101.7674
8/27/2013,42.935,101.6416
8/28/2013,43.111,101.6933
8/29/2013,42.69,101.7927
8/30/2013,42.557,102.1362
9/2/2013,42.309,102.2478
9/3/2013,42.34,102.1863
9/4/2013,42.417,102.1024
9/5/2013,42.695,101.9203
9/6/2013,42.44,101.9229
9/9/2013,42.478,101.927
9/10/2013,42.586,101.9616
9/11/2013,42.444,101.9433
9/12/2013,42.176,101.7606
9/13/2013,42.362,102.0484
9/16/2013,42.342,102.086
9/17/2013,42.379,102.2118
9/18/2013,42.272,102.3736
9/19/2013,41.935,102.2505
9/20/2013,41.92,102.2203
9/23/2013,42.248,102.18
9/24/2013,42.224,102.4416
9/25/2013,42.251,102.4813
9/26/2013,42.13,102.3761
9/27/2013,42.344,102.1332
9/30/2013,42.264,102.0426
10/1/2013,42.234,101.8653
10/2/2013,42.287,101.6451
10/3/2013,42.522,101.5373
10/4/2013,42.546,101.0859
10/7/2013,42.592,100.8728
10/8/2013,42.565,100.9666
10/9/2013,42.488,101.06
10/10/2013,42.45,101.4722
10/11/2013,42.434,101.4782
10/14/2013,42.462,101.2107
10/15/2013,42.206,101.173
10/16/2013,42.412,101.0354
10/17/2013,42.38,101.0669
10/18/2013,42.489,101.1096
10/21/2013,42.5,101.0724
10/22/2013,42.612,100.9648
10/23/2013,42.865,100.489
10/24/2013,42.986,100.4173
10/25/2013,42.842,100.5247
10/28/2013,42.817,101.2348
10/29/2013,42.763,101.3217
10/30/2013,42.709,101.3314
10/31/2013,42.462,101.4395
11/1/2013,42.134,101.7803
11/4/2013,42.244,101.5836
11/5/2013,42.155,101.52
11/6/2013,42.261,101.6544
11/7/2013,41.87,101.8175
11/8/2013,42.093,102.0622
11/11/2013,42.359,101.8107
11/12/2013,42.418,101.7437
11/13/2013,42.365,101.3513
11/14/2013,42.444,101.7546
11/15/2013,42.527,101.6268
11/18/2013,42.687,101.7411
11/19/2013,42.656,101.6802
11/20/2013,42.84,101.5574
11/21/2013,42.858,101.4002
11/22/2013,43.035,101.3061
11/25/2013,43.218,101.3935
11/26/2013,43.463,101.5549
11/27/2013,43.67,101.6057
11/28/2013,43.662,101.5706
11/29/2013,43.644,101.5051
12/2/2013,43.505,101.966
12/3/2013,43.695,102.0902
12/4/2013,43.826,102.1984
12/5/2013,43.881,102.3032
12/6/2013,44.133,102.3919
12/9/2013,44.089,102.3964
12/10/2013,44.099,102.4732
12/11/2013,44.114,103.133
12/12/2013,44.201,103.5982
12/13/2013,44.002,103.4436
12/16/2013,44.125,103.431
12/17/2013,44.165,103.5579
12/18/2013,44.365,103.6171
12/19/2013,44.37,103.6259
12/20/2013,44.515,103.4355
12/23/2013,44.78,103.0821
12/24/2013,44.77,102.8611
12/27/2013,45.414,102.9162
12/30/2013,45.23,102.9891
12/31/2013,45.178,102.6986
1/2/2014,45.017,102.6517
1/3/2014,45.022,102.9323
1/6/2014,44.987,103.0277
1/7/2014,45.134,103.1136
1/8/2014,44.906,103.441
1/9/2014,44.944,103.6665
1/10/2014,44.929,103.752
1/13/2014,45.047,103.7219
1/14/2014,44.723,103.6706
1/15/2014,44.689,103.8217
1/16/2014,44.595,103.8292
1/17/2014,44.617,103.8581
1/20/2014,44.518,104.0637
1/21/2014,44.529,103.9409
1/22/2014,44.632,103.834
1/23/2014,44.845,103.8813
1/24/2014,44.986,103.8739
1/27/2014,44.921,103.9492
1/28/2014,44.907,104.117
1/29/2014,44.791,104.1784
1/30/2014,44.745,104.3682
1/31/2014,44.599,104.483
2/3/2014,44.806,104.4372
2/4/2014,44.302,104.4601
2/5/2014,44.367,104.5343
2/6/2014,44.277,104.4909
2/7/2014,44.612,104.5357
2/10/2014,44.75,104.5177
2/11/2014,44.757,105.2554
2/12/2014,44.191,105.0636
2/13/2014,44.567,105.1219
2/14/2014,44.296,105.2434
2/17/2014,44.161,105.2399
2/18/2014,44.557,105.4229
2/19/2014,44.739,105.51
2/20/2014,44.68,105.2988
2/21/2014,44.603,105.1296
2/24/2014,44.711,104.9774
2/25/2014,44.772,104.7713
2/26/2014,44.681,104.5914
2/27/2014,44.453,104.597
2/28/2014,45.068,104.7049
3/3/2014,44.818,104.9389
3/4/2014,44.629,104.5802
3/5/2014,44.349,104.5769
3/6/2014,44.383,104.4282
3/7/2014,44.833,104.5867
3/10/2014,44.945,104.9521
3/11/2014,44.718,104.9444
3/12/2014,45.049,104.9614
3/13/2014,45.061,105.0739
3/14/2014,44.829,104.9988
3/17/2014,44.843,104.9115
3/18/2014,44.671,104.7008
3/19/2014,44.754,104.6213
3/20/2014,44.754,104.7797
3/21/2014,44.592,105.7875
3/24/2014,44.738,105.7432
3/25/2014,44.919,105.6645
3/26/2014,44.945,105.6104
3/27/2014,44.803,105.9251
3/28/2014,44.717,105.6696
3/31/2014,44.709,105.826
4/1/2014,44.632,106.039
4/2/2014,44.685,106.302
4/3/2014,44.726,106.3655
4/4/2014,44.598,106.3421
4/7/2014,44.581,106.5058
4/8/2014,44.527,106.6357
4/9/2014,44.52,106.8131
4/10/2014,44.7,106.7765
4/11/2014,44.815,106.7495
4/14/2014,44.638,106.7494
4/15/2014,44.555,106.8706
4/16/2014,44.641,107.0655
4/17/2014,44.591,107.3174
4/22/2014,44.658,107.492
4/23/2014,44.738,107.5438
4/24/2014,44.746,107.5325
4/25/2014,44.619,107.609
4/28/2014,44.695,107.7465
4/29/2014,44.643,107.721
4/30/2014,44.826,107.9339
5/2/2014,44.852,107.8372
5/5/2014,44.882,107.3237
5/6/2014,45.094,107.4727
5/7/2014,45.101,108.1983
5/8/2014,45.326,108.2686
5/9/2014,44.934,108.4251
5/12/2014,44.899,108.4859
5/13/2014,44.699,108.6195
5/14/2014,44.484,108.3358
5/15/2014,44.333,108.3586
5/16/2014,44.512,108.7591
5/19/2014,44.534,109.0201
5/20/2014,44.616,109.0571
5/21/2014,44.411,109.3993
5/22/2014,44.521,109.4687
5/23/2014,44.434,109.152
5/26/2014,44.432,109.1042
5/27/2014,44.509,109.1791
5/28/2014,44.504,109.0953
5/29/2014,44.641,108.7794
5/30/2014,44.695,109.488
6/2/2014,44.739,109.8634
6/3/2014,44.571,109.9138
6/4/2014,44.529,109.8033
6/5/2014,44.319,110.5302
6/6/2014,44.42,110.8001
6/9/2014,44.124,110.6012
6/10/2014,44.03,110.6965
6/11/2014,44.041,110.3812
6/12/2014,43.905,110.4473
6/13/2014,43.858,110.611
6/16/2014,43.781,110.3924
6/17/2014,44.02,110.4476
6/18/2014,44.093,110.541
6/19/2014,44.33,110.8808
6/20/2014,44.097,111.0245
6/23/2014,44.131,111.3075
6/24/2014,44.154,111.1462
6/25/2014,44.208,110.9163
6/26/2014,44.191,111.0172
6/27/2014,44.221,111.3482
6/30/2014,44.323,111.3652
7/1/2014,44.367,111.4074
7/2/2014,44.204,111.5975
7/3/2014,44.212,111.6196
7/4/2014,44.009,111.3126
7/7/2014,44.051,111.9321
7/8/2014,44.011,112.3256
7/9/2014,43.844,112.5376
7/10/2014,43.786,112.5525
7/11/2014,43.715,112.5041
7/14/2014,43.784,112.6401
7/15/2014,43.751,112.679
7/16/2014,43.453,112.8587
7/17/2014,43.505,112.9388
7/18/2014,43.463,112.5656
7/21/2014,43.145,112.4708
7/22/2014,42.867,112.6263
7/23/2014,42.813,112.5423
7/24/2014,42.891,112.3236
7/25/2014,42.78,112.3818
7/28/2014,42.72,112.3833
7/29/2014,42.731,112.5496
7/30/2014,42.757,112.3917
7/31/2014,42.959,112.1774
8/1/2014,43.2,112.0161
8/4/2014,43.173,111.9746
8/5/2014,43.01,112.2567
8/6/2014,43.06,112.4721
8/7/2014,43.139,112.6876
8/8/2014,43.022,112.7747
8/11/2014,42.97,112.4071
8/12/2014,42.842,112.0292
8/13/2014,42.749,111.8565
8/14/2014,42.625,112.0873
8/15/2014,42.67,112.6883
8/18/2014,42.601,112.8901
8/19/2014,42.546,113.0494
8/20/2014,42.461,112.9131
8/21/2014,42.412,112.3862
8/22/2014,42.395,112.1306
8/25/2014,42.219,112.4975
8/26/2014,42.114,112.6921
8/27/2014,42.056,112.4911
8/28/2014,42.12,112.3539
8/29/2014,42.141,111.626
9/1/2014,41.993,111.1216
9/2/2014,42.097,110.9792
9/3/2014,42.14,110.0199
9/4/2014,41.699,109.284
9/5/2014,41.536,108.8512
9/8/2014,41.46,108.6647
9/9/2014,41.428,108.5736
9/10/2014,41.6,107.5362
9/11/2014,41.628,108.1018
9/12/2014,41.631,107.6526
9/15/2014,41.683,107.312
9/16/2014,41.748,107.6937
9/17/2014,41.771,107.3599
9/18/2014,41.588,107.3414
9/19/2014,41.399,107.9916
9/22/2014,41.385,108.2362
9/23/2014,41.524,108.0923
9/24/2014,41.337,108.6112
9/25/2014,41.083,108.6106
9/26/2014,41.133,108.4829
9/29/2014,41.132,108.504
9/30/2014,40.8,108.8028
10/1/2014,40.94,109.1004
10/2/2014,40.976,108.8639
10/3/2014,41.028,108.8871
10/6/2014,40.986,108.5458
10/7/2014,41.129,108.9205
10/8/2014,41.238,109.2159
10/9/2014,41.342,108.8583
10/10/2014,41.028,108.7076
10/13/2014,41.113,108.6424
10/14/2014,41.116,108.8034
10/15/2014,41.18,108.7831
10/16/2014,41.423,108.8203
10/17/2014,41.521,108.7569
10/20/2014,41.263,108.2316
10/21/2014,41.196,108.436
10/22/2014,41.017,108.4173
10/23/2014,40.993,108.4783
10/24/2014,41.025,108.4618
10/27/2014,41.118,108.5191
10/28/2014,41.348,108.5756
10/29/2014,41.353,108.3639
10/30/2014,41.025,108.5489
10/31/2014,40.832,108.8317
11/3/2014,40.815,108.785
11/4/2014,40.883,108.6287
11/5/2014,40.993,108.1315
11/6/2014,41.085,108.3005
11/7/2014,40.745,108.1529
11/10/2014,40.939,108.302
11/11/2014,40.848,108.3361
11/12/2014,40.944,108.2508
11/13/2014,40.862,108.3507
11/14/2014,40.865,107.7516
11/17/2014,40.943,107.5435
11/18/2014,41.006,106.8242
11/19/2014,41.136,106.528
11/20/2014,41.147,106.3528
11/21/2014,40.663,106.2427
11/24/2014,40.737,106.2589
11/25/2014,40.767,106.0331
11/26/2014,40.893,106.0067
11/27/2014,40.897,105.8189
11/28/2014,40.992,106.148
12/1/2014,40.958,106.0791
12/2/2014,40.825,105.8143
12/3/2014,40.511,106.2374
12/4/2014,40.518,106.1507
12/5/2014,40.717,106.2018
12/8/2014,40.515,106.2973
12/9/2014,40.731,106.4522
12/10/2014,40.658,106.5702
12/11/2014,40.792,106.7176
12/12/2014,40.824,106.5693
12/15/2014,40.931,106.0104
12/16/2014,41.302,105.9522
12/17/2014,41.035,105.6775
12/18/2014,40.376,105.4685
12/19/2014,40.361,104.7961
12/22/2014,40.282,105.0859
12/23/2014,40.184,105.0077
12/24/2014,40.169,105.1804
12/29/2014,40.223,104.5248
12/30/2014,40.019,104.8858
12/31/2014,39.91,104.8426
1/2/2015,39.69,104.9382
1/5/2015,39.297,104.7354
1/6/2015,39.221,104.8201
1/7/2015,38.912,104.3986
1/8/2015,38.693,104.554
1/9/2015,38.846,104.4621
1/12/2015,38.817,104.1365
1/13/2015,38.7,104.2652
1/14/2015,38.603,104.3212
1/15/2015,38.338,104.4316
1/16/2015,37.798,104.9165
1/19/2015,37.821,104.9316
1/20/2015,37.845,104.6456
1/21/2015,37.747,104.4947
1/22/2015,37.851,103.9623
1/23/2015,36.517,104.6103
1/26/2015,36.631,104.0332
1/27/2015,36.808,103.6969
1/28/2015,36.925,103.7984
1/29/2015,37.055,103.5043
1/30/2015,37.055,103.1823
2/2/2015,36.848,103.349
2/3/2015,37.12,103.4938
2/4/2015,37.325,104.0735
2/5/2015,37.213,103.8413
2/6/2015,37.237,104.4705
2/9/2015,36.807,104.4209
2/10/2015,36.868,104.656
2/11/2015,36.929,104.9621
2/12/2015,37.037,105.0313
2/13/2015,37.131,105.0776
2/16/2015,37.181,105.0161
2/17/2015,37.184,104.8329
2/18/2015,37.05,104.733
2/19/2015,37.064,105.5256
2/20/2015,36.777,105.6579
2/23/2015,36.786,105.4969
2/24/2015,36.884,105.5451
2/25/2015,36.909,105.5688
2/26/2015,36.57,105.4082
2/27/2015,36.336,105.2879
3/2/2015,36.297,105.4381
3/3/2015,36.131,105.721
3/4/2015,36.036,105.8956
3/5/2015,35.885,105.9592
3/6/2015,35.531,105.7407
3/9/2015,35.371,105.7433
3/10/2015,35.1,105.7176
3/11/2015,34.789,105.7531
3/12/2015,34.823,105.7607
3/13/2015,34.784,105.8302
3/16/2015,34.763,105.7917
3/17/2015,35.017,105.9448
3/18/2015,34.878,106.0313
3/19/2015,34.997,105.9467
3/20/2015,35.227,105.9193
3/23/2015,35.497,106.1968
3/24/2015,35.569,105.9288
3/25/2015,35.715,106.1866
3/26/2015,35.712,106.2329
3/27/2015,35.335,106.1914
3/30/2015,35.328,105.9883
3/31/2015,35.018,105.6345
4/1/2015,34.965,105.934
4/2/2015,35.187,105.6325
4/7/2015,35.335,105.1438
4/8/2015,35.367,105.3525
4/9/2015,35.048,105.1593
4/10/2015,34.415,105.6924
4/13/2015,34.376,105.4116
4/14/2015,34.291,105.7443
4/15/2015,34.327,105.4097
4/16/2015,34.709,105.3844
4/17/2015,34.992,105.2008
4/20/2015,34.732,105.307
4/21/2015,34.631,105.1649
4/22/2015,34.764,104.9516
4/23/2015,34.963,105.1491
4/24/2015,35.232,105.5168
4/27/2015,35.386,105.3222
4/28/2015,35.611,105.5642
4/29/2015,36.142,105.5756
4/30/2015,36.976,105.3015
