Date,ROL
1/4/1999,13111
1/5/1999,13168
1/6/1999,13168
1/7/1999,13092
1/8/1999,13143
1/11/1999,12980
1/12/1999,12912
1/13/1999,13149
1/14/1999,13134
1/15/1999,13164
1/18/1999,13263
1/19/1999,13335
1/20/1999,13274
1/21/1999,13282
1/22/1999,13285
1/25/1999,13318
1/26/1999,13328
1/27/1999,13302
1/28/1999,13199
1/29/1999,13280
2/1/1999,13407
2/2/1999,13596
2/3/1999,13660
2/4/1999,13655
2/5/1999,13819
2/8/1999,13718
2/9/1999,13724
2/10/1999,13773
2/11/1999,13848
2/12/1999,13664
2/15/1999,13663
2/16/1999,13694
2/17/1999,13794
2/18/1999,13857
2/19/1999,13826
2/22/1999,13680
2/23/1999,13798
2/24/1999,14068
2/25/1999,14169
2/26/1999,14075
3/1/1999,14079
3/2/1999,14117
3/3/1999,14316
3/4/1999,14559
3/5/1999,14506
3/8/1999,14160
3/9/1999,14573
3/10/1999,14830
3/11/1999,14951
3/12/1999,14818
3/15/1999,15212
3/16/1999,15931
3/17/1999,17825
3/18/1999,17891
3/19/1999,16209
3/22/1999,16187
3/23/1999,16242
3/24/1999,15846
3/25/1999,15873
3/26/1999,15952
3/29/1999,16038
3/30/1999,16420
3/31/1999,16059
4/1/1999,15953
4/2/1999,15937
4/5/1999,15988
4/6/1999,15902
4/7/1999,15677
4/8/1999,15713
4/9/1999,15386
4/12/1999,15521
4/13/1999,15920
4/14/1999,16073
4/15/1999,16125
4/16/1999,15897
4/19/1999,15846
4/20/1999,15846
4/21/1999,15649
4/22/1999,15710
4/23/1999,15735
4/26/1999,15703
4/27/1999,15780
4/28/1999,15862
4/29/1999,15893
4/30/1999,15832
5/3/1999,15806
5/4/1999,15801
5/5/1999,15934
5/6/1999,16140
5/7/1999,16147
5/10/1999,16070
5/11/1999,16083
5/12/1999,15917
5/13/1999,15954
5/14/1999,15985
5/17/1999,16295
5/18/1999,16575
5/19/1999,16451
5/20/1999,16469
5/21/1999,16410
5/24/1999,16417
5/25/1999,16480
5/26/1999,16366
5/27/1999,16322
5/28/1999,16364
5/31/1999,16327
6/1/1999,16301
6/2/1999,16250
6/3/1999,16321
6/4/1999,16250
6/7/1999,16275
6/8/1999,16386
6/9/1999,16493
6/10/1999,16538
6/11/1999,16520
6/14/1999,16428
6/15/1999,16372
6/16/1999,16305
6/17/1999,16363
6/18/1999,16439
6/21/1999,16410
6/22/1999,16205
6/23/1999,16208
6/24/1999,16186
6/25/1999,16437
6/28/1999,16452
6/29/1999,16483
6/30/1999,16388
7/1/1999,16238
7/2/1999,16274
7/5/1999,16200
7/6/1999,16243
7/7/1999,16211
7/8/1999,16154
7/9/1999,16149
7/12/1999,16181
7/13/1999,16057
7/14/1999,16057
7/15/1999,16245
7/16/1999,16224
7/19/1999,16188
7/20/1999,16659
7/21/1999,16687
7/22/1999,16692
7/23/1999,16746
7/26/1999,17026
7/27/1999,16950
7/28/1999,17014
7/29/1999,16986
7/30/1999,17167
8/2/1999,17119
8/3/1999,17125
8/4/1999,17288
8/5/1999,17365
8/6/1999,17222
8/9/1999,17159
8/10/1999,17182
8/11/1999,17138
8/12/1999,17085
8/13/1999,17117
8/16/1999,16981
8/17/1999,16929
8/18/1999,16922
8/19/1999,16927
8/20/1999,16927
8/23/1999,17088
8/24/1999,16964
8/25/1999,16849
8/26/1999,16870
8/27/1999,16924
8/30/1999,16956
8/31/1999,17138
9/1/1999,17222
9/2/1999,17262
9/3/1999,17398
9/6/1999,17423
9/7/1999,17204
9/8/1999,17335
9/9/1999,17332
9/10/1999,17302
9/13/1999,16902
9/14/1999,16939
9/15/1999,16949
9/16/1999,16976
9/17/1999,17023
9/20/1999,17042
9/21/1999,17010
9/22/1999,17211
9/23/1999,17099
9/24/1999,17171
9/27/1999,17102
9/28/1999,17246
9/29/1999,17379
9/30/1999,17560
10/1/1999,17704
10/4/1999,17704
10/5/1999,17706
10/6/1999,17811
10/7/1999,17840
10/8/1999,17752
10/11/1999,17713
10/12/1999,17713
10/13/1999,17983
10/14/1999,18007
10/15/1999,18164
10/18/1999,18172
10/19/1999,18120
10/20/1999,18065
10/21/1999,18107
10/22/1999,18065
10/25/1999,17942
10/26/1999,17868
10/27/1999,17744
10/28/1999,17745
10/29/1999,17643
11/1/1999,17889
11/2/1999,17841
11/3/1999,17903
11/4/1999,17967
11/5/1999,17946
11/8/1999,17824
11/9/1999,17898
11/10/1999,17869
11/11/1999,17936
11/12/1999,17853
11/15/1999,17872
11/16/1999,18005
11/17/1999,18214
11/18/1999,18476
11/19/1999,18417
11/22/1999,18457
11/23/1999,18482
11/24/1999,18221
11/25/1999,18295
11/26/1999,18056
11/29/1999,18018
11/30/1999,18038
12/1/1999,18043
12/2/1999,17972
12/3/1999,17897
12/6/1999,18297
12/7/1999,18502
12/8/1999,18456
12/9/1999,18274
12/10/1999,18152
12/13/1999,18134
12/14/1999,17986
12/15/1999,17943
12/16/1999,18202
12/17/1999,18139
12/20/1999,18087
12/21/1999,18061
12/22/1999,18113
12/23/1999,18155
12/24/1999,18359
12/27/1999,18449
12/28/1999,18389
12/29/1999,18457
12/30/1999,18345
1/3/2000,18273
1/4/2000,18858
1/5/2000,18979
1/6/2000,19000
1/7/2000,18822
1/10/2000,18729
1/11/2000,18784
1/12/2000,18874
1/13/2000,18860
1/14/2000,18776
1/17/2000,18502
1/18/2000,18507
1/19/2000,18512
1/20/2000,18511
1/21/2000,18525
1/24/2000,18420
1/25/2000,18397
1/26/2000,18445
1/27/2000,18411
1/28/2000,18172
1/31/2000,18073
2/1/2000,17924
2/2/2000,17936
2/3/2000,18087
2/4/2000,18291
2/7/2000,18176
2/8/2000,18402
2/9/2000,18482
2/10/2000,18426
2/11/2000,18307
2/14/2000,18440
2/15/2000,18281
2/16/2000,18343
2/17/2000,18628
2/18/2000,18521
2/21/2000,18543
2/22/2000,18852
2/23/2000,18931
2/24/2000,18671
2/25/2000,18517
2/28/2000,18215
2/29/2000,18350
3/1/2000,18290
3/2/2000,18425
3/3/2000,18315
3/6/2000,18331
3/7/2000,18278
3/8/2000,18199
3/9/2000,18352
3/10/2000,18347
3/13/2000,18548
3/14/2000,18398
3/15/2000,18488
3/16/2000,18580
3/17/2000,18638
3/20/2000,18699
3/21/2000,18687
3/22/2000,18551
3/23/2000,18688
3/24/2000,18813
3/27/2000,18824
3/28/2000,18725
3/29/2000,18739
3/30/2000,18591
3/31/2000,18615
4/3/2000,18650
4/4/2000,18612
4/5/2000,18887
4/6/2000,18820
4/7/2000,18736
4/10/2000,18811
4/11/2000,18845
4/12/2000,18836
4/13/2000,18803
4/14/2000,18835
4/17/2000,18917
4/18/2000,18801
4/19/2000,18748
4/20/2000,18621
4/25/2000,18564
4/26/2000,18371
4/27/2000,18368
4/28/2000,18239
5/2/2000,18318
5/3/2000,17924
5/4/2000,18017
5/5/2000,17931
5/8/2000,18059
5/9/2000,18140
5/10/2000,18428
5/11/2000,18409
5/12/2000,18342
5/15/2000,18605
5/16/2000,18463
5/17/2000,18200
5/18/2000,18286
5/19/2000,18189
5/22/2000,18489
5/23/2000,18728
5/24/2000,18704
5/25/2000,18506
5/26/2000,18851
5/29/2000,19127
5/30/2000,19354
5/31/2000,19259
6/1/2000,19339
6/2/2000,19412
6/5/2000,19597
6/6/2000,19737
6/7/2000,19899
6/8/2000,20235
6/9/2000,19817
6/12/2000,19921
6/13/2000,20071
6/14/2000,20216
6/15/2000,20022
6/16/2000,20137
6/19/2000,20328
6/20/2000,20133
6/21/2000,20012
6/22/2000,19922
6/23/2000,19963
6/26/2000,19797
6/27/2000,19977
6/28/2000,20028
6/29/2000,20267
6/30/2000,20416
7/3/2000,20277
7/4/2000,20293
7/5/2000,20418
7/6/2000,20473
7/7/2000,20360
7/10/2000,20453
7/11/2000,20482
7/12/2000,20437
7/13/2000,20142
7/14/2000,20143
7/17/2000,20178
7/18/2000,20202
7/19/2000,19919
7/20/2000,19968
7/21/2000,20295
7/24/2000,20258
7/25/2000,20453
7/26/2000,20442
7/27/2000,20497
7/28/2000,20284
7/31/2000,20238
8/1/2000,20315
8/2/2000,20080
8/3/2000,19872
8/4/2000,19912
8/7/2000,20057
8/8/2000,20014
8/9/2000,19884
8/10/2000,20082
8/11/2000,20344
8/14/2000,20108
8/15/2000,20372
8/16/2000,20314
8/17/2000,20528
8/18/2000,20535
8/21/2000,20351
8/22/2000,20289
8/23/2000,20202
8/24/2000,20487
8/25/2000,20518
8/28/2000,20565
8/29/2000,20498
8/30/2000,20402
8/31/2000,20484
9/1/2000,20519
9/4/2000,20790
9/5/2000,20624
9/6/2000,20486
9/7/2000,20204
9/8/2000,20387
9/11/2000,20111
9/12/2000,20180
9/13/2000,20330
9/14/2000,20512
9/15/2000,20363
9/18/2000,20172
9/19/2000,20257
9/20/2000,20217
9/21/2000,20317
9/22/2000,21223
9/25/2000,20979
9/26/2000,20999
9/27/2000,21290
9/28/2000,21298
9/29/2000,21187
10/2/2000,21375
10/3/2000,21292
10/4/2000,21215
10/5/2000,21314
10/6/2000,21205
10/9/2000,21185
10/10/2000,21278
10/11/2000,21298
10/12/2000,21177
10/13/2000,21141
10/16/2000,20892
10/17/2000,20843
10/18/2000,20963
10/19/2000,20722
10/20/2000,20861
10/23/2000,20673
10/24/2000,20652
10/25/2000,20559
10/26/2000,20502
10/27/2000,20569
10/30/2000,21057
10/31/2000,20914
11/1/2000,21261
11/2/2000,21469
11/3/2000,21782
11/6/2000,21619
11/7/2000,21457
11/8/2000,21395
11/9/2000,21331
11/10/2000,21633
11/13/2000,21598
11/14/2000,21519
11/15/2000,21550
11/16/2000,21523
11/17/2000,21461
11/20/2000,21333
11/21/2000,21323
11/22/2000,21239
11/23/2000,21263
11/24/2000,21305
11/27/2000,21202
11/28/2000,21637
11/29/2000,21859
11/30/2000,21997
12/1/2000,22151
12/4/2000,22599
12/5/2000,22406
12/6/2000,22442
12/7/2000,22763
12/8/2000,22635
12/11/2000,22433
12/12/2000,22404
12/13/2000,22364
12/14/2000,22616
12/15/2000,22959
12/18/2000,22515
12/19/2000,22805
12/20/2000,23229
12/21/2000,23506
12/22/2000,23806
12/27/2000,24034
12/28/2000,24023
12/29/2000,24142
1/2/2001,24467
1/3/2001,24730
1/4/2001,24572
1/5/2001,24777
1/8/2001,24733
1/9/2001,24527
1/10/2001,24550
1/11/2001,24900
1/12/2001,24973
1/15/2001,24700
1/16/2001,24684
1/17/2001,24635
1/18/2001,24744
1/19/2001,24715
1/22/2001,24468
1/23/2001,24773
1/24/2001,24517
1/25/2001,24172
1/26/2001,24237
1/29/2001,24321
1/30/2001,24366
1/31/2001,24445
2/1/2001,25028
2/2/2001,25008
2/5/2001,25023
2/6/2001,24750
2/7/2001,24963
2/8/2001,24557
2/9/2001,24657
2/12/2001,24805
2/13/2001,24817
2/14/2001,24559
2/15/2001,24372
2/16/2001,24472
2/19/2001,24750
2/20/2001,24416
2/21/2001,24604
2/22/2001,24429
2/23/2001,24455
2/26/2001,24613
2/27/2001,24754
2/28/2001,25018
3/1/2001,25130
3/2/2001,25390
3/5/2001,25253
3/6/2001,25189
3/7/2001,25273
3/8/2001,25300
3/9/2001,25390
3/12/2001,25250
3/13/2001,25030
3/14/2001,25003
3/15/2001,24716
3/16/2001,24420
3/19/2001,24562
3/20/2001,24647
3/21/2001,24580
3/22/2001,24400
3/23/2001,24497
3/26/2001,24530
3/27/2001,24591
3/28/2001,24375
3/29/2001,24302
3/30/2001,24330
4/2/2001,24203
4/3/2001,24398
4/4/2001,24942
4/5/2001,24963
4/6/2001,24758
4/9/2001,25005
4/10/2001,24815
4/11/2001,24545
4/12/2001,24600
4/17/2001,24530
4/18/2001,24522
4/19/2001,24722
4/20/2001,25167
4/23/2001,25217
4/24/2001,25149
4/25/2001,25146
4/26/2001,25348
4/27/2001,25443
4/30/2001,25060
5/2/2001,25167
5/3/2001,25182
5/4/2001,25285
5/7/2001,25258
5/8/2001,25120
5/9/2001,25011
5/10/2001,25280
5/11/2001,24920
5/14/2001,24870
5/15/2001,24963
5/16/2001,25185
5/17/2001,25127
5/18/2001,25020
5/21/2001,25078
5/22/2001,24799
5/23/2001,24537
5/24/2001,24659
5/25/2001,24618
5/28/2001,24640
5/29/2001,24540
5/30/2001,24552
5/31/2001,24392
6/1/2001,24371
6/4/2001,24505
6/5/2001,24375
6/6/2001,24617
6/7/2001,24432
6/8/2001,24460
6/11/2001,24555
6/12/2001,24468
6/13/2001,24685
6/14/2001,24580
6/15/2001,25058
6/18/2001,24863
6/19/2001,24804
6/20/2001,24697
6/21/2001,24852
6/22/2001,24745
6/25/2001,25025
6/26/2001,25055
6/27/2001,25115
6/28/2001,24817
6/29/2001,24719
7/2/2001,24696
7/3/2001,24790
7/4/2001,24658
7/5/2001,24576
7/6/2001,24524
7/9/2001,24723
7/10/2001,25003
7/11/2001,25177
7/12/2001,25002
7/13/2001,25000
7/16/2001,25142
7/17/2001,25017
7/18/2001,25320
7/19/2001,25690
7/20/2001,25825
7/23/2001,25566
7/24/2001,25693
7/25/2001,25940
7/26/2001,25914
7/27/2001,25928
7/30/2001,25890
7/31/2001,25927
8/1/2001,26152
8/2/2001,26131
8/3/2001,26148
8/6/2001,26159
8/7/2001,26098
8/8/2001,26078
8/9/2001,26380
8/10/2001,26623
8/13/2001,26781
8/14/2001,26742
8/15/2001,27187
8/16/2001,27253
8/17/2001,27202
8/20/2001,27241
8/21/2001,27205
8/22/2001,27453
8/23/2001,27170
8/24/2001,27172
8/27/2001,27149
8/28/2001,27027
8/29/2001,27330
8/30/2001,27258
8/31/2001,27509
9/3/2001,27258
9/4/2001,26969
9/5/2001,26715
9/6/2001,26703
9/7/2001,27014
9/10/2001,27277
9/11/2001,27083
9/12/2001,27339
9/13/2001,27386
9/14/2001,27870
9/17/2001,28020
9/18/2001,28015
9/19/2001,28015
9/20/2001,28038
9/21/2001,27877
9/24/2001,27807
9/25/2001,27848
9/26/2001,27995
9/27/2001,28013
9/28/2001,27876
10/1/2001,27910
10/2/2001,28168
10/3/2001,28157
10/4/2001,27970
10/5/2001,28133
10/8/2001,28253
10/9/2001,28253
10/10/2001,28075
10/11/2001,27893
10/12/2001,27818
10/15/2001,28017
10/16/2001,27857
10/17/2001,27773
10/18/2001,27805
10/19/2001,27775
10/22/2001,27727
10/23/2001,27490
10/24/2001,27577
10/25/2001,27453
10/26/2001,27512
10/29/2001,27767
10/30/2001,28046
10/31/2001,28027
11/1/2001,28232
11/2/2001,28115
11/5/2001,27855
11/6/2001,27878
11/7/2001,28013
11/8/2001,27957
11/9/2001,27808
11/12/2001,27870
11/13/2001,27648
11/14/2001,27523
11/15/2001,27652
11/16/2001,27733
11/19/2001,27555
11/20/2001,27692
11/21/2001,27593
11/22/2001,27567
11/23/2001,27617
11/26/2001,27725
11/27/2001,27650
11/28/2001,27798
11/29/2001,28003
11/30/2001,28050
12/3/2001,28157
12/4/2001,28090
12/5/2001,28140
12/6/2001,28093
12/7/2001,28260
12/10/2001,28170
12/11/2001,28278
12/12/2001,28300
12/13/2001,28400
12/14/2001,28500
12/17/2001,28532
12/18/2001,28313
12/19/2001,28111
12/20/2001,28208
12/21/2001,28024
12/24/2001,27600
12/27/2001,27712
12/28/2001,27817
1/2/2002,28687
1/3/2002,28843
1/4/2002,28717
1/7/2002,28800
1/8/2002,28588
1/9/2002,28573
1/10/2002,28647
1/11/2002,28930
1/14/2002,28570
1/15/2002,28637
1/16/2002,28300
1/17/2002,28518
1/18/2002,28227
1/21/2002,28408
1/22/2002,28232
1/23/2002,28135
1/24/2002,27874
1/25/2002,27508
1/28/2002,27386
1/29/2002,27798
1/30/2002,27883
1/31/2002,27750
2/1/2002,27700
2/4/2002,27797
2/5/2002,27952
2/6/2002,27775
2/7/2002,27790
2/8/2002,28055
2/11/2002,28207
2/12/2002,28100
2/13/2002,28000
2/14/2002,27907
2/15/2002,27938
2/18/2002,28008
2/19/2002,27920
2/20/2002,28213
2/21/2002,28252
2/22/2002,28348
2/25/2002,28262
2/26/2002,28075
2/27/2002,28123
2/28/2002,28197
3/1/2002,28300
3/4/2002,28178
3/5/2002,28294
3/6/2002,28401
3/7/2002,28612
3/8/2002,28730
3/11/2002,28577
3/12/2002,28547
3/13/2002,28547
3/14/2002,28832
3/15/2002,28941
3/18/2002,28706
3/19/2002,28867
3/20/2002,28834
3/21/2002,29040
3/22/2002,29047
3/25/2002,28930
3/26/2002,28780
3/27/2002,28760
3/28/2002,28751
4/2/2002,28873
4/3/2002,28862
4/4/2002,28985
4/5/2002,29000
4/8/2002,28870
4/9/2002,28846
4/10/2002,28964
4/11/2002,28968
4/12/2002,28990
4/15/2002,29095
4/16/2002,29122
4/17/2002,29402
4/18/2002,29462
4/19/2002,29492
4/22/2002,29617
4/23/2002,29575
4/24/2002,29632
4/25/2002,29900
4/26/2002,29940
4/29/2002,30183
4/30/2002,30112
5/2/2002,30182
5/3/2002,30342
5/6/2002,30557
5/7/2002,30433
5/8/2002,30251
5/9/2002,30260
5/10/2002,30451
5/13/2002,30481
5/14/2002,30318
5/15/2002,30276
5/16/2002,30591
5/17/2002,30638
5/20/2002,30833
5/21/2002,30884
5/22/2002,31048
5/23/2002,30951
5/24/2002,30842
5/27/2002,30862
5/28/2002,31074
5/29/2002,31227
5/30/2002,31426
5/31/2002,31447
6/3/2002,31232
6/4/2002,31537
6/5/2002,31215
6/6/2002,31309
6/7/2002,31503
6/10/2002,31582
6/11/2002,31427
6/12/2002,31510
6/13/2002,31459
6/14/2002,31709
6/17/2002,31480
6/18/2002,31743
6/19/2002,31901
6/20/2002,31953
6/21/2002,32115
6/24/2002,32588
6/25/2002,32449
6/26/2002,33107
6/27/2002,32930
6/28/2002,33408
7/1/2002,33041
7/2/2002,32782
7/3/2002,32586
7/4/2002,32499
7/5/2002,32312
7/8/2002,32597
7/9/2002,32853
7/10/2002,32660
7/11/2002,32537
7/12/2002,32665
7/15/2002,33073
7/16/2002,33447
7/17/2002,33070
7/18/2002,33167
7/19/2002,33200
7/22/2002,32990
7/23/2002,32943
7/24/2002,32487
7/25/2002,32843
7/26/2002,32715
7/29/2002,32227
7/30/2002,32335
7/31/2002,32110
8/1/2002,32130
8/2/2002,32525
8/5/2002,32435
8/6/2002,32126
8/7/2002,32100
8/8/2002,32036
8/9/2002,32166
8/12/2002,32182
8/13/2002,32308
8/14/2002,32584
8/15/2002,32366
8/16/2002,32417
8/19/2002,32212
8/20/2002,32406
8/21/2002,32247
8/22/2002,32348
8/23/2002,32200
8/26/2002,32164
8/27/2002,32477
8/28/2002,32651
8/29/2002,32788
8/30/2002,32689
9/2/2002,32508
9/3/2002,32793
9/4/2002,32872
9/5/2002,32902
9/6/2002,32743
9/9/2002,32430
9/10/2002,32315
9/11/2002,32202
9/12/2002,32282
9/13/2002,32407
9/16/2002,32063
9/17/2002,32065
9/18/2002,32282
9/19/2002,32593
9/20/2002,32700
9/23/2002,32658
9/24/2002,32557
9/25/2002,32280
9/26/2002,32384
9/27/2002,32317
9/30/2002,32578
10/1/2002,32619
10/2/2002,32555
10/3/2002,32712
10/4/2002,32585
10/7/2002,32378
10/8/2002,32358
10/9/2002,32462
10/10/2002,32703
10/11/2002,32710
10/14/2002,32710
10/15/2002,32590
10/16/2002,32613
10/17/2002,32442
10/18/2002,32415
10/21/2002,32422
10/22/2002,32593
10/23/2002,32555
10/24/2002,32523
10/25/2002,32610
10/28/2002,32553
10/29/2002,32907
10/30/2002,32865
10/31/2002,33070
11/1/2002,33352
11/4/2002,33382
11/5/2002,33642
11/6/2002,33387
11/7/2002,33617
11/8/2002,33912
11/11/2002,33916
11/12/2002,33866
11/13/2002,33840
11/14/2002,33855
11/15/2002,33639
11/18/2002,33725
11/19/2002,33885
11/20/2002,33565
11/21/2002,33666
11/22/2002,33647
11/25/2002,33377
11/26/2002,33266
11/27/2002,33265
11/28/2002,33330
11/29/2002,33300
12/2/2002,33177
12/3/2002,33465
12/4/2002,33675
12/5/2002,33713
12/6/2002,33710
12/9/2002,34013
12/10/2002,34052
12/11/2002,34050
12/12/2002,34313
12/13/2002,34520
12/16/2002,34518
12/17/2002,34888
12/18/2002,34585
12/19/2002,34430
12/20/2002,34300
12/23/2002,34400
12/24/2002,34373
12/27/2002,34785
12/30/2002,34925
12/31/2002,35135
1/2/2003,35012
1/3/2003,34773
1/6/2003,35055
1/7/2003,35038
1/8/2003,34942
1/9/2003,35385
1/10/2003,35477
1/13/2003,35542
1/14/2003,35607
1/15/2003,35410
1/16/2003,35670
1/17/2003,35708
1/20/2003,35725
1/21/2003,35603
1/22/2003,35723
1/23/2003,35882
1/24/2003,35910
1/27/2003,36028
1/28/2003,35865
1/29/2003,35983
1/30/2003,35677
1/31/2003,35848
2/3/2003,35613
2/4/2003,35847
2/5/2003,35963
2/6/2003,35690
2/7/2003,35617
2/10/2003,35513
2/11/2003,35167
2/12/2003,34955
2/13/2003,35237
2/14/2003,35217
2/17/2003,35050
2/18/2003,34950
2/19/2003,34910
2/20/2003,35150
2/21/2003,35555
2/24/2003,35213
2/25/2003,35430
2/26/2003,35508
2/27/2003,35757
2/28/2003,35717
3/3/2003,35703
3/4/2003,35913
3/5/2003,36047
3/6/2003,35965
3/7/2003,36087
3/10/2003,36084
3/11/2003,36053
3/12/2003,35878
3/13/2003,35635
3/14/2003,35427
3/17/2003,35403
3/18/2003,35427
3/19/2003,35395
3/20/2003,35600
3/21/2003,35785
3/24/2003,35978
3/25/2003,36000
3/26/2003,35917
3/27/2003,35940
3/28/2003,35972
3/31/2003,36250
4/1/2003,36210
4/2/2003,36275
4/3/2003,36310
4/4/2003,36430
4/7/2003,36320
4/8/2003,36437
4/9/2003,36535
4/10/2003,36650
4/11/2003,36585
4/14/2003,36630
4/15/2003,36560
4/16/2003,36670
4/17/2003,36843
4/22/2003,36737
4/23/2003,36557
4/24/2003,36635
4/25/2003,36660
4/28/2003,36685
4/29/2003,36640
4/30/2003,37015
5/2/2003,37310
5/5/2003,37310
5/6/2003,37523
5/7/2003,37607
5/8/2003,37560
5/9/2003,37503
5/12/2003,37598
5/13/2003,37535
5/14/2003,37518
5/15/2003,37520
5/16/2003,37517
5/19/2003,37737
5/20/2003,37687
5/21/2003,37722
5/22/2003,37700
5/23/2003,37665
5/26/2003,37703
5/27/2003,37839
5/28/2003,37792
5/29/2003,37825
5/30/2003,38107
6/2/2003,37965
6/3/2003,38062
6/4/2003,37995
6/5/2003,38000
6/6/2003,38280
6/9/2003,38212
6/10/2003,38215
6/11/2003,38230
6/12/2003,38250
6/13/2003,38270
6/16/2003,38368
6/17/2003,38285
6/18/2003,38255
6/19/2003,38100
6/20/2003,38140
6/23/2003,37910
6/24/2003,37880
6/25/2003,37760
6/26/2003,37700
6/27/2003,37700
6/30/2003,37660
7/1/2003,37860
7/2/2003,37770
7/3/2003,37625
7/4/2003,37611
7/7/2003,37385
7/8/2003,37245
7/9/2003,37211
7/10/2003,37200
7/11/2003,37140
7/14/2003,36957
7/15/2003,37034
7/16/2003,36546
7/17/2003,36623
7/18/2003,36760
7/21/2003,36750
7/22/2003,36778
7/23/2003,36859
7/24/2003,37075
7/25/2003,37120
7/28/2003,37180
7/29/2003,37325
7/30/2003,37247
7/31/2003,37114
8/1/2003,37203
8/4/2003,37370
8/5/2003,37320
8/6/2003,37390
8/7/2003,37355
8/8/2003,37300
8/11/2003,37375
8/12/2003,37280
8/13/2003,37325
8/14/2003,37330
8/15/2003,37330
8/18/2003,37190
8/19/2003,37080
8/20/2003,37080
8/21/2003,37000
8/22/2003,36900
8/25/2003,36850
8/26/2003,36650
8/27/2003,36930
8/28/2003,37020
8/29/2003,37200
9/1/2003,37302
9/2/2003,37298
9/3/2003,37283
9/4/2003,37338
9/5/2003,37463
9/8/2003,37657
9/9/2003,37679
9/10/2003,37891
9/11/2003,38032
9/12/2003,37960
9/15/2003,38100
9/16/2003,37960
9/17/2003,38027
9/18/2003,38100
9/19/2003,38127
9/22/2003,38310
9/23/2003,38275
9/24/2003,38272
9/25/2003,38220
9/26/2003,38284
9/29/2003,38183
9/30/2003,38435
10/1/2003,38430
10/2/2003,38510
10/3/2003,38505
10/6/2003,38376
10/7/2003,38602
10/8/2003,38615
10/9/2003,38702
10/10/2003,38591
10/13/2003,38797
10/14/2003,38786
10/15/2003,38763
10/16/2003,38683
10/17/2003,38824
10/20/2003,38850
10/21/2003,38842
10/22/2003,38840
10/23/2003,38819
10/24/2003,38849
10/27/2003,38845
10/28/2003,38992
10/29/2003,39245
10/30/2003,39512
10/31/2003,39487
11/3/2003,39455
11/4/2003,39465
11/5/2003,39601
11/6/2003,39633
11/7/2003,39711
11/10/2003,39952
11/11/2003,39945
11/12/2003,39890
11/13/2003,39938
11/14/2003,40005
11/17/2003,39917
11/18/2003,39895
11/19/2003,40037
11/20/2003,40164
11/21/2003,40168
11/24/2003,40039
11/25/2003,40058
11/26/2003,40137
11/27/2003,40322
11/28/2003,40200
12/1/2003,40230
12/2/2003,40172
12/3/2003,40317
12/4/2003,40338
12/5/2003,40390
12/8/2003,40510
12/9/2003,40593
12/10/2003,40468
12/11/2003,40515
12/12/2003,40663
12/15/2003,40583
12/16/2003,40722
12/17/2003,40613
12/18/2003,40719
12/19/2003,40732
12/22/2003,40625
12/23/2003,40397
12/24/2003,40485
12/29/2003,40723
12/30/2003,41072
12/31/2003,41158
1/2/2004,41122
1/5/2004,41272
1/6/2004,41429
1/7/2004,41259
1/8/2004,41287
1/9/2004,41239
1/12/2004,41350
1/13/2004,41362
1/14/2004,41264
1/15/2004,41213
1/16/2004,41139
1/19/2004,40985
1/20/2004,41087
1/21/2004,41048
1/22/2004,41350
1/23/2004,41052
1/26/2004,40952
1/27/2004,40804
1/28/2004,40700
1/29/2004,40695
1/30/2004,40636
2/2/2004,40502
2/3/2004,40447
2/4/2004,40501
2/5/2004,40807
2/6/2004,40903
2/9/2004,40963
2/10/2004,40900
2/11/2004,40667
2/12/2004,40721
2/13/2004,40763
2/16/2004,40619
2/17/2004,40720
2/18/2004,40665
2/19/2004,40444
2/20/2004,40539
2/23/2004,40468
2/24/2004,40315
2/25/2004,40279
2/26/2004,40095
2/27/2004,39932
3/1/2004,39733
3/2/2004,39767
3/3/2004,39775
3/4/2004,39899
3/5/2004,39881
3/8/2004,39850
3/9/2004,39952
3/10/2004,39867
3/11/2004,39881
3/12/2004,39919
3/15/2004,39895
3/16/2004,39955
3/17/2004,39927
3/18/2004,39955
3/19/2004,40030
3/22/2004,40083
3/23/2004,39977
3/24/2004,40074
3/25/2004,40093
3/26/2004,40281
3/29/2004,40478
3/30/2004,40442
3/31/2004,40963
4/1/2004,41125
4/2/2004,40843
4/5/2004,40730
4/6/2004,40922
4/7/2004,40865
4/8/2004,40823
4/13/2004,40788
4/14/2004,40742
4/15/2004,40780
4/16/2004,40781
4/19/2004,40847
4/20/2004,40685
4/21/2004,40512
4/22/2004,40559
4/23/2004,40465
4/26/2004,40360
4/27/2004,40502
4/28/2004,40488
4/29/2004,40411
4/30/2004,40424
5/3/2004,40326
5/4/2004,40265
5/5/2004,40318
5/6/2004,40448
5/7/2004,40328
5/10/2004,40433
5/11/2004,40528
5/12/2004,40471
5/13/2004,40392
5/14/2004,40494
5/17/2004,40509
5/18/2004,40620
5/19/2004,40633
5/20/2004,40620
5/21/2004,40687
5/24/2004,40730
5/25/2004,40802
5/26/2004,40728
5/27/2004,40731
5/28/2004,40807
5/31/2004,40766
6/1/2004,40776
6/2/2004,40797
6/3/2004,40806
6/4/2004,40772
6/7/2004,40803
6/8/2004,40758
6/9/2004,40855
6/10/2004,40865
6/11/2004,40767
6/14/2004,40741
6/15/2004,40678
6/16/2004,40793
6/17/2004,40742
6/18/2004,40748
6/21/2004,40731
6/22/2004,40614
6/23/2004,40613
6/24/2004,40852
6/25/2004,40766
6/28/2004,40732
6/29/2004,40725
6/30/2004,40626
7/1/2004,40629
7/2/2004,40617
7/5/2004,40739
7/6/2004,40843
7/7/2004,40860
7/8/2004,40912
7/9/2004,40918
7/12/2004,40850
7/13/2004,40920
7/14/2004,41016
7/15/2004,40949
7/16/2004,41047
7/19/2004,40949
7/20/2004,40920
7/21/2004,41107
7/22/2004,41079
7/23/2004,41128
7/26/2004,41147
7/27/2004,41169
7/28/2004,41096
7/29/2004,41134
7/30/2004,41125
8/2/2004,41024
8/3/2004,41100
8/4/2004,40954
8/5/2004,40924
8/6/2004,40899
8/9/2004,40840
8/10/2004,40732
8/11/2004,40671
8/12/2004,40896
8/13/2004,40758
8/16/2004,41044
8/17/2004,40875
8/18/2004,40821
8/19/2004,41070
8/20/2004,41045
8/23/2004,41115
8/24/2004,41071
8/25/2004,40977
8/26/2004,41012
8/27/2004,41025
8/30/2004,40968
8/31/2004,40984
9/1/2004,40910
9/2/2004,40946
9/3/2004,40917
9/6/2004,40838
9/7/2004,41075
9/8/2004,40900
9/9/2004,41196
9/10/2004,41154
9/13/2004,41100
9/14/2004,41035
9/15/2004,41183
9/16/2004,41094
9/17/2004,41117
9/20/2004,41115
9/21/2004,41141
9/22/2004,41050
9/23/2004,41237
9/24/2004,41165
9/27/2004,41123
9/28/2004,41123
9/29/2004,41085
9/30/2004,41135
10/1/2004,41187
10/4/2004,41165
10/5/2004,41119
10/6/2004,41070
10/7/2004,41055
10/8/2004,41050
10/11/2004,41065
10/12/2004,40971
10/13/2004,40898
10/14/2004,41244
10/15/2004,41229
10/18/2004,41257
10/19/2004,41175
10/20/2004,41130
10/21/2004,41107
10/22/2004,41099
10/25/2004,41095
10/26/2004,41093
10/27/2004,40914
10/28/2004,40925
10/29/2004,40873
11/1/2004,40763
11/2/2004,40440
11/3/2004,39812
11/4/2004,39684
11/5/2004,39983
11/8/2004,40669
11/9/2004,40684
11/10/2004,40520
11/11/2004,40377
11/12/2004,40254
11/15/2004,39715
11/16/2004,39600
11/17/2004,39900
11/18/2004,39736
11/19/2004,39864
11/22/2004,39678
11/23/2004,39409
11/24/2004,39474
11/25/2004,39442
11/26/2004,39330
11/29/2004,38922
11/30/2004,38405
12/1/2004,38378
12/2/2004,38157
12/3/2004,37209
12/6/2004,38022
12/7/2004,38293
12/8/2004,38292
12/9/2004,38392
12/10/2004,38845
12/13/2004,39294
12/14/2004,39315
12/15/2004,39197
12/16/2004,38403
12/17/2004,38736
12/20/2004,38672
12/21/2004,38551
12/22/2004,37946
12/23/2004,38160
12/24/2004,38700
12/27/2004,39648
12/28/2004,39457
12/29/2004,39481
12/30/2004,39465
12/31/2004,39390
1/3/2005,39230
1/4/2005,38942
1/5/2005,38666
1/6/2005,38775
1/7/2005,39003
1/10/2005,38671
1/11/2005,38304
1/12/2005,38027
1/13/2005,38132
1/14/2005,37792
1/17/2005,37433
1/18/2005,37450
1/19/2005,37434
1/20/2005,38488
1/21/2005,38564
1/24/2005,38191
1/25/2005,37757
1/26/2005,37635
1/27/2005,37800
1/28/2005,37705
1/31/2005,37519
2/1/2005,37512
2/2/2005,37315
2/3/2005,37298
2/4/2005,37385
2/7/2005,37318
2/8/2005,36952
2/9/2005,36767
2/10/2005,36475
2/11/2005,36024
2/14/2005,35015
2/15/2005,36469
2/16/2005,38339
2/17/2005,37348
2/18/2005,36168
2/21/2005,36034
2/22/2005,36649
2/23/2005,36596
2/24/2005,36331
2/25/2005,36226
2/28/2005,36433
3/1/2005,36281
3/2/2005,36443
3/3/2005,36443
3/4/2005,36497
3/7/2005,36025
3/8/2005,35867
3/9/2005,35951
3/10/2005,36051
3/11/2005,35885
3/14/2005,35988
3/15/2005,36001
3/16/2005,36153
3/17/2005,36670
3/18/2005,36276
3/21/2005,36367
3/22/2005,36449
3/23/2005,36311
3/24/2005,36600
3/29/2005,36429
3/30/2005,36677
3/31/2005,36767
4/1/2005,36627
4/4/2005,36498
4/5/2005,36449
4/6/2005,36492
4/7/2005,36447
4/8/2005,36447
4/11/2005,36359
4/12/2005,36176
4/13/2005,36085
4/14/2005,36252
4/15/2005,36248
4/18/2005,36138
4/19/2005,36305
4/20/2005,36330
4/21/2005,36129
4/22/2005,36000
4/25/2005,36148
4/26/2005,36183
4/27/2005,36160
4/28/2005,36174
4/29/2005,36180
5/2/2005,36226
5/3/2005,36230
5/4/2005,36231
5/5/2005,36326
5/6/2005,36179
5/9/2005,36079
5/10/2005,36123
5/11/2005,36196
5/12/2005,36114
5/13/2005,36168
5/16/2005,36156
5/17/2005,36120
5/18/2005,36151
5/19/2005,36144
5/20/2005,36173
5/23/2005,36165
5/24/2005,36163
5/25/2005,36175
5/26/2005,36144
5/27/2005,36168
5/30/2005,36195
5/31/2005,36215
6/1/2005,36199
6/2/2005,36164
6/3/2005,36150
6/6/2005,36208
6/7/2005,36178
6/8/2005,36144
6/9/2005,36175
6/10/2005,36133
6/13/2005,36160
6/14/2005,36162
6/15/2005,36157
6/16/2005,36162
6/17/2005,36153
6/20/2005,36155
6/21/2005,36174
6/22/2005,36129
6/23/2005,36080
6/24/2005,36133
6/27/2005,36055
6/28/2005,36056
6/29/2005,36041
6/30/2005,36030
7/1/2005,?
7/4/2005,?
7/5/2005,?
7/6/2005,?
7/7/2005,?
7/8/2005,?
7/11/2005,?
7/12/2005,?
7/13/2005,?
7/14/2005,?
7/15/2005,?
7/18/2005,?
7/19/2005,?
7/20/2005,?
7/21/2005,?
7/22/2005,?
7/25/2005,?
7/26/2005,?
7/27/2005,?
7/28/2005,?
7/29/2005,?
8/1/2005,?
8/2/2005,?
8/3/2005,?
8/4/2005,?
8/5/2005,?
8/8/2005,?
8/9/2005,?
8/10/2005,?
8/11/2005,?
8/12/2005,?
8/15/2005,?
8/16/2005,?
8/17/2005,?
8/18/2005,?
8/19/2005,?
8/22/2005,?
8/23/2005,?
8/24/2005,?
8/25/2005,?
8/26/2005,?
8/29/2005,?
8/30/2005,?
8/31/2005,?
9/1/2005,?
9/2/2005,?
9/5/2005,?
9/6/2005,?
9/7/2005,?
9/8/2005,?
9/9/2005,?
9/12/2005,?
9/13/2005,?
9/14/2005,?
9/15/2005,?
9/16/2005,?
9/19/2005,?
9/20/2005,?
9/21/2005,?
9/22/2005,?
9/23/2005,?
9/26/2005,?
9/27/2005,?
9/28/2005,?
9/29/2005,?
9/30/2005,?
10/3/2005,?
10/4/2005,?
10/5/2005,?
10/6/2005,?
10/7/2005,?
10/10/2005,?
10/11/2005,?
10/12/2005,?
10/13/2005,?
10/14/2005,?
10/17/2005,?
10/18/2005,?
10/19/2005,?
10/20/2005,?
10/21/2005,?
10/24/2005,?
10/25/2005,?
10/26/2005,?
10/27/2005,?
10/28/2005,?
10/31/2005,?
11/1/2005,?
11/2/2005,?
11/3/2005,?
11/4/2005,?
11/7/2005,?
11/8/2005,?
11/9/2005,?
11/10/2005,?
11/11/2005,?
11/14/2005,?
11/15/2005,?
11/16/2005,?
11/17/2005,?
11/18/2005,?
11/21/2005,?
11/22/2005,?
11/23/2005,?
11/24/2005,?
11/25/2005,?
11/28/2005,?
11/29/2005,?
11/30/2005,?
12/1/2005,?
12/2/2005,?
12/5/2005,?
12/6/2005,?
12/7/2005,?
12/8/2005,?
12/9/2005,?
12/12/2005,?
12/13/2005,?
12/14/2005,?
12/15/2005,?
12/16/2005,?
12/19/2005,?
12/20/2005,?
12/21/2005,?
12/22/2005,?
12/23/2005,?
12/27/2005,?
12/28/2005,?
12/29/2005,?
12/30/2005,?
1/2/2006,?
1/3/2006,?
1/4/2006,?
1/5/2006,?
1/6/2006,?
1/9/2006,?
1/10/2006,?
1/11/2006,?
1/12/2006,?
1/13/2006,?
1/16/2006,?
1/17/2006,?
1/18/2006,?
1/19/2006,?
1/20/2006,?
1/23/2006,?
1/24/2006,?
1/25/2006,?
1/26/2006,?
1/27/2006,?
1/30/2006,?
1/31/2006,?
2/1/2006,?
2/2/2006,?
2/3/2006,?
2/6/2006,?
2/7/2006,?
2/8/2006,?
2/9/2006,?
2/10/2006,?
2/13/2006,?
2/14/2006,?
2/15/2006,?
2/16/2006,?
2/17/2006,?
2/20/2006,?
2/21/2006,?
2/22/2006,?
2/23/2006,?
2/24/2006,?
2/27/2006,?
2/28/2006,?
3/1/2006,?
3/2/2006,?
3/3/2006,?
3/6/2006,?
3/7/2006,?
3/8/2006,?
3/9/2006,?
3/10/2006,?
3/13/2006,?
3/14/2006,?
3/15/2006,?
3/16/2006,?
3/17/2006,?
3/20/2006,?
3/21/2006,?
3/22/2006,?
3/23/2006,?
3/24/2006,?
3/27/2006,?
3/28/2006,?
3/29/2006,?
3/30/2006,?
3/31/2006,?
4/3/2006,?
4/4/2006,?
4/5/2006,?
4/6/2006,?
4/7/2006,?
4/10/2006,?
4/11/2006,?
4/12/2006,?
4/13/2006,?
4/18/2006,?
4/19/2006,?
4/20/2006,?
4/21/2006,?
4/24/2006,?
4/25/2006,?
4/26/2006,?
4/27/2006,?
4/28/2006,?
5/2/2006,?
5/3/2006,?
5/4/2006,?
5/5/2006,?
5/8/2006,?
5/9/2006,?
5/10/2006,?
5/11/2006,?
5/12/2006,?
5/15/2006,?
5/16/2006,?
5/17/2006,?
5/18/2006,?
5/19/2006,?
5/22/2006,?
5/23/2006,?
5/24/2006,?
5/25/2006,?
5/26/2006,?
5/29/2006,?
5/30/2006,?
5/31/2006,?
6/1/2006,?
6/2/2006,?
6/5/2006,?
6/6/2006,?
6/7/2006,?
6/8/2006,?
6/9/2006,?
6/12/2006,?
6/13/2006,?
6/14/2006,?
6/15/2006,?
6/16/2006,?
6/19/2006,?
6/20/2006,?
6/21/2006,?
6/22/2006,?
6/23/2006,?
6/26/2006,?
6/27/2006,?
6/28/2006,?
6/29/2006,?
6/30/2006,?
7/3/2006,?
7/4/2006,?
7/5/2006,?
7/6/2006,?
7/7/2006,?
7/10/2006,?
7/11/2006,?
7/12/2006,?
7/13/2006,?
7/14/2006,?
7/17/2006,?
7/18/2006,?
7/19/2006,?
7/20/2006,?
7/21/2006,?
7/24/2006,?
7/25/2006,?
7/26/2006,?
7/27/2006,?
7/28/2006,?
7/31/2006,?
8/1/2006,?
8/2/2006,?
8/3/2006,?
8/4/2006,?
8/7/2006,?
8/8/2006,?
8/9/2006,?
8/10/2006,?
8/11/2006,?
8/14/2006,?
8/15/2006,?
8/16/2006,?
8/17/2006,?
8/18/2006,?
8/21/2006,?
8/22/2006,?
8/23/2006,?
8/24/2006,?
8/25/2006,?
8/28/2006,?
8/29/2006,?
8/30/2006,?
8/31/2006,?
9/1/2006,?
9/4/2006,?
9/5/2006,?
9/6/2006,?
9/7/2006,?
9/8/2006,?
9/11/2006,?
9/12/2006,?
9/13/2006,?
9/14/2006,?
9/15/2006,?
9/18/2006,?
9/19/2006,?
9/20/2006,?
9/21/2006,?
9/22/2006,?
9/25/2006,?
9/26/2006,?
9/27/2006,?
9/28/2006,?
9/29/2006,?
10/2/2006,?
10/3/2006,?
10/4/2006,?
10/5/2006,?
10/6/2006,?
10/9/2006,?
10/10/2006,?
10/11/2006,?
10/12/2006,?
10/13/2006,?
10/16/2006,?
10/17/2006,?
10/18/2006,?
10/19/2006,?
10/20/2006,?
10/23/2006,?
10/24/2006,?
10/25/2006,?
10/26/2006,?
10/27/2006,?
10/30/2006,?
10/31/2006,?
11/1/2006,?
11/2/2006,?
11/3/2006,?
11/6/2006,?
11/7/2006,?
11/8/2006,?
11/9/2006,?
11/10/2006,?
11/13/2006,?
11/14/2006,?
11/15/2006,?
11/16/2006,?
11/17/2006,?
11/20/2006,?
11/21/2006,?
11/22/2006,?
11/23/2006,?
11/24/2006,?
11/27/2006,?
11/28/2006,?
11/29/2006,?
11/30/2006,?
12/1/2006,?
12/4/2006,?
12/5/2006,?
12/6/2006,?
12/7/2006,?
12/8/2006,?
12/11/2006,?
12/12/2006,?
12/13/2006,?
12/14/2006,?
12/15/2006,?
12/18/2006,?
12/19/2006,?
12/20/2006,?
12/21/2006,?
12/22/2006,?
12/27/2006,?
12/28/2006,?
12/29/2006,?
1/2/2007,?
1/3/2007,?
1/4/2007,?
1/5/2007,?
1/8/2007,?
1/9/2007,?
1/10/2007,?
1/11/2007,?
1/12/2007,?
1/15/2007,?
1/16/2007,?
1/17/2007,?
1/18/2007,?
1/19/2007,?
1/22/2007,?
1/23/2007,?
1/24/2007,?
1/25/2007,?
1/26/2007,?
1/29/2007,?
1/30/2007,?
1/31/2007,?
2/1/2007,?
2/2/2007,?
2/5/2007,?
2/6/2007,?
2/7/2007,?
2/8/2007,?
2/9/2007,?
2/12/2007,?
2/13/2007,?
2/14/2007,?
2/15/2007,?
2/16/2007,?
2/19/2007,?
2/20/2007,?
2/21/2007,?
2/22/2007,?
2/23/2007,?
2/26/2007,?
2/27/2007,?
2/28/2007,?
3/1/2007,?
3/2/2007,?
3/5/2007,?
3/6/2007,?
3/7/2007,?
3/8/2007,?
3/9/2007,?
3/12/2007,?
3/13/2007,?
3/14/2007,?
3/15/2007,?
3/16/2007,?
3/19/2007,?
3/20/2007,?
3/21/2007,?
3/22/2007,?
3/23/2007,?
3/26/2007,?
3/27/2007,?
3/28/2007,?
3/29/2007,?
3/30/2007,?
4/2/2007,?
4/3/2007,?
4/4/2007,?
4/5/2007,?
4/10/2007,?
4/11/2007,?
4/12/2007,?
4/13/2007,?
4/16/2007,?
4/17/2007,?
4/18/2007,?
4/19/2007,?
4/20/2007,?
4/23/2007,?
4/24/2007,?
4/25/2007,?
4/26/2007,?
4/27/2007,?
4/30/2007,?
5/2/2007,?
5/3/2007,?
5/4/2007,?
5/7/2007,?
5/8/2007,?
5/9/2007,?
5/10/2007,?
5/11/2007,?
5/14/2007,?
5/15/2007,?
5/16/2007,?
5/17/2007,?
5/18/2007,?
5/21/2007,?
5/22/2007,?
5/23/2007,?
5/24/2007,?
5/25/2007,?
5/28/2007,?
5/29/2007,?
5/30/2007,?
5/31/2007,?
6/1/2007,?
6/4/2007,?
6/5/2007,?
6/6/2007,?
6/7/2007,?
6/8/2007,?
6/11/2007,?
6/12/2007,?
6/13/2007,?
6/14/2007,?
6/15/2007,?
6/18/2007,?
6/19/2007,?
6/20/2007,?
6/21/2007,?
6/22/2007,?
6/25/2007,?
6/26/2007,?
6/27/2007,?
6/28/2007,?
6/29/2007,?
7/2/2007,?
7/3/2007,?
7/4/2007,?
7/5/2007,?
7/6/2007,?
7/9/2007,?
7/10/2007,?
7/11/2007,?
7/12/2007,?
7/13/2007,?
7/16/2007,?
7/17/2007,?
7/18/2007,?
7/19/2007,?
7/20/2007,?
7/23/2007,?
7/24/2007,?
7/25/2007,?
7/26/2007,?
7/27/2007,?
7/30/2007,?
7/31/2007,?
8/1/2007,?
8/2/2007,?
8/3/2007,?
8/6/2007,?
8/7/2007,?
8/8/2007,?
8/9/2007,?
8/10/2007,?
8/13/2007,?
8/14/2007,?
8/15/2007,?
8/16/2007,?
8/17/2007,?
8/20/2007,?
8/21/2007,?
8/22/2007,?
8/23/2007,?
8/24/2007,?
8/27/2007,?
8/28/2007,?
8/29/2007,?
8/30/2007,?
8/31/2007,?
9/3/2007,?
9/4/2007,?
9/5/2007,?
9/6/2007,?
9/7/2007,?
9/10/2007,?
9/11/2007,?
9/12/2007,?
9/13/2007,?
9/14/2007,?
9/17/2007,?
9/18/2007,?
9/19/2007,?
9/20/2007,?
9/21/2007,?
9/24/2007,?
9/25/2007,?
9/26/2007,?
9/27/2007,?
9/28/2007,?
10/1/2007,?
10/2/2007,?
10/3/2007,?
10/4/2007,?
10/5/2007,?
10/8/2007,?
10/9/2007,?
10/10/2007,?
10/11/2007,?
10/12/2007,?
10/15/2007,?
10/16/2007,?
10/17/2007,?
10/18/2007,?
10/19/2007,?
10/22/2007,?
10/23/2007,?
10/24/2007,?
10/25/2007,?
10/26/2007,?
10/29/2007,?
10/30/2007,?
10/31/2007,?
11/1/2007,?
11/2/2007,?
11/5/2007,?
11/6/2007,?
11/7/2007,?
11/8/2007,?
11/9/2007,?
11/12/2007,?
11/13/2007,?
11/14/2007,?
11/15/2007,?
11/16/2007,?
11/19/2007,?
11/20/2007,?
11/21/2007,?
11/22/2007,?
11/23/2007,?
11/26/2007,?
11/27/2007,?
11/28/2007,?
11/29/2007,?
11/30/2007,?
12/3/2007,?
12/4/2007,?
12/5/2007,?
12/6/2007,?
12/7/2007,?
12/10/2007,?
12/11/2007,?
12/12/2007,?
12/13/2007,?
12/14/2007,?
12/17/2007,?
12/18/2007,?
12/19/2007,?
12/20/2007,?
12/21/2007,?
12/24/2007,?
12/27/2007,?
12/28/2007,?
12/31/2007,?
1/2/2008,?
1/3/2008,?
1/4/2008,?
1/7/2008,?
1/8/2008,?
1/9/2008,?
1/10/2008,?
1/11/2008,?
1/14/2008,?
1/15/2008,?
1/16/2008,?
1/17/2008,?
1/18/2008,?
1/21/2008,?
1/22/2008,?
1/23/2008,?
1/24/2008,?
1/25/2008,?
1/28/2008,?
1/29/2008,?
1/30/2008,?
1/31/2008,?
2/1/2008,?
2/4/2008,?
2/5/2008,?
2/6/2008,?
2/7/2008,?
2/8/2008,?
2/11/2008,?
2/12/2008,?
2/13/2008,?
2/14/2008,?
2/15/2008,?
2/18/2008,?
2/19/2008,?
2/20/2008,?
2/21/2008,?
2/22/2008,?
2/25/2008,?
2/26/2008,?
2/27/2008,?
2/28/2008,?
2/29/2008,?
3/3/2008,?
3/4/2008,?
3/5/2008,?
3/6/2008,?
3/7/2008,?
3/10/2008,?
3/11/2008,?
3/12/2008,?
3/13/2008,?
3/14/2008,?
3/17/2008,?
3/18/2008,?
3/19/2008,?
3/20/2008,?
3/25/2008,?
3/26/2008,?
3/27/2008,?
3/28/2008,?
3/31/2008,?
4/1/2008,?
4/2/2008,?
4/3/2008,?
4/4/2008,?
4/7/2008,?
4/8/2008,?
4/9/2008,?
4/10/2008,?
4/11/2008,?
4/14/2008,?
4/15/2008,?
4/16/2008,?
4/17/2008,?
4/18/2008,?
4/21/2008,?
4/22/2008,?
4/23/2008,?
4/24/2008,?
4/25/2008,?
4/28/2008,?
4/29/2008,?
4/30/2008,?
5/2/2008,?
5/5/2008,?
5/6/2008,?
5/7/2008,?
5/8/2008,?
5/9/2008,?
5/12/2008,?
5/13/2008,?
5/14/2008,?
5/15/2008,?
5/16/2008,?
5/19/2008,?
5/20/2008,?
5/21/2008,?
5/22/2008,?
5/23/2008,?
5/26/2008,?
5/27/2008,?
5/28/2008,?
5/29/2008,?
5/30/2008,?
6/2/2008,?
6/3/2008,?
6/4/2008,?
6/5/2008,?
6/6/2008,?
6/9/2008,?
6/10/2008,?
6/11/2008,?
6/12/2008,?
6/13/2008,?
6/16/2008,?
6/17/2008,?
6/18/2008,?
6/19/2008,?
6/20/2008,?
6/23/2008,?
6/24/2008,?
6/25/2008,?
6/26/2008,?
6/27/2008,?
6/30/2008,?
7/1/2008,?
7/2/2008,?
7/3/2008,?
7/4/2008,?
7/7/2008,?
7/8/2008,?
7/9/2008,?
7/10/2008,?
7/11/2008,?
7/14/2008,?
7/15/2008,?
7/16/2008,?
7/17/2008,?
7/18/2008,?
7/21/2008,?
7/22/2008,?
7/23/2008,?
7/24/2008,?
7/25/2008,?
7/28/2008,?
7/29/2008,?
7/30/2008,?
7/31/2008,?
8/1/2008,?
8/4/2008,?
8/5/2008,?
8/6/2008,?
8/7/2008,?
8/8/2008,?
8/11/2008,?
8/12/2008,?
8/13/2008,?
8/14/2008,?
8/15/2008,?
8/18/2008,?
8/19/2008,?
8/20/2008,?
8/21/2008,?
8/22/2008,?
8/25/2008,?
8/26/2008,?
8/27/2008,?
8/28/2008,?
8/29/2008,?
9/1/2008,?
9/2/2008,?
9/3/2008,?
9/4/2008,?
9/5/2008,?
9/8/2008,?
9/9/2008,?
9/10/2008,?
9/11/2008,?
9/12/2008,?
9/15/2008,?
9/16/2008,?
9/17/2008,?
9/18/2008,?
9/19/2008,?
9/22/2008,?
9/23/2008,?
9/24/2008,?
9/25/2008,?
9/26/2008,?
9/29/2008,?
9/30/2008,?
10/1/2008,?
10/2/2008,?
10/3/2008,?
10/6/2008,?
10/7/2008,?
10/8/2008,?
10/9/2008,?
10/10/2008,?
10/13/2008,?
10/14/2008,?
10/15/2008,?
10/16/2008,?
10/17/2008,?
10/20/2008,?
10/21/2008,?
10/22/2008,?
10/23/2008,?
10/24/2008,?
10/27/2008,?
10/28/2008,?
10/29/2008,?
10/30/2008,?
10/31/2008,?
11/3/2008,?
11/4/2008,?
11/5/2008,?
11/6/2008,?
11/7/2008,?
11/10/2008,?
11/11/2008,?
11/12/2008,?
11/13/2008,?
11/14/2008,?
11/17/2008,?
11/18/2008,?
11/19/2008,?
11/20/2008,?
11/21/2008,?
11/24/2008,?
11/25/2008,?
11/26/2008,?
11/27/2008,?
11/28/2008,?
12/1/2008,?
12/2/2008,?
12/3/2008,?
12/4/2008,?
12/5/2008,?
12/8/2008,?
12/9/2008,?
12/10/2008,?
12/11/2008,?
12/12/2008,?
12/15/2008,?
12/16/2008,?
12/17/2008,?
12/18/2008,?
12/19/2008,?
12/22/2008,?
12/23/2008,?
12/24/2008,?
12/29/2008,?
12/30/2008,?
12/31/2008,?
1/2/2009,?
1/5/2009,?
1/6/2009,?
1/7/2009,?
1/8/2009,?
1/9/2009,?
1/12/2009,?
1/13/2009,?
1/14/2009,?
1/15/2009,?
1/16/2009,?
1/19/2009,?
1/20/2009,?
1/21/2009,?
1/22/2009,?
1/23/2009,?
1/26/2009,?
1/27/2009,?
1/28/2009,?
1/29/2009,?
1/30/2009,?
2/2/2009,?
2/3/2009,?
2/4/2009,?
2/5/2009,?
2/6/2009,?
2/9/2009,?
2/10/2009,?
2/11/2009,?
2/12/2009,?
2/13/2009,?
2/16/2009,?
2/17/2009,?
2/18/2009,?
2/19/2009,?
2/20/2009,?
2/23/2009,?
2/24/2009,?
2/25/2009,?
2/26/2009,?
2/27/2009,?
3/2/2009,?
3/3/2009,?
3/4/2009,?
3/5/2009,?
3/6/2009,?
3/9/2009,?
3/10/2009,?
3/11/2009,?
3/12/2009,?
3/13/2009,?
3/16/2009,?
3/17/2009,?
3/18/2009,?
3/19/2009,?
3/20/2009,?
3/23/2009,?
3/24/2009,?
3/25/2009,?
3/26/2009,?
3/27/2009,?
3/30/2009,?
3/31/2009,?
4/1/2009,?
4/2/2009,?
4/3/2009,?
4/6/2009,?
4/7/2009,?
4/8/2009,?
4/9/2009,?
4/14/2009,?
4/15/2009,?
4/16/2009,?
4/17/2009,?
4/20/2009,?
4/21/2009,?
4/22/2009,?
4/23/2009,?
4/24/2009,?
4/27/2009,?
4/28/2009,?
4/29/2009,?
4/30/2009,?
5/4/2009,?
5/5/2009,?
5/6/2009,?
5/7/2009,?
5/8/2009,?
5/11/2009,?
5/12/2009,?
5/13/2009,?
5/14/2009,?
5/15/2009,?
5/18/2009,?
5/19/2009,?
5/20/2009,?
5/21/2009,?
5/22/2009,?
5/25/2009,?
5/26/2009,?
5/27/2009,?
5/28/2009,?
5/29/2009,?
6/1/2009,?
6/2/2009,?
6/3/2009,?
6/4/2009,?
6/5/2009,?
6/8/2009,?
6/9/2009,?
6/10/2009,?
6/11/2009,?
6/12/2009,?
6/15/2009,?
6/16/2009,?
6/17/2009,?
6/18/2009,?
6/19/2009,?
6/22/2009,?
6/23/2009,?
6/24/2009,?
6/25/2009,?
6/26/2009,?
6/29/2009,?
6/30/2009,?
7/1/2009,?
7/2/2009,?
7/3/2009,?
7/6/2009,?
7/7/2009,?
7/8/2009,?
7/9/2009,?
7/10/2009,?
7/13/2009,?
7/14/2009,?
7/15/2009,?
7/16/2009,?
7/17/2009,?
7/20/2009,?
7/21/2009,?
7/22/2009,?
7/23/2009,?
7/24/2009,?
7/27/2009,?
7/28/2009,?
7/29/2009,?
7/30/2009,?
7/31/2009,?
8/3/2009,?
8/4/2009,?
8/5/2009,?
8/6/2009,?
8/7/2009,?
8/10/2009,?
8/11/2009,?
8/12/2009,?
8/13/2009,?
8/14/2009,?
8/17/2009,?
8/18/2009,?
8/19/2009,?
8/20/2009,?
8/21/2009,?
8/24/2009,?
8/25/2009,?
8/26/2009,?
8/27/2009,?
8/28/2009,?
8/31/2009,?
9/1/2009,?
9/2/2009,?
9/3/2009,?
9/4/2009,?
9/7/2009,?
9/8/2009,?
9/9/2009,?
9/10/2009,?
9/11/2009,?
9/14/2009,?
9/15/2009,?
9/16/2009,?
9/17/2009,?
9/18/2009,?
9/21/2009,?
9/22/2009,?
9/23/2009,?
9/24/2009,?
9/25/2009,?
9/28/2009,?
9/29/2009,?
9/30/2009,?
10/1/2009,?
10/2/2009,?
10/5/2009,?
10/6/2009,?
10/7/2009,?
10/8/2009,?
10/9/2009,?
10/12/2009,?
10/13/2009,?
10/14/2009,?
10/15/2009,?
10/16/2009,?
10/19/2009,?
10/20/2009,?
10/21/2009,?
10/22/2009,?
10/23/2009,?
10/26/2009,?
10/27/2009,?
10/28/2009,?
10/29/2009,?
10/30/2009,?
11/2/2009,?
11/3/2009,?
11/4/2009,?
11/5/2009,?
11/6/2009,?
11/9/2009,?
11/10/2009,?
11/11/2009,?
11/12/2009,?
11/13/2009,?
11/16/2009,?
11/17/2009,?
11/18/2009,?
11/19/2009,?
11/20/2009,?
11/23/2009,?
11/24/2009,?
11/25/2009,?
11/26/2009,?
11/27/2009,?
11/30/2009,?
12/1/2009,?
12/2/2009,?
12/3/2009,?
12/4/2009,?
12/7/2009,?
12/8/2009,?
12/9/2009,?
12/10/2009,?
12/11/2009,?
12/14/2009,?
12/15/2009,?
12/16/2009,?
12/17/2009,?
12/18/2009,?
12/21/2009,?
12/22/2009,?
12/23/2009,?
12/24/2009,?
12/28/2009,?
12/29/2009,?
12/30/2009,?
12/31/2009,?
1/4/2010,?
1/5/2010,?
1/6/2010,?
1/7/2010,?
1/8/2010,?
1/11/2010,?
1/12/2010,?
1/13/2010,?
1/14/2010,?
1/15/2010,?
1/18/2010,?
1/19/2010,?
1/20/2010,?
1/21/2010,?
1/22/2010,?
1/25/2010,?
1/26/2010,?
1/27/2010,?
1/28/2010,?
1/29/2010,?
2/1/2010,?
2/2/2010,?
2/3/2010,?
2/4/2010,?
2/5/2010,?
2/8/2010,?
2/9/2010,?
2/10/2010,?
2/11/2010,?
2/12/2010,?
2/15/2010,?
2/16/2010,?
2/17/2010,?
2/18/2010,?
2/19/2010,?
2/22/2010,?
2/23/2010,?
2/24/2010,?
2/25/2010,?
2/26/2010,?
3/1/2010,?
3/2/2010,?
3/3/2010,?
3/4/2010,?
3/5/2010,?
3/8/2010,?
3/9/2010,?
3/10/2010,?
3/11/2010,?
3/12/2010,?
3/15/2010,?
3/16/2010,?
3/17/2010,?
3/18/2010,?
3/19/2010,?
3/22/2010,?
3/23/2010,?
3/24/2010,?
3/25/2010,?
3/26/2010,?
3/29/2010,?
3/30/2010,?
3/31/2010,?
4/1/2010,?
4/6/2010,?
4/7/2010,?
4/8/2010,?
4/9/2010,?
4/12/2010,?
4/13/2010,?
4/14/2010,?
4/15/2010,?
4/16/2010,?
4/19/2010,?
4/20/2010,?
4/21/2010,?
4/22/2010,?
4/23/2010,?
4/26/2010,?
4/27/2010,?
4/28/2010,?
4/29/2010,?
4/30/2010,?
5/3/2010,?
5/4/2010,?
5/5/2010,?
5/6/2010,?
5/7/2010,?
5/10/2010,?
5/11/2010,?
5/12/2010,?
5/13/2010,?
5/14/2010,?
5/17/2010,?
5/18/2010,?
5/19/2010,?
5/20/2010,?
5/21/2010,?
5/24/2010,?
5/25/2010,?
5/26/2010,?
5/27/2010,?
5/28/2010,?
5/31/2010,?
6/1/2010,?
6/2/2010,?
6/3/2010,?
6/4/2010,?
6/7/2010,?
6/8/2010,?
6/9/2010,?
6/10/2010,?
6/11/2010,?
6/14/2010,?
6/15/2010,?
6/16/2010,?
6/17/2010,?
6/18/2010,?
6/21/2010,?
6/22/2010,?
6/23/2010,?
6/24/2010,?
6/25/2010,?
6/28/2010,?
6/29/2010,?
6/30/2010,?
7/1/2010,?
7/2/2010,?
7/5/2010,?
7/6/2010,?
7/7/2010,?
7/8/2010,?
7/9/2010,?
7/12/2010,?
7/13/2010,?
7/14/2010,?
7/15/2010,?
7/16/2010,?
7/19/2010,?
7/20/2010,?
7/21/2010,?
7/22/2010,?
7/23/2010,?
7/26/2010,?
7/27/2010,?
7/28/2010,?
7/29/2010,?
7/30/2010,?
8/2/2010,?
8/3/2010,?
8/4/2010,?
8/5/2010,?
8/6/2010,?
8/9/2010,?
8/10/2010,?
8/11/2010,?
8/12/2010,?
8/13/2010,?
8/16/2010,?
8/17/2010,?
8/18/2010,?
8/19/2010,?
8/20/2010,?
8/23/2010,?
8/24/2010,?
8/25/2010,?
8/26/2010,?
8/27/2010,?
8/30/2010,?
8/31/2010,?
9/1/2010,?
9/2/2010,?
9/3/2010,?
9/6/2010,?
9/7/2010,?
9/8/2010,?
9/9/2010,?
9/10/2010,?
9/13/2010,?
9/14/2010,?
9/15/2010,?
9/16/2010,?
9/17/2010,?
9/20/2010,?
9/21/2010,?
9/22/2010,?
9/23/2010,?
9/24/2010,?
9/27/2010,?
9/28/2010,?
9/29/2010,?
9/30/2010,?
10/1/2010,?
10/4/2010,?
10/5/2010,?
10/6/2010,?
10/7/2010,?
10/8/2010,?
10/11/2010,?
10/12/2010,?
10/13/2010,?
10/14/2010,?
10/15/2010,?
10/18/2010,?
10/19/2010,?
10/20/2010,?
10/21/2010,?
10/22/2010,?
10/25/2010,?
10/26/2010,?
10/27/2010,?
10/28/2010,?
10/29/2010,?
11/1/2010,?
11/2/2010,?
11/3/2010,?
11/4/2010,?
11/5/2010,?
11/8/2010,?
11/9/2010,?
11/10/2010,?
11/11/2010,?
11/12/2010,?
11/15/2010,?
11/16/2010,?
11/17/2010,?
11/18/2010,?
11/19/2010,?
11/22/2010,?
11/23/2010,?
11/24/2010,?
11/25/2010,?
11/26/2010,?
11/29/2010,?
11/30/2010,?
12/1/2010,?
12/2/2010,?
12/3/2010,?
12/6/2010,?
12/7/2010,?
12/8/2010,?
12/9/2010,?
12/10/2010,?
12/13/2010,?
12/14/2010,?
12/15/2010,?
12/16/2010,?
12/17/2010,?
12/20/2010,?
12/21/2010,?
12/22/2010,?
12/23/2010,?
12/24/2010,?
12/27/2010,?
12/28/2010,?
12/29/2010,?
12/30/2010,?
12/31/2010,?
1/3/2011,?
1/4/2011,?
1/5/2011,?
1/6/2011,?
1/7/2011,?
1/10/2011,?
1/11/2011,?
1/12/2011,?
1/13/2011,?
1/14/2011,?
1/17/2011,?
1/18/2011,?
1/19/2011,?
1/20/2011,?
1/21/2011,?
1/24/2011,?
1/25/2011,?
1/26/2011,?
1/27/2011,?
1/28/2011,?
1/31/2011,?
2/1/2011,?
2/2/2011,?
2/3/2011,?
2/4/2011,?
2/7/2011,?
2/8/2011,?
2/9/2011,?
2/10/2011,?
2/11/2011,?
2/14/2011,?
2/15/2011,?
2/16/2011,?
2/17/2011,?
2/18/2011,?
2/21/2011,?
2/22/2011,?
2/23/2011,?
2/24/2011,?
2/25/2011,?
2/28/2011,?
3/1/2011,?
3/2/2011,?
3/3/2011,?
3/4/2011,?
3/7/2011,?
3/8/2011,?
3/9/2011,?
3/10/2011,?
3/11/2011,?
3/14/2011,?
3/15/2011,?
3/16/2011,?
3/17/2011,?
3/18/2011,?
3/21/2011,?
3/22/2011,?
3/23/2011,?
3/24/2011,?
3/25/2011,?
3/28/2011,?
3/29/2011,?
3/30/2011,?
3/31/2011,?
4/1/2011,?
4/4/2011,?
4/5/2011,?
4/6/2011,?
4/7/2011,?
4/8/2011,?
4/11/2011,?
4/12/2011,?
4/13/2011,?
4/14/2011,?
4/15/2011,?
4/18/2011,?
4/19/2011,?
4/20/2011,?
4/21/2011,?
4/26/2011,?
4/27/2011,?
4/28/2011,?
4/29/2011,?
5/2/2011,?
5/3/2011,?
5/4/2011,?
5/5/2011,?
5/6/2011,?
5/9/2011,?
5/10/2011,?
5/11/2011,?
5/12/2011,?
5/13/2011,?
5/16/2011,?
5/17/2011,?
5/18/2011,?
5/19/2011,?
5/20/2011,?
5/23/2011,?
5/24/2011,?
5/25/2011,?
5/26/2011,?
5/27/2011,?
5/30/2011,?
5/31/2011,?
6/1/2011,?
6/2/2011,?
6/3/2011,?
6/6/2011,?
6/7/2011,?
6/8/2011,?
6/9/2011,?
6/10/2011,?
6/13/2011,?
6/14/2011,?
6/15/2011,?
6/16/2011,?
6/17/2011,?
6/20/2011,?
6/21/2011,?
6/22/2011,?
6/23/2011,?
6/24/2011,?
6/27/2011,?
6/28/2011,?
6/29/2011,?
6/30/2011,?
7/1/2011,?
7/4/2011,?
7/5/2011,?
7/6/2011,?
7/7/2011,?
7/8/2011,?
7/11/2011,?
7/12/2011,?
7/13/2011,?
7/14/2011,?
7/15/2011,?
7/18/2011,?
7/19/2011,?
7/20/2011,?
7/21/2011,?
7/22/2011,?
7/25/2011,?
7/26/2011,?
7/27/2011,?
7/28/2011,?
7/29/2011,?
8/1/2011,?
8/2/2011,?
8/3/2011,?
8/4/2011,?
8/5/2011,?
8/8/2011,?
8/9/2011,?
8/10/2011,?
8/11/2011,?
8/12/2011,?
8/15/2011,?
8/16/2011,?
8/17/2011,?
8/18/2011,?
8/19/2011,?
8/22/2011,?
8/23/2011,?
8/24/2011,?
8/25/2011,?
8/26/2011,?
8/29/2011,?
8/30/2011,?
8/31/2011,?
9/1/2011,?
9/2/2011,?
9/5/2011,?
9/6/2011,?
9/7/2011,?
9/8/2011,?
9/9/2011,?
9/12/2011,?
9/13/2011,?
9/14/2011,?
9/15/2011,?
9/16/2011,?
9/19/2011,?
9/20/2011,?
9/21/2011,?
9/22/2011,?
9/23/2011,?
9/26/2011,?
9/27/2011,?
9/28/2011,?
9/29/2011,?
9/30/2011,?
10/3/2011,?
10/4/2011,?
10/5/2011,?
10/6/2011,?
10/7/2011,?
10/10/2011,?
10/11/2011,?
10/12/2011,?
10/13/2011,?
10/14/2011,?
10/17/2011,?
10/18/2011,?
10/19/2011,?
10/20/2011,?
10/21/2011,?
10/24/2011,?
10/25/2011,?
10/26/2011,?
10/27/2011,?
10/28/2011,?
10/31/2011,?
11/1/2011,?
11/2/2011,?
11/3/2011,?
11/4/2011,?
11/7/2011,?
11/8/2011,?
11/9/2011,?
11/10/2011,?
11/11/2011,?
11/14/2011,?
11/15/2011,?
11/16/2011,?
11/17/2011,?
11/18/2011,?
11/21/2011,?
11/22/2011,?
11/23/2011,?
11/24/2011,?
11/25/2011,?
11/28/2011,?
11/29/2011,?
11/30/2011,?
12/1/2011,?
12/2/2011,?
12/5/2011,?
12/6/2011,?
12/7/2011,?
12/8/2011,?
12/9/2011,?
12/12/2011,?
12/13/2011,?
12/14/2011,?
12/15/2011,?
12/16/2011,?
12/19/2011,?
12/20/2011,?
12/21/2011,?
12/22/2011,?
12/23/2011,?
12/27/2011,?
12/28/2011,?
12/29/2011,?
12/30/2011,?
1/2/2012,?
1/3/2012,?
1/4/2012,?
1/5/2012,?
1/6/2012,?
1/9/2012,?
1/10/2012,?
1/11/2012,?
1/12/2012,?
1/13/2012,?
1/16/2012,?
1/17/2012,?
1/18/2012,?
1/19/2012,?
1/20/2012,?
1/23/2012,?
1/24/2012,?
1/25/2012,?
1/26/2012,?
1/27/2012,?
1/30/2012,?
1/31/2012,?
2/1/2012,?
2/2/2012,?
2/3/2012,?
2/6/2012,?
2/7/2012,?
2/8/2012,?
2/9/2012,?
2/10/2012,?
2/13/2012,?
2/14/2012,?
2/15/2012,?
2/16/2012,?
2/17/2012,?
2/20/2012,?
2/21/2012,?
2/22/2012,?
2/23/2012,?
2/24/2012,?
2/27/2012,?
2/28/2012,?
2/29/2012,?
3/1/2012,?
3/2/2012,?
3/5/2012,?
3/6/2012,?
3/7/2012,?
3/8/2012,?
3/9/2012,?
3/12/2012,?
3/13/2012,?
3/14/2012,?
3/15/2012,?
3/16/2012,?
3/19/2012,?
3/20/2012,?
3/21/2012,?
3/22/2012,?
3/23/2012,?
3/26/2012,?
3/27/2012,?
3/28/2012,?
3/29/2012,?
3/30/2012,?
4/2/2012,?
4/3/2012,?
4/4/2012,?
4/5/2012,?
4/10/2012,?
4/11/2012,?
4/12/2012,?
4/13/2012,?
4/16/2012,?
4/17/2012,?
4/18/2012,?
4/19/2012,?
4/20/2012,?
4/23/2012,?
4/24/2012,?
4/25/2012,?
4/26/2012,?
4/27/2012,?
4/30/2012,?
5/2/2012,?
5/3/2012,?
5/4/2012,?
5/7/2012,?
5/8/2012,?
5/9/2012,?
5/10/2012,?
5/11/2012,?
5/14/2012,?
5/15/2012,?
5/16/2012,?
5/17/2012,?
5/18/2012,?
5/21/2012,?
5/22/2012,?
5/23/2012,?
5/24/2012,?
5/25/2012,?
5/28/2012,?
5/29/2012,?
5/30/2012,?
5/31/2012,?
6/1/2012,?
6/4/2012,?
6/5/2012,?
6/6/2012,?
6/7/2012,?
6/8/2012,?
6/11/2012,?
6/12/2012,?
6/13/2012,?
6/14/2012,?
6/15/2012,?
6/18/2012,?
6/19/2012,?
6/20/2012,?
6/21/2012,?
6/22/2012,?
6/25/2012,?
6/26/2012,?
6/27/2012,?
6/28/2012,?
6/29/2012,?
7/2/2012,?
7/3/2012,?
7/4/2012,?
7/5/2012,?
7/6/2012,?
7/9/2012,?
7/10/2012,?
7/11/2012,?
7/12/2012,?
7/13/2012,?
7/16/2012,?
7/17/2012,?
7/18/2012,?
7/19/2012,?
7/20/2012,?
7/23/2012,?
7/24/2012,?
7/25/2012,?
7/26/2012,?
7/27/2012,?
7/30/2012,?
7/31/2012,?
8/1/2012,?
8/2/2012,?
8/3/2012,?
8/6/2012,?
8/7/2012,?
8/8/2012,?
8/9/2012,?
8/10/2012,?
8/13/2012,?
8/14/2012,?
8/15/2012,?
8/16/2012,?
8/17/2012,?
8/20/2012,?
8/21/2012,?
8/22/2012,?
8/23/2012,?
8/24/2012,?
8/27/2012,?
8/28/2012,?
8/29/2012,?
8/30/2012,?
8/31/2012,?
9/3/2012,?
9/4/2012,?
9/5/2012,?
9/6/2012,?
9/7/2012,?
9/10/2012,?
9/11/2012,?
9/12/2012,?
9/13/2012,?
9/14/2012,?
9/17/2012,?
9/18/2012,?
9/19/2012,?
9/20/2012,?
9/21/2012,?
9/24/2012,?
9/25/2012,?
9/26/2012,?
9/27/2012,?
9/28/2012,?
10/1/2012,?
10/2/2012,?
10/3/2012,?
10/4/2012,?
10/5/2012,?
10/8/2012,?
10/9/2012,?
10/10/2012,?
10/11/2012,?
10/12/2012,?
10/15/2012,?
10/16/2012,?
10/17/2012,?
10/18/2012,?
10/19/2012,?
10/22/2012,?
10/23/2012,?
10/24/2012,?
10/25/2012,?
10/26/2012,?
10/29/2012,?
10/30/2012,?
10/31/2012,?
11/1/2012,?
11/2/2012,?
11/5/2012,?
11/6/2012,?
11/7/2012,?
11/8/2012,?
11/9/2012,?
11/12/2012,?
11/13/2012,?
11/14/2012,?
11/15/2012,?
11/16/2012,?
11/19/2012,?
11/20/2012,?
11/21/2012,?
11/22/2012,?
11/23/2012,?
11/26/2012,?
11/27/2012,?
11/28/2012,?
11/29/2012,?
11/30/2012,?
12/3/2012,?
12/4/2012,?
12/5/2012,?
12/6/2012,?
12/7/2012,?
12/10/2012,?
12/11/2012,?
12/12/2012,?
12/13/2012,?
12/14/2012,?
12/17/2012,?
12/18/2012,?
12/19/2012,?
12/20/2012,?
12/21/2012,?
12/24/2012,?
12/27/2012,?
12/28/2012,?
12/31/2012,?
1/2/2013,?
1/3/2013,?
1/4/2013,?
1/7/2013,?
1/8/2013,?
1/9/2013,?
1/10/2013,?
1/11/2013,?
1/14/2013,?
1/15/2013,?
1/16/2013,?
1/17/2013,?
1/18/2013,?
1/21/2013,?
1/22/2013,?
1/23/2013,?
1/24/2013,?
1/25/2013,?
1/28/2013,?
1/29/2013,?
1/30/2013,?
1/31/2013,?
2/1/2013,?
2/4/2013,?
2/5/2013,?
2/6/2013,?
2/7/2013,?
2/8/2013,?
2/11/2013,?
2/12/2013,?
2/13/2013,?
2/14/2013,?
2/15/2013,?
2/18/2013,?
2/19/2013,?
2/20/2013,?
2/21/2013,?
2/22/2013,?
2/25/2013,?
2/26/2013,?
2/27/2013,?
2/28/2013,?
3/1/2013,?
3/4/2013,?
3/5/2013,?
3/6/2013,?
3/7/2013,?
3/8/2013,?
3/11/2013,?
3/12/2013,?
3/13/2013,?
3/14/2013,?
3/15/2013,?
3/18/2013,?
3/19/2013,?
3/20/2013,?
3/21/2013,?
3/22/2013,?
3/25/2013,?
3/26/2013,?
3/27/2013,?
3/28/2013,?
4/2/2013,?
4/3/2013,?
4/4/2013,?
4/5/2013,?
4/8/2013,?
4/9/2013,?
4/10/2013,?
4/11/2013,?
4/12/2013,?
4/15/2013,?
4/16/2013,?
4/17/2013,?
4/18/2013,?
4/19/2013,?
4/22/2013,?
4/23/2013,?
4/24/2013,?
4/25/2013,?
4/26/2013,?
4/29/2013,?
4/30/2013,?
5/2/2013,?
5/3/2013,?
5/6/2013,?
5/7/2013,?
5/8/2013,?
5/9/2013,?
5/10/2013,?
5/13/2013,?
5/14/2013,?
5/15/2013,?
5/16/2013,?
5/17/2013,?
5/20/2013,?
5/21/2013,?
5/22/2013,?
5/23/2013,?
5/24/2013,?
5/27/2013,?
5/28/2013,?
5/29/2013,?
5/30/2013,?
5/31/2013,?
6/3/2013,?
6/4/2013,?
6/5/2013,?
6/6/2013,?
6/7/2013,?
6/10/2013,?
6/11/2013,?
6/12/2013,?
6/13/2013,?
6/14/2013,?
6/17/2013,?
6/18/2013,?
6/19/2013,?
6/20/2013,?
6/21/2013,?
6/24/2013,?
6/25/2013,?
6/26/2013,?
6/27/2013,?
6/28/2013,?
7/1/2013,?
7/2/2013,?
7/3/2013,?
7/4/2013,?
7/5/2013,?
7/8/2013,?
7/9/2013,?
7/10/2013,?
7/11/2013,?
7/12/2013,?
7/15/2013,?
7/16/2013,?
7/17/2013,?
7/18/2013,?
7/19/2013,?
7/22/2013,?
7/23/2013,?
7/24/2013,?
7/25/2013,?
7/26/2013,?
7/29/2013,?
7/30/2013,?
7/31/2013,?
8/1/2013,?
8/2/2013,?
8/5/2013,?
8/6/2013,?
8/7/2013,?
8/8/2013,?
8/9/2013,?
8/12/2013,?
8/13/2013,?
8/14/2013,?
8/15/2013,?
8/16/2013,?
8/19/2013,?
8/20/2013,?
8/21/2013,?
8/22/2013,?
8/23/2013,?
8/26/2013,?
8/27/2013,?
8/28/2013,?
8/29/2013,?
8/30/2013,?
9/2/2013,?
9/3/2013,?
9/4/2013,?
9/5/2013,?
9/6/2013,?
9/9/2013,?
9/10/2013,?
9/11/2013,?
9/12/2013,?
9/13/2013,?
9/16/2013,?
9/17/2013,?
9/18/2013,?
9/19/2013,?
9/20/2013,?
9/23/2013,?
9/24/2013,?
9/25/2013,?
9/26/2013,?
9/27/2013,?
9/30/2013,?
10/1/2013,?
10/2/2013,?
10/3/2013,?
10/4/2013,?
10/7/2013,?
10/8/2013,?
10/9/2013,?
10/10/2013,?
10/11/2013,?
10/14/2013,?
10/15/2013,?
10/16/2013,?
10/17/2013,?
10/18/2013,?
10/21/2013,?
10/22/2013,?
10/23/2013,?
10/24/2013,?
10/25/2013,?
10/28/2013,?
10/29/2013,?
10/30/2013,?
10/31/2013,?
11/1/2013,?
11/4/2013,?
11/5/2013,?
11/6/2013,?
11/7/2013,?
11/8/2013,?
11/11/2013,?
11/12/2013,?
11/13/2013,?
11/14/2013,?
11/15/2013,?
11/18/2013,?
11/19/2013,?
11/20/2013,?
11/21/2013,?
11/22/2013,?
11/25/2013,?
11/26/2013,?
11/27/2013,?
11/28/2013,?
11/29/2013,?
12/2/2013,?
12/3/2013,?
12/4/2013,?
12/5/2013,?
12/6/2013,?
12/9/2013,?
12/10/2013,?
12/11/2013,?
12/12/2013,?
12/13/2013,?
12/16/2013,?
12/17/2013,?
12/18/2013,?
12/19/2013,?
12/20/2013,?
12/23/2013,?
12/24/2013,?
12/27/2013,?
12/30/2013,?
12/31/2013,?
1/2/2014,?
1/3/2014,?
1/6/2014,?
1/7/2014,?
1/8/2014,?
1/9/2014,?
1/10/2014,?
1/13/2014,?
1/14/2014,?
1/15/2014,?
1/16/2014,?
1/17/2014,?
1/20/2014,?
1/21/2014,?
1/22/2014,?
1/23/2014,?
1/24/2014,?
1/27/2014,?
1/28/2014,?
1/29/2014,?
1/30/2014,?
1/31/2014,?
2/3/2014,?
2/4/2014,?
2/5/2014,?
2/6/2014,?
2/7/2014,?
2/10/2014,?
2/11/2014,?
2/12/2014,?
2/13/2014,?
2/14/2014,?
2/17/2014,?
2/18/2014,?
2/19/2014,?
2/20/2014,?
2/21/2014,?
2/24/2014,?
2/25/2014,?
2/26/2014,?
2/27/2014,?
2/28/2014,?
3/3/2014,?
3/4/2014,?
3/5/2014,?
3/6/2014,?
3/7/2014,?
3/10/2014,?
3/11/2014,?
3/12/2014,?
3/13/2014,?
3/14/2014,?
3/17/2014,?
3/18/2014,?
3/19/2014,?
3/20/2014,?
3/21/2014,?
3/24/2014,?
3/25/2014,?
3/26/2014,?
3/27/2014,?
3/28/2014,?
3/31/2014,?
4/1/2014,?
4/2/2014,?
4/3/2014,?
4/4/2014,?
4/7/2014,?
4/8/2014,?
4/9/2014,?
4/10/2014,?
4/11/2014,?
4/14/2014,?
4/15/2014,?
4/16/2014,?
4/17/2014,?
4/22/2014,?
4/23/2014,?
4/24/2014,?
4/25/2014,?
4/28/2014,?
4/29/2014,?
4/30/2014,?
5/2/2014,?
5/5/2014,?
5/6/2014,?
5/7/2014,?
5/8/2014,?
5/9/2014,?
5/12/2014,?
5/13/2014,?
5/14/2014,?
5/15/2014,?
5/16/2014,?
5/19/2014,?
5/20/2014,?
5/21/2014,?
5/22/2014,?
5/23/2014,?
5/26/2014,?
5/27/2014,?
5/28/2014,?
5/29/2014,?
5/30/2014,?
6/2/2014,?
6/3/2014,?
6/4/2014,?
6/5/2014,?
6/6/2014,?
6/9/2014,?
6/10/2014,?
6/11/2014,?
6/12/2014,?
6/13/2014,?
6/16/2014,?
6/17/2014,?
6/18/2014,?
6/19/2014,?
6/20/2014,?
6/23/2014,?
6/24/2014,?
6/25/2014,?
6/26/2014,?
6/27/2014,?
6/30/2014,?
7/1/2014,?
7/2/2014,?
7/3/2014,?
7/4/2014,?
7/7/2014,?
7/8/2014,?
7/9/2014,?
7/10/2014,?
7/11/2014,?
7/14/2014,?
7/15/2014,?
7/16/2014,?
7/17/2014,?
7/18/2014,?
7/21/2014,?
7/22/2014,?
7/23/2014,?
7/24/2014,?
7/25/2014,?
7/28/2014,?
7/29/2014,?
7/30/2014,?
7/31/2014,?
8/1/2014,?
8/4/2014,?
8/5/2014,?
8/6/2014,?
8/7/2014,?
8/8/2014,?
8/11/2014,?
8/12/2014,?
8/13/2014,?
8/14/2014,?
8/15/2014,?
8/18/2014,?
8/19/2014,?
8/20/2014,?
8/21/2014,?
8/22/2014,?
8/25/2014,?
8/26/2014,?
8/27/2014,?
8/28/2014,?
8/29/2014,?
9/1/2014,?
9/2/2014,?
9/3/2014,?
9/4/2014,?
9/5/2014,?
9/8/2014,?
9/9/2014,?
9/10/2014,?
9/11/2014,?
9/12/2014,?
9/15/2014,?
9/16/2014,?
9/17/2014,?
9/18/2014,?
9/19/2014,?
9/22/2014,?
9/23/2014,?
9/24/2014,?
9/25/2014,?
9/26/2014,?
9/29/2014,?
9/30/2014,?
10/1/2014,?
10/2/2014,?
10/3/2014,?
10/6/2014,?
10/7/2014,?
10/8/2014,?
10/9/2014,?
10/10/2014,?
10/13/2014,?
10/14/2014,?
10/15/2014,?
10/16/2014,?
10/17/2014,?
10/20/2014,?
10/21/2014,?
10/22/2014,?
10/23/2014,?
10/24/2014,?
10/27/2014,?
10/28/2014,?
10/29/2014,?
10/30/2014,?
10/31/2014,?
11/3/2014,?
11/4/2014,?
11/5/2014,?
11/6/2014,?
11/7/2014,?
11/10/2014,?
11/11/2014,?
11/12/2014,?
11/13/2014,?
11/14/2014,?
11/17/2014,?
11/18/2014,?
11/19/2014,?
11/20/2014,?
11/21/2014,?
11/24/2014,?
11/25/2014,?
11/26/2014,?
11/27/2014,?
11/28/2014,?
12/1/2014,?
12/2/2014,?
12/3/2014,?
12/4/2014,?
12/5/2014,?
12/8/2014,?
12/9/2014,?
12/10/2014,?
12/11/2014,?
12/12/2014,?
12/15/2014,?
12/16/2014,?
12/17/2014,?
12/18/2014,?
12/19/2014,?
12/22/2014,?
12/23/2014,?
12/24/2014,?
12/29/2014,?
12/30/2014,?
12/31/2014,?
1/2/2015,?
1/5/2015,?
1/6/2015,?
1/7/2015,?
1/8/2015,?
1/9/2015,?
1/12/2015,?
1/13/2015,?
1/14/2015,?
1/15/2015,?
1/16/2015,?
1/19/2015,?
1/20/2015,?
1/21/2015,?
1/22/2015,?
1/23/2015,?
1/26/2015,?
1/27/2015,?
1/28/2015,?
1/29/2015,?
1/30/2015,?
2/2/2015,?
2/3/2015,?
2/4/2015,?
2/5/2015,?
2/6/2015,?
2/9/2015,?
2/10/2015,?
2/11/2015,?
2/12/2015,?
2/13/2015,?
2/16/2015,?
2/17/2015,?
2/18/2015,?
2/19/2015,?
2/20/2015,?
2/23/2015,?
2/24/2015,?
2/25/2015,?
2/26/2015,?
2/27/2015,?
3/2/2015,?
3/3/2015,?
3/4/2015,?
3/5/2015,?
3/6/2015,?
3/9/2015,?
3/10/2015,?
3/11/2015,?
3/12/2015,?
3/13/2015,?
3/16/2015,?
3/17/2015,?
3/18/2015,?
3/19/2015,?
3/20/2015,?
3/23/2015,?
3/24/2015,?
3/25/2015,?
3/26/2015,?
3/27/2015,?
3/30/2015,?
3/31/2015,?
4/1/2015,?
4/2/2015,?
4/7/2015,?
4/8/2015,?
4/9/2015,?
4/10/2015,?
4/13/2015,?
4/14/2015,?
4/15/2015,?
4/16/2015,?
4/17/2015,?
4/20/2015,?
4/21/2015,?
4/22/2015,?
4/23/2015,?
4/24/2015,?
4/27/2015,?
4/28/2015,?
4/29/2015,?
4/30/2015,?
