Date,SIT
1/4/1999,189.045
1/5/1999,188.775
1/6/1999,188.7
1/7/1999,188.8
1/8/1999,188.84
1/11/1999,188.9655
1/12/1999,189.5352
1/13/1999,191.2016
1/14/1999,188.9441
1/15/1999,187.1333
1/18/1999,189.3639
1/19/1999,189.4432
1/20/1999,189.0666
1/21/1999,188.9975
1/22/1999,188.4587
1/25/1999,188.7438
1/26/1999,189.5821
1/27/1999,189.7167
1/28/1999,189.64
1/29/1999,188.5
2/1/1999,189.4727
2/2/1999,190.8753
2/3/1999,190.4761
2/4/1999,190.4237
2/5/1999,190.2791
2/8/1999,190.3325
2/9/1999,190.6592
2/10/1999,191.454
2/11/1999,190.1997
2/12/1999,190.4383
2/15/1999,189.5612
2/16/1999,190.3482
2/17/1999,190.153
2/18/1999,189.7714
2/19/1999,189.7336
2/22/1999,189.4169
2/23/1999,190.0579
2/24/1999,190.3167
2/25/1999,190.2926
2/26/1999,190.4698
3/1/1999,190.3652
3/2/1999,190.2429
3/3/1999,190.22
3/4/1999,190.33
3/5/1999,190.5755
3/8/1999,190.2453
3/9/1999,189.8259
3/10/1999,191.3634
3/11/1999,190.139
3/12/1999,190.3535
3/15/1999,190.8855
3/16/1999,190.393
3/17/1999,189.9264
3/18/1999,190.5117
3/19/1999,190.3779
3/22/1999,190.4427
3/23/1999,190.5601
3/24/1999,190.8219
3/25/1999,190.8219
3/26/1999,190.5581
3/29/1999,189.6164
3/30/1999,190.5175
3/31/1999,191.1308
4/1/1999,190.5994
4/2/1999,190.4556
4/5/1999,190.19
4/6/1999,190.8181
4/7/1999,190.7747
4/8/1999,190.9732
4/9/1999,190.9803
4/12/1999,191.4368
4/13/1999,192.5428
4/14/1999,193.4368
4/15/1999,192.7021
4/16/1999,192.346
4/19/1999,192.6903
4/20/1999,192.591
4/21/1999,192.7372
4/22/1999,191.7849
4/23/1999,192.305
4/26/1999,192.9845
4/27/1999,193.3027
4/28/1999,193.0616
4/29/1999,193.1168
4/30/1999,193.2883
5/3/1999,193.505
5/4/1999,193.5
5/5/1999,193.6989
5/6/1999,193.7113
5/7/1999,193.7554
5/10/1999,193.6241
5/11/1999,193.7923
5/12/1999,194.0852
5/13/1999,193.8105
5/14/1999,193.7893
5/17/1999,193.761
5/18/1999,193.8041
5/19/1999,193.2535
5/20/1999,193.8818
5/21/1999,193.8528
5/24/1999,193.9225
5/25/1999,193.7776
5/26/1999,192.9391
5/27/1999,194.8187
5/28/1999,194.0626
5/31/1999,193.8187
6/1/1999,194.3397
6/2/1999,194.4039
6/3/1999,194.4426
6/4/1999,194.5196
6/7/1999,194.4338
6/8/1999,195.0723
6/9/1999,195.1195
6/10/1999,194.9183
6/11/1999,195.0845
6/14/1999,195.1662
6/15/1999,196.0553
6/16/1999,196.0248
6/17/1999,195.9441
6/18/1999,195.987
6/21/1999,195.1589
6/22/1999,196.4035
6/23/1999,195.8314
6/24/1999,195.8343
6/25/1999,198.5302
6/28/1999,195.1704
6/29/1999,196.0028
6/30/1999,196.1987
7/1/1999,196.4807
7/2/1999,196.5249
7/5/1999,196.4825
7/6/1999,196.513
7/7/1999,196.6596
7/8/1999,196.4521
7/9/1999,196.4213
7/12/1999,196.2982
7/13/1999,196.9473
7/14/1999,197.0631
7/15/1999,197.0859
7/16/1999,197.0507
7/19/1999,197.0364
7/20/1999,197.0928
7/21/1999,197.1417
7/22/1999,197.0015
7/23/1999,197.0821
7/26/1999,196.9844
7/27/1999,197.0811
7/28/1999,197.2114
7/29/1999,197.4293
7/30/1999,197.4824
8/2/1999,197.3975
8/3/1999,197.3589
8/4/1999,197.2253
8/5/1999,197.3229
8/6/1999,196.5359
8/9/1999,197.1719
8/10/1999,197.3235
8/11/1999,197.3691
8/12/1999,197.3525
8/13/1999,197.2632
8/16/1999,197.1183
8/17/1999,197.0359
8/18/1999,197.3454
8/19/1999,196.8725
8/20/1999,196.8055
8/23/1999,196.7975
8/24/1999,196.6341
8/25/1999,196.5943
8/26/1999,196.4276
8/27/1999,196.6619
8/30/1999,196.5226
8/31/1999,196.5852
9/1/1999,196.5838
9/2/1999,196.5629
9/3/1999,196.5236
9/6/1999,196.4759
9/7/1999,196.4973
9/8/1999,196.5195
9/9/1999,196.4297
9/10/1999,196.4021
9/13/1999,196.4462
9/14/1999,196.4284
9/15/1999,196.6147
9/16/1999,196.3075
9/17/1999,196.4625
9/20/1999,196.3091
9/21/1999,196.4325
9/22/1999,196.495
9/23/1999,196.0575
9/24/1999,196.215
9/27/1999,196.0175
9/28/1999,195.995
9/29/1999,195.8939
9/30/1999,196.0125
10/1/1999,195.9775
10/4/1999,197.3451
10/5/1999,196.7652
10/6/1999,197.5752
10/7/1999,196.6975
10/8/1999,196.1946
10/11/1999,196.6504
10/12/1999,196.9411
10/13/1999,196.8319
10/14/1999,196.8546
10/15/1999,196.9203
10/18/1999,196.8894
10/19/1999,196.1099
10/20/1999,196.8896
10/21/1999,196.7479
10/22/1999,196.7682
10/25/1999,196.9425
10/26/1999,196.7479
10/27/1999,196.8386
10/28/1999,196.7703
10/29/1999,196.623
11/1/1999,196.623
11/2/1999,196.6933
11/3/1999,196.7314
11/4/1999,196.6778
11/5/1999,196.8049
11/8/1999,196.952
11/9/1999,196.9067
11/10/1999,196.9424
11/11/1999,197.032
11/12/1999,197.0275
11/15/1999,197.055
11/16/1999,196.9825
11/17/1999,196.9757
11/18/1999,196.7325
11/19/1999,196.675
11/22/1999,196.714
11/23/1999,196.6351
11/24/1999,196.5832
11/25/1999,196.7697
11/26/1999,196.7613
11/29/1999,196.885
11/30/1999,196.7585
12/1/1999,196.8949
12/2/1999,196.9571
12/3/1999,197.2375
12/6/1999,197.2765
12/7/1999,197.5274
12/8/1999,197.6805
12/9/1999,197.7525
12/10/1999,197.9491
12/13/1999,197.8891
12/14/1999,198.2244
12/15/1999,198.7117
12/16/1999,199.2296
12/17/1999,199.0941
12/20/1999,198.8725
12/21/1999,198.5075
12/22/1999,198.4425
12/23/1999,198.5551
12/24/1999,198.5097
12/27/1999,198.6787
12/28/1999,198.6471
12/29/1999,198.7623
12/30/1999,198.9055
1/3/2000,198.8925
1/4/2000,198.7975
1/5/2000,199.4725
1/6/2000,199.5114
1/7/2000,199.615
1/10/2000,199.6255
1/11/2000,199.7215
1/12/2000,199.8436
1/13/2000,199.9443
1/14/2000,199.9972
1/17/2000,199.993
1/18/2000,199.9935
1/19/2000,199.9226
1/20/2000,199.9398
1/21/2000,199.9466
1/24/2000,199.8875
1/25/2000,199.9799
1/26/2000,200.1145
1/27/2000,200.2876
1/28/2000,200.2794
1/31/2000,200.3422
2/1/2000,200.3566
2/2/2000,200.6475
2/3/2000,200.7612
2/4/2000,200.8492
2/7/2000,200.7972
2/8/2000,200.7925
2/9/2000,200.911
2/10/2000,201.0417
2/11/2000,201.1378
2/14/2000,200.6759
2/15/2000,201.1648
2/16/2000,201.2479
2/17/2000,201.2195
2/18/2000,201.3525
2/21/2000,201.5609
2/22/2000,201.6115
2/23/2000,201.6625
2/24/2000,201.9915
2/25/2000,201.9604
2/28/2000,202.218
2/29/2000,202.1961
3/1/2000,202.1974
3/2/2000,202.3371
3/3/2000,202.4165
3/6/2000,202.4238
3/7/2000,202.4669
3/8/2000,202.4414
3/9/2000,202.4917
3/10/2000,202.4983
3/13/2000,202.5578
3/14/2000,202.6835
3/15/2000,202.7176
3/16/2000,202.6292
3/17/2000,202.7977
3/20/2000,202.8925
3/21/2000,202.812
3/22/2000,202.9277
3/23/2000,202.9631
3/24/2000,202.8925
3/27/2000,203.0816
3/28/2000,203.1294
3/29/2000,203.3242
3/30/2000,203.3224
3/31/2000,203.3382
4/3/2000,203.3599
4/4/2000,203.4848
4/5/2000,203.3895
4/6/2000,203.5447
4/7/2000,203.5895
4/10/2000,203.6286
4/11/2000,203.8525
4/12/2000,204.1174
4/13/2000,204.2289
4/14/2000,204.2836
4/17/2000,204.1564
4/18/2000,204.1209
4/19/2000,204.0314
4/20/2000,204.1264
4/25/2000,204.1045
4/26/2000,204.1176
4/27/2000,204.0227
4/28/2000,204.1857
5/2/2000,204.5862
5/3/2000,204.2583
5/4/2000,204.3251
5/5/2000,204.5125
5/8/2000,204.4575
5/9/2000,204.7247
5/10/2000,204.7229
5/11/2000,204.8221
5/12/2000,204.7648
5/15/2000,204.9664
5/16/2000,204.9302
5/17/2000,204.9525
5/18/2000,204.9174
5/19/2000,205.1368
5/22/2000,205.1361
5/23/2000,205.1433
5/24/2000,205.2551
5/25/2000,205.2835
5/26/2000,205.2678
5/29/2000,205.3533
5/30/2000,205.3724
5/31/2000,205.5742
6/1/2000,205.9322
6/2/2000,206.0392
6/5/2000,206.0914
6/6/2000,206.5496
6/7/2000,206.1311
6/8/2000,206.4317
6/9/2000,206.6757
6/12/2000,206.7203
6/13/2000,206.8895
6/14/2000,206.9268
6/15/2000,206.9664
6/16/2000,206.9448
6/19/2000,207.0742
6/20/2000,207.0438
6/21/2000,207.0692
6/22/2000,207.0463
6/23/2000,207.0829
6/26/2000,207.1108
6/27/2000,207.2225
6/28/2000,207.1275
6/29/2000,207.3525
6/30/2000,207.3492
7/3/2000,207.3997
7/4/2000,207.6835
7/5/2000,208.7338
7/6/2000,207.4616
7/7/2000,207.6182
7/10/2000,207.6524
7/11/2000,207.9661
7/12/2000,207.8821
7/13/2000,207.9937
7/14/2000,207.5672
7/17/2000,208.0275
7/18/2000,207.6454
7/19/2000,207.5889
7/20/2000,207.8352
7/21/2000,207.8603
7/24/2000,207.8613
7/25/2000,207.9904
7/26/2000,207.2782
7/27/2000,208.2732
7/28/2000,208.3529
7/31/2000,208.4178
8/1/2000,208.3626
8/2/2000,208.4765
8/3/2000,206.9572
8/4/2000,208.4972
8/7/2000,208.5425
8/8/2000,208.5326
8/9/2000,208.5574
8/10/2000,208.5388
8/11/2000,208.5388
8/14/2000,208.5326
8/15/2000,208.5309
8/16/2000,208.7425
8/17/2000,208.6753
8/18/2000,208.7322
8/21/2000,208.7875
8/22/2000,208.7347
8/23/2000,208.7899
8/24/2000,208.8825
8/25/2000,208.8636
8/28/2000,208.8517
8/29/2000,207.5587
8/30/2000,208.9326
8/31/2000,208.9892
9/1/2000,208.9769
9/4/2000,208.9852
9/5/2000,209.0238
9/6/2000,208.9626
9/7/2000,208.9626
9/8/2000,209.0584
9/11/2000,209.1372
9/12/2000,209.2725
9/13/2000,209.2546
9/14/2000,209.3214
9/15/2000,209.1878
9/18/2000,209.1695
9/19/2000,209.1235
9/20/2000,209.1652
9/21/2000,209.2098
9/22/2000,209.0332
9/25/2000,209.2504
9/26/2000,209.2726
9/27/2000,209.2879
9/28/2000,209.4332
9/29/2000,209.4576
10/2/2000,209.4564
10/3/2000,209.4739
10/4/2000,209.5734
10/5/2000,209.6313
10/6/2000,209.5957
10/9/2000,209.6973
10/10/2000,209.6934
10/11/2000,209.7742
10/12/2000,210.1316
10/13/2000,209.8451
10/16/2000,210.1872
10/17/2000,210.2329
10/18/2000,210.2692
10/19/2000,210.3127
10/20/2000,210.1189
10/23/2000,210.1242
10/24/2000,210.2834
10/25/2000,210.2134
10/26/2000,210.1468
10/27/2000,210.3512
10/30/2000,210.3458
10/31/2000,210.3455
11/1/2000,210.4025
11/2/2000,210.2968
11/3/2000,210.5481
11/6/2000,210.5481
11/7/2000,210.6076
11/8/2000,211.1478
11/9/2000,211.3478
11/10/2000,211.3658
11/13/2000,211.5735
11/14/2000,211.3847
11/15/2000,211.4634
11/16/2000,211.5167
11/17/2000,211.5828
11/20/2000,211.6429
11/21/2000,211.6433
11/22/2000,211.7365
11/23/2000,211.7276
11/24/2000,211.8494
11/27/2000,211.9318
11/28/2000,211.9876
11/29/2000,212.2147
11/30/2000,212.3413
12/1/2000,212.3641
12/4/2000,212.3755
12/5/2000,212.6328
12/6/2000,212.4184
12/7/2000,212.7655
12/8/2000,212.575
12/11/2000,212.9963
12/12/2000,213.1835
12/13/2000,212.8472
12/14/2000,213.1167
12/15/2000,213.2534
12/18/2000,213.3139
12/19/2000,212.8468
12/20/2000,213.2296
12/21/2000,213.3675
12/22/2000,213.5664
12/27/2000,213.1542
12/28/2000,213.599
12/29/2000,213.5401
1/2/2001,213.4667
1/3/2001,213.5525
1/4/2001,213.4939
1/5/2001,213.6771
1/8/2001,213.8375
1/9/2001,213.835
1/10/2001,214.1316
1/11/2001,214.3259
1/12/2001,214.6557
1/15/2001,214.6146
1/16/2001,214.6781
1/17/2001,214.4286
1/18/2001,214.5294
1/19/2001,214.5422
1/22/2001,214.7986
1/23/2001,214.6993
1/24/2001,214.826
1/25/2001,214.8543
1/26/2001,214.8674
1/29/2001,214.9164
1/30/2001,214.9908
1/31/2001,215.1859
2/1/2001,215.4743
2/2/2001,215.5641
2/5/2001,215.5753
2/6/2001,215.5621
2/7/2001,215.5731
2/8/2001,215.5427
2/9/2001,215.5646
2/12/2001,215.6325
2/13/2001,215.5766
2/14/2001,215.6163
2/15/2001,215.6559
2/16/2001,215.5735
2/19/2001,215.3865
2/20/2001,215.6414
2/21/2001,215.5385
2/22/2001,215.5925
2/23/2001,215.4756
2/26/2001,215.5435
2/27/2001,215.5218
2/28/2001,215.3369
3/1/2001,215.485
3/2/2001,215.6325
3/5/2001,215.7575
3/6/2001,215.7347
3/7/2001,215.9824
3/8/2001,215.8215
3/9/2001,215.9898
3/12/2001,216.0792
3/13/2001,216.2351
3/14/2001,216.1227
3/15/2001,216.275
3/16/2001,216.1492
3/19/2001,216.4137
3/20/2001,216.2636
3/21/2001,216.2497
3/22/2001,216.3283
3/23/2001,216.0762
3/26/2001,216.1516
3/27/2001,216.105
3/28/2001,215.8396
3/29/2001,216.2483
3/30/2001,216.2158
4/2/2001,216.2249
4/3/2001,216.2251
4/4/2001,216.1913
4/5/2001,216.2156
4/6/2001,216.1859
4/9/2001,216.1567
4/10/2001,216.1953
4/11/2001,216.3326
4/12/2001,216.3981
4/17/2001,216.4722
4/18/2001,216.4819
4/19/2001,216.4954
4/20/2001,216.4479
4/23/2001,216.3992
4/24/2001,216.4589
4/25/2001,216.4737
4/26/2001,216.7356
4/27/2001,216.6871
4/30/2001,216.5875
5/2/2001,216.5883
5/3/2001,216.5632
5/4/2001,216.4874
5/7/2001,216.5919
5/8/2001,217.2649
5/9/2001,217.4417
5/10/2001,217.3868
5/11/2001,217.4582
5/14/2001,217.4656
5/15/2001,217.4657
5/16/2001,217.5858
5/17/2001,217.4837
5/18/2001,217.6239
5/21/2001,217.3968
5/22/2001,217.4475
5/23/2001,217.5566
5/24/2001,217.6081
5/25/2001,217.5566
5/28/2001,217.5324
5/29/2001,217.5675
5/30/2001,217.9477
5/31/2001,217.6353
6/1/2001,217.7282
6/4/2001,217.6603
6/5/2001,217.7237
6/6/2001,217.6677
6/7/2001,217.6993
6/8/2001,217.5246
6/11/2001,217.7358
6/12/2001,217.7257
6/13/2001,217.8758
6/14/2001,217.8503
6/15/2001,217.7753
6/18/2001,217.9914
6/19/2001,218.0567
6/20/2001,218.0433
6/21/2001,218.0321
6/22/2001,218.1335
6/25/2001,217.993
6/26/2001,218.4257
6/27/2001,218.1883
6/28/2001,218.1372
6/29/2001,218.4195
7/2/2001,218.3238
7/3/2001,218.1227
7/4/2001,218.3365
7/5/2001,218.6776
7/6/2001,218.5116
7/9/2001,218.8261
7/10/2001,218.6537
7/11/2001,218.767
7/12/2001,218.9185
7/13/2001,218.8118
7/16/2001,218.8761
7/17/2001,218.8442
7/18/2001,218.8193
7/19/2001,218.9614
7/20/2001,218.911
7/23/2001,218.9239
7/24/2001,218.7672
7/25/2001,218.9625
7/26/2001,218.9854
7/27/2001,219.1594
7/30/2001,219.2708
7/31/2001,219.2314
8/1/2001,219.1926
8/2/2001,219.2893
8/3/2001,219.2738
8/6/2001,219.2446
8/7/2001,219.2182
8/8/2001,219.3279
8/9/2001,219.425
8/10/2001,219.605
8/13/2001,219.5352
8/14/2001,219.55
8/15/2001,219.5
8/16/2001,219.6274
8/17/2001,219.5267
8/20/2001,219.4599
8/21/2001,219.5238
8/22/2001,219.5332
8/23/2001,219.5729
8/24/2001,219.8396
8/27/2001,219.6478
8/28/2001,219.6514
8/29/2001,219.7966
8/30/2001,219.75
8/31/2001,219.5633
9/3/2001,219.624
9/4/2001,219.7255
9/5/2001,219.8458
9/6/2001,219.7422
9/7/2001,219.6128
9/10/2001,219.6264
9/11/2001,219.7513
9/12/2001,219.6846
9/13/2001,219.7971
9/14/2001,219.6565
9/17/2001,219.7479
9/18/2001,219.8221
9/19/2001,219.8358
9/20/2001,219.8592
9/21/2001,219.9148
9/24/2001,220.1875
9/25/2001,220.185
9/26/2001,219.9884
9/27/2001,219.9856
9/28/2001,220.0282
10/1/2001,220.1527
10/2/2001,220.1556
10/3/2001,220.1347
10/4/2001,220.1251
10/5/2001,220.1586
10/8/2001,220.1438
10/9/2001,220.1935
10/10/2001,220.1867
10/11/2001,220.1957
10/12/2001,220.3415
10/15/2001,220.2458
10/16/2001,220.1825
10/17/2001,220.1246
10/18/2001,220.2886
10/19/2001,220.2675
10/22/2001,220.3275
10/23/2001,220.305
10/24/2001,220.2935
10/25/2001,220.3384
10/26/2001,220.345
10/29/2001,220.0893
10/30/2001,220.1887
10/31/2001,220.1475
11/1/2001,220.155
11/2/2001,220.4768
11/5/2001,220.3197
11/6/2001,220.4921
11/7/2001,220.362
11/8/2001,220.4751
11/9/2001,220.4728
11/12/2001,220.15
11/13/2001,219.9793
11/14/2001,220.0253
11/15/2001,219.8917
11/16/2001,219.6021
11/19/2001,220.287
11/20/2001,220.2992
11/21/2001,220.1185
11/22/2001,220.3128
11/23/2001,220.2752
11/26/2001,219.9996
11/27/2001,219.5411
11/28/2001,219.5688
11/29/2001,219.9513
11/30/2001,219.5527
12/3/2001,219.6273
12/4/2001,219.8381
12/5/2001,219.8143
12/6/2001,219.6729
12/7/2001,219.7124
12/10/2001,218.979
12/11/2001,219.8265
12/12/2001,219.9897
12/13/2001,219.9876
12/14/2001,219.9644
12/17/2001,219.9981
12/18/2001,219.9014
12/19/2001,219.1653
12/20/2001,218.6214
12/21/2001,218.6593
12/24/2001,218.8489
12/27/2001,218.8137
12/28/2001,218.8364
1/2/2002,216.7703
1/3/2002,220.3297
1/4/2002,217.6852
1/7/2002,217.9977
1/8/2002,216.4417
1/9/2002,218.6013
1/10/2002,218.7639
1/11/2002,218.4235
1/14/2002,219.9625
1/15/2002,218.6726
1/16/2002,219.8864
1/17/2002,220.2523
1/18/2002,219.9651
1/21/2002,219.9364
1/22/2002,220.3887
1/23/2002,220.6118
1/24/2002,220.5543
1/25/2002,220.8115
1/28/2002,220.9393
1/29/2002,222.0085
1/30/2002,221.9528
1/31/2002,222.2644
2/1/2002,222.5979
2/4/2002,222.7735
2/5/2002,222.7545
2/6/2002,222.7125
2/7/2002,222.3532
2/8/2002,222.3532
2/11/2002,222.5116
2/12/2002,222.2654
2/13/2002,221.9627
2/14/2002,221.8263
2/15/2002,222.4737
2/18/2002,222.1152
2/19/2002,223.1876
2/20/2002,222.6186
2/21/2002,223.0854
2/22/2002,223.3361
2/25/2002,223.3524
2/26/2002,223.4252
2/27/2002,223.2652
2/28/2002,223.4338
3/1/2002,223.6432
3/4/2002,223.0839
3/5/2002,223.2141
3/6/2002,223.1622
3/7/2002,223.5127
3/8/2002,223.2836
3/11/2002,223.3151
3/12/2002,223.2245
3/13/2002,223.4026
3/14/2002,223.4784
3/15/2002,223.7849
3/18/2002,223.7291
3/19/2002,223.6921
3/20/2002,223.7476
3/21/2002,223.8747
3/22/2002,223.8733
3/25/2002,223.8901
3/26/2002,223.6004
3/27/2002,223.6012
3/28/2002,223.7477
4/2/2002,223.9371
4/3/2002,223.8476
4/4/2002,223.9723
4/5/2002,223.8734
4/8/2002,223.9627
4/9/2002,224.1386
4/10/2002,224.1383
4/11/2002,224.1146
4/12/2002,224.0623
4/15/2002,224.1487
4/16/2002,224.1253
4/17/2002,224.386
4/18/2002,224.4771
4/19/2002,224.6264
4/22/2002,224.6127
4/23/2002,224.871
4/24/2002,224.8232
4/25/2002,224.9638
4/26/2002,224.7882
4/29/2002,224.9921
4/30/2002,224.9846
5/2/2002,224.9723
5/3/2002,225.1646
5/6/2002,225.1882
5/7/2002,225.3362
5/8/2002,225.2634
5/9/2002,225.3225
5/10/2002,224.9177
5/13/2002,224.874
5/14/2002,225.4275
5/15/2002,225.269
5/16/2002,225.0549
5/17/2002,224.9307
5/20/2002,225.2957
5/21/2002,225.3108
5/22/2002,225.1129
5/23/2002,225.2625
5/24/2002,225.2851
5/27/2002,225.3786
5/28/2002,225.3461
5/29/2002,225.2843
5/30/2002,225.5733
5/31/2002,225.4898
6/3/2002,225.505
6/4/2002,225.6141
6/5/2002,225.7521
6/6/2002,225.8761
6/7/2002,225.6973
6/10/2002,225.8757
6/11/2002,225.865
6/12/2002,225.9489
6/13/2002,225.9614
6/14/2002,226.0296
6/17/2002,226.0561
6/18/2002,226.0961
6/19/2002,226.1154
6/20/2002,226.1849
6/21/2002,226.2744
6/24/2002,226.2657
6/25/2002,226.2741
6/26/2002,226.1586
6/27/2002,225.9877
6/28/2002,226.5672
7/1/2002,226.1959
7/2/2002,226.1952
7/3/2002,226.1949
7/4/2002,226.1842
7/5/2002,226.1348
7/8/2002,226.2177
7/9/2002,226.6885
7/10/2002,226.1465
7/11/2002,226.161
7/12/2002,226.1963
7/15/2002,226.7767
7/16/2002,226.7795
7/17/2002,226.5522
7/18/2002,226.9361
7/19/2002,226.4019
7/22/2002,227.0215
7/23/2002,226.684
7/24/2002,227.0066
7/25/2002,226.856
7/26/2002,227.0791
7/29/2002,226.8919
7/30/2002,226.9728
7/31/2002,227.0066
8/1/2002,226.8914
8/2/2002,226.9765
8/5/2002,227.0077
8/6/2002,227.1978
8/7/2002,227.2338
8/8/2002,227.2814
8/9/2002,227.2312
8/12/2002,227.2786
8/13/2002,227.3154
8/14/2002,227.1859
8/15/2002,227.3593
8/16/2002,227.2656
8/19/2002,227.4495
8/20/2002,227.3318
8/21/2002,226.9818
8/22/2002,227.2972
8/23/2002,227.4896
8/26/2002,226.5232
8/27/2002,226.6621
8/28/2002,227.3372
8/29/2002,227.5537
8/30/2002,227.6933
9/2/2002,227.6115
9/3/2002,227.7253
9/4/2002,227.8882
9/5/2002,227.8874
9/6/2002,227.8284
9/9/2002,227.8788
9/10/2002,227.955
9/11/2002,228.04
9/12/2002,228.0255
9/13/2002,228.0396
9/16/2002,228.15
9/17/2002,228.2132
9/18/2002,228.2114
9/19/2002,228.1936
9/20/2002,228.28
9/23/2002,228.1515
9/24/2002,228.125
9/25/2002,228.2565
9/26/2002,227.95
9/27/2002,228.215
9/30/2002,228.305
10/1/2002,227.9173
10/2/2002,228.435
10/3/2002,228.4354
10/4/2002,228.525
10/7/2002,228.52
10/8/2002,228.4512
10/9/2002,228.59
10/10/2002,228.575
10/11/2002,228.66
10/14/2002,228.655
10/15/2002,228.655
10/16/2002,228.745
10/17/2002,228.775
10/18/2002,228.82
10/21/2002,228.905
10/22/2002,228.8993
10/23/2002,228.895
10/24/2002,228.9
10/25/2002,228.975
10/28/2002,228.975
10/29/2002,229.2013
10/30/2002,229.2191
10/31/2002,229.125
11/1/2002,229.125
11/4/2002,229.18
11/5/2002,229.165
11/6/2002,229.3125
11/7/2002,229.275
11/8/2002,229.265
11/11/2002,229.325
11/12/2002,229.27
11/13/2002,229.375
11/14/2002,229.365
11/15/2002,229.39
11/18/2002,229.09
11/19/2002,229.8515
11/20/2002,229.575
11/21/2002,230.15
11/22/2002,229.7227
11/25/2002,229.625
11/26/2002,229.2525
11/27/2002,229.7227
11/28/2002,229.7635
11/29/2002,229.9512
12/2/2002,229.8125
12/3/2002,229.8926
12/4/2002,229.8615
12/5/2002,229.8812
12/6/2002,229.885
12/9/2002,229.87
12/10/2002,229.885
12/11/2002,230.0815
12/12/2002,230.1213
12/13/2002,230.1873
12/16/2002,230.1735
12/17/2002,230.0612
12/18/2002,230.095
12/19/2002,229.9854
12/20/2002,230.0615
12/23/2002,230.0315
12/24/2002,230.035
12/27/2002,230.13
12/30/2002,230.1208
12/31/2002,230.1577
1/2/2003,230.325
1/3/2003,230.305
1/6/2003,230.305
1/7/2003,230.5252
1/8/2003,230.5165
1/9/2003,230.5425
1/10/2003,230.595
1/13/2003,230.6135
1/14/2003,230.6825
1/15/2003,230.5262
1/16/2003,230.7225
1/17/2003,230.775
1/20/2003,230.7715
1/21/2003,230.8125
1/22/2003,230.81
1/23/2003,230.8525
1/24/2003,230.8465
1/27/2003,230.9512
1/28/2003,230.9552
1/29/2003,230.935
1/30/2003,231.08
1/31/2003,231.0725
2/3/2003,231.0655
2/4/2003,231.1415
2/5/2003,231.1975
2/6/2003,231.1213
2/7/2003,231.1913
2/10/2003,231.205
2/11/2003,231.33
2/12/2003,231.3152
2/13/2003,231.3252
2/14/2003,231.2224
2/17/2003,231.3582
2/18/2003,231.425
2/19/2003,231.4455
2/20/2003,231.4314
2/21/2003,231.5251
2/24/2003,231.525
2/25/2003,231.5525
2/26/2003,231.6325
2/27/2003,231.635
2/28/2003,231.6825
3/3/2003,231.732
3/4/2003,231.725
3/5/2003,231.7425
3/6/2003,231.5655
3/7/2003,231.8525
3/10/2003,231.8825
3/11/2003,231.885
3/12/2003,231.885
3/13/2003,231.9425
3/14/2003,231.912
3/17/2003,231.925
3/18/2003,231.985
3/19/2003,231.9725
3/20/2003,231.9048
3/21/2003,231.7525
3/24/2003,231.3225
3/25/2003,231.6325
3/26/2003,231.6125
3/27/2003,231.7715
3/28/2003,231.9525
3/31/2003,231.9914
4/1/2003,232.2
4/2/2003,232.2152
4/3/2003,232.0224
4/4/2003,232.0255
4/7/2003,232.0655
4/8/2003,232.1755
4/9/2003,232.1465
4/10/2003,232.2255
4/11/2003,232.2565
4/14/2003,232.3652
4/15/2003,232.3754
4/16/2003,232.4355
4/17/2003,232.4165
4/22/2003,232.4776
4/23/2003,232.475
4/24/2003,232.2565
4/25/2003,232.3872
4/28/2003,232.5525
4/29/2003,232.5825
4/30/2003,232.6155
5/2/2003,232.725
5/5/2003,232.7516
5/6/2003,232.6633
5/7/2003,232.7516
5/8/2003,232.905
5/9/2003,232.965
5/12/2003,232.985
5/13/2003,233.045
5/14/2003,233.09
5/15/2003,233.1
5/16/2003,233.0852
5/19/2003,233.1123
5/20/2003,233.1225
5/21/2003,233.1328
5/22/2003,233.1115
5/23/2003,233.23
5/26/2003,233.245
5/27/2003,233.305
5/28/2003,233.121
5/29/2003,232.1594
5/30/2003,233.2
6/2/2003,233.22
6/3/2003,233.35
6/4/2003,233.345
6/5/2003,233.405
6/6/2003,233.455
6/9/2003,233.45
6/10/2003,233.55
6/11/2003,233.635
6/12/2003,233.705
6/13/2003,233.715
6/16/2003,233.715
6/17/2003,233.675
6/18/2003,233.785
6/19/2003,233.775
6/20/2003,233.765
6/23/2003,233.865
6/24/2003,233.875
6/25/2003,233.885
6/26/2003,233.874
6/27/2003,233.865
6/30/2003,233.952
7/1/2003,233.87
7/2/2003,234.048
7/3/2003,234.145
7/4/2003,234.205
7/7/2003,234.35
7/8/2003,234.425
7/9/2003,234.415
7/10/2003,234.435
7/11/2003,234.325
7/14/2003,234.435
7/15/2003,234.5
7/16/2003,234.55
7/17/2003,234.525
7/18/2003,234.535
7/21/2003,234.55
7/22/2003,234.51
7/23/2003,234.55
7/24/2003,234.525
7/25/2003,234.495
7/28/2003,234.6
7/29/2003,234.6
7/30/2003,234.66
7/31/2003,234.795
8/1/2003,234.76
8/4/2003,234.775
8/5/2003,234.795
8/6/2003,234.84
8/7/2003,234.915
8/8/2003,234.945
8/11/2003,234.965
8/12/2003,234.995
8/13/2003,235.005
8/14/2003,235.055
8/15/2003,235.02
8/18/2003,235.085
8/19/2003,235.115
8/20/2003,235.145
8/21/2003,235.16
8/22/2003,235.2
8/25/2003,234.95
8/26/2003,234.96
8/27/2003,235.01
8/28/2003,235.12
8/29/2003,235.105
9/1/2003,235.05
9/2/2003,235.04
9/3/2003,235.035
9/4/2003,235.125
9/5/2003,235.18
9/8/2003,235.105
9/9/2003,235.01
9/10/2003,235.12
9/11/2003,235.165
9/12/2003,235.19
9/15/2003,235.19
9/16/2003,235.24
9/17/2003,235.23
9/18/2003,235.235
9/19/2003,235.265
9/22/2003,235.255
9/23/2003,235.375
9/24/2003,235.36
9/25/2003,235.37
9/26/2003,235.37
9/29/2003,235.46
9/30/2003,235.495
10/1/2003,235.45
10/2/2003,235.7
10/3/2003,235.67
10/6/2003,235.67
10/7/2003,235.74
10/8/2003,235.77
10/9/2003,235.775
10/10/2003,235.8
10/13/2003,235.65
10/14/2003,235.65
10/15/2003,235.68
10/16/2003,235.69
10/17/2003,235.6
10/20/2003,235.6
10/21/2003,235.58
10/22/2003,235.59
10/23/2003,235.55
10/24/2003,235.58
10/27/2003,235.6
10/28/2003,235.68
10/29/2003,235.7
10/30/2003,235.8
10/31/2003,235.8
11/3/2003,235.78
11/4/2003,236
11/5/2003,236.01
11/6/2003,236
11/7/2003,235.95
11/10/2003,235.99
11/11/2003,236.02
11/12/2003,236.03
11/13/2003,236.06
11/14/2003,236.15
11/17/2003,236.115
11/18/2003,236.11
11/19/2003,236.05
11/20/2003,236.18
11/21/2003,236.3
11/24/2003,236.305
11/25/2003,236.315
11/26/2003,236.47
11/27/2003,236.45
11/28/2003,236.405
12/1/2003,236.425
12/2/2003,236.415
12/3/2003,236.485
12/4/2003,236.5
12/5/2003,236.515
12/8/2003,236.605
12/9/2003,236.63
12/10/2003,236.615
12/11/2003,236.65
12/12/2003,236.64
12/15/2003,236.66
12/16/2003,236.67
12/17/2003,236.74
12/18/2003,236.77
12/19/2003,236.8
12/22/2003,236.85
12/23/2003,236.83
12/24/2003,236.81
12/29/2003,236.83
12/30/2003,236.85
12/31/2003,236.7
1/2/2004,236.85
1/5/2004,236.97
1/6/2004,237
1/7/2004,237.05
1/8/2004,237.13
1/9/2004,237.35
1/12/2004,237.32
1/13/2004,237.4
1/14/2004,237.43
1/15/2004,237.54
1/16/2004,237.55
1/19/2004,237.6
1/20/2004,237.53
1/21/2004,237.4
1/22/2004,237.4
1/23/2004,237.36
1/26/2004,237.35
1/27/2004,237.34
1/28/2004,237.38
1/29/2004,237.4
1/30/2004,237.3
2/2/2004,237.3
2/3/2004,237.25
2/4/2004,237.32
2/5/2004,237.31
2/6/2004,237.32
2/9/2004,237.35
2/10/2004,237.37
2/11/2004,237.41
2/12/2004,237.42
2/13/2004,237.41
2/16/2004,237.5
2/17/2004,237.54
2/18/2004,237.6
2/19/2004,237.58
2/20/2004,237.61
2/23/2004,237.645
2/24/2004,237.7
2/25/2004,237.72
2/26/2004,237.91
2/27/2004,237.98
3/1/2004,237.96
3/2/2004,237.99
3/3/2004,237.98
3/4/2004,237.93
3/5/2004,237.96
3/8/2004,238.07
3/9/2004,238
3/10/2004,238.04
3/11/2004,238.05
3/12/2004,238
3/15/2004,238.02
3/16/2004,238.06
3/17/2004,237.98
3/18/2004,238.02
3/19/2004,238.04
3/22/2004,238.03
3/23/2004,238.08
3/24/2004,238.1
3/25/2004,238.16
3/26/2004,238.17
3/29/2004,238.15
3/30/2004,238.4
3/31/2004,238.38
4/1/2004,238.43
4/2/2004,238.48
4/5/2004,238.5
4/6/2004,238.52
4/7/2004,238.38
4/8/2004,238.41
4/13/2004,238.47
4/14/2004,238.47
4/15/2004,238.5
4/16/2004,238.41
4/19/2004,238.41
4/20/2004,238.38
4/21/2004,238.36
4/22/2004,238.38
4/23/2004,238.46
4/26/2004,238.4
4/27/2004,238.42
4/28/2004,238.48
4/29/2004,238.55
4/30/2004,238.63
5/3/2004,238.55
5/4/2004,238.6
5/5/2004,238.68
5/6/2004,238.65
5/7/2004,238.69
5/10/2004,238.67
5/11/2004,238.68
5/12/2004,238.73
5/13/2004,238.79
5/14/2004,238.8
5/17/2004,238.74
5/18/2004,238.7493
5/19/2004,238.78
5/20/2004,238.75
5/21/2004,238.68
5/24/2004,238.71
5/25/2004,238.72
5/26/2004,238.77
5/27/2004,238.85
5/28/2004,238.92
5/31/2004,239.03
6/1/2004,239.12
6/2/2004,239.16
6/3/2004,239.16
6/4/2004,239.16
6/7/2004,239.14
6/8/2004,239.15
6/9/2004,239.14
6/10/2004,239.14
6/11/2004,239.15
6/14/2004,239.18
6/15/2004,239.15
6/16/2004,239.23
6/17/2004,239.23
6/18/2004,239.35
6/21/2004,239.39
6/22/2004,239.5
6/23/2004,239.58
6/24/2004,239.64
6/25/2004,239.64
6/28/2004,239.85
6/29/2004,239.85
6/30/2004,239.99
7/1/2004,239.85
7/2/2004,239.86
7/5/2004,239.85
7/6/2004,239.91
7/7/2004,239.9
7/8/2004,239.88
7/9/2004,239.82
7/12/2004,239.79
7/13/2004,239.86
7/14/2004,239.85
7/15/2004,239.83
7/16/2004,239.87
7/19/2004,239.88
7/20/2004,239.87
7/21/2004,239.92
7/22/2004,240.02
7/23/2004,239.99
7/26/2004,240.03
7/27/2004,239.95
7/28/2004,239.96
7/29/2004,239.98
7/30/2004,239.98
8/2/2004,239.96
8/3/2004,240
8/4/2004,240.01
8/5/2004,239.97
8/6/2004,239.97
8/9/2004,240.01
8/10/2004,240
8/11/2004,240.02
8/12/2004,240.01
8/13/2004,239.98
8/16/2004,239.99
8/17/2004,239.99
8/18/2004,240.02
8/19/2004,240.03
8/20/2004,239.99
8/23/2004,239.98
8/24/2004,239.98
8/25/2004,239.96
8/26/2004,239.98
8/27/2004,240
8/30/2004,239.95
8/31/2004,239.98
9/1/2004,239.99
9/2/2004,239.98
9/3/2004,239.99
9/6/2004,240
9/7/2004,240.01
9/8/2004,239.99
9/9/2004,240.01
9/10/2004,240.02
9/13/2004,239.91
9/14/2004,239.96
9/15/2004,239.95
9/16/2004,239.92
9/17/2004,239.95
9/20/2004,239.94
9/21/2004,239.96
9/22/2004,240
9/23/2004,239.99
9/24/2004,239.91
9/27/2004,239.9
9/28/2004,239.96
9/29/2004,239.97
9/30/2004,239.98
10/1/2004,239.99
10/4/2004,239.96
10/5/2004,240.01
10/6/2004,240.02
10/7/2004,239.97
10/8/2004,239.92
10/11/2004,239.91
10/12/2004,239.95
10/13/2004,239.96
10/14/2004,239.92
10/15/2004,239.89
10/18/2004,239.9
10/19/2004,239.9
10/20/2004,239.88
10/21/2004,239.9
10/22/2004,239.83
10/25/2004,239.81
10/26/2004,239.8
10/27/2004,239.81
10/28/2004,239.89
10/29/2004,239.82
11/1/2004,239.82
11/2/2004,239.77
11/3/2004,239.78
11/4/2004,239.81
11/5/2004,239.8
11/8/2004,239.78
11/9/2004,239.77
11/10/2004,239.78
11/11/2004,239.8
11/12/2004,239.78
11/15/2004,239.77
11/16/2004,239.78
11/17/2004,239.79
11/18/2004,239.79
11/19/2004,239.8
11/22/2004,239.79
11/23/2004,239.78
11/24/2004,239.79
11/25/2004,239.79
11/26/2004,239.78
11/29/2004,239.79
11/30/2004,239.82
12/1/2004,239.83
12/2/2004,239.79
12/3/2004,239.81
12/6/2004,239.84
12/7/2004,239.86
12/8/2004,239.87
12/9/2004,239.86
12/10/2004,239.87
12/13/2004,239.84
12/14/2004,239.76
12/15/2004,239.83
12/16/2004,239.78
12/17/2004,239.79
12/20/2004,239.78
12/21/2004,239.79
12/22/2004,239.73
12/23/2004,239.79
12/24/2004,239.78
12/27/2004,239.77
12/28/2004,239.76
12/29/2004,239.74
12/30/2004,239.74
12/31/2004,239.76
1/3/2005,239.78
1/4/2005,239.78
1/5/2005,239.77
1/6/2005,239.78
1/7/2005,239.77
1/10/2005,239.78
1/11/2005,239.79
1/12/2005,239.77
1/13/2005,239.77
1/14/2005,239.77
1/17/2005,239.77
1/18/2005,239.75
1/19/2005,239.78
1/20/2005,239.76
1/21/2005,239.77
1/24/2005,239.77
1/25/2005,239.75
1/26/2005,239.77
1/27/2005,239.78
1/28/2005,239.78
1/31/2005,239.77
2/1/2005,239.75
2/2/2005,239.72
2/3/2005,239.72
2/4/2005,239.72
2/7/2005,239.73
2/8/2005,239.75
2/9/2005,239.74
2/10/2005,239.74
2/11/2005,239.75
2/14/2005,239.75
2/15/2005,239.73
2/16/2005,239.75
2/17/2005,239.76
2/18/2005,239.75
2/21/2005,239.75
2/22/2005,239.74
2/23/2005,239.73
2/24/2005,239.72
2/25/2005,239.71
2/28/2005,239.7
3/1/2005,239.71
3/2/2005,239.73
3/3/2005,239.73
3/4/2005,239.69
3/7/2005,239.69
3/8/2005,239.69
3/9/2005,239.73
3/10/2005,239.7
3/11/2005,239.72
3/14/2005,239.7
3/15/2005,239.69
3/16/2005,239.7
3/17/2005,239.68
3/18/2005,239.7
3/21/2005,239.69
3/22/2005,239.68
3/23/2005,239.67
3/24/2005,239.68
3/29/2005,239.71
3/30/2005,239.7
3/31/2005,239.73
4/1/2005,239.7
4/4/2005,239.68
4/5/2005,239.7
4/6/2005,239.68
4/7/2005,239.7
4/8/2005,239.72
4/11/2005,239.72
4/12/2005,239.71
4/13/2005,239.69
4/14/2005,239.7
4/15/2005,239.67
4/18/2005,239.61
4/19/2005,239.63
4/20/2005,239.61
4/21/2005,239.61
4/22/2005,239.61
4/25/2005,239.61
4/26/2005,239.61
4/27/2005,239.61
4/28/2005,239.58
4/29/2005,239.58
5/2/2005,239.58
5/3/2005,239.55
5/4/2005,239.48
5/5/2005,239.53
5/6/2005,239.53
5/9/2005,239.5
5/10/2005,239.51
5/11/2005,239.51
5/12/2005,239.52
5/13/2005,239.5
5/16/2005,239.49
5/17/2005,239.5
5/18/2005,239.5
5/19/2005,239.52
5/20/2005,239.5
5/23/2005,239.5
5/24/2005,239.48
5/25/2005,239.52
5/26/2005,239.52
5/27/2005,239.53
5/30/2005,239.52
5/31/2005,239.48
6/1/2005,239.5
6/2/2005,239.5
6/3/2005,239.5
6/6/2005,239.47
6/7/2005,239.52
6/8/2005,239.52
6/9/2005,239.49
6/10/2005,239.51
6/13/2005,239.43
6/14/2005,239.43
6/15/2005,239.41
6/16/2005,239.43
6/17/2005,239.43
6/20/2005,239.53
6/21/2005,239.44
6/22/2005,239.45
6/23/2005,239.43
6/24/2005,239.43
6/27/2005,239.46
6/28/2005,239.44
6/29/2005,239.46
6/30/2005,239.47
7/1/2005,239.45
7/4/2005,239.45
7/5/2005,239.44
7/6/2005,239.45
7/7/2005,239.46
7/8/2005,239.48
7/11/2005,239.48
7/12/2005,239.46
7/13/2005,239.47
7/14/2005,239.46
7/15/2005,239.46
7/18/2005,239.48
7/19/2005,239.48
7/20/2005,239.5
7/21/2005,239.5
7/22/2005,239.49
7/25/2005,239.52
7/26/2005,239.53
7/27/2005,239.52
7/28/2005,239.51
7/29/2005,239.51
8/1/2005,239.49
8/2/2005,239.51
8/3/2005,239.51
8/4/2005,239.52
8/5/2005,239.53
8/8/2005,239.52
8/9/2005,239.56
8/10/2005,239.53
8/11/2005,239.49
8/12/2005,239.51
8/15/2005,239.51
8/16/2005,239.51
8/17/2005,239.5
8/18/2005,239.5
8/19/2005,239.5
8/22/2005,239.49
8/23/2005,239.51
8/24/2005,239.51
8/25/2005,239.5
8/26/2005,239.52
8/29/2005,239.5
8/30/2005,239.5
8/31/2005,239.5
9/1/2005,239.51
9/2/2005,239.46
9/5/2005,239.49
9/6/2005,239.47
9/7/2005,239.42
9/8/2005,239.41
9/9/2005,239.42
9/12/2005,239.44
9/13/2005,239.43
9/14/2005,239.47
9/15/2005,239.47
9/16/2005,239.46
9/19/2005,239.48
9/20/2005,239.49
9/21/2005,239.48
9/22/2005,239.48
9/23/2005,239.48
9/26/2005,239.51
9/27/2005,239.51
9/28/2005,239.51
9/29/2005,239.53
9/30/2005,239.52
10/3/2005,239.52
10/4/2005,239.54
10/5/2005,239.53
10/6/2005,239.55
10/7/2005,239.53
10/10/2005,239.56
10/11/2005,239.52
10/12/2005,239.52
10/13/2005,239.52
10/14/2005,239.51
10/17/2005,239.53
10/18/2005,239.52
10/19/2005,239.52
10/20/2005,239.52
10/21/2005,239.5
10/24/2005,239.54
10/25/2005,239.53
10/26/2005,239.52
10/27/2005,239.51
10/28/2005,239.53
10/31/2005,239.51
11/1/2005,239.51
11/2/2005,239.5
11/3/2005,239.5
11/4/2005,239.49
11/7/2005,239.51
11/8/2005,239.52
11/9/2005,239.48
11/10/2005,239.52
11/11/2005,239.5
11/14/2005,239.5
11/15/2005,239.5
11/16/2005,239.5
11/17/2005,239.51
11/18/2005,239.52
11/21/2005,239.51
11/22/2005,239.52
11/23/2005,239.54
11/24/2005,239.51
11/25/2005,239.53
11/28/2005,239.51
11/29/2005,239.5
11/30/2005,239.5
12/1/2005,239.48
12/2/2005,239.51
12/5/2005,239.52
12/6/2005,239.54
12/7/2005,239.51
12/8/2005,239.5
12/9/2005,239.51
12/12/2005,239.51
12/13/2005,239.5
12/14/2005,239.52
12/15/2005,239.49
12/16/2005,239.5
12/19/2005,239.49
12/20/2005,239.52
12/21/2005,239.51
12/22/2005,239.5
12/23/2005,239.5
12/27/2005,239.51
12/28/2005,239.5
12/29/2005,239.51
12/30/2005,239.5
1/2/2006,239.5
1/3/2006,239.5
1/4/2006,239.51
1/5/2006,239.51
1/6/2006,239.49
1/9/2006,239.49
1/10/2006,239.49
1/11/2006,239.48
1/12/2006,239.5
1/13/2006,239.49
1/16/2006,239.51
1/17/2006,239.48
1/18/2006,239.48
1/19/2006,239.47
1/20/2006,239.47
1/23/2006,239.47
1/24/2006,239.49
1/25/2006,239.46
1/26/2006,239.47
1/27/2006,239.51
1/30/2006,239.47
1/31/2006,239.47
2/1/2006,239.47
2/2/2006,239.47
2/3/2006,239.46
2/6/2006,239.49
2/7/2006,239.49
2/8/2006,239.49
2/9/2006,239.47
2/10/2006,239.5
2/13/2006,239.5
2/14/2006,239.51
2/15/2006,239.49
2/16/2006,239.47
2/17/2006,239.46
2/20/2006,239.48
2/21/2006,239.47
2/22/2006,239.49
2/23/2006,239.5
2/24/2006,239.49
2/27/2006,239.51
2/28/2006,239.49
3/1/2006,239.5
3/2/2006,239.5
3/3/2006,239.5
3/6/2006,239.51
3/7/2006,239.52
3/8/2006,239.54
3/9/2006,239.54
3/10/2006,239.56
3/13/2006,239.56
3/14/2006,239.56
3/15/2006,239.55
3/16/2006,239.53
3/17/2006,239.53
3/20/2006,239.54
3/21/2006,239.57
3/22/2006,239.54
3/23/2006,239.6
3/24/2006,239.56
3/27/2006,239.59
3/28/2006,239.59
3/29/2006,239.6
3/30/2006,239.61
3/31/2006,239.56
4/3/2006,239.59
4/4/2006,239.62
4/5/2006,239.62
4/6/2006,239.63
4/7/2006,239.63
4/10/2006,239.63
4/11/2006,239.58
4/12/2006,239.61
4/13/2006,239.61
4/18/2006,239.6
4/19/2006,239.59
4/20/2006,239.61
4/21/2006,239.6
4/24/2006,239.61
4/25/2006,239.58
4/26/2006,239.58
4/27/2006,239.58
4/28/2006,239.61
5/2/2006,239.61
5/3/2006,239.58
5/4/2006,239.59
5/5/2006,239.62
5/8/2006,239.63
5/9/2006,239.63
5/10/2006,239.66
5/11/2006,239.68
5/12/2006,239.65
5/15/2006,239.62
5/16/2006,239.65
5/17/2006,239.65
5/18/2006,239.62
5/19/2006,239.61
5/22/2006,239.62
5/23/2006,239.61
5/24/2006,239.64
5/25/2006,239.63
5/26/2006,239.63
5/29/2006,239.64
5/30/2006,239.64
5/31/2006,239.65
6/1/2006,239.64
6/2/2006,239.66
6/5/2006,239.66
6/6/2006,239.66
6/7/2006,239.67
6/8/2006,239.65
6/9/2006,239.65
6/12/2006,239.66
6/13/2006,239.64
6/14/2006,239.64
6/15/2006,239.65
6/16/2006,239.63
6/19/2006,239.64
6/20/2006,239.64
6/21/2006,239.64
6/22/2006,239.66
6/23/2006,239.65
6/26/2006,239.65
6/27/2006,239.65
6/28/2006,239.64
6/29/2006,239.62
6/30/2006,239.63
7/3/2006,239.64
7/4/2006,239.64
7/5/2006,239.64
7/6/2006,239.68
7/7/2006,239.66
7/10/2006,239.65
7/11/2006,239.64
7/12/2006,239.64
7/13/2006,239.64
7/14/2006,239.64
7/17/2006,239.63
7/18/2006,239.63
7/19/2006,239.64
7/20/2006,239.64
7/21/2006,239.64
7/24/2006,239.65
7/25/2006,239.65
7/26/2006,239.65
7/27/2006,239.67
7/28/2006,239.65
7/31/2006,239.66
8/1/2006,239.67
8/2/2006,239.65
8/3/2006,239.65
8/4/2006,239.66
8/7/2006,239.67
8/8/2006,239.67
8/9/2006,239.67
8/10/2006,239.65
8/11/2006,239.64
8/14/2006,239.62
8/15/2006,239.62
8/16/2006,239.62
8/17/2006,239.63
8/18/2006,239.6
8/21/2006,239.58
8/22/2006,239.59
8/23/2006,239.59
8/24/2006,239.59
8/25/2006,239.58
8/28/2006,239.6
8/29/2006,239.59
8/30/2006,239.58
8/31/2006,239.57
9/1/2006,239.57
9/4/2006,239.61
9/5/2006,239.57
9/6/2006,239.59
9/7/2006,239.59
9/8/2006,239.59
9/11/2006,239.59
9/12/2006,239.59
9/13/2006,239.59
9/14/2006,239.6
9/15/2006,239.59
9/18/2006,239.58
9/19/2006,239.58
9/20/2006,239.59
9/21/2006,239.61
9/22/2006,239.6
9/25/2006,239.6
9/26/2006,239.59
9/27/2006,239.59
9/28/2006,239.59
9/29/2006,239.59
10/2/2006,239.58
10/3/2006,239.51
10/4/2006,239.6
10/5/2006,239.6
10/6/2006,239.63
10/9/2006,239.6
10/10/2006,239.6
10/11/2006,239.6
10/12/2006,239.59
10/13/2006,239.56
10/16/2006,239.57
10/17/2006,239.57
10/18/2006,239.58
10/19/2006,239.68
10/20/2006,239.57
10/23/2006,239.61
10/24/2006,239.6
10/25/2006,239.6
10/26/2006,239.6
10/27/2006,239.62
10/30/2006,239.62
10/31/2006,239.61
11/1/2006,239.51
11/2/2006,239.6
11/3/2006,239.62
11/6/2006,239.63
11/7/2006,239.61
11/8/2006,239.65
11/9/2006,239.65
11/10/2006,239.68
11/13/2006,239.62
11/14/2006,239.66
11/15/2006,239.58
11/16/2006,239.64
11/17/2006,239.68
11/20/2006,239.66
11/21/2006,239.66
11/22/2006,239.66
11/23/2006,239.66
11/24/2006,239.66
11/27/2006,239.66
11/28/2006,239.67
11/29/2006,239.65
11/30/2006,239.66
12/1/2006,239.63
12/4/2006,239.67
12/5/2006,239.66
12/6/2006,239.66
12/7/2006,239.67
12/8/2006,239.66
12/11/2006,239.68
12/12/2006,239.67
12/13/2006,239.68
12/14/2006,239.65
12/15/2006,239.66
12/18/2006,239.66
12/19/2006,239.64
12/20/2006,239.66
12/21/2006,239.69
12/22/2006,239.66
12/27/2006,239.65
12/28/2006,239.64
12/29/2006,239.64
1/2/2007,?
1/3/2007,?
1/4/2007,?
1/5/2007,?
1/8/2007,?
1/9/2007,?
1/10/2007,?
1/11/2007,?
1/12/2007,?
1/15/2007,?
1/16/2007,?
1/17/2007,?
1/18/2007,?
1/19/2007,?
1/22/2007,?
1/23/2007,?
1/24/2007,?
1/25/2007,?
1/26/2007,?
1/29/2007,?
1/30/2007,?
1/31/2007,?
2/1/2007,?
2/2/2007,?
2/5/2007,?
2/6/2007,?
2/7/2007,?
2/8/2007,?
2/9/2007,?
2/12/2007,?
2/13/2007,?
2/14/2007,?
2/15/2007,?
2/16/2007,?
2/19/2007,?
2/20/2007,?
2/21/2007,?
2/22/2007,?
2/23/2007,?
2/26/2007,?
2/27/2007,?
2/28/2007,?
3/1/2007,?
3/2/2007,?
3/5/2007,?
3/6/2007,?
3/7/2007,?
3/8/2007,?
3/9/2007,?
3/12/2007,?
3/13/2007,?
3/14/2007,?
3/15/2007,?
3/16/2007,?
3/19/2007,?
3/20/2007,?
3/21/2007,?
3/22/2007,?
3/23/2007,?
3/26/2007,?
3/27/2007,?
3/28/2007,?
3/29/2007,?
3/30/2007,?
4/2/2007,?
4/3/2007,?
4/4/2007,?
4/5/2007,?
4/10/2007,?
4/11/2007,?
4/12/2007,?
4/13/2007,?
4/16/2007,?
4/17/2007,?
4/18/2007,?
4/19/2007,?
4/20/2007,?
4/23/2007,?
4/24/2007,?
4/25/2007,?
4/26/2007,?
4/27/2007,?
4/30/2007,?
5/2/2007,?
5/3/2007,?
5/4/2007,?
5/7/2007,?
5/8/2007,?
5/9/2007,?
5/10/2007,?
5/11/2007,?
5/14/2007,?
5/15/2007,?
5/16/2007,?
5/17/2007,?
5/18/2007,?
5/21/2007,?
5/22/2007,?
5/23/2007,?
5/24/2007,?
5/25/2007,?
5/28/2007,?
5/29/2007,?
5/30/2007,?
5/31/2007,?
6/1/2007,?
6/4/2007,?
6/5/2007,?
6/6/2007,?
6/7/2007,?
6/8/2007,?
6/11/2007,?
6/12/2007,?
6/13/2007,?
6/14/2007,?
6/15/2007,?
6/18/2007,?
6/19/2007,?
6/20/2007,?
6/21/2007,?
6/22/2007,?
6/25/2007,?
6/26/2007,?
6/27/2007,?
6/28/2007,?
6/29/2007,?
7/2/2007,?
7/3/2007,?
7/4/2007,?
7/5/2007,?
7/6/2007,?
7/9/2007,?
7/10/2007,?
7/11/2007,?
7/12/2007,?
7/13/2007,?
7/16/2007,?
7/17/2007,?
7/18/2007,?
7/19/2007,?
7/20/2007,?
7/23/2007,?
7/24/2007,?
7/25/2007,?
7/26/2007,?
7/27/2007,?
7/30/2007,?
7/31/2007,?
8/1/2007,?
8/2/2007,?
8/3/2007,?
8/6/2007,?
8/7/2007,?
8/8/2007,?
8/9/2007,?
8/10/2007,?
8/13/2007,?
8/14/2007,?
8/15/2007,?
8/16/2007,?
8/17/2007,?
8/20/2007,?
8/21/2007,?
8/22/2007,?
8/23/2007,?
8/24/2007,?
8/27/2007,?
8/28/2007,?
8/29/2007,?
8/30/2007,?
8/31/2007,?
9/3/2007,?
9/4/2007,?
9/5/2007,?
9/6/2007,?
9/7/2007,?
9/10/2007,?
9/11/2007,?
9/12/2007,?
9/13/2007,?
9/14/2007,?
9/17/2007,?
9/18/2007,?
9/19/2007,?
9/20/2007,?
9/21/2007,?
9/24/2007,?
9/25/2007,?
9/26/2007,?
9/27/2007,?
9/28/2007,?
10/1/2007,?
10/2/2007,?
10/3/2007,?
10/4/2007,?
10/5/2007,?
10/8/2007,?
10/9/2007,?
10/10/2007,?
10/11/2007,?
10/12/2007,?
10/15/2007,?
10/16/2007,?
10/17/2007,?
10/18/2007,?
10/19/2007,?
10/22/2007,?
10/23/2007,?
10/24/2007,?
10/25/2007,?
10/26/2007,?
10/29/2007,?
10/30/2007,?
10/31/2007,?
11/1/2007,?
11/2/2007,?
11/5/2007,?
11/6/2007,?
11/7/2007,?
11/8/2007,?
11/9/2007,?
11/12/2007,?
11/13/2007,?
11/14/2007,?
11/15/2007,?
11/16/2007,?
11/19/2007,?
11/20/2007,?
11/21/2007,?
11/22/2007,?
11/23/2007,?
11/26/2007,?
11/27/2007,?
11/28/2007,?
11/29/2007,?
11/30/2007,?
12/3/2007,?
12/4/2007,?
12/5/2007,?
12/6/2007,?
12/7/2007,?
12/10/2007,?
12/11/2007,?
12/12/2007,?
12/13/2007,?
12/14/2007,?
12/17/2007,?
12/18/2007,?
12/19/2007,?
12/20/2007,?
12/21/2007,?
12/24/2007,?
12/27/2007,?
12/28/2007,?
12/31/2007,?
1/2/2008,?
1/3/2008,?
1/4/2008,?
1/7/2008,?
1/8/2008,?
1/9/2008,?
1/10/2008,?
1/11/2008,?
1/14/2008,?
1/15/2008,?
1/16/2008,?
1/17/2008,?
1/18/2008,?
1/21/2008,?
1/22/2008,?
1/23/2008,?
1/24/2008,?
1/25/2008,?
1/28/2008,?
1/29/2008,?
1/30/2008,?
1/31/2008,?
2/1/2008,?
2/4/2008,?
2/5/2008,?
2/6/2008,?
2/7/2008,?
2/8/2008,?
2/11/2008,?
2/12/2008,?
2/13/2008,?
2/14/2008,?
2/15/2008,?
2/18/2008,?
2/19/2008,?
2/20/2008,?
2/21/2008,?
2/22/2008,?
2/25/2008,?
2/26/2008,?
2/27/2008,?
2/28/2008,?
2/29/2008,?
3/3/2008,?
3/4/2008,?
3/5/2008,?
3/6/2008,?
3/7/2008,?
3/10/2008,?
3/11/2008,?
3/12/2008,?
3/13/2008,?
3/14/2008,?
3/17/2008,?
3/18/2008,?
3/19/2008,?
3/20/2008,?
3/25/2008,?
3/26/2008,?
3/27/2008,?
3/28/2008,?
3/31/2008,?
4/1/2008,?
4/2/2008,?
4/3/2008,?
4/4/2008,?
4/7/2008,?
4/8/2008,?
4/9/2008,?
4/10/2008,?
4/11/2008,?
4/14/2008,?
4/15/2008,?
4/16/2008,?
4/17/2008,?
4/18/2008,?
4/21/2008,?
4/22/2008,?
4/23/2008,?
4/24/2008,?
4/25/2008,?
4/28/2008,?
4/29/2008,?
4/30/2008,?
5/2/2008,?
5/5/2008,?
5/6/2008,?
5/7/2008,?
5/8/2008,?
5/9/2008,?
5/12/2008,?
5/13/2008,?
5/14/2008,?
5/15/2008,?
5/16/2008,?
5/19/2008,?
5/20/2008,?
5/21/2008,?
5/22/2008,?
5/23/2008,?
5/26/2008,?
5/27/2008,?
5/28/2008,?
5/29/2008,?
5/30/2008,?
6/2/2008,?
6/3/2008,?
6/4/2008,?
6/5/2008,?
6/6/2008,?
6/9/2008,?
6/10/2008,?
6/11/2008,?
6/12/2008,?
6/13/2008,?
6/16/2008,?
6/17/2008,?
6/18/2008,?
6/19/2008,?
6/20/2008,?
6/23/2008,?
6/24/2008,?
6/25/2008,?
6/26/2008,?
6/27/2008,?
6/30/2008,?
7/1/2008,?
7/2/2008,?
7/3/2008,?
7/4/2008,?
7/7/2008,?
7/8/2008,?
7/9/2008,?
7/10/2008,?
7/11/2008,?
7/14/2008,?
7/15/2008,?
7/16/2008,?
7/17/2008,?
7/18/2008,?
7/21/2008,?
7/22/2008,?
7/23/2008,?
7/24/2008,?
7/25/2008,?
7/28/2008,?
7/29/2008,?
7/30/2008,?
7/31/2008,?
8/1/2008,?
8/4/2008,?
8/5/2008,?
8/6/2008,?
8/7/2008,?
8/8/2008,?
8/11/2008,?
8/12/2008,?
8/13/2008,?
8/14/2008,?
8/15/2008,?
8/18/2008,?
8/19/2008,?
8/20/2008,?
8/21/2008,?
8/22/2008,?
8/25/2008,?
8/26/2008,?
8/27/2008,?
8/28/2008,?
8/29/2008,?
9/1/2008,?
9/2/2008,?
9/3/2008,?
9/4/2008,?
9/5/2008,?
9/8/2008,?
9/9/2008,?
9/10/2008,?
9/11/2008,?
9/12/2008,?
9/15/2008,?
9/16/2008,?
9/17/2008,?
9/18/2008,?
9/19/2008,?
9/22/2008,?
9/23/2008,?
9/24/2008,?
9/25/2008,?
9/26/2008,?
9/29/2008,?
9/30/2008,?
10/1/2008,?
10/2/2008,?
10/3/2008,?
10/6/2008,?
10/7/2008,?
10/8/2008,?
10/9/2008,?
10/10/2008,?
10/13/2008,?
10/14/2008,?
10/15/2008,?
10/16/2008,?
10/17/2008,?
10/20/2008,?
10/21/2008,?
10/22/2008,?
10/23/2008,?
10/24/2008,?
10/27/2008,?
10/28/2008,?
10/29/2008,?
10/30/2008,?
10/31/2008,?
11/3/2008,?
11/4/2008,?
11/5/2008,?
11/6/2008,?
11/7/2008,?
11/10/2008,?
11/11/2008,?
11/12/2008,?
11/13/2008,?
11/14/2008,?
11/17/2008,?
11/18/2008,?
11/19/2008,?
11/20/2008,?
11/21/2008,?
11/24/2008,?
11/25/2008,?
11/26/2008,?
11/27/2008,?
11/28/2008,?
12/1/2008,?
12/2/2008,?
12/3/2008,?
12/4/2008,?
12/5/2008,?
12/8/2008,?
12/9/2008,?
12/10/2008,?
12/11/2008,?
12/12/2008,?
12/15/2008,?
12/16/2008,?
12/17/2008,?
12/18/2008,?
12/19/2008,?
12/22/2008,?
12/23/2008,?
12/24/2008,?
12/29/2008,?
12/30/2008,?
12/31/2008,?
1/2/2009,?
1/5/2009,?
1/6/2009,?
1/7/2009,?
1/8/2009,?
1/9/2009,?
1/12/2009,?
1/13/2009,?
1/14/2009,?
1/15/2009,?
1/16/2009,?
1/19/2009,?
1/20/2009,?
1/21/2009,?
1/22/2009,?
1/23/2009,?
1/26/2009,?
1/27/2009,?
1/28/2009,?
1/29/2009,?
1/30/2009,?
2/2/2009,?
2/3/2009,?
2/4/2009,?
2/5/2009,?
2/6/2009,?
2/9/2009,?
2/10/2009,?
2/11/2009,?
2/12/2009,?
2/13/2009,?
2/16/2009,?
2/17/2009,?
2/18/2009,?
2/19/2009,?
2/20/2009,?
2/23/2009,?
2/24/2009,?
2/25/2009,?
2/26/2009,?
2/27/2009,?
3/2/2009,?
3/3/2009,?
3/4/2009,?
3/5/2009,?
3/6/2009,?
3/9/2009,?
3/10/2009,?
3/11/2009,?
3/12/2009,?
3/13/2009,?
3/16/2009,?
3/17/2009,?
3/18/2009,?
3/19/2009,?
3/20/2009,?
3/23/2009,?
3/24/2009,?
3/25/2009,?
3/26/2009,?
3/27/2009,?
3/30/2009,?
3/31/2009,?
4/1/2009,?
4/2/2009,?
4/3/2009,?
4/6/2009,?
4/7/2009,?
4/8/2009,?
4/9/2009,?
4/14/2009,?
4/15/2009,?
4/16/2009,?
4/17/2009,?
4/20/2009,?
4/21/2009,?
4/22/2009,?
4/23/2009,?
4/24/2009,?
4/27/2009,?
4/28/2009,?
4/29/2009,?
4/30/2009,?
5/4/2009,?
5/5/2009,?
5/6/2009,?
5/7/2009,?
5/8/2009,?
5/11/2009,?
5/12/2009,?
5/13/2009,?
5/14/2009,?
5/15/2009,?
5/18/2009,?
5/19/2009,?
5/20/2009,?
5/21/2009,?
5/22/2009,?
5/25/2009,?
5/26/2009,?
5/27/2009,?
5/28/2009,?
5/29/2009,?
6/1/2009,?
6/2/2009,?
6/3/2009,?
6/4/2009,?
6/5/2009,?
6/8/2009,?
6/9/2009,?
6/10/2009,?
6/11/2009,?
6/12/2009,?
6/15/2009,?
6/16/2009,?
6/17/2009,?
6/18/2009,?
6/19/2009,?
6/22/2009,?
6/23/2009,?
6/24/2009,?
6/25/2009,?
6/26/2009,?
6/29/2009,?
6/30/2009,?
7/1/2009,?
7/2/2009,?
7/3/2009,?
7/6/2009,?
7/7/2009,?
7/8/2009,?
7/9/2009,?
7/10/2009,?
7/13/2009,?
7/14/2009,?
7/15/2009,?
7/16/2009,?
7/17/2009,?
7/20/2009,?
7/21/2009,?
7/22/2009,?
7/23/2009,?
7/24/2009,?
7/27/2009,?
7/28/2009,?
7/29/2009,?
7/30/2009,?
7/31/2009,?
8/3/2009,?
8/4/2009,?
8/5/2009,?
8/6/2009,?
8/7/2009,?
8/10/2009,?
8/11/2009,?
8/12/2009,?
8/13/2009,?
8/14/2009,?
8/17/2009,?
8/18/2009,?
8/19/2009,?
8/20/2009,?
8/21/2009,?
8/24/2009,?
8/25/2009,?
8/26/2009,?
8/27/2009,?
8/28/2009,?
8/31/2009,?
9/1/2009,?
9/2/2009,?
9/3/2009,?
9/4/2009,?
9/7/2009,?
9/8/2009,?
9/9/2009,?
9/10/2009,?
9/11/2009,?
9/14/2009,?
9/15/2009,?
9/16/2009,?
9/17/2009,?
9/18/2009,?
9/21/2009,?
9/22/2009,?
9/23/2009,?
9/24/2009,?
9/25/2009,?
9/28/2009,?
9/29/2009,?
9/30/2009,?
10/1/2009,?
10/2/2009,?
10/5/2009,?
10/6/2009,?
10/7/2009,?
10/8/2009,?
10/9/2009,?
10/12/2009,?
10/13/2009,?
10/14/2009,?
10/15/2009,?
10/16/2009,?
10/19/2009,?
10/20/2009,?
10/21/2009,?
10/22/2009,?
10/23/2009,?
10/26/2009,?
10/27/2009,?
10/28/2009,?
10/29/2009,?
10/30/2009,?
11/2/2009,?
11/3/2009,?
11/4/2009,?
11/5/2009,?
11/6/2009,?
11/9/2009,?
11/10/2009,?
11/11/2009,?
11/12/2009,?
11/13/2009,?
11/16/2009,?
11/17/2009,?
11/18/2009,?
11/19/2009,?
11/20/2009,?
11/23/2009,?
11/24/2009,?
11/25/2009,?
11/26/2009,?
11/27/2009,?
11/30/2009,?
12/1/2009,?
12/2/2009,?
12/3/2009,?
12/4/2009,?
12/7/2009,?
12/8/2009,?
12/9/2009,?
12/10/2009,?
12/11/2009,?
12/14/2009,?
12/15/2009,?
12/16/2009,?
12/17/2009,?
12/18/2009,?
12/21/2009,?
12/22/2009,?
12/23/2009,?
12/24/2009,?
12/28/2009,?
12/29/2009,?
12/30/2009,?
12/31/2009,?
1/4/2010,?
1/5/2010,?
1/6/2010,?
1/7/2010,?
1/8/2010,?
1/11/2010,?
1/12/2010,?
1/13/2010,?
1/14/2010,?
1/15/2010,?
1/18/2010,?
1/19/2010,?
1/20/2010,?
1/21/2010,?
1/22/2010,?
1/25/2010,?
1/26/2010,?
1/27/2010,?
1/28/2010,?
1/29/2010,?
2/1/2010,?
2/2/2010,?
2/3/2010,?
2/4/2010,?
2/5/2010,?
2/8/2010,?
2/9/2010,?
2/10/2010,?
2/11/2010,?
2/12/2010,?
2/15/2010,?
2/16/2010,?
2/17/2010,?
2/18/2010,?
2/19/2010,?
2/22/2010,?
2/23/2010,?
2/24/2010,?
2/25/2010,?
2/26/2010,?
3/1/2010,?
3/2/2010,?
3/3/2010,?
3/4/2010,?
3/5/2010,?
3/8/2010,?
3/9/2010,?
3/10/2010,?
3/11/2010,?
3/12/2010,?
3/15/2010,?
3/16/2010,?
3/17/2010,?
3/18/2010,?
3/19/2010,?
3/22/2010,?
3/23/2010,?
3/24/2010,?
3/25/2010,?
3/26/2010,?
3/29/2010,?
3/30/2010,?
3/31/2010,?
4/1/2010,?
4/6/2010,?
4/7/2010,?
4/8/2010,?
4/9/2010,?
4/12/2010,?
4/13/2010,?
4/14/2010,?
4/15/2010,?
4/16/2010,?
4/19/2010,?
4/20/2010,?
4/21/2010,?
4/22/2010,?
4/23/2010,?
4/26/2010,?
4/27/2010,?
4/28/2010,?
4/29/2010,?
4/30/2010,?
5/3/2010,?
5/4/2010,?
5/5/2010,?
5/6/2010,?
5/7/2010,?
5/10/2010,?
5/11/2010,?
5/12/2010,?
5/13/2010,?
5/14/2010,?
5/17/2010,?
5/18/2010,?
5/19/2010,?
5/20/2010,?
5/21/2010,?
5/24/2010,?
5/25/2010,?
5/26/2010,?
5/27/2010,?
5/28/2010,?
5/31/2010,?
6/1/2010,?
6/2/2010,?
6/3/2010,?
6/4/2010,?
6/7/2010,?
6/8/2010,?
6/9/2010,?
6/10/2010,?
6/11/2010,?
6/14/2010,?
6/15/2010,?
6/16/2010,?
6/17/2010,?
6/18/2010,?
6/21/2010,?
6/22/2010,?
6/23/2010,?
6/24/2010,?
6/25/2010,?
6/28/2010,?
6/29/2010,?
6/30/2010,?
7/1/2010,?
7/2/2010,?
7/5/2010,?
7/6/2010,?
7/7/2010,?
7/8/2010,?
7/9/2010,?
7/12/2010,?
7/13/2010,?
7/14/2010,?
7/15/2010,?
7/16/2010,?
7/19/2010,?
7/20/2010,?
7/21/2010,?
7/22/2010,?
7/23/2010,?
7/26/2010,?
7/27/2010,?
7/28/2010,?
7/29/2010,?
7/30/2010,?
8/2/2010,?
8/3/2010,?
8/4/2010,?
8/5/2010,?
8/6/2010,?
8/9/2010,?
8/10/2010,?
8/11/2010,?
8/12/2010,?
8/13/2010,?
8/16/2010,?
8/17/2010,?
8/18/2010,?
8/19/2010,?
8/20/2010,?
8/23/2010,?
8/24/2010,?
8/25/2010,?
8/26/2010,?
8/27/2010,?
8/30/2010,?
8/31/2010,?
9/1/2010,?
9/2/2010,?
9/3/2010,?
9/6/2010,?
9/7/2010,?
9/8/2010,?
9/9/2010,?
9/10/2010,?
9/13/2010,?
9/14/2010,?
9/15/2010,?
9/16/2010,?
9/17/2010,?
9/20/2010,?
9/21/2010,?
9/22/2010,?
9/23/2010,?
9/24/2010,?
9/27/2010,?
9/28/2010,?
9/29/2010,?
9/30/2010,?
10/1/2010,?
10/4/2010,?
10/5/2010,?
10/6/2010,?
10/7/2010,?
10/8/2010,?
10/11/2010,?
10/12/2010,?
10/13/2010,?
10/14/2010,?
10/15/2010,?
10/18/2010,?
10/19/2010,?
10/20/2010,?
10/21/2010,?
10/22/2010,?
10/25/2010,?
10/26/2010,?
10/27/2010,?
10/28/2010,?
10/29/2010,?
11/1/2010,?
11/2/2010,?
11/3/2010,?
11/4/2010,?
11/5/2010,?
11/8/2010,?
11/9/2010,?
11/10/2010,?
11/11/2010,?
11/12/2010,?
11/15/2010,?
11/16/2010,?
11/17/2010,?
11/18/2010,?
11/19/2010,?
11/22/2010,?
11/23/2010,?
11/24/2010,?
11/25/2010,?
11/26/2010,?
11/29/2010,?
11/30/2010,?
12/1/2010,?
12/2/2010,?
12/3/2010,?
12/6/2010,?
12/7/2010,?
12/8/2010,?
12/9/2010,?
12/10/2010,?
12/13/2010,?
12/14/2010,?
12/15/2010,?
12/16/2010,?
12/17/2010,?
12/20/2010,?
12/21/2010,?
12/22/2010,?
12/23/2010,?
12/24/2010,?
12/27/2010,?
12/28/2010,?
12/29/2010,?
12/30/2010,?
12/31/2010,?
1/3/2011,?
1/4/2011,?
1/5/2011,?
1/6/2011,?
1/7/2011,?
1/10/2011,?
1/11/2011,?
1/12/2011,?
1/13/2011,?
1/14/2011,?
1/17/2011,?
1/18/2011,?
1/19/2011,?
1/20/2011,?
1/21/2011,?
1/24/2011,?
1/25/2011,?
1/26/2011,?
1/27/2011,?
1/28/2011,?
1/31/2011,?
2/1/2011,?
2/2/2011,?
2/3/2011,?
2/4/2011,?
2/7/2011,?
2/8/2011,?
2/9/2011,?
2/10/2011,?
2/11/2011,?
2/14/2011,?
2/15/2011,?
2/16/2011,?
2/17/2011,?
2/18/2011,?
2/21/2011,?
2/22/2011,?
2/23/2011,?
2/24/2011,?
2/25/2011,?
2/28/2011,?
3/1/2011,?
3/2/2011,?
3/3/2011,?
3/4/2011,?
3/7/2011,?
3/8/2011,?
3/9/2011,?
3/10/2011,?
3/11/2011,?
3/14/2011,?
3/15/2011,?
3/16/2011,?
3/17/2011,?
3/18/2011,?
3/21/2011,?
3/22/2011,?
3/23/2011,?
3/24/2011,?
3/25/2011,?
3/28/2011,?
3/29/2011,?
3/30/2011,?
3/31/2011,?
4/1/2011,?
4/4/2011,?
4/5/2011,?
4/6/2011,?
4/7/2011,?
4/8/2011,?
4/11/2011,?
4/12/2011,?
4/13/2011,?
4/14/2011,?
4/15/2011,?
4/18/2011,?
4/19/2011,?
4/20/2011,?
4/21/2011,?
4/26/2011,?
4/27/2011,?
4/28/2011,?
4/29/2011,?
5/2/2011,?
5/3/2011,?
5/4/2011,?
5/5/2011,?
5/6/2011,?
5/9/2011,?
5/10/2011,?
5/11/2011,?
5/12/2011,?
5/13/2011,?
5/16/2011,?
5/17/2011,?
5/18/2011,?
5/19/2011,?
5/20/2011,?
5/23/2011,?
5/24/2011,?
5/25/2011,?
5/26/2011,?
5/27/2011,?
5/30/2011,?
5/31/2011,?
6/1/2011,?
6/2/2011,?
6/3/2011,?
6/6/2011,?
6/7/2011,?
6/8/2011,?
6/9/2011,?
6/10/2011,?
6/13/2011,?
6/14/2011,?
6/15/2011,?
6/16/2011,?
6/17/2011,?
6/20/2011,?
6/21/2011,?
6/22/2011,?
6/23/2011,?
6/24/2011,?
6/27/2011,?
6/28/2011,?
6/29/2011,?
6/30/2011,?
7/1/2011,?
7/4/2011,?
7/5/2011,?
7/6/2011,?
7/7/2011,?
7/8/2011,?
7/11/2011,?
7/12/2011,?
7/13/2011,?
7/14/2011,?
7/15/2011,?
7/18/2011,?
7/19/2011,?
7/20/2011,?
7/21/2011,?
7/22/2011,?
7/25/2011,?
7/26/2011,?
7/27/2011,?
7/28/2011,?
7/29/2011,?
8/1/2011,?
8/2/2011,?
8/3/2011,?
8/4/2011,?
8/5/2011,?
8/8/2011,?
8/9/2011,?
8/10/2011,?
8/11/2011,?
8/12/2011,?
8/15/2011,?
8/16/2011,?
8/17/2011,?
8/18/2011,?
8/19/2011,?
8/22/2011,?
8/23/2011,?
8/24/2011,?
8/25/2011,?
8/26/2011,?
8/29/2011,?
8/30/2011,?
8/31/2011,?
9/1/2011,?
9/2/2011,?
9/5/2011,?
9/6/2011,?
9/7/2011,?
9/8/2011,?
9/9/2011,?
9/12/2011,?
9/13/2011,?
9/14/2011,?
9/15/2011,?
9/16/2011,?
9/19/2011,?
9/20/2011,?
9/21/2011,?
9/22/2011,?
9/23/2011,?
9/26/2011,?
9/27/2011,?
9/28/2011,?
9/29/2011,?
9/30/2011,?
10/3/2011,?
10/4/2011,?
10/5/2011,?
10/6/2011,?
10/7/2011,?
10/10/2011,?
10/11/2011,?
10/12/2011,?
10/13/2011,?
10/14/2011,?
10/17/2011,?
10/18/2011,?
10/19/2011,?
10/20/2011,?
10/21/2011,?
10/24/2011,?
10/25/2011,?
10/26/2011,?
10/27/2011,?
10/28/2011,?
10/31/2011,?
11/1/2011,?
11/2/2011,?
11/3/2011,?
11/4/2011,?
11/7/2011,?
11/8/2011,?
11/9/2011,?
11/10/2011,?
11/11/2011,?
11/14/2011,?
11/15/2011,?
11/16/2011,?
11/17/2011,?
11/18/2011,?
11/21/2011,?
11/22/2011,?
11/23/2011,?
11/24/2011,?
11/25/2011,?
11/28/2011,?
11/29/2011,?
11/30/2011,?
12/1/2011,?
12/2/2011,?
12/5/2011,?
12/6/2011,?
12/7/2011,?
12/8/2011,?
12/9/2011,?
12/12/2011,?
12/13/2011,?
12/14/2011,?
12/15/2011,?
12/16/2011,?
12/19/2011,?
12/20/2011,?
12/21/2011,?
12/22/2011,?
12/23/2011,?
12/27/2011,?
12/28/2011,?
12/29/2011,?
12/30/2011,?
1/2/2012,?
1/3/2012,?
1/4/2012,?
1/5/2012,?
1/6/2012,?
1/9/2012,?
1/10/2012,?
1/11/2012,?
1/12/2012,?
1/13/2012,?
1/16/2012,?
1/17/2012,?
1/18/2012,?
1/19/2012,?
1/20/2012,?
1/23/2012,?
1/24/2012,?
1/25/2012,?
1/26/2012,?
1/27/2012,?
1/30/2012,?
1/31/2012,?
2/1/2012,?
2/2/2012,?
2/3/2012,?
2/6/2012,?
2/7/2012,?
2/8/2012,?
2/9/2012,?
2/10/2012,?
2/13/2012,?
2/14/2012,?
2/15/2012,?
2/16/2012,?
2/17/2012,?
2/20/2012,?
2/21/2012,?
2/22/2012,?
2/23/2012,?
2/24/2012,?
2/27/2012,?
2/28/2012,?
2/29/2012,?
3/1/2012,?
3/2/2012,?
3/5/2012,?
3/6/2012,?
3/7/2012,?
3/8/2012,?
3/9/2012,?
3/12/2012,?
3/13/2012,?
3/14/2012,?
3/15/2012,?
3/16/2012,?
3/19/2012,?
3/20/2012,?
3/21/2012,?
3/22/2012,?
3/23/2012,?
3/26/2012,?
3/27/2012,?
3/28/2012,?
3/29/2012,?
3/30/2012,?
4/2/2012,?
4/3/2012,?
4/4/2012,?
4/5/2012,?
4/10/2012,?
4/11/2012,?
4/12/2012,?
4/13/2012,?
4/16/2012,?
4/17/2012,?
4/18/2012,?
4/19/2012,?
4/20/2012,?
4/23/2012,?
4/24/2012,?
4/25/2012,?
4/26/2012,?
4/27/2012,?
4/30/2012,?
5/2/2012,?
5/3/2012,?
5/4/2012,?
5/7/2012,?
5/8/2012,?
5/9/2012,?
5/10/2012,?
5/11/2012,?
5/14/2012,?
5/15/2012,?
5/16/2012,?
5/17/2012,?
5/18/2012,?
5/21/2012,?
5/22/2012,?
5/23/2012,?
5/24/2012,?
5/25/2012,?
5/28/2012,?
5/29/2012,?
5/30/2012,?
5/31/2012,?
6/1/2012,?
6/4/2012,?
6/5/2012,?
6/6/2012,?
6/7/2012,?
6/8/2012,?
6/11/2012,?
6/12/2012,?
6/13/2012,?
6/14/2012,?
6/15/2012,?
6/18/2012,?
6/19/2012,?
6/20/2012,?
6/21/2012,?
6/22/2012,?
6/25/2012,?
6/26/2012,?
6/27/2012,?
6/28/2012,?
6/29/2012,?
7/2/2012,?
7/3/2012,?
7/4/2012,?
7/5/2012,?
7/6/2012,?
7/9/2012,?
7/10/2012,?
7/11/2012,?
7/12/2012,?
7/13/2012,?
7/16/2012,?
7/17/2012,?
7/18/2012,?
7/19/2012,?
7/20/2012,?
7/23/2012,?
7/24/2012,?
7/25/2012,?
7/26/2012,?
7/27/2012,?
7/30/2012,?
7/31/2012,?
8/1/2012,?
8/2/2012,?
8/3/2012,?
8/6/2012,?
8/7/2012,?
8/8/2012,?
8/9/2012,?
8/10/2012,?
8/13/2012,?
8/14/2012,?
8/15/2012,?
8/16/2012,?
8/17/2012,?
8/20/2012,?
8/21/2012,?
8/22/2012,?
8/23/2012,?
8/24/2012,?
8/27/2012,?
8/28/2012,?
8/29/2012,?
8/30/2012,?
8/31/2012,?
9/3/2012,?
9/4/2012,?
9/5/2012,?
9/6/2012,?
9/7/2012,?
9/10/2012,?
9/11/2012,?
9/12/2012,?
9/13/2012,?
9/14/2012,?
9/17/2012,?
9/18/2012,?
9/19/2012,?
9/20/2012,?
9/21/2012,?
9/24/2012,?
9/25/2012,?
9/26/2012,?
9/27/2012,?
9/28/2012,?
10/1/2012,?
10/2/2012,?
10/3/2012,?
10/4/2012,?
10/5/2012,?
10/8/2012,?
10/9/2012,?
10/10/2012,?
10/11/2012,?
10/12/2012,?
10/15/2012,?
10/16/2012,?
10/17/2012,?
10/18/2012,?
10/19/2012,?
10/22/2012,?
10/23/2012,?
10/24/2012,?
10/25/2012,?
10/26/2012,?
10/29/2012,?
10/30/2012,?
10/31/2012,?
11/1/2012,?
11/2/2012,?
11/5/2012,?
11/6/2012,?
11/7/2012,?
11/8/2012,?
11/9/2012,?
11/12/2012,?
11/13/2012,?
11/14/2012,?
11/15/2012,?
11/16/2012,?
11/19/2012,?
11/20/2012,?
11/21/2012,?
11/22/2012,?
11/23/2012,?
11/26/2012,?
11/27/2012,?
11/28/2012,?
11/29/2012,?
11/30/2012,?
12/3/2012,?
12/4/2012,?
12/5/2012,?
12/6/2012,?
12/7/2012,?
12/10/2012,?
12/11/2012,?
12/12/2012,?
12/13/2012,?
12/14/2012,?
12/17/2012,?
12/18/2012,?
12/19/2012,?
12/20/2012,?
12/21/2012,?
12/24/2012,?
12/27/2012,?
12/28/2012,?
12/31/2012,?
1/2/2013,?
1/3/2013,?
1/4/2013,?
1/7/2013,?
1/8/2013,?
1/9/2013,?
1/10/2013,?
1/11/2013,?
1/14/2013,?
1/15/2013,?
1/16/2013,?
1/17/2013,?
1/18/2013,?
1/21/2013,?
1/22/2013,?
1/23/2013,?
1/24/2013,?
1/25/2013,?
1/28/2013,?
1/29/2013,?
1/30/2013,?
1/31/2013,?
2/1/2013,?
2/4/2013,?
2/5/2013,?
2/6/2013,?
2/7/2013,?
2/8/2013,?
2/11/2013,?
2/12/2013,?
2/13/2013,?
2/14/2013,?
2/15/2013,?
2/18/2013,?
2/19/2013,?
2/20/2013,?
2/21/2013,?
2/22/2013,?
2/25/2013,?
2/26/2013,?
2/27/2013,?
2/28/2013,?
3/1/2013,?
3/4/2013,?
3/5/2013,?
3/6/2013,?
3/7/2013,?
3/8/2013,?
3/11/2013,?
3/12/2013,?
3/13/2013,?
3/14/2013,?
3/15/2013,?
3/18/2013,?
3/19/2013,?
3/20/2013,?
3/21/2013,?
3/22/2013,?
3/25/2013,?
3/26/2013,?
3/27/2013,?
3/28/2013,?
4/2/2013,?
4/3/2013,?
4/4/2013,?
4/5/2013,?
4/8/2013,?
4/9/2013,?
4/10/2013,?
4/11/2013,?
4/12/2013,?
4/15/2013,?
4/16/2013,?
4/17/2013,?
4/18/2013,?
4/19/2013,?
4/22/2013,?
4/23/2013,?
4/24/2013,?
4/25/2013,?
4/26/2013,?
4/29/2013,?
4/30/2013,?
5/2/2013,?
5/3/2013,?
5/6/2013,?
5/7/2013,?
5/8/2013,?
5/9/2013,?
5/10/2013,?
5/13/2013,?
5/14/2013,?
5/15/2013,?
5/16/2013,?
5/17/2013,?
5/20/2013,?
5/21/2013,?
5/22/2013,?
5/23/2013,?
5/24/2013,?
5/27/2013,?
5/28/2013,?
5/29/2013,?
5/30/2013,?
5/31/2013,?
6/3/2013,?
6/4/2013,?
6/5/2013,?
6/6/2013,?
6/7/2013,?
6/10/2013,?
6/11/2013,?
6/12/2013,?
6/13/2013,?
6/14/2013,?
6/17/2013,?
6/18/2013,?
6/19/2013,?
6/20/2013,?
6/21/2013,?
6/24/2013,?
6/25/2013,?
6/26/2013,?
6/27/2013,?
6/28/2013,?
7/1/2013,?
7/2/2013,?
7/3/2013,?
7/4/2013,?
7/5/2013,?
7/8/2013,?
7/9/2013,?
7/10/2013,?
7/11/2013,?
7/12/2013,?
7/15/2013,?
7/16/2013,?
7/17/2013,?
7/18/2013,?
7/19/2013,?
7/22/2013,?
7/23/2013,?
7/24/2013,?
7/25/2013,?
7/26/2013,?
7/29/2013,?
7/30/2013,?
7/31/2013,?
8/1/2013,?
8/2/2013,?
8/5/2013,?
8/6/2013,?
8/7/2013,?
8/8/2013,?
8/9/2013,?
8/12/2013,?
8/13/2013,?
8/14/2013,?
8/15/2013,?
8/16/2013,?
8/19/2013,?
8/20/2013,?
8/21/2013,?
8/22/2013,?
8/23/2013,?
8/26/2013,?
8/27/2013,?
8/28/2013,?
8/29/2013,?
8/30/2013,?
9/2/2013,?
9/3/2013,?
9/4/2013,?
9/5/2013,?
9/6/2013,?
9/9/2013,?
9/10/2013,?
9/11/2013,?
9/12/2013,?
9/13/2013,?
9/16/2013,?
9/17/2013,?
9/18/2013,?
9/19/2013,?
9/20/2013,?
9/23/2013,?
9/24/2013,?
9/25/2013,?
9/26/2013,?
9/27/2013,?
9/30/2013,?
10/1/2013,?
10/2/2013,?
10/3/2013,?
10/4/2013,?
10/7/2013,?
10/8/2013,?
10/9/2013,?
10/10/2013,?
10/11/2013,?
10/14/2013,?
10/15/2013,?
10/16/2013,?
10/17/2013,?
10/18/2013,?
10/21/2013,?
10/22/2013,?
10/23/2013,?
10/24/2013,?
10/25/2013,?
10/28/2013,?
10/29/2013,?
10/30/2013,?
10/31/2013,?
11/1/2013,?
11/4/2013,?
11/5/2013,?
11/6/2013,?
11/7/2013,?
11/8/2013,?
11/11/2013,?
11/12/2013,?
11/13/2013,?
11/14/2013,?
11/15/2013,?
11/18/2013,?
11/19/2013,?
11/20/2013,?
11/21/2013,?
11/22/2013,?
11/25/2013,?
11/26/2013,?
11/27/2013,?
11/28/2013,?
11/29/2013,?
12/2/2013,?
12/3/2013,?
12/4/2013,?
12/5/2013,?
12/6/2013,?
12/9/2013,?
12/10/2013,?
12/11/2013,?
12/12/2013,?
12/13/2013,?
12/16/2013,?
12/17/2013,?
12/18/2013,?
12/19/2013,?
12/20/2013,?
12/23/2013,?
12/24/2013,?
12/27/2013,?
12/30/2013,?
12/31/2013,?
1/2/2014,?
1/3/2014,?
1/6/2014,?
1/7/2014,?
1/8/2014,?
1/9/2014,?
1/10/2014,?
1/13/2014,?
1/14/2014,?
1/15/2014,?
1/16/2014,?
1/17/2014,?
1/20/2014,?
1/21/2014,?
1/22/2014,?
1/23/2014,?
1/24/2014,?
1/27/2014,?
1/28/2014,?
1/29/2014,?
1/30/2014,?
1/31/2014,?
2/3/2014,?
2/4/2014,?
2/5/2014,?
2/6/2014,?
2/7/2014,?
2/10/2014,?
2/11/2014,?
2/12/2014,?
2/13/2014,?
2/14/2014,?
2/17/2014,?
2/18/2014,?
2/19/2014,?
2/20/2014,?
2/21/2014,?
2/24/2014,?
2/25/2014,?
2/26/2014,?
2/27/2014,?
2/28/2014,?
3/3/2014,?
3/4/2014,?
3/5/2014,?
3/6/2014,?
3/7/2014,?
3/10/2014,?
3/11/2014,?
3/12/2014,?
3/13/2014,?
3/14/2014,?
3/17/2014,?
3/18/2014,?
3/19/2014,?
3/20/2014,?
3/21/2014,?
3/24/2014,?
3/25/2014,?
3/26/2014,?
3/27/2014,?
3/28/2014,?
3/31/2014,?
4/1/2014,?
4/2/2014,?
4/3/2014,?
4/4/2014,?
4/7/2014,?
4/8/2014,?
4/9/2014,?
4/10/2014,?
4/11/2014,?
4/14/2014,?
4/15/2014,?
4/16/2014,?
4/17/2014,?
4/22/2014,?
4/23/2014,?
4/24/2014,?
4/25/2014,?
4/28/2014,?
4/29/2014,?
4/30/2014,?
5/2/2014,?
5/5/2014,?
5/6/2014,?
5/7/2014,?
5/8/2014,?
5/9/2014,?
5/12/2014,?
5/13/2014,?
5/14/2014,?
5/15/2014,?
5/16/2014,?
5/19/2014,?
5/20/2014,?
5/21/2014,?
5/22/2014,?
5/23/2014,?
5/26/2014,?
5/27/2014,?
5/28/2014,?
5/29/2014,?
5/30/2014,?
6/2/2014,?
6/3/2014,?
6/4/2014,?
6/5/2014,?
6/6/2014,?
6/9/2014,?
6/10/2014,?
6/11/2014,?
6/12/2014,?
6/13/2014,?
6/16/2014,?
6/17/2014,?
6/18/2014,?
6/19/2014,?
6/20/2014,?
6/23/2014,?
6/24/2014,?
6/25/2014,?
6/26/2014,?
6/27/2014,?
6/30/2014,?
7/1/2014,?
7/2/2014,?
7/3/2014,?
7/4/2014,?
7/7/2014,?
7/8/2014,?
7/9/2014,?
7/10/2014,?
7/11/2014,?
7/14/2014,?
7/15/2014,?
7/16/2014,?
7/17/2014,?
7/18/2014,?
7/21/2014,?
7/22/2014,?
7/23/2014,?
7/24/2014,?
7/25/2014,?
7/28/2014,?
7/29/2014,?
7/30/2014,?
7/31/2014,?
8/1/2014,?
8/4/2014,?
8/5/2014,?
8/6/2014,?
8/7/2014,?
8/8/2014,?
8/11/2014,?
8/12/2014,?
8/13/2014,?
8/14/2014,?
8/15/2014,?
8/18/2014,?
8/19/2014,?
8/20/2014,?
8/21/2014,?
8/22/2014,?
8/25/2014,?
8/26/2014,?
8/27/2014,?
8/28/2014,?
8/29/2014,?
9/1/2014,?
9/2/2014,?
9/3/2014,?
9/4/2014,?
9/5/2014,?
9/8/2014,?
9/9/2014,?
9/10/2014,?
9/11/2014,?
9/12/2014,?
9/15/2014,?
9/16/2014,?
9/17/2014,?
9/18/2014,?
9/19/2014,?
9/22/2014,?
9/23/2014,?
9/24/2014,?
9/25/2014,?
9/26/2014,?
9/29/2014,?
9/30/2014,?
10/1/2014,?
10/2/2014,?
10/3/2014,?
10/6/2014,?
10/7/2014,?
10/8/2014,?
10/9/2014,?
10/10/2014,?
10/13/2014,?
10/14/2014,?
10/15/2014,?
10/16/2014,?
10/17/2014,?
10/20/2014,?
10/21/2014,?
10/22/2014,?
10/23/2014,?
10/24/2014,?
10/27/2014,?
10/28/2014,?
10/29/2014,?
10/30/2014,?
10/31/2014,?
11/3/2014,?
11/4/2014,?
11/5/2014,?
11/6/2014,?
11/7/2014,?
11/10/2014,?
11/11/2014,?
11/12/2014,?
11/13/2014,?
11/14/2014,?
11/17/2014,?
11/18/2014,?
11/19/2014,?
11/20/2014,?
11/21/2014,?
11/24/2014,?
11/25/2014,?
11/26/2014,?
11/27/2014,?
11/28/2014,?
12/1/2014,?
12/2/2014,?
12/3/2014,?
12/4/2014,?
12/5/2014,?
12/8/2014,?
12/9/2014,?
12/10/2014,?
12/11/2014,?
12/12/2014,?
12/15/2014,?
12/16/2014,?
12/17/2014,?
12/18/2014,?
12/19/2014,?
12/22/2014,?
12/23/2014,?
12/24/2014,?
12/29/2014,?
12/30/2014,?
12/31/2014,?
1/2/2015,?
1/5/2015,?
1/6/2015,?
1/7/2015,?
1/8/2015,?
1/9/2015,?
1/12/2015,?
1/13/2015,?
1/14/2015,?
1/15/2015,?
1/16/2015,?
1/19/2015,?
1/20/2015,?
1/21/2015,?
1/22/2015,?
1/23/2015,?
1/26/2015,?
1/27/2015,?
1/28/2015,?
1/29/2015,?
1/30/2015,?
2/2/2015,?
2/3/2015,?
2/4/2015,?
2/5/2015,?
2/6/2015,?
2/9/2015,?
2/10/2015,?
2/11/2015,?
2/12/2015,?
2/13/2015,?
2/16/2015,?
2/17/2015,?
2/18/2015,?
2/19/2015,?
2/20/2015,?
2/23/2015,?
2/24/2015,?
2/25/2015,?
2/26/2015,?
2/27/2015,?
3/2/2015,?
3/3/2015,?
3/4/2015,?
3/5/2015,?
3/6/2015,?
3/9/2015,?
3/10/2015,?
3/11/2015,?
3/12/2015,?
3/13/2015,?
3/16/2015,?
3/17/2015,?
3/18/2015,?
3/19/2015,?
3/20/2015,?
3/23/2015,?
3/24/2015,?
3/25/2015,?
3/26/2015,?
3/27/2015,?
3/30/2015,?
3/31/2015,?
4/1/2015,?
4/2/2015,?
4/7/2015,?
4/8/2015,?
4/9/2015,?
4/10/2015,?
4/13/2015,?
4/14/2015,?
4/15/2015,?
4/16/2015,?
4/17/2015,?
4/20/2015,?
4/21/2015,?
4/22/2015,?
4/23/2015,?
4/24/2015,?
4/27/2015,?
4/28/2015,?
4/29/2015,?
4/30/2015,?
