Date,MTL
1/4/1999,0.4432
1/5/1999,0.4432
1/6/1999,0.442
1/7/1999,0.4413
1/8/1999,0.4419
1/11/1999,0.4405
1/12/1999,0.4403
1/13/1999,0.4435
1/14/1999,0.4414
1/15/1999,0.4421
1/18/1999,0.4413
1/19/1999,0.4412
1/20/1999,0.4405
1/21/1999,0.4403
1/22/1999,0.44
1/25/1999,0.4412
1/26/1999,0.4399
1/27/1999,0.4411
1/28/1999,0.4376
1/29/1999,0.4371
2/1/1999,0.4366
2/2/1999,0.4364
2/3/1999,0.4369
2/4/1999,0.4359
2/5/1999,0.436
2/8/1999,0.4356
2/9/1999,0.4374
2/10/1999,0.4378
2/11/1999,0.4375
2/12/1999,0.436
2/15/1999,0.4357
2/16/1999,0.4377
2/17/1999,0.4355
2/18/1999,0.4361
2/19/1999,0.434
2/22/1999,0.4319
2/23/1999,0.4334
2/24/1999,0.4311
2/25/1999,0.4339
2/26/1999,0.4331
3/1/1999,0.4324
3/2/1999,0.4306
3/3/1999,0.4299
3/4/1999,0.4305
3/5/1999,0.4311
3/8/1999,0.4282
3/9/1999,0.4311
3/10/1999,0.4318
3/11/1999,0.4322
3/12/1999,0.4301
3/15/1999,0.4302
3/16/1999,0.4329
3/17/1999,0.4312
3/18/1999,0.4318
3/19/1999,0.4302
3/22/1999,0.4293
3/23/1999,0.4295
3/24/1999,0.4295
3/25/1999,0.4306
3/26/1999,0.4294
3/29/1999,0.4268
3/30/1999,0.4273
3/31/1999,0.4288
4/1/1999,0.4279
4/2/1999,0.4291
4/5/1999,0.4286
4/6/1999,0.4305
4/7/1999,0.4301
4/8/1999,0.4296
4/9/1999,0.43
4/12/1999,0.4309
4/13/1999,0.4324
4/14/1999,0.4292
4/15/1999,0.4295
4/16/1999,0.4278
4/19/1999,0.4267
4/20/1999,0.4267
4/21/1999,0.4255
4/22/1999,0.4253
4/23/1999,0.4258
4/26/1999,0.4256
4/27/1999,0.4259
4/28/1999,0.427
4/29/1999,0.4255
4/30/1999,0.4253
5/3/1999,0.4253
5/4/1999,0.4257
5/5/1999,0.4256
5/6/1999,0.4277
5/7/1999,0.4276
5/10/1999,0.427
5/11/1999,0.4279
5/12/1999,0.4267
5/13/1999,0.4263
5/14/1999,0.4244
5/17/1999,0.4265
5/18/1999,0.4264
5/19/1999,0.4264
5/20/1999,0.421
5/21/1999,0.4253
5/24/1999,0.4259
5/25/1999,0.4265
5/26/1999,0.4249
5/27/1999,0.4238
5/28/1999,0.4178
5/31/1999,0.4233
6/1/1999,0.4167
6/2/1999,0.4216
6/3/1999,0.4217
6/4/1999,0.4202
6/7/1999,0.4204
6/8/1999,0.4224
6/9/1999,0.4234
6/10/1999,0.4236
6/11/1999,0.4233
6/14/1999,0.4224
6/15/1999,0.4229
6/16/1999,0.424
6/17/1999,0.4216
6/18/1999,0.4225
6/21/1999,0.4238
6/22/1999,0.4215
6/23/1999,0.4218
6/24/1999,0.4204
6/25/1999,0.4238
6/28/1999,0.4233
6/29/1999,0.4227
6/30/1999,0.4251
7/1/1999,0.4212
7/2/1999,0.4216
7/5/1999,0.4206
7/6/1999,0.4212
7/7/1999,0.4216
7/8/1999,0.4209
7/9/1999,0.4214
7/12/1999,0.4233
7/13/1999,0.4173
7/14/1999,0.4173
7/15/1999,0.42
7/16/1999,0.42
7/19/1999,0.4202
7/20/1999,0.4243
7/21/1999,0.4186
7/22/1999,0.4181
7/23/1999,0.4252
7/26/1999,0.4248
7/27/1999,0.4271
7/28/1999,0.4279
7/29/1999,0.4244
7/30/1999,0.4266
8/2/1999,0.4263
8/3/1999,0.4267
8/4/1999,0.4254
8/5/1999,0.4285
8/6/1999,0.4277
8/9/1999,0.4245
8/10/1999,0.4264
8/11/1999,0.4233
8/12/1999,0.4263
8/13/1999,0.4254
8/16/1999,0.4251
8/17/1999,0.4198
8/18/1999,0.4246
8/19/1999,0.4243
8/20/1999,0.4243
8/23/1999,0.4254
8/24/1999,0.4196
8/25/1999,0.4173
8/26/1999,0.4173
8/27/1999,0.4242
8/30/1999,0.4241
8/31/1999,0.425
9/1/1999,0.4218
9/2/1999,0.4257
9/3/1999,0.4237
9/6/1999,0.4294
9/7/1999,0.425
9/8/1999,0.4254
9/9/1999,0.426
9/10/1999,0.4258
9/13/1999,0.4204
9/14/1999,0.4216
9/15/1999,0.4211
9/16/1999,0.4209
9/17/1999,0.4211
9/20/1999,0.4212
9/21/1999,0.4205
9/22/1999,0.4224
9/23/1999,0.4213
9/24/1999,0.4215
9/27/1999,0.4151
9/28/1999,0.4212
9/29/1999,0.4194
9/30/1999,0.4245
10/1/1999,0.4254
10/4/1999,0.4254
10/5/1999,0.4221
10/6/1999,0.4254
10/7/1999,0.4243
10/8/1999,0.4214
10/11/1999,0.4235
10/12/1999,0.4233
10/13/1999,0.4261
10/14/1999,0.4265
10/15/1999,0.4272
10/18/1999,0.4268
10/19/1999,0.4259
10/20/1999,0.4253
10/21/1999,0.4255
10/22/1999,0.4246
10/25/1999,0.424
10/26/1999,0.4232
10/27/1999,0.4221
10/28/1999,0.4224
10/29/1999,0.4212
11/1/1999,0.4228
11/2/1999,0.4214
11/3/1999,0.4212
11/4/1999,0.4221
11/5/1999,0.4249
11/8/1999,0.4212
11/9/1999,0.4215
11/10/1999,0.4212
11/11/1999,0.4213
11/12/1999,0.4197
11/15/1999,0.4194
11/16/1999,0.4198
11/17/1999,0.4209
11/18/1999,0.4209
11/19/1999,0.4193
11/22/1999,0.4196
11/23/1999,0.4194
11/24/1999,0.418
11/25/1999,0.4186
11/26/1999,0.4163
11/29/1999,0.4155
11/30/1999,0.4165
12/1/1999,0.4161
12/2/1999,0.4157
12/3/1999,0.4147
12/6/1999,0.4179
12/7/1999,0.4178
12/8/1999,0.4175
12/9/1999,0.4168
12/10/1999,0.4161
12/13/1999,0.416
12/14/1999,0.4147
12/15/1999,0.4149
12/16/1999,0.4167
12/17/1999,0.4153
12/20/1999,0.4164
12/21/1999,0.4157
12/22/1999,0.4156
12/23/1999,0.4158
12/24/1999,0.4167
12/27/1999,0.4166
12/28/1999,0.4148
12/29/1999,0.4151
12/30/1999,0.4151
1/3/2000,0.4151
1/4/2000,0.4182
1/5/2000,0.4195
1/6/2000,0.4191
1/7/2000,0.4175
1/10/2000,0.4173
1/11/2000,0.4171
1/12/2000,0.418
1/13/2000,0.4173
1/14/2000,0.4165
1/17/2000,0.4142
1/18/2000,0.4147
1/19/2000,0.4146
1/20/2000,0.4137
1/21/2000,0.414
1/24/2000,0.4117
1/25/2000,0.4121
1/26/2000,0.4124
1/27/2000,0.4124
1/28/2000,0.4103
1/31/2000,0.4093
2/1/2000,0.4083
2/2/2000,0.4087
2/3/2000,0.4098
2/4/2000,0.4119
2/7/2000,0.4103
2/8/2000,0.4127
2/9/2000,0.4134
2/10/2000,0.4116
2/11/2000,0.411
2/14/2000,0.4129
2/15/2000,0.4112
2/16/2000,0.411
2/17/2000,0.4123
2/18/2000,0.4115
2/21/2000,0.412
2/22/2000,0.4149
2/23/2000,0.416
2/24/2000,0.4127
2/25/2000,0.4114
2/28/2000,0.4088
2/29/2000,0.41
3/1/2000,0.4095
3/2/2000,0.4102
3/3/2000,0.4091
3/6/2000,0.4087
3/7/2000,0.4083
3/8/2000,0.4069
3/9/2000,0.4082
3/10/2000,0.4086
3/13/2000,0.4105
3/14/2000,0.409
3/15/2000,0.4096
3/16/2000,0.4095
3/17/2000,0.4099
3/20/2000,0.4111
3/21/2000,0.4106
3/22/2000,0.4089
3/23/2000,0.4101
3/24/2000,0.4097
3/27/2000,0.4092
3/28/2000,0.4087
3/29/2000,0.4104
3/30/2000,0.4066
3/31/2000,0.4062
4/3/2000,0.4069
4/4/2000,0.4056
4/5/2000,0.4091
4/6/2000,0.4085
4/7/2000,0.407
4/10/2000,0.4079
4/11/2000,0.4076
4/12/2000,0.4073
4/13/2000,0.4063
4/14/2000,0.4065
4/17/2000,0.4066
4/18/2000,0.4058
4/19/2000,0.4046
4/20/2000,0.4033
4/25/2000,0.402
4/26/2000,0.3997
4/27/2000,0.3992
4/28/2000,0.3983
5/2/2000,0.3991
5/3/2000,0.3945
5/4/2000,0.3967
5/5/2000,0.3941
5/8/2000,0.3979
5/9/2000,0.3981
5/10/2000,0.4014
5/11/2000,0.4015
5/12/2000,0.3996
5/15/2000,0.4026
5/16/2000,0.4016
5/17/2000,0.3991
5/18/2000,0.4004
5/19/2000,0.3989
5/22/2000,0.4014
5/23/2000,0.4039
5/24/2000,0.4037
5/25/2000,0.4009
5/26/2000,0.4051
5/29/2000,0.4065
5/30/2000,0.4076
5/31/2000,0.4072
6/1/2000,0.4075
6/2/2000,0.4081
6/5/2000,0.4086
6/6/2000,0.41
6/7/2000,0.4103
6/8/2000,0.4142
6/9/2000,0.4097
6/12/2000,0.4107
6/13/2000,0.4118
6/14/2000,0.4133
6/15/2000,0.4109
6/16/2000,0.4114
6/19/2000,0.4129
6/20/2000,0.4109
6/21/2000,0.4101
6/22/2000,0.4084
6/23/2000,0.4087
6/26/2000,0.4072
6/27/2000,0.4089
6/28/2000,0.4088
6/29/2000,0.4097
6/30/2000,0.4114
7/3/2000,0.41
7/4/2000,0.4097
7/5/2000,0.4105
7/6/2000,0.4105
7/7/2000,0.4096
7/10/2000,0.4104
7/11/2000,0.4107
7/12/2000,0.4091
7/13/2000,0.4074
7/14/2000,0.4073
7/17/2000,0.4076
7/18/2000,0.4078
7/19/2000,0.4051
7/20/2000,0.4053
7/21/2000,0.4072
7/24/2000,0.4065
7/25/2000,0.408
7/26/2000,0.4075
7/27/2000,0.4076
7/28/2000,0.4057
7/31/2000,0.4056
8/1/2000,0.4059
8/2/2000,0.4041
8/3/2000,0.4017
8/4/2000,0.4009
8/7/2000,0.4016
8/8/2000,0.3953
8/9/2000,0.3995
8/10/2000,0.4009
8/11/2000,0.4027
8/14/2000,0.4001
8/15/2000,0.4025
8/16/2000,0.4018
8/17/2000,0.4035
8/18/2000,0.4031
8/21/2000,0.4013
8/22/2000,0.4006
8/23/2000,0.3992
8/24/2000,0.402
8/25/2000,0.4024
8/28/2000,0.4022
8/29/2000,0.4018
8/30/2000,0.4014
8/31/2000,0.4013
9/1/2000,0.4013
9/4/2000,0.4025
9/5/2000,0.4008
9/6/2000,0.3995
9/7/2000,0.3972
9/8/2000,0.3992
9/11/2000,0.397
9/12/2000,0.3977
9/13/2000,0.3984
9/14/2000,0.3985
9/15/2000,0.3979
9/18/2000,0.3958
9/19/2000,0.396
9/20/2000,0.394
9/21/2000,0.3948
9/22/2000,0.4004
9/25/2000,0.3983
9/26/2000,0.3978
9/27/2000,0.3994
9/28/2000,0.3987
9/29/2000,0.3973
10/2/2000,0.3979
10/3/2000,0.3976
10/4/2000,0.3972
10/5/2000,0.3981
10/6/2000,0.397
10/9/2000,0.3968
10/10/2000,0.3968
10/11/2000,0.3965
10/12/2000,0.3949
10/13/2000,0.3939
10/16/2000,0.3927
10/17/2000,0.3929
10/18/2000,0.3927
10/19/2000,0.3906
10/20/2000,0.3912
10/23/2000,0.3891
10/24/2000,0.3889
10/25/2000,0.3883
10/26/2000,0.3885
10/27/2000,0.3892
10/30/2000,0.3912
10/31/2000,0.3904
11/1/2000,0.3937
11/2/2000,0.3954
11/3/2000,0.3974
11/6/2000,0.3963
11/7/2000,0.3955
11/8/2000,0.3951
11/9/2000,0.395
11/10/2000,0.3972
11/13/2000,0.396
11/14/2000,0.3953
11/15/2000,0.396
11/16/2000,0.3955
11/17/2000,0.3948
11/20/2000,0.3936
11/21/2000,0.3935
11/22/2000,0.3928
11/23/2000,0.3935
11/24/2000,0.3934
11/27/2000,0.3926
11/28/2000,0.3954
11/29/2000,0.3972
11/30/2000,0.3985
12/1/2000,0.3986
12/4/2000,0.4013
12/5/2000,0.3996
12/6/2000,0.4008
12/7/2000,0.4026
12/8/2000,0.4001
12/11/2000,0.3988
12/12/2000,0.3988
12/13/2000,0.3979
12/14/2000,0.3989
12/15/2000,0.4014
12/18/2000,0.401
12/19/2000,0.4003
12/20/2000,0.4036
12/21/2000,0.4047
12/22/2000,0.4067
12/27/2000,0.4077
12/28/2000,0.4071
12/29/2000,0.4075
1/2/2001,0.4098
1/3/2001,0.411
1/4/2001,0.4104
1/5/2001,0.4116
1/8/2001,0.4107
1/9/2001,0.4095
1/10/2001,0.4095
1/11/2001,0.4113
1/12/2001,0.4124
1/15/2001,0.4109
1/16/2001,0.411
1/17/2001,0.4101
1/18/2001,0.4106
1/19/2001,0.4105
1/22/2001,0.4093
1/23/2001,0.4106
1/24/2001,0.4087
1/25/2001,0.4065
1/26/2001,0.4076
1/29/2001,0.407
1/30/2001,0.407
1/31/2001,0.409
2/1/2001,0.4104
2/2/2001,0.4103
2/5/2001,0.4108
2/6/2001,0.4094
2/7/2001,0.4097
2/8/2001,0.4081
2/9/2001,0.4085
2/12/2001,0.4094
2/13/2001,0.409
2/14/2001,0.4068
2/15/2001,0.4056
2/16/2001,0.4059
2/19/2001,0.4078
2/20/2001,0.4057
2/21/2001,0.4068
2/22/2001,0.4048
2/23/2001,0.405
2/26/2001,0.4056
2/27/2001,0.4073
2/28/2001,0.4089
3/1/2001,0.4092
3/2/2001,0.4097
3/5/2001,0.4086
3/6/2001,0.4083
3/7/2001,0.4091
3/8/2001,0.4089
3/9/2001,0.4098
3/12/2001,0.4085
3/13/2001,0.4077
3/14/2001,0.4069
3/15/2001,0.4052
3/16/2001,0.4034
3/19/2001,0.4047
3/20/2001,0.4051
3/21/2001,0.4045
3/22/2001,0.403
3/23/2001,0.4033
3/26/2001,0.403
3/27/2001,0.4034
3/28/2001,0.4017
3/29/2001,0.4006
3/30/2001,0.4012
4/2/2001,0.4003
4/3/2001,0.4018
4/4/2001,0.4049
4/5/2001,0.4047
4/6/2001,0.4036
4/9/2001,0.4041
4/10/2001,0.4027
4/11/2001,0.4011
4/12/2001,0.4011
4/17/2001,0.3998
4/18/2001,0.4002
4/19/2001,0.4008
4/20/2001,0.4037
4/23/2001,0.404
4/24/2001,0.4035
4/25/2001,0.4035
4/26/2001,0.4041
4/27/2001,0.4044
4/30/2001,0.4024
5/2/2001,0.4026
5/3/2001,0.4024
5/4/2001,0.4029
5/7/2001,0.4023
5/8/2001,0.4015
5/9/2001,0.4015
5/10/2001,0.4022
5/11/2001,0.4004
5/14/2001,0.3999
5/15/2001,0.4003
5/16/2001,0.4013
5/17/2001,0.4007
5/18/2001,0.3997
5/21/2001,0.3987
5/22/2001,0.3976
5/23/2001,0.3959
5/24/2001,0.3967
5/25/2001,0.3961
5/28/2001,0.3961
5/29/2001,0.3955
5/30/2001,0.3954
5/31/2001,0.3937
6/1/2001,0.3937
6/4/2001,0.3945
6/5/2001,0.3939
6/6/2001,0.3961
6/7/2001,0.396
6/8/2001,0.3958
6/11/2001,0.3963
6/12/2001,0.3962
6/13/2001,0.3978
6/14/2001,0.3959
6/15/2001,0.3986
6/18/2001,0.3973
6/19/2001,0.3971
6/20/2001,0.3961
6/21/2001,0.3959
6/22/2001,0.3952
6/25/2001,0.3969
6/26/2001,0.3971
6/27/2001,0.3972
6/28/2001,0.395
6/29/2001,0.3946
7/2/2001,0.3934
7/3/2001,0.3946
7/4/2001,0.3947
7/5/2001,0.3933
7/6/2001,0.3922
7/9/2001,0.3939
7/10/2001,0.3957
7/11/2001,0.3968
7/12/2001,0.3959
7/13/2001,0.3961
7/16/2001,0.3972
7/17/2001,0.3958
7/18/2001,0.3978
7/19/2001,0.3992
7/20/2001,0.3994
7/23/2001,0.3979
7/24/2001,0.3989
7/25/2001,0.4003
7/26/2001,0.3997
7/27/2001,0.3997
7/30/2001,0.3995
7/31/2001,0.3996
8/1/2001,0.4005
8/2/2001,0.4001
8/3/2001,0.4005
8/6/2001,0.4008
8/7/2001,0.4004
8/8/2001,0.4003
8/9/2001,0.4021
8/10/2001,0.4036
8/13/2001,0.4048
8/14/2001,0.4046
8/15/2001,0.4067
8/16/2001,0.4068
8/17/2001,0.4067
8/20/2001,0.4069
8/21/2001,0.4064
8/22/2001,0.4076
8/23/2001,0.4061
8/24/2001,0.4063
8/27/2001,0.4059
8/28/2001,0.405
8/29/2001,0.4057
8/30/2001,0.4052
8/31/2001,0.4063
9/3/2001,0.4047
9/4/2001,0.4029
9/5/2001,0.4013
9/6/2001,0.4002
9/7/2001,0.4022
9/10/2001,0.4033
9/11/2001,0.4022
9/12/2001,0.4035
9/13/2001,0.4035
9/14/2001,0.4065
9/17/2001,0.4079
9/18/2001,0.4078
9/19/2001,0.408
9/20/2001,0.408
9/21/2001,0.4071
9/24/2001,0.4061
9/25/2001,0.4064
9/26/2001,0.4066
9/27/2001,0.4063
9/28/2001,0.4052
10/1/2001,0.4044
10/2/2001,0.4056
10/3/2001,0.4064
10/4/2001,0.4045
10/5/2001,0.4054
10/8/2001,0.4065
10/9/2001,0.4064
10/10/2001,0.4061
10/11/2001,0.4047
10/12/2001,0.4044
10/15/2001,0.4055
10/16/2001,0.4048
10/17/2001,0.4042
10/18/2001,0.4043
10/19/2001,0.4042
10/22/2001,0.404
10/23/2001,0.4027
10/24/2001,0.4032
10/25/2001,0.4026
10/26/2001,0.4028
10/29/2001,0.4035
10/30/2001,0.4045
10/31/2001,0.404
11/1/2001,0.4045
11/2/2001,0.4035
11/5/2001,0.4023
11/6/2001,0.4021
11/7/2001,0.4028
11/8/2001,0.4019
11/9/2001,0.4016
11/12/2001,0.4018
11/13/2001,0.4003
11/14/2001,0.3996
11/15/2001,0.4005
11/16/2001,0.4011
11/19/2001,0.4007
11/20/2001,0.4016
11/21/2001,0.4008
11/22/2001,0.4004
11/23/2001,0.4012
11/26/2001,0.4014
11/27/2001,0.4013
11/28/2001,0.4018
11/29/2001,0.4025
11/30/2001,0.4026
12/3/2001,0.4036
12/4/2001,0.403
12/5/2001,0.4034
12/6/2001,0.4028
12/7/2001,0.4029
12/10/2001,0.4016
12/11/2001,0.4024
12/12/2001,0.4026
12/13/2001,0.4031
12/14/2001,0.4037
12/17/2001,0.4041
12/18/2001,0.4033
12/19/2001,0.4036
12/20/2001,0.403
12/21/2001,0.4023
12/24/2001,0.3998
12/27/2001,0.3996
12/28/2001,0.3994
1/2/2002,0.4047
1/3/2002,0.4045
1/4/2002,0.4032
1/7/2002,0.4021
1/8/2002,0.402
1/9/2002,0.4022
1/10/2002,0.4018
1/11/2002,0.4022
1/14/2002,0.4018
1/15/2002,0.4019
1/16/2002,0.4002
1/17/2002,0.4003
1/18/2002,0.4002
1/21/2002,0.4008
1/22/2002,0.4011
1/23/2002,0.4016
1/24/2002,0.4001
1/25/2002,0.3997
1/28/2002,0.3967
1/29/2002,0.3973
1/30/2002,0.3977
1/31/2002,0.3976
2/1/2002,0.3975
2/4/2002,0.3976
2/5/2002,0.3983
2/6/2002,0.3981
2/7/2002,0.3985
2/8/2002,0.3999
2/11/2002,0.4005
2/12/2002,0.3994
2/13/2002,0.3987
2/14/2002,0.398
2/15/2002,0.3983
2/18/2002,0.3984
2/19/2002,0.3982
2/20/2002,0.399
2/21/2002,0.3983
2/22/2002,0.3991
2/25/2002,0.3988
2/26/2002,0.3979
2/27/2002,0.3977
2/28/2002,0.3979
3/1/2002,0.3981
3/4/2002,0.3977
3/5/2002,0.3982
3/6/2002,0.3988
3/7/2002,0.4
3/8/2002,0.4003
3/11/2002,0.3996
3/12/2002,0.3998
3/13/2002,0.4
3/14/2002,0.4011
3/15/2002,0.4018
3/18/2002,0.4006
3/19/2002,0.401
3/20/2002,0.401
3/21/2002,0.4009
3/22/2002,0.4004
3/25/2002,0.4005
3/26/2002,0.3992
3/27/2002,0.3994
3/28/2002,0.399
4/2/2002,0.3994
4/3/2002,0.3998
4/4/2002,0.4002
4/5/2002,0.3997
4/8/2002,0.3994
4/9/2002,0.3994
4/10/2002,0.3998
4/11/2002,0.3999
4/12/2002,0.3999
4/15/2002,0.3998
4/16/2002,0.3999
4/17/2002,0.4011
4/18/2002,0.4014
4/19/2002,0.4011
4/22/2002,0.401
4/23/2002,0.4008
4/24/2002,0.4013
4/25/2002,0.4027
4/26/2002,0.4026
4/29/2002,0.4035
4/30/2002,0.4033
5/2/2002,0.4034
5/3/2002,0.4041
5/6/2002,0.4054
5/7/2002,0.4052
5/8/2002,0.4046
5/9/2002,0.4043
5/10/2002,0.4052
5/13/2002,0.4053
5/14/2002,0.4046
5/15/2002,0.404
5/16/2002,0.4055
5/17/2002,0.4062
5/20/2002,0.4072
5/21/2002,0.4073
5/22/2002,0.4083
5/23/2002,0.4074
5/24/2002,0.4072
5/27/2002,0.4072
5/28/2002,0.4083
5/29/2002,0.4094
5/30/2002,0.4104
5/31/2002,0.4107
6/3/2002,0.4097
6/4/2002,0.4118
6/5/2002,0.4108
6/6/2002,0.4111
6/7/2002,0.4121
6/10/2002,0.4124
6/11/2002,0.412
6/12/2002,0.4118
6/13/2002,0.411
6/14/2002,0.4119
6/17/2002,0.4109
6/18/2002,0.4109
6/19/2002,0.4126
6/20/2002,0.4132
6/21/2002,0.4139
6/24/2002,0.4165
6/25/2002,0.415
6/26/2002,0.4174
6/27/2002,0.4162
6/28/2002,0.4182
7/1/2002,0.4171
7/2/2002,0.4159
7/3/2002,0.4151
7/4/2002,0.4151
7/5/2002,0.4144
7/8/2002,0.4156
7/9/2002,0.4167
7/10/2002,0.4159
7/11/2002,0.4151
7/12/2002,0.4155
7/15/2002,0.4175
7/16/2002,0.4189
7/17/2002,0.4181
7/18/2002,0.418
7/19/2002,0.4189
7/22/2002,0.418
7/23/2002,0.4151
7/24/2002,0.4151
7/25/2002,0.4166
7/26/2002,0.4161
7/29/2002,0.4135
7/30/2002,0.4138
7/31/2002,0.4128
8/1/2002,0.4127
8/2/2002,0.4142
8/5/2002,0.4139
8/6/2002,0.4121
8/7/2002,0.4126
8/8/2002,0.4129
8/9/2002,0.4136
8/12/2002,0.4146
8/13/2002,0.4148
8/14/2002,0.4155
8/15/2002,0.414
8/16/2002,0.4153
8/19/2002,0.4145
8/20/2002,0.4151
8/21/2002,0.4147
8/22/2002,0.4146
8/23/2002,0.4135
8/26/2002,0.4135
8/27/2002,0.4141
8/28/2002,0.4142
8/29/2002,0.4141
8/30/2002,0.4137
9/2/2002,0.4128
9/3/2002,0.4141
9/4/2002,0.4142
9/5/2002,0.4143
9/6/2002,0.4137
9/9/2002,0.4127
9/10/2002,0.4124
9/11/2002,0.4122
9/12/2002,0.4124
9/13/2002,0.4127
9/16/2002,0.4121
9/17/2002,0.4122
9/18/2002,0.4122
9/19/2002,0.4129
9/20/2002,0.4133
9/23/2002,0.4132
9/24/2002,0.4131
9/25/2002,0.4124
9/26/2002,0.4125
9/27/2002,0.4125
9/30/2002,0.4131
10/1/2002,0.4128
10/2/2002,0.4127
10/3/2002,0.4132
10/4/2002,0.413
10/7/2002,0.4124
10/8/2002,0.4124
10/9/2002,0.4131
10/10/2002,0.4134
10/11/2002,0.4133
10/14/2002,0.4134
10/15/2002,0.413
10/16/2002,0.4132
10/17/2002,0.4123
10/18/2002,0.4124
10/21/2002,0.4127
10/22/2002,0.413
10/23/2002,0.4129
10/24/2002,0.4125
10/25/2002,0.4125
10/28/2002,0.4132
10/29/2002,0.413
10/30/2002,0.4132
10/31/2002,0.4135
11/1/2002,0.4145
11/4/2002,0.4146
11/5/2002,0.4152
11/6/2002,0.4147
11/7/2002,0.4149
11/8/2002,0.4151
11/11/2002,0.4151
11/12/2002,0.4147
11/13/2002,0.4145
11/14/2002,0.4148
11/15/2002,0.4146
11/18/2002,0.4149
11/19/2002,0.4151
11/20/2002,0.4146
11/21/2002,0.4146
11/22/2002,0.4142
11/25/2002,0.4137
11/26/2002,0.416
11/27/2002,0.4148
11/28/2002,0.4147
11/29/2002,0.4147
12/2/2002,0.4142
12/3/2002,0.4145
12/4/2002,0.4146
12/5/2002,0.4145
12/6/2002,0.4147
12/9/2002,0.4153
12/10/2002,0.4157
12/11/2002,0.4154
12/12/2002,0.4161
12/13/2002,0.4165
12/16/2002,0.4162
12/17/2002,0.4168
12/18/2002,0.416
12/19/2002,0.4161
12/20/2002,0.416
12/23/2002,0.4167
12/24/2002,0.417
12/27/2002,0.4175
12/30/2002,0.4179
12/31/2002,0.4182
1/2/2003,0.4183
1/3/2003,0.4178
1/6/2003,0.4143
1/7/2003,0.4179
1/8/2003,0.4177
1/9/2003,0.4186
1/10/2003,0.4187
1/13/2003,0.4193
1/14/2003,0.4196
1/15/2003,0.4195
1/16/2003,0.4195
1/17/2003,0.4198
1/20/2003,0.4205
1/21/2003,0.4204
1/22/2003,0.4208
1/23/2003,0.4209
1/24/2003,0.4206
1/27/2003,0.4214
1/28/2003,0.4206
1/29/2003,0.4208
1/30/2003,0.4195
1/31/2003,0.4201
2/3/2003,0.4197
2/4/2003,0.4203
2/5/2003,0.4211
2/6/2003,0.4205
2/7/2003,0.4209
2/10/2003,0.4208
2/11/2003,0.4203
2/12/2003,0.4208
2/13/2003,0.421
2/14/2003,0.4215
2/17/2003,0.4216
2/18/2003,0.4217
2/19/2003,0.4218
2/20/2003,0.4222
2/21/2003,0.423
2/24/2003,0.4227
2/25/2003,0.4233
2/26/2003,0.4231
2/27/2003,0.4236
2/28/2003,0.4234
3/3/2003,0.4236
3/4/2003,0.4246
3/5/2003,0.4245
3/6/2003,0.424
3/7/2003,0.4247
3/10/2003,0.4251
3/11/2003,0.4253
3/12/2003,0.4243
3/13/2003,0.4229
3/14/2003,0.4227
3/17/2003,0.4234
3/18/2003,0.422
3/19/2003,0.422
3/20/2003,0.4219
3/21/2003,0.4217
3/24/2003,0.4219
3/25/2003,0.4225
3/26/2003,0.4227
3/27/2003,0.4229
3/28/2003,0.4235
3/31/2003,0.4245
4/1/2003,0.4246
4/2/2003,0.424
4/3/2003,0.4233
4/4/2003,0.4232
4/7/2003,0.4225
4/8/2003,0.4234
4/9/2003,0.424
4/10/2003,0.4243
4/11/2003,0.4233
4/14/2003,0.4231
4/15/2003,0.4237
4/16/2003,0.4241
4/17/2003,0.4248
4/22/2003,0.4255
4/23/2003,0.4251
4/24/2003,0.4251
4/25/2003,0.425
4/28/2003,0.4252
4/29/2003,0.4194
4/30/2003,0.4262
5/2/2003,0.4268
5/5/2003,0.4267
5/6/2003,0.4278
5/7/2003,0.4289
5/8/2003,0.4289
5/9/2003,0.4294
5/12/2003,0.4303
5/13/2003,0.4296
5/14/2003,0.4291
5/15/2003,0.4287
5/16/2003,0.4285
5/19/2003,0.4297
5/20/2003,0.4297
5/21/2003,0.4297
5/22/2003,0.4303
5/23/2003,0.4309
5/26/2003,0.4311
5/27/2003,0.4316
5/28/2003,0.4306
5/29/2003,0.4304
5/30/2003,0.431
6/2/2003,0.4302
6/3/2003,0.4304
6/4/2003,0.4303
6/5/2003,0.43
6/6/2003,0.4298
6/9/2003,0.4295
6/10/2003,0.4292
6/11/2003,0.429
6/12/2003,0.4287
6/13/2003,0.4292
6/16/2003,0.4294
6/17/2003,0.429
6/18/2003,0.428
6/19/2003,0.4278
6/20/2003,0.4279
6/23/2003,0.4273
6/24/2003,0.4273
6/25/2003,0.4269
6/26/2003,0.426
6/27/2003,0.4264
6/30/2003,0.4267
7/1/2003,0.4274
7/2/2003,0.4271
7/3/2003,0.4264
7/4/2003,0.4261
7/7/2003,0.4259
7/8/2003,0.4261
7/9/2003,0.4268
7/10/2003,0.427
7/11/2003,0.4261
7/14/2003,0.4265
7/15/2003,0.4275
7/16/2003,0.4266
7/17/2003,0.4275
7/18/2003,0.4273
7/21/2003,0.428
7/22/2003,0.4282
7/23/2003,0.4287
7/24/2003,0.429
7/25/2003,0.429
7/28/2003,0.4285
7/29/2003,0.4284
7/30/2003,0.428
7/31/2003,0.4274
8/1/2003,0.4263
8/4/2003,0.4273
8/5/2003,0.4277
8/6/2003,0.428
8/7/2003,0.4281
8/8/2003,0.4276
8/11/2003,0.4276
8/12/2003,0.4279
8/13/2003,0.4274
8/14/2003,0.4271
8/15/2003,0.4272
8/18/2003,0.4271
8/19/2003,0.4262
8/20/2003,0.4261
8/21/2003,0.4255
8/22/2003,0.4248
8/25/2003,0.4247
8/26/2003,0.4244
8/27/2003,0.4251
8/28/2003,0.4244
8/29/2003,0.4249
9/1/2003,0.4257
9/2/2003,0.4246
9/3/2003,0.4241
9/4/2003,0.4241
9/5/2003,0.4248
9/8/2003,0.4261
9/9/2003,0.4269
9/10/2003,0.4275
9/11/2003,0.4272
9/12/2003,0.4268
9/15/2003,0.4275
9/16/2003,0.4273
9/17/2003,0.4269
9/18/2003,0.4269
9/19/2003,0.4266
9/22/2003,0.4273
9/23/2003,0.4269
9/24/2003,0.4268
9/25/2003,0.4269
9/26/2003,0.4267
9/29/2003,0.4266
9/30/2003,0.4281
10/1/2003,0.4289
10/2/2003,0.4285
10/3/2003,0.4284
10/6/2003,0.4275
10/7/2003,0.4291
10/8/2003,0.4296
10/9/2003,0.4297
10/10/2003,0.4296
10/13/2003,0.4289
10/14/2003,0.4284
10/15/2003,0.4283
10/16/2003,0.4275
10/17/2003,0.4272
10/20/2003,0.4276
10/21/2003,0.4277
10/22/2003,0.4278
10/23/2003,0.4282
10/24/2003,0.428
10/27/2003,0.4278
10/28/2003,0.4271
10/29/2003,0.4267
10/30/2003,0.4271
10/31/2003,0.4265
11/3/2003,0.4261
11/4/2003,0.4257
11/5/2003,0.4258
11/6/2003,0.4256
11/7/2003,0.4259
11/10/2003,0.4261
11/11/2003,0.4265
11/12/2003,0.4273
11/13/2003,0.4276
11/14/2003,0.4282
11/17/2003,0.4285
11/18/2003,0.4283
11/19/2003,0.4293
11/20/2003,0.429
11/21/2003,0.4288
11/24/2003,0.4283
11/25/2003,0.4279
11/26/2003,0.4284
11/27/2003,0.4284
11/28/2003,0.4289
12/1/2003,0.429
12/2/2003,0.4287
12/3/2003,0.4296
12/4/2003,0.4296
12/5/2003,0.4298
12/8/2003,0.4303
12/9/2003,0.4304
12/10/2003,0.4303
12/11/2003,0.4296
12/12/2003,0.4301
12/15/2003,0.4301
12/16/2003,0.431
12/17/2003,0.4306
12/18/2003,0.4307
12/19/2003,0.4309
12/22/2003,0.4312
12/23/2003,0.4308
12/24/2003,0.4307
12/29/2003,0.4312
12/30/2003,0.4312
12/31/2003,0.4317
1/2/2004,0.4316
1/5/2004,0.4316
1/6/2004,0.4314
1/7/2004,0.431
1/8/2004,0.4305
1/9/2004,0.4306
1/12/2004,0.4307
1/13/2004,0.4303
1/14/2004,0.4301
1/15/2004,0.4302
1/16/2004,0.4294
1/19/2004,0.429
1/20/2004,0.4298
1/21/2004,0.4299
1/22/2004,0.4301
1/23/2004,0.43
1/26/2004,0.4296
1/27/2004,0.4297
1/28/2004,0.4293
1/29/2004,0.4289
1/30/2004,0.4286
2/2/2004,0.4287
2/3/2004,0.429
2/4/2004,0.4287
2/5/2004,0.4293
2/6/2004,0.4288
2/9/2004,0.4294
2/10/2004,0.4293
2/11/2004,0.4286
2/12/2004,0.4289
2/13/2004,0.429
2/16/2004,0.4285
2/17/2004,0.4287
2/18/2004,0.4285
2/19/2004,0.4278
2/20/2004,0.428
2/23/2004,0.4287
2/24/2004,0.4276
2/25/2004,0.4272
2/26/2004,0.4267
2/27/2004,0.4269
3/1/2004,0.4268
3/2/2004,0.4265
3/3/2004,0.4253
3/4/2004,0.4257
3/5/2004,0.4263
3/8/2004,0.4264
3/9/2004,0.4271
3/10/2004,0.4273
3/11/2004,0.4276
3/12/2004,0.4278
3/15/2004,0.4279
3/16/2004,0.4278
3/17/2004,0.4271
3/18/2004,0.4268
3/19/2004,0.4271
3/22/2004,0.4266
3/23/2004,0.426
3/24/2004,0.4257
3/25/2004,0.4264
3/26/2004,0.4262
3/29/2004,0.4258
3/30/2004,0.4261
3/31/2004,0.4258
4/1/2004,0.4262
4/2/2004,0.4261
4/5/2004,0.4251
4/6/2004,0.4245
4/7/2004,0.4246
4/8/2004,0.4247
4/13/2004,0.4238
4/14/2004,0.4245
4/15/2004,0.4252
4/16/2004,0.4254
4/19/2004,0.4254
4/20/2004,0.4247
4/21/2004,0.425
4/22/2004,0.4255
4/23/2004,0.4253
4/26/2004,0.4245
4/27/2004,0.4246
4/28/2004,0.425
4/29/2004,0.4253
4/30/2004,0.426
5/3/2004,0.4262
5/4/2004,0.4265
5/5/2004,0.4268
5/6/2004,0.4266
5/7/2004,0.4262
5/10/2004,0.4249
5/11/2004,0.4254
5/12/2004,0.4253
5/13/2004,0.4251
5/14/2004,0.4256
5/17/2004,0.4269
5/18/2004,0.4268
5/19/2004,0.4261
5/20/2004,0.4259
5/21/2004,0.426
5/24/2004,0.4254
5/25/2004,0.4257
5/26/2004,0.4256
5/27/2004,0.4257
5/28/2004,0.4261
5/31/2004,0.4254
6/1/2004,0.4258
6/2/2004,0.4259
6/3/2004,0.4258
6/4/2004,0.4256
6/7/2004,0.4266
6/8/2004,0.4263
6/9/2004,0.4255
6/10/2004,0.4249
6/11/2004,0.4244
6/14/2004,0.425
6/15/2004,0.4251
6/16/2004,0.4246
6/17/2004,0.4241
6/18/2004,0.424
6/21/2004,0.4249
6/22/2004,0.4252
6/23/2004,0.4253
6/24/2004,0.4259
6/25/2004,0.4257
6/28/2004,0.4257
6/29/2004,0.426
6/30/2004,0.4263
7/1/2004,0.4262
7/2/2004,0.426
7/5/2004,0.4266
7/6/2004,0.4265
7/7/2004,0.4264
7/8/2004,0.4263
7/9/2004,0.4266
7/12/2004,0.4264
7/13/2004,0.4261
7/14/2004,0.4263
7/15/2004,0.4265
7/16/2004,0.4261
7/19/2004,0.426
7/20/2004,0.4264
7/21/2004,0.4262
7/22/2004,0.4259
7/23/2004,0.4254
7/26/2004,0.4251
7/27/2004,0.4251
7/28/2004,0.4248
7/29/2004,0.4249
7/30/2004,0.4249
8/2/2004,0.4247
8/3/2004,0.4246
8/4/2004,0.4245
8/5/2004,0.4247
8/6/2004,0.4248
8/9/2004,0.4259
8/10/2004,0.4264
8/11/2004,0.4263
8/12/2004,0.4264
8/13/2004,0.4264
8/16/2004,0.4267
8/17/2004,0.4268
8/18/2004,0.4272
8/19/2004,0.4276
8/20/2004,0.4273
8/23/2004,0.427
8/24/2004,0.4264
8/25/2004,0.4263
8/26/2004,0.4264
8/27/2004,0.4262
8/30/2004,0.4261
8/31/2004,0.4262
9/1/2004,0.4272
9/2/2004,0.4273
9/3/2004,0.4275
9/6/2004,0.4269
9/7/2004,0.4273
9/8/2004,0.4268
9/9/2004,0.4279
9/10/2004,0.428
9/13/2004,0.4276
9/14/2004,0.4278
9/15/2004,0.4282
9/16/2004,0.4274
9/17/2004,0.4276
9/20/2004,0.4274
9/21/2004,0.4281
9/22/2004,0.428
9/23/2004,0.4283
9/24/2004,0.4282
9/27/2004,0.4275
9/28/2004,0.4278
9/29/2004,0.4279
9/30/2004,0.4289
10/1/2004,0.4294
10/4/2004,0.4288
10/5/2004,0.429
10/6/2004,0.4289
10/7/2004,0.4291
10/8/2004,0.4289
10/11/2004,0.4293
10/12/2004,0.4289
10/13/2004,0.4285
10/14/2004,0.4289
10/15/2004,0.4293
10/18/2004,0.4297
10/19/2004,0.4301
10/20/2004,0.4306
10/21/2004,0.4299
10/22/2004,0.43
10/25/2004,0.4309
10/26/2004,0.431
10/27/2004,0.4309
10/28/2004,0.4308
10/29/2004,0.4309
11/1/2004,0.4309
11/2/2004,0.4303
11/3/2004,0.4302
11/4/2004,0.4313
11/5/2004,0.4315
11/8/2004,0.4315
11/9/2004,0.4314
11/10/2004,0.4318
11/11/2004,0.4319
11/12/2004,0.432
11/15/2004,0.4318
11/16/2004,0.432
11/17/2004,0.4323
11/18/2004,0.4325
11/19/2004,0.4323
11/22/2004,0.4325
11/23/2004,0.4322
11/24/2004,0.4324
11/25/2004,0.4328
11/26/2004,0.4327
11/29/2004,0.4328
11/30/2004,0.4324
12/1/2004,0.4318
12/2/2004,0.4316
12/3/2004,0.4317
12/6/2004,0.4322
12/7/2004,0.4321
12/8/2004,0.432
12/9/2004,0.4319
12/10/2004,0.4316
12/13/2004,0.4319
12/14/2004,0.4318
12/15/2004,0.432
12/16/2004,0.4315
12/17/2004,0.4311
12/20/2004,0.4315
12/21/2004,0.4322
12/22/2004,0.4329
12/23/2004,0.4332
12/24/2004,0.4337
12/27/2004,0.4338
12/28/2004,0.434
12/29/2004,0.4346
12/30/2004,0.4346
12/31/2004,0.4343
1/3/2005,0.4343
1/4/2005,0.4338
1/5/2005,0.4332
1/6/2005,0.433
1/7/2005,0.4329
1/10/2005,0.4321
1/11/2005,0.4325
1/12/2005,0.4324
1/13/2005,0.433
1/14/2005,0.4324
1/17/2005,0.4327
1/18/2005,0.432
1/19/2005,0.4319
1/20/2005,0.4311
1/21/2005,0.4314
1/24/2005,0.4317
1/25/2005,0.4316
1/26/2005,0.4313
1/27/2005,0.4312
1/28/2005,0.4313
1/31/2005,0.4311
2/1/2005,0.4313
2/2/2005,0.4315
2/3/2005,0.4308
2/4/2005,0.4306
2/7/2005,0.4301
2/8/2005,0.43
2/9/2005,0.4299
2/10/2005,0.4301
2/11/2005,0.4305
2/14/2005,0.4305
2/15/2005,0.4308
2/16/2005,0.4312
2/17/2005,0.4312
2/18/2005,0.4309
2/21/2005,0.4309
2/22/2005,0.4315
2/23/2005,0.4316
2/24/2005,0.4321
2/25/2005,0.4313
2/28/2005,0.4315
3/1/2005,0.4311
3/2/2005,0.4307
3/3/2005,0.431
3/4/2005,0.4309
3/7/2005,0.4314
3/8/2005,0.4313
3/9/2005,0.4322
3/10/2005,0.4327
3/11/2005,0.433
3/14/2005,0.4326
3/15/2005,0.4326
3/16/2005,0.4325
3/17/2005,0.4326
3/18/2005,0.4324
3/21/2005,0.4324
3/22/2005,0.4324
3/23/2005,0.4316
3/24/2005,0.4314
3/29/2005,0.4307
3/30/2005,0.4305
3/31/2005,0.4306
4/1/2005,0.4304
4/4/2005,0.4302
4/5/2005,0.4299
4/6/2005,0.4298
4/7/2005,0.4304
4/8/2005,0.43
4/11/2005,0.4304
4/12/2005,0.4303
4/13/2005,0.4299
4/14/2005,0.4294
4/15/2005,0.4296
4/18/2005,0.43
4/19/2005,0.4298
4/20/2005,0.43
4/21/2005,0.4304
4/22/2005,0.4302
4/25/2005,0.4294
4/26/2005,0.4298
4/27/2005,0.4294
4/28/2005,0.4291
4/29/2005,0.4293
5/2/2005,0.4288
5/3/2005,0.4293
5/4/2005,0.4293
5/5/2005,0.4293
5/6/2005,0.4293
5/9/2005,0.4293
5/10/2005,0.4293
5/11/2005,0.4293
5/12/2005,0.4293
5/13/2005,0.4293
5/16/2005,0.4293
5/17/2005,0.4293
5/18/2005,0.4293
5/19/2005,0.4293
5/20/2005,0.4293
5/23/2005,0.4293
5/24/2005,0.4293
5/25/2005,0.4293
5/26/2005,0.4293
5/27/2005,0.4293
5/30/2005,0.4293
5/31/2005,0.4293
6/1/2005,0.4293
6/2/2005,0.4293
6/3/2005,0.4293
6/6/2005,0.4293
6/7/2005,0.4293
6/8/2005,0.4293
6/9/2005,0.4293
6/10/2005,0.4293
6/13/2005,0.4293
6/14/2005,0.4293
6/15/2005,0.4293
6/16/2005,0.4293
6/17/2005,0.4293
6/20/2005,0.4293
6/21/2005,0.4293
6/22/2005,0.4293
6/23/2005,0.4293
6/24/2005,0.4293
6/27/2005,0.4293
6/28/2005,0.4293
6/29/2005,0.4293
6/30/2005,0.4293
7/1/2005,0.4293
7/4/2005,0.4293
7/5/2005,0.4293
7/6/2005,0.4293
7/7/2005,0.4293
7/8/2005,0.4293
7/11/2005,0.4293
7/12/2005,0.4293
7/13/2005,0.4293
7/14/2005,0.4293
7/15/2005,0.4293
7/18/2005,0.4293
7/19/2005,0.4293
7/20/2005,0.4293
7/21/2005,0.4293
7/22/2005,0.4293
7/25/2005,0.4293
7/26/2005,0.4293
7/27/2005,0.4293
7/28/2005,0.4293
7/29/2005,0.4293
8/1/2005,0.4293
8/2/2005,0.4293
8/3/2005,0.4293
8/4/2005,0.4293
8/5/2005,0.4293
8/8/2005,0.4293
8/9/2005,0.4293
8/10/2005,0.4293
8/11/2005,0.4293
8/12/2005,0.4293
8/15/2005,0.4292
8/16/2005,0.4293
8/17/2005,0.4293
8/18/2005,0.4293
8/19/2005,0.4293
8/22/2005,0.4293
8/23/2005,0.4293
8/24/2005,0.4293
8/25/2005,0.4293
8/26/2005,0.4293
8/29/2005,0.4293
8/30/2005,0.4293
8/31/2005,0.4293
9/1/2005,0.4293
9/2/2005,0.4293
9/5/2005,0.4293
9/6/2005,0.4293
9/7/2005,0.4293
9/8/2005,0.4293
9/9/2005,0.4293
9/12/2005,0.4293
9/13/2005,0.4293
9/14/2005,0.4293
9/15/2005,0.4293
9/16/2005,0.4293
9/19/2005,0.4293
9/20/2005,0.4293
9/21/2005,0.4293
9/22/2005,0.4293
9/23/2005,0.4293
9/26/2005,0.4293
9/27/2005,0.4293
9/28/2005,0.4293
9/29/2005,0.4293
9/30/2005,0.4293
10/3/2005,0.4293
10/4/2005,0.4293
10/5/2005,0.4293
10/6/2005,0.4293
10/7/2005,0.4293
10/10/2005,0.4293
10/11/2005,0.4293
10/12/2005,0.4293
10/13/2005,0.4293
10/14/2005,0.4293
10/17/2005,0.4293
10/18/2005,0.4293
10/19/2005,0.4293
10/20/2005,0.4293
10/21/2005,0.4293
10/24/2005,0.4293
10/25/2005,0.4293
10/26/2005,0.4293
10/27/2005,0.4293
10/28/2005,0.4293
10/31/2005,0.4293
11/1/2005,0.4293
11/2/2005,0.4293
11/3/2005,0.4293
11/4/2005,0.4293
11/7/2005,0.4293
11/8/2005,0.4293
11/9/2005,0.4293
11/10/2005,0.4293
11/11/2005,0.4293
11/14/2005,0.4293
11/15/2005,0.4293
11/16/2005,0.4293
11/17/2005,0.4293
11/18/2005,0.4293
11/21/2005,0.4293
11/22/2005,0.4293
11/23/2005,0.4293
11/24/2005,0.4293
11/25/2005,0.4293
11/28/2005,0.4293
11/29/2005,0.4293
11/30/2005,0.4293
12/1/2005,0.4293
12/2/2005,0.4293
12/5/2005,0.4293
12/6/2005,0.4293
12/7/2005,0.4293
12/8/2005,0.4293
12/9/2005,0.4293
12/12/2005,0.4293
12/13/2005,0.4293
12/14/2005,0.4293
12/15/2005,0.4293
12/16/2005,0.4293
12/19/2005,0.4293
12/20/2005,0.4293
12/21/2005,0.4293
12/22/2005,0.4293
12/23/2005,0.4293
12/27/2005,0.4293
12/28/2005,0.4293
12/29/2005,0.4293
12/30/2005,0.4293
1/2/2006,0.4293
1/3/2006,0.4293
1/4/2006,0.4293
1/5/2006,0.4293
1/6/2006,0.4293
1/9/2006,0.4293
1/10/2006,0.4293
1/11/2006,0.4293
1/12/2006,0.4293
1/13/2006,0.4293
1/16/2006,0.4293
1/17/2006,0.4293
1/18/2006,0.4293
1/19/2006,0.4293
1/20/2006,0.4293
1/23/2006,0.4293
1/24/2006,0.4293
1/25/2006,0.4293
1/26/2006,0.4293
1/27/2006,0.4293
1/30/2006,0.4293
1/31/2006,0.4293
2/1/2006,0.4293
2/2/2006,0.4293
2/3/2006,0.4293
2/6/2006,0.4293
2/7/2006,0.4293
2/8/2006,0.4293
2/9/2006,0.4293
2/10/2006,0.4293
2/13/2006,0.4293
2/14/2006,0.4293
2/15/2006,0.4293
2/16/2006,0.4293
2/17/2006,0.4293
2/20/2006,0.4293
2/21/2006,0.4293
2/22/2006,0.4293
2/23/2006,0.4293
2/24/2006,0.4293
2/27/2006,0.4293
2/28/2006,0.4293
3/1/2006,0.4293
3/2/2006,0.4293
3/3/2006,0.4293
3/6/2006,0.4293
3/7/2006,0.4293
3/8/2006,0.4293
3/9/2006,0.4293
3/10/2006,0.4293
3/13/2006,0.4293
3/14/2006,0.4293
3/15/2006,0.4293
3/16/2006,0.4293
3/17/2006,0.4293
3/20/2006,0.4293
3/21/2006,0.4293
3/22/2006,0.4293
3/23/2006,0.4293
3/24/2006,0.4293
3/27/2006,0.4293
3/28/2006,0.4293
3/29/2006,0.4293
3/30/2006,0.4293
3/31/2006,0.4293
4/3/2006,0.4293
4/4/2006,0.4293
4/5/2006,0.4293
4/6/2006,0.4293
4/7/2006,0.4293
4/10/2006,0.4293
4/11/2006,0.4293
4/12/2006,0.4293
4/13/2006,0.4293
4/18/2006,0.4293
4/19/2006,0.4293
4/20/2006,0.4293
4/21/2006,0.4293
4/24/2006,0.4293
4/25/2006,0.4293
4/26/2006,0.4293
4/27/2006,0.4293
4/28/2006,0.4293
5/2/2006,0.4293
5/3/2006,0.4293
5/4/2006,0.4293
5/5/2006,0.4293
5/8/2006,0.4293
5/9/2006,0.4293
5/10/2006,0.4293
5/11/2006,0.4293
5/12/2006,0.4293
5/15/2006,0.4293
5/16/2006,0.4293
5/17/2006,0.4293
5/18/2006,0.4293
5/19/2006,0.4293
5/22/2006,0.4293
5/23/2006,0.4293
5/24/2006,0.4293
5/25/2006,0.4293
5/26/2006,0.4293
5/29/2006,0.4293
5/30/2006,0.4293
5/31/2006,0.4293
6/1/2006,0.4293
6/2/2006,0.4293
6/5/2006,0.4293
6/6/2006,0.4293
6/7/2006,0.4293
6/8/2006,0.4293
6/9/2006,0.4293
6/12/2006,0.4293
6/13/2006,0.4293
6/14/2006,0.4293
6/15/2006,0.4293
6/16/2006,0.4293
6/19/2006,0.4293
6/20/2006,0.4293
6/21/2006,0.4293
6/22/2006,0.4293
6/23/2006,0.4293
6/26/2006,0.4293
6/27/2006,0.4293
6/28/2006,0.4293
6/29/2006,0.4293
6/30/2006,0.4293
7/3/2006,0.4293
7/4/2006,0.4293
7/5/2006,0.4293
7/6/2006,0.4293
7/7/2006,0.4293
7/10/2006,0.4293
7/11/2006,0.4293
7/12/2006,0.4293
7/13/2006,0.4293
7/14/2006,0.4293
7/17/2006,0.4293
7/18/2006,0.4293
7/19/2006,0.4293
7/20/2006,0.4293
7/21/2006,0.4293
7/24/2006,0.4293
7/25/2006,0.4293
7/26/2006,0.4293
7/27/2006,0.4293
7/28/2006,0.4293
7/31/2006,0.4293
8/1/2006,0.4293
8/2/2006,0.4293
8/3/2006,0.4293
8/4/2006,0.4293
8/7/2006,0.4293
8/8/2006,0.4293
8/9/2006,0.4293
8/10/2006,0.4293
8/11/2006,0.4293
8/14/2006,0.4293
8/15/2006,0.4293
8/16/2006,0.4293
8/17/2006,0.4293
8/18/2006,0.4293
8/21/2006,0.4293
8/22/2006,0.4293
8/23/2006,0.4293
8/24/2006,0.4293
8/25/2006,0.4293
8/28/2006,0.4293
8/29/2006,0.4293
8/30/2006,0.4293
8/31/2006,0.4293
9/1/2006,0.4293
9/4/2006,0.4293
9/5/2006,0.4293
9/6/2006,0.4293
9/7/2006,0.4293
9/8/2006,0.4293
9/11/2006,0.4293
9/12/2006,0.4293
9/13/2006,0.4293
9/14/2006,0.4293
9/15/2006,0.4293
9/18/2006,0.4293
9/19/2006,0.4293
9/20/2006,0.4293
9/21/2006,0.4293
9/22/2006,0.4293
9/25/2006,0.4293
9/26/2006,0.4293
9/27/2006,0.4293
9/28/2006,0.4293
9/29/2006,0.4293
10/2/2006,0.4293
10/3/2006,0.4293
10/4/2006,0.4293
10/5/2006,0.4293
10/6/2006,0.4293
10/9/2006,0.4293
10/10/2006,0.4293
10/11/2006,0.4293
10/12/2006,0.4293
10/13/2006,0.4293
10/16/2006,0.4293
10/17/2006,0.4293
10/18/2006,0.4293
10/19/2006,0.4293
10/20/2006,0.4293
10/23/2006,0.4293
10/24/2006,0.4293
10/25/2006,0.4293
10/26/2006,0.4293
10/27/2006,0.4293
10/30/2006,0.4293
10/31/2006,0.4293
11/1/2006,0.4293
11/2/2006,0.4293
11/3/2006,0.4293
11/6/2006,0.4293
11/7/2006,0.4293
11/8/2006,0.4293
11/9/2006,0.4293
11/10/2006,0.4293
11/13/2006,0.4293
11/14/2006,0.4293
11/15/2006,0.4293
11/16/2006,0.4293
11/17/2006,0.4293
11/20/2006,0.4293
11/21/2006,0.4293
11/22/2006,0.4293
11/23/2006,0.4293
11/24/2006,0.4293
11/27/2006,0.4293
11/28/2006,0.4293
11/29/2006,0.4293
11/30/2006,0.4293
12/1/2006,0.4293
12/4/2006,0.4293
12/5/2006,0.4293
12/6/2006,0.4293
12/7/2006,0.4293
12/8/2006,0.4293
12/11/2006,0.4293
12/12/2006,0.4293
12/13/2006,0.4293
12/14/2006,0.4293
12/15/2006,0.4293
12/18/2006,0.4293
12/19/2006,0.4293
12/20/2006,0.4293
12/21/2006,0.4293
12/22/2006,0.4293
12/27/2006,0.4293
12/28/2006,0.4293
12/29/2006,0.4293
1/2/2007,0.4293
1/3/2007,0.4293
1/4/2007,0.4293
1/5/2007,0.4293
1/8/2007,0.4293
1/9/2007,0.4293
1/10/2007,0.4293
1/11/2007,0.4293
1/12/2007,0.4293
1/15/2007,0.4293
1/16/2007,0.4293
1/17/2007,0.4293
1/18/2007,0.4293
1/19/2007,0.4293
1/22/2007,0.4293
1/23/2007,0.4293
1/24/2007,0.4293
1/25/2007,0.4293
1/26/2007,0.4293
1/29/2007,0.4293
1/30/2007,0.4293
1/31/2007,0.4293
2/1/2007,0.4293
2/2/2007,0.4293
2/5/2007,0.4293
2/6/2007,0.4293
2/7/2007,0.4293
2/8/2007,0.4293
2/9/2007,0.4293
2/12/2007,0.4293
2/13/2007,0.4293
2/14/2007,0.4293
2/15/2007,0.4293
2/16/2007,0.4293
2/19/2007,0.4293
2/20/2007,0.4293
2/21/2007,0.4293
2/22/2007,0.4293
2/23/2007,0.4293
2/26/2007,0.4293
2/27/2007,0.4293
2/28/2007,0.4293
3/1/2007,0.4293
3/2/2007,0.4293
3/5/2007,0.4293
3/6/2007,0.4293
3/7/2007,0.4293
3/8/2007,0.4293
3/9/2007,0.4293
3/12/2007,0.4293
3/13/2007,0.4293
3/14/2007,0.4293
3/15/2007,0.4293
3/16/2007,0.4293
3/19/2007,0.4293
3/20/2007,0.4293
3/21/2007,0.4293
3/22/2007,0.4293
3/23/2007,0.4293
3/26/2007,0.4293
3/27/2007,0.4293
3/28/2007,0.4293
3/29/2007,0.4293
3/30/2007,0.4293
4/2/2007,0.4293
4/3/2007,0.4293
4/4/2007,0.4293
4/5/2007,0.4293
4/10/2007,0.4293
4/11/2007,0.4293
4/12/2007,0.4293
4/13/2007,0.4293
4/16/2007,0.4293
4/17/2007,0.4293
4/18/2007,0.4293
4/19/2007,0.4293
4/20/2007,0.4293
4/23/2007,0.4293
4/24/2007,0.4293
4/25/2007,0.4293
4/26/2007,0.4293
4/27/2007,0.4293
4/30/2007,0.4293
5/2/2007,0.4293
5/3/2007,0.4293
5/4/2007,0.4293
5/7/2007,0.4293
5/8/2007,0.4293
5/9/2007,0.4293
5/10/2007,0.4293
5/11/2007,0.4293
5/14/2007,0.4293
5/15/2007,0.4293
5/16/2007,0.4293
5/17/2007,0.4293
5/18/2007,0.4293
5/21/2007,0.4293
5/22/2007,0.4293
5/23/2007,0.4293
5/24/2007,0.4293
5/25/2007,0.4293
5/28/2007,0.4293
5/29/2007,0.4293
5/30/2007,0.4293
5/31/2007,0.4293
6/1/2007,0.4293
6/4/2007,0.4293
6/5/2007,0.4293
6/6/2007,0.4293
6/7/2007,0.4293
6/8/2007,0.4293
6/11/2007,0.4293
6/12/2007,0.4293
6/13/2007,0.4293
6/14/2007,0.4293
6/15/2007,0.4293
6/18/2007,0.4293
6/19/2007,0.4293
6/20/2007,0.4293
6/21/2007,0.4293
6/22/2007,0.4293
6/25/2007,0.4293
6/26/2007,0.4293
6/27/2007,0.4293
6/28/2007,0.4293
6/29/2007,0.4293
7/2/2007,0.4293
7/3/2007,0.4293
7/4/2007,0.4293
7/5/2007,0.4293
7/6/2007,0.4293
7/9/2007,0.4293
7/10/2007,0.4293
7/11/2007,0.4293
7/12/2007,0.4293
7/13/2007,0.4293
7/16/2007,0.4293
7/17/2007,0.4293
7/18/2007,0.4293
7/19/2007,0.4293
7/20/2007,0.4293
7/23/2007,0.4293
7/24/2007,0.4293
7/25/2007,0.4293
7/26/2007,0.4293
7/27/2007,0.4293
7/30/2007,0.4293
7/31/2007,0.4293
8/1/2007,0.4293
8/2/2007,0.4293
8/3/2007,0.4293
8/6/2007,0.4293
8/7/2007,0.4293
8/8/2007,0.4293
8/9/2007,0.4293
8/10/2007,0.4293
8/13/2007,0.4293
8/14/2007,0.4293
8/15/2007,0.4293
8/16/2007,0.4293
8/17/2007,0.4293
8/20/2007,0.4293
8/21/2007,0.4293
8/22/2007,0.4293
8/23/2007,0.4293
8/24/2007,0.4293
8/27/2007,0.4293
8/28/2007,0.4293
8/29/2007,0.4293
8/30/2007,0.4293
8/31/2007,0.4293
9/3/2007,0.4293
9/4/2007,0.4293
9/5/2007,0.4293
9/6/2007,0.4293
9/7/2007,0.4293
9/10/2007,0.4293
9/11/2007,0.4293
9/12/2007,0.4293
9/13/2007,0.4293
9/14/2007,0.4293
9/17/2007,0.4293
9/18/2007,0.4293
9/19/2007,0.4293
9/20/2007,0.4293
9/21/2007,0.4293
9/24/2007,0.4293
9/25/2007,0.4293
9/26/2007,0.4293
9/27/2007,0.4293
9/28/2007,0.4293
10/1/2007,0.4293
10/2/2007,0.4293
10/3/2007,0.4293
10/4/2007,0.4293
10/5/2007,0.4293
10/8/2007,0.4293
10/9/2007,0.4293
10/10/2007,0.4293
10/11/2007,0.4293
10/12/2007,0.4293
10/15/2007,0.4293
10/16/2007,0.4293
10/17/2007,0.4293
10/18/2007,0.4293
10/19/2007,0.4293
10/22/2007,0.4293
10/23/2007,0.4293
10/24/2007,0.4293
10/25/2007,0.4293
10/26/2007,0.4293
10/29/2007,0.4293
10/30/2007,0.4293
10/31/2007,0.4293
11/1/2007,0.4293
11/2/2007,0.4293
11/5/2007,0.4293
11/6/2007,0.4293
11/7/2007,0.4293
11/8/2007,0.4293
11/9/2007,0.4293
11/12/2007,0.4293
11/13/2007,0.4293
11/14/2007,0.4293
11/15/2007,0.4293
11/16/2007,0.4293
11/19/2007,0.4293
11/20/2007,0.4293
11/21/2007,0.4293
11/22/2007,0.4293
11/23/2007,0.4293
11/26/2007,0.4293
11/27/2007,0.4293
11/28/2007,0.4293
11/29/2007,0.4293
11/30/2007,0.4293
12/3/2007,0.4293
12/4/2007,0.4293
12/5/2007,0.4293
12/6/2007,0.4293
12/7/2007,0.4293
12/10/2007,0.4293
12/11/2007,0.4293
12/12/2007,0.4293
12/13/2007,0.4293
12/14/2007,0.4293
12/17/2007,0.4293
12/18/2007,0.4293
12/19/2007,0.4293
12/20/2007,0.4293
12/21/2007,0.4293
12/24/2007,0.4293
12/27/2007,0.4293
12/28/2007,0.4293
12/31/2007,0.4293
1/2/2008,?
1/3/2008,?
1/4/2008,?
1/7/2008,?
1/8/2008,?
1/9/2008,?
1/10/2008,?
1/11/2008,?
1/14/2008,?
1/15/2008,?
1/16/2008,?
1/17/2008,?
1/18/2008,?
1/21/2008,?
1/22/2008,?
1/23/2008,?
1/24/2008,?
1/25/2008,?
1/28/2008,?
1/29/2008,?
1/30/2008,?
1/31/2008,?
2/1/2008,?
2/4/2008,?
2/5/2008,?
2/6/2008,?
2/7/2008,?
2/8/2008,?
2/11/2008,?
2/12/2008,?
2/13/2008,?
2/14/2008,?
2/15/2008,?
2/18/2008,?
2/19/2008,?
2/20/2008,?
2/21/2008,?
2/22/2008,?
2/25/2008,?
2/26/2008,?
2/27/2008,?
2/28/2008,?
2/29/2008,?
3/3/2008,?
3/4/2008,?
3/5/2008,?
3/6/2008,?
3/7/2008,?
3/10/2008,?
3/11/2008,?
3/12/2008,?
3/13/2008,?
3/14/2008,?
3/17/2008,?
3/18/2008,?
3/19/2008,?
3/20/2008,?
3/25/2008,?
3/26/2008,?
3/27/2008,?
3/28/2008,?
3/31/2008,?
4/1/2008,?
4/2/2008,?
4/3/2008,?
4/4/2008,?
4/7/2008,?
4/8/2008,?
4/9/2008,?
4/10/2008,?
4/11/2008,?
4/14/2008,?
4/15/2008,?
4/16/2008,?
4/17/2008,?
4/18/2008,?
4/21/2008,?
4/22/2008,?
4/23/2008,?
4/24/2008,?
4/25/2008,?
4/28/2008,?
4/29/2008,?
4/30/2008,?
5/2/2008,?
5/5/2008,?
5/6/2008,?
5/7/2008,?
5/8/2008,?
5/9/2008,?
5/12/2008,?
5/13/2008,?
5/14/2008,?
5/15/2008,?
5/16/2008,?
5/19/2008,?
5/20/2008,?
5/21/2008,?
5/22/2008,?
5/23/2008,?
5/26/2008,?
5/27/2008,?
5/28/2008,?
5/29/2008,?
5/30/2008,?
6/2/2008,?
6/3/2008,?
6/4/2008,?
6/5/2008,?
6/6/2008,?
6/9/2008,?
6/10/2008,?
6/11/2008,?
6/12/2008,?
6/13/2008,?
6/16/2008,?
6/17/2008,?
6/18/2008,?
6/19/2008,?
6/20/2008,?
6/23/2008,?
6/24/2008,?
6/25/2008,?
6/26/2008,?
6/27/2008,?
6/30/2008,?
7/1/2008,?
7/2/2008,?
7/3/2008,?
7/4/2008,?
7/7/2008,?
7/8/2008,?
7/9/2008,?
7/10/2008,?
7/11/2008,?
7/14/2008,?
7/15/2008,?
7/16/2008,?
7/17/2008,?
7/18/2008,?
7/21/2008,?
7/22/2008,?
7/23/2008,?
7/24/2008,?
7/25/2008,?
7/28/2008,?
7/29/2008,?
7/30/2008,?
7/31/2008,?
8/1/2008,?
8/4/2008,?
8/5/2008,?
8/6/2008,?
8/7/2008,?
8/8/2008,?
8/11/2008,?
8/12/2008,?
8/13/2008,?
8/14/2008,?
8/15/2008,?
8/18/2008,?
8/19/2008,?
8/20/2008,?
8/21/2008,?
8/22/2008,?
8/25/2008,?
8/26/2008,?
8/27/2008,?
8/28/2008,?
8/29/2008,?
9/1/2008,?
9/2/2008,?
9/3/2008,?
9/4/2008,?
9/5/2008,?
9/8/2008,?
9/9/2008,?
9/10/2008,?
9/11/2008,?
9/12/2008,?
9/15/2008,?
9/16/2008,?
9/17/2008,?
9/18/2008,?
9/19/2008,?
9/22/2008,?
9/23/2008,?
9/24/2008,?
9/25/2008,?
9/26/2008,?
9/29/2008,?
9/30/2008,?
10/1/2008,?
10/2/2008,?
10/3/2008,?
10/6/2008,?
10/7/2008,?
10/8/2008,?
10/9/2008,?
10/10/2008,?
10/13/2008,?
10/14/2008,?
10/15/2008,?
10/16/2008,?
10/17/2008,?
10/20/2008,?
10/21/2008,?
10/22/2008,?
10/23/2008,?
10/24/2008,?
10/27/2008,?
10/28/2008,?
10/29/2008,?
10/30/2008,?
10/31/2008,?
11/3/2008,?
11/4/2008,?
11/5/2008,?
11/6/2008,?
11/7/2008,?
11/10/2008,?
11/11/2008,?
11/12/2008,?
11/13/2008,?
11/14/2008,?
11/17/2008,?
11/18/2008,?
11/19/2008,?
11/20/2008,?
11/21/2008,?
11/24/2008,?
11/25/2008,?
11/26/2008,?
11/27/2008,?
11/28/2008,?
12/1/2008,?
12/2/2008,?
12/3/2008,?
12/4/2008,?
12/5/2008,?
12/8/2008,?
12/9/2008,?
12/10/2008,?
12/11/2008,?
12/12/2008,?
12/15/2008,?
12/16/2008,?
12/17/2008,?
12/18/2008,?
12/19/2008,?
12/22/2008,?
12/23/2008,?
12/24/2008,?
12/29/2008,?
12/30/2008,?
12/31/2008,?
1/2/2009,?
1/5/2009,?
1/6/2009,?
1/7/2009,?
1/8/2009,?
1/9/2009,?
1/12/2009,?
1/13/2009,?
1/14/2009,?
1/15/2009,?
1/16/2009,?
1/19/2009,?
1/20/2009,?
1/21/2009,?
1/22/2009,?
1/23/2009,?
1/26/2009,?
1/27/2009,?
1/28/2009,?
1/29/2009,?
1/30/2009,?
2/2/2009,?
2/3/2009,?
2/4/2009,?
2/5/2009,?
2/6/2009,?
2/9/2009,?
2/10/2009,?
2/11/2009,?
2/12/2009,?
2/13/2009,?
2/16/2009,?
2/17/2009,?
2/18/2009,?
2/19/2009,?
2/20/2009,?
2/23/2009,?
2/24/2009,?
2/25/2009,?
2/26/2009,?
2/27/2009,?
3/2/2009,?
3/3/2009,?
3/4/2009,?
3/5/2009,?
3/6/2009,?
3/9/2009,?
3/10/2009,?
3/11/2009,?
3/12/2009,?
3/13/2009,?
3/16/2009,?
3/17/2009,?
3/18/2009,?
3/19/2009,?
3/20/2009,?
3/23/2009,?
3/24/2009,?
3/25/2009,?
3/26/2009,?
3/27/2009,?
3/30/2009,?
3/31/2009,?
4/1/2009,?
4/2/2009,?
4/3/2009,?
4/6/2009,?
4/7/2009,?
4/8/2009,?
4/9/2009,?
4/14/2009,?
4/15/2009,?
4/16/2009,?
4/17/2009,?
4/20/2009,?
4/21/2009,?
4/22/2009,?
4/23/2009,?
4/24/2009,?
4/27/2009,?
4/28/2009,?
4/29/2009,?
4/30/2009,?
5/4/2009,?
5/5/2009,?
5/6/2009,?
5/7/2009,?
5/8/2009,?
5/11/2009,?
5/12/2009,?
5/13/2009,?
5/14/2009,?
5/15/2009,?
5/18/2009,?
5/19/2009,?
5/20/2009,?
5/21/2009,?
5/22/2009,?
5/25/2009,?
5/26/2009,?
5/27/2009,?
5/28/2009,?
5/29/2009,?
6/1/2009,?
6/2/2009,?
6/3/2009,?
6/4/2009,?
6/5/2009,?
6/8/2009,?
6/9/2009,?
6/10/2009,?
6/11/2009,?
6/12/2009,?
6/15/2009,?
6/16/2009,?
6/17/2009,?
6/18/2009,?
6/19/2009,?
6/22/2009,?
6/23/2009,?
6/24/2009,?
6/25/2009,?
6/26/2009,?
6/29/2009,?
6/30/2009,?
7/1/2009,?
7/2/2009,?
7/3/2009,?
7/6/2009,?
7/7/2009,?
7/8/2009,?
7/9/2009,?
7/10/2009,?
7/13/2009,?
7/14/2009,?
7/15/2009,?
7/16/2009,?
7/17/2009,?
7/20/2009,?
7/21/2009,?
7/22/2009,?
7/23/2009,?
7/24/2009,?
7/27/2009,?
7/28/2009,?
7/29/2009,?
7/30/2009,?
7/31/2009,?
8/3/2009,?
8/4/2009,?
8/5/2009,?
8/6/2009,?
8/7/2009,?
8/10/2009,?
8/11/2009,?
8/12/2009,?
8/13/2009,?
8/14/2009,?
8/17/2009,?
8/18/2009,?
8/19/2009,?
8/20/2009,?
8/21/2009,?
8/24/2009,?
8/25/2009,?
8/26/2009,?
8/27/2009,?
8/28/2009,?
8/31/2009,?
9/1/2009,?
9/2/2009,?
9/3/2009,?
9/4/2009,?
9/7/2009,?
9/8/2009,?
9/9/2009,?
9/10/2009,?
9/11/2009,?
9/14/2009,?
9/15/2009,?
9/16/2009,?
9/17/2009,?
9/18/2009,?
9/21/2009,?
9/22/2009,?
9/23/2009,?
9/24/2009,?
9/25/2009,?
9/28/2009,?
9/29/2009,?
9/30/2009,?
10/1/2009,?
10/2/2009,?
10/5/2009,?
10/6/2009,?
10/7/2009,?
10/8/2009,?
10/9/2009,?
10/12/2009,?
10/13/2009,?
10/14/2009,?
10/15/2009,?
10/16/2009,?
10/19/2009,?
10/20/2009,?
10/21/2009,?
10/22/2009,?
10/23/2009,?
10/26/2009,?
10/27/2009,?
10/28/2009,?
10/29/2009,?
10/30/2009,?
11/2/2009,?
11/3/2009,?
11/4/2009,?
11/5/2009,?
11/6/2009,?
11/9/2009,?
11/10/2009,?
11/11/2009,?
11/12/2009,?
11/13/2009,?
11/16/2009,?
11/17/2009,?
11/18/2009,?
11/19/2009,?
11/20/2009,?
11/23/2009,?
11/24/2009,?
11/25/2009,?
11/26/2009,?
11/27/2009,?
11/30/2009,?
12/1/2009,?
12/2/2009,?
12/3/2009,?
12/4/2009,?
12/7/2009,?
12/8/2009,?
12/9/2009,?
12/10/2009,?
12/11/2009,?
12/14/2009,?
12/15/2009,?
12/16/2009,?
12/17/2009,?
12/18/2009,?
12/21/2009,?
12/22/2009,?
12/23/2009,?
12/24/2009,?
12/28/2009,?
12/29/2009,?
12/30/2009,?
12/31/2009,?
1/4/2010,?
1/5/2010,?
1/6/2010,?
1/7/2010,?
1/8/2010,?
1/11/2010,?
1/12/2010,?
1/13/2010,?
1/14/2010,?
1/15/2010,?
1/18/2010,?
1/19/2010,?
1/20/2010,?
1/21/2010,?
1/22/2010,?
1/25/2010,?
1/26/2010,?
1/27/2010,?
1/28/2010,?
1/29/2010,?
2/1/2010,?
2/2/2010,?
2/3/2010,?
2/4/2010,?
2/5/2010,?
2/8/2010,?
2/9/2010,?
2/10/2010,?
2/11/2010,?
2/12/2010,?
2/15/2010,?
2/16/2010,?
2/17/2010,?
2/18/2010,?
2/19/2010,?
2/22/2010,?
2/23/2010,?
2/24/2010,?
2/25/2010,?
2/26/2010,?
3/1/2010,?
3/2/2010,?
3/3/2010,?
3/4/2010,?
3/5/2010,?
3/8/2010,?
3/9/2010,?
3/10/2010,?
3/11/2010,?
3/12/2010,?
3/15/2010,?
3/16/2010,?
3/17/2010,?
3/18/2010,?
3/19/2010,?
3/22/2010,?
3/23/2010,?
3/24/2010,?
3/25/2010,?
3/26/2010,?
3/29/2010,?
3/30/2010,?
3/31/2010,?
4/1/2010,?
4/6/2010,?
4/7/2010,?
4/8/2010,?
4/9/2010,?
4/12/2010,?
4/13/2010,?
4/14/2010,?
4/15/2010,?
4/16/2010,?
4/19/2010,?
4/20/2010,?
4/21/2010,?
4/22/2010,?
4/23/2010,?
4/26/2010,?
4/27/2010,?
4/28/2010,?
4/29/2010,?
4/30/2010,?
5/3/2010,?
5/4/2010,?
5/5/2010,?
5/6/2010,?
5/7/2010,?
5/10/2010,?
5/11/2010,?
5/12/2010,?
5/13/2010,?
5/14/2010,?
5/17/2010,?
5/18/2010,?
5/19/2010,?
5/20/2010,?
5/21/2010,?
5/24/2010,?
5/25/2010,?
5/26/2010,?
5/27/2010,?
5/28/2010,?
5/31/2010,?
6/1/2010,?
6/2/2010,?
6/3/2010,?
6/4/2010,?
6/7/2010,?
6/8/2010,?
6/9/2010,?
6/10/2010,?
6/11/2010,?
6/14/2010,?
6/15/2010,?
6/16/2010,?
6/17/2010,?
6/18/2010,?
6/21/2010,?
6/22/2010,?
6/23/2010,?
6/24/2010,?
6/25/2010,?
6/28/2010,?
6/29/2010,?
6/30/2010,?
7/1/2010,?
7/2/2010,?
7/5/2010,?
7/6/2010,?
7/7/2010,?
7/8/2010,?
7/9/2010,?
7/12/2010,?
7/13/2010,?
7/14/2010,?
7/15/2010,?
7/16/2010,?
7/19/2010,?
7/20/2010,?
7/21/2010,?
7/22/2010,?
7/23/2010,?
7/26/2010,?
7/27/2010,?
7/28/2010,?
7/29/2010,?
7/30/2010,?
8/2/2010,?
8/3/2010,?
8/4/2010,?
8/5/2010,?
8/6/2010,?
8/9/2010,?
8/10/2010,?
8/11/2010,?
8/12/2010,?
8/13/2010,?
8/16/2010,?
8/17/2010,?
8/18/2010,?
8/19/2010,?
8/20/2010,?
8/23/2010,?
8/24/2010,?
8/25/2010,?
8/26/2010,?
8/27/2010,?
8/30/2010,?
8/31/2010,?
9/1/2010,?
9/2/2010,?
9/3/2010,?
9/6/2010,?
9/7/2010,?
9/8/2010,?
9/9/2010,?
9/10/2010,?
9/13/2010,?
9/14/2010,?
9/15/2010,?
9/16/2010,?
9/17/2010,?
9/20/2010,?
9/21/2010,?
9/22/2010,?
9/23/2010,?
9/24/2010,?
9/27/2010,?
9/28/2010,?
9/29/2010,?
9/30/2010,?
10/1/2010,?
10/4/2010,?
10/5/2010,?
10/6/2010,?
10/7/2010,?
10/8/2010,?
10/11/2010,?
10/12/2010,?
10/13/2010,?
10/14/2010,?
10/15/2010,?
10/18/2010,?
10/19/2010,?
10/20/2010,?
10/21/2010,?
10/22/2010,?
10/25/2010,?
10/26/2010,?
10/27/2010,?
10/28/2010,?
10/29/2010,?
11/1/2010,?
11/2/2010,?
11/3/2010,?
11/4/2010,?
11/5/2010,?
11/8/2010,?
11/9/2010,?
11/10/2010,?
11/11/2010,?
11/12/2010,?
11/15/2010,?
11/16/2010,?
11/17/2010,?
11/18/2010,?
11/19/2010,?
11/22/2010,?
11/23/2010,?
11/24/2010,?
11/25/2010,?
11/26/2010,?
11/29/2010,?
11/30/2010,?
12/1/2010,?
12/2/2010,?
12/3/2010,?
12/6/2010,?
12/7/2010,?
12/8/2010,?
12/9/2010,?
12/10/2010,?
12/13/2010,?
12/14/2010,?
12/15/2010,?
12/16/2010,?
12/17/2010,?
12/20/2010,?
12/21/2010,?
12/22/2010,?
12/23/2010,?
12/24/2010,?
12/27/2010,?
12/28/2010,?
12/29/2010,?
12/30/2010,?
12/31/2010,?
1/3/2011,?
1/4/2011,?
1/5/2011,?
1/6/2011,?
1/7/2011,?
1/10/2011,?
1/11/2011,?
1/12/2011,?
1/13/2011,?
1/14/2011,?
1/17/2011,?
1/18/2011,?
1/19/2011,?
1/20/2011,?
1/21/2011,?
1/24/2011,?
1/25/2011,?
1/26/2011,?
1/27/2011,?
1/28/2011,?
1/31/2011,?
2/1/2011,?
2/2/2011,?
2/3/2011,?
2/4/2011,?
2/7/2011,?
2/8/2011,?
2/9/2011,?
2/10/2011,?
2/11/2011,?
2/14/2011,?
2/15/2011,?
2/16/2011,?
2/17/2011,?
2/18/2011,?
2/21/2011,?
2/22/2011,?
2/23/2011,?
2/24/2011,?
2/25/2011,?
2/28/2011,?
3/1/2011,?
3/2/2011,?
3/3/2011,?
3/4/2011,?
3/7/2011,?
3/8/2011,?
3/9/2011,?
3/10/2011,?
3/11/2011,?
3/14/2011,?
3/15/2011,?
3/16/2011,?
3/17/2011,?
3/18/2011,?
3/21/2011,?
3/22/2011,?
3/23/2011,?
3/24/2011,?
3/25/2011,?
3/28/2011,?
3/29/2011,?
3/30/2011,?
3/31/2011,?
4/1/2011,?
4/4/2011,?
4/5/2011,?
4/6/2011,?
4/7/2011,?
4/8/2011,?
4/11/2011,?
4/12/2011,?
4/13/2011,?
4/14/2011,?
4/15/2011,?
4/18/2011,?
4/19/2011,?
4/20/2011,?
4/21/2011,?
4/26/2011,?
4/27/2011,?
4/28/2011,?
4/29/2011,?
5/2/2011,?
5/3/2011,?
5/4/2011,?
5/5/2011,?
5/6/2011,?
5/9/2011,?
5/10/2011,?
5/11/2011,?
5/12/2011,?
5/13/2011,?
5/16/2011,?
5/17/2011,?
5/18/2011,?
5/19/2011,?
5/20/2011,?
5/23/2011,?
5/24/2011,?
5/25/2011,?
5/26/2011,?
5/27/2011,?
5/30/2011,?
5/31/2011,?
6/1/2011,?
6/2/2011,?
6/3/2011,?
6/6/2011,?
6/7/2011,?
6/8/2011,?
6/9/2011,?
6/10/2011,?
6/13/2011,?
6/14/2011,?
6/15/2011,?
6/16/2011,?
6/17/2011,?
6/20/2011,?
6/21/2011,?
6/22/2011,?
6/23/2011,?
6/24/2011,?
6/27/2011,?
6/28/2011,?
6/29/2011,?
6/30/2011,?
7/1/2011,?
7/4/2011,?
7/5/2011,?
7/6/2011,?
7/7/2011,?
7/8/2011,?
7/11/2011,?
7/12/2011,?
7/13/2011,?
7/14/2011,?
7/15/2011,?
7/18/2011,?
7/19/2011,?
7/20/2011,?
7/21/2011,?
7/22/2011,?
7/25/2011,?
7/26/2011,?
7/27/2011,?
7/28/2011,?
7/29/2011,?
8/1/2011,?
8/2/2011,?
8/3/2011,?
8/4/2011,?
8/5/2011,?
8/8/2011,?
8/9/2011,?
8/10/2011,?
8/11/2011,?
8/12/2011,?
8/15/2011,?
8/16/2011,?
8/17/2011,?
8/18/2011,?
8/19/2011,?
8/22/2011,?
8/23/2011,?
8/24/2011,?
8/25/2011,?
8/26/2011,?
8/29/2011,?
8/30/2011,?
8/31/2011,?
9/1/2011,?
9/2/2011,?
9/5/2011,?
9/6/2011,?
9/7/2011,?
9/8/2011,?
9/9/2011,?
9/12/2011,?
9/13/2011,?
9/14/2011,?
9/15/2011,?
9/16/2011,?
9/19/2011,?
9/20/2011,?
9/21/2011,?
9/22/2011,?
9/23/2011,?
9/26/2011,?
9/27/2011,?
9/28/2011,?
9/29/2011,?
9/30/2011,?
10/3/2011,?
10/4/2011,?
10/5/2011,?
10/6/2011,?
10/7/2011,?
10/10/2011,?
10/11/2011,?
10/12/2011,?
10/13/2011,?
10/14/2011,?
10/17/2011,?
10/18/2011,?
10/19/2011,?
10/20/2011,?
10/21/2011,?
10/24/2011,?
10/25/2011,?
10/26/2011,?
10/27/2011,?
10/28/2011,?
10/31/2011,?
11/1/2011,?
11/2/2011,?
11/3/2011,?
11/4/2011,?
11/7/2011,?
11/8/2011,?
11/9/2011,?
11/10/2011,?
11/11/2011,?
11/14/2011,?
11/15/2011,?
11/16/2011,?
11/17/2011,?
11/18/2011,?
11/21/2011,?
11/22/2011,?
11/23/2011,?
11/24/2011,?
11/25/2011,?
11/28/2011,?
11/29/2011,?
11/30/2011,?
12/1/2011,?
12/2/2011,?
12/5/2011,?
12/6/2011,?
12/7/2011,?
12/8/2011,?
12/9/2011,?
12/12/2011,?
12/13/2011,?
12/14/2011,?
12/15/2011,?
12/16/2011,?
12/19/2011,?
12/20/2011,?
12/21/2011,?
12/22/2011,?
12/23/2011,?
12/27/2011,?
12/28/2011,?
12/29/2011,?
12/30/2011,?
1/2/2012,?
1/3/2012,?
1/4/2012,?
1/5/2012,?
1/6/2012,?
1/9/2012,?
1/10/2012,?
1/11/2012,?
1/12/2012,?
1/13/2012,?
1/16/2012,?
1/17/2012,?
1/18/2012,?
1/19/2012,?
1/20/2012,?
1/23/2012,?
1/24/2012,?
1/25/2012,?
1/26/2012,?
1/27/2012,?
1/30/2012,?
1/31/2012,?
2/1/2012,?
2/2/2012,?
2/3/2012,?
2/6/2012,?
2/7/2012,?
2/8/2012,?
2/9/2012,?
2/10/2012,?
2/13/2012,?
2/14/2012,?
2/15/2012,?
2/16/2012,?
2/17/2012,?
2/20/2012,?
2/21/2012,?
2/22/2012,?
2/23/2012,?
2/24/2012,?
2/27/2012,?
2/28/2012,?
2/29/2012,?
3/1/2012,?
3/2/2012,?
3/5/2012,?
3/6/2012,?
3/7/2012,?
3/8/2012,?
3/9/2012,?
3/12/2012,?
3/13/2012,?
3/14/2012,?
3/15/2012,?
3/16/2012,?
3/19/2012,?
3/20/2012,?
3/21/2012,?
3/22/2012,?
3/23/2012,?
3/26/2012,?
3/27/2012,?
3/28/2012,?
3/29/2012,?
3/30/2012,?
4/2/2012,?
4/3/2012,?
4/4/2012,?
4/5/2012,?
4/10/2012,?
4/11/2012,?
4/12/2012,?
4/13/2012,?
4/16/2012,?
4/17/2012,?
4/18/2012,?
4/19/2012,?
4/20/2012,?
4/23/2012,?
4/24/2012,?
4/25/2012,?
4/26/2012,?
4/27/2012,?
4/30/2012,?
5/2/2012,?
5/3/2012,?
5/4/2012,?
5/7/2012,?
5/8/2012,?
5/9/2012,?
5/10/2012,?
5/11/2012,?
5/14/2012,?
5/15/2012,?
5/16/2012,?
5/17/2012,?
5/18/2012,?
5/21/2012,?
5/22/2012,?
5/23/2012,?
5/24/2012,?
5/25/2012,?
5/28/2012,?
5/29/2012,?
5/30/2012,?
5/31/2012,?
6/1/2012,?
6/4/2012,?
6/5/2012,?
6/6/2012,?
6/7/2012,?
6/8/2012,?
6/11/2012,?
6/12/2012,?
6/13/2012,?
6/14/2012,?
6/15/2012,?
6/18/2012,?
6/19/2012,?
6/20/2012,?
6/21/2012,?
6/22/2012,?
6/25/2012,?
6/26/2012,?
6/27/2012,?
6/28/2012,?
6/29/2012,?
7/2/2012,?
7/3/2012,?
7/4/2012,?
7/5/2012,?
7/6/2012,?
7/9/2012,?
7/10/2012,?
7/11/2012,?
7/12/2012,?
7/13/2012,?
7/16/2012,?
7/17/2012,?
7/18/2012,?
7/19/2012,?
7/20/2012,?
7/23/2012,?
7/24/2012,?
7/25/2012,?
7/26/2012,?
7/27/2012,?
7/30/2012,?
7/31/2012,?
8/1/2012,?
8/2/2012,?
8/3/2012,?
8/6/2012,?
8/7/2012,?
8/8/2012,?
8/9/2012,?
8/10/2012,?
8/13/2012,?
8/14/2012,?
8/15/2012,?
8/16/2012,?
8/17/2012,?
8/20/2012,?
8/21/2012,?
8/22/2012,?
8/23/2012,?
8/24/2012,?
8/27/2012,?
8/28/2012,?
8/29/2012,?
8/30/2012,?
8/31/2012,?
9/3/2012,?
9/4/2012,?
9/5/2012,?
9/6/2012,?
9/7/2012,?
9/10/2012,?
9/11/2012,?
9/12/2012,?
9/13/2012,?
9/14/2012,?
9/17/2012,?
9/18/2012,?
9/19/2012,?
9/20/2012,?
9/21/2012,?
9/24/2012,?
9/25/2012,?
9/26/2012,?
9/27/2012,?
9/28/2012,?
10/1/2012,?
10/2/2012,?
10/3/2012,?
10/4/2012,?
10/5/2012,?
10/8/2012,?
10/9/2012,?
10/10/2012,?
10/11/2012,?
10/12/2012,?
10/15/2012,?
10/16/2012,?
10/17/2012,?
10/18/2012,?
10/19/2012,?
10/22/2012,?
10/23/2012,?
10/24/2012,?
10/25/2012,?
10/26/2012,?
10/29/2012,?
10/30/2012,?
10/31/2012,?
11/1/2012,?
11/2/2012,?
11/5/2012,?
11/6/2012,?
11/7/2012,?
11/8/2012,?
11/9/2012,?
11/12/2012,?
11/13/2012,?
11/14/2012,?
11/15/2012,?
11/16/2012,?
11/19/2012,?
11/20/2012,?
11/21/2012,?
11/22/2012,?
11/23/2012,?
11/26/2012,?
11/27/2012,?
11/28/2012,?
11/29/2012,?
11/30/2012,?
12/3/2012,?
12/4/2012,?
12/5/2012,?
12/6/2012,?
12/7/2012,?
12/10/2012,?
12/11/2012,?
12/12/2012,?
12/13/2012,?
12/14/2012,?
12/17/2012,?
12/18/2012,?
12/19/2012,?
12/20/2012,?
12/21/2012,?
12/24/2012,?
12/27/2012,?
12/28/2012,?
12/31/2012,?
1/2/2013,?
1/3/2013,?
1/4/2013,?
1/7/2013,?
1/8/2013,?
1/9/2013,?
1/10/2013,?
1/11/2013,?
1/14/2013,?
1/15/2013,?
1/16/2013,?
1/17/2013,?
1/18/2013,?
1/21/2013,?
1/22/2013,?
1/23/2013,?
1/24/2013,?
1/25/2013,?
1/28/2013,?
1/29/2013,?
1/30/2013,?
1/31/2013,?
2/1/2013,?
2/4/2013,?
2/5/2013,?
2/6/2013,?
2/7/2013,?
2/8/2013,?
2/11/2013,?
2/12/2013,?
2/13/2013,?
2/14/2013,?
2/15/2013,?
2/18/2013,?
2/19/2013,?
2/20/2013,?
2/21/2013,?
2/22/2013,?
2/25/2013,?
2/26/2013,?
2/27/2013,?
2/28/2013,?
3/1/2013,?
3/4/2013,?
3/5/2013,?
3/6/2013,?
3/7/2013,?
3/8/2013,?
3/11/2013,?
3/12/2013,?
3/13/2013,?
3/14/2013,?
3/15/2013,?
3/18/2013,?
3/19/2013,?
3/20/2013,?
3/21/2013,?
3/22/2013,?
3/25/2013,?
3/26/2013,?
3/27/2013,?
3/28/2013,?
4/2/2013,?
4/3/2013,?
4/4/2013,?
4/5/2013,?
4/8/2013,?
4/9/2013,?
4/10/2013,?
4/11/2013,?
4/12/2013,?
4/15/2013,?
4/16/2013,?
4/17/2013,?
4/18/2013,?
4/19/2013,?
4/22/2013,?
4/23/2013,?
4/24/2013,?
4/25/2013,?
4/26/2013,?
4/29/2013,?
4/30/2013,?
5/2/2013,?
5/3/2013,?
5/6/2013,?
5/7/2013,?
5/8/2013,?
5/9/2013,?
5/10/2013,?
5/13/2013,?
5/14/2013,?
5/15/2013,?
5/16/2013,?
5/17/2013,?
5/20/2013,?
5/21/2013,?
5/22/2013,?
5/23/2013,?
5/24/2013,?
5/27/2013,?
5/28/2013,?
5/29/2013,?
5/30/2013,?
5/31/2013,?
6/3/2013,?
6/4/2013,?
6/5/2013,?
6/6/2013,?
6/7/2013,?
6/10/2013,?
6/11/2013,?
6/12/2013,?
6/13/2013,?
6/14/2013,?
6/17/2013,?
6/18/2013,?
6/19/2013,?
6/20/2013,?
6/21/2013,?
6/24/2013,?
6/25/2013,?
6/26/2013,?
6/27/2013,?
6/28/2013,?
7/1/2013,?
7/2/2013,?
7/3/2013,?
7/4/2013,?
7/5/2013,?
7/8/2013,?
7/9/2013,?
7/10/2013,?
7/11/2013,?
7/12/2013,?
7/15/2013,?
7/16/2013,?
7/17/2013,?
7/18/2013,?
7/19/2013,?
7/22/2013,?
7/23/2013,?
7/24/2013,?
7/25/2013,?
7/26/2013,?
7/29/2013,?
7/30/2013,?
7/31/2013,?
8/1/2013,?
8/2/2013,?
8/5/2013,?
8/6/2013,?
8/7/2013,?
8/8/2013,?
8/9/2013,?
8/12/2013,?
8/13/2013,?
8/14/2013,?
8/15/2013,?
8/16/2013,?
8/19/2013,?
8/20/2013,?
8/21/2013,?
8/22/2013,?
8/23/2013,?
8/26/2013,?
8/27/2013,?
8/28/2013,?
8/29/2013,?
8/30/2013,?
9/2/2013,?
9/3/2013,?
9/4/2013,?
9/5/2013,?
9/6/2013,?
9/9/2013,?
9/10/2013,?
9/11/2013,?
9/12/2013,?
9/13/2013,?
9/16/2013,?
9/17/2013,?
9/18/2013,?
9/19/2013,?
9/20/2013,?
9/23/2013,?
9/24/2013,?
9/25/2013,?
9/26/2013,?
9/27/2013,?
9/30/2013,?
10/1/2013,?
10/2/2013,?
10/3/2013,?
10/4/2013,?
10/7/2013,?
10/8/2013,?
10/9/2013,?
10/10/2013,?
10/11/2013,?
10/14/2013,?
10/15/2013,?
10/16/2013,?
10/17/2013,?
10/18/2013,?
10/21/2013,?
10/22/2013,?
10/23/2013,?
10/24/2013,?
10/25/2013,?
10/28/2013,?
10/29/2013,?
10/30/2013,?
10/31/2013,?
11/1/2013,?
11/4/2013,?
11/5/2013,?
11/6/2013,?
11/7/2013,?
11/8/2013,?
11/11/2013,?
11/12/2013,?
11/13/2013,?
11/14/2013,?
11/15/2013,?
11/18/2013,?
11/19/2013,?
11/20/2013,?
11/21/2013,?
11/22/2013,?
11/25/2013,?
11/26/2013,?
11/27/2013,?
11/28/2013,?
11/29/2013,?
12/2/2013,?
12/3/2013,?
12/4/2013,?
12/5/2013,?
12/6/2013,?
12/9/2013,?
12/10/2013,?
12/11/2013,?
12/12/2013,?
12/13/2013,?
12/16/2013,?
12/17/2013,?
12/18/2013,?
12/19/2013,?
12/20/2013,?
12/23/2013,?
12/24/2013,?
12/27/2013,?
12/30/2013,?
12/31/2013,?
1/2/2014,?
1/3/2014,?
1/6/2014,?
1/7/2014,?
1/8/2014,?
1/9/2014,?
1/10/2014,?
1/13/2014,?
1/14/2014,?
1/15/2014,?
1/16/2014,?
1/17/2014,?
1/20/2014,?
1/21/2014,?
1/22/2014,?
1/23/2014,?
1/24/2014,?
1/27/2014,?
1/28/2014,?
1/29/2014,?
1/30/2014,?
1/31/2014,?
2/3/2014,?
2/4/2014,?
2/5/2014,?
2/6/2014,?
2/7/2014,?
2/10/2014,?
2/11/2014,?
2/12/2014,?
2/13/2014,?
2/14/2014,?
2/17/2014,?
2/18/2014,?
2/19/2014,?
2/20/2014,?
2/21/2014,?
2/24/2014,?
2/25/2014,?
2/26/2014,?
2/27/2014,?
2/28/2014,?
3/3/2014,?
3/4/2014,?
3/5/2014,?
3/6/2014,?
3/7/2014,?
3/10/2014,?
3/11/2014,?
3/12/2014,?
3/13/2014,?
3/14/2014,?
3/17/2014,?
3/18/2014,?
3/19/2014,?
3/20/2014,?
3/21/2014,?
3/24/2014,?
3/25/2014,?
3/26/2014,?
3/27/2014,?
3/28/2014,?
3/31/2014,?
4/1/2014,?
4/2/2014,?
4/3/2014,?
4/4/2014,?
4/7/2014,?
4/8/2014,?
4/9/2014,?
4/10/2014,?
4/11/2014,?
4/14/2014,?
4/15/2014,?
4/16/2014,?
4/17/2014,?
4/22/2014,?
4/23/2014,?
4/24/2014,?
4/25/2014,?
4/28/2014,?
4/29/2014,?
4/30/2014,?
5/2/2014,?
5/5/2014,?
5/6/2014,?
5/7/2014,?
5/8/2014,?
5/9/2014,?
5/12/2014,?
5/13/2014,?
5/14/2014,?
5/15/2014,?
5/16/2014,?
5/19/2014,?
5/20/2014,?
5/21/2014,?
5/22/2014,?
5/23/2014,?
5/26/2014,?
5/27/2014,?
5/28/2014,?
5/29/2014,?
5/30/2014,?
6/2/2014,?
6/3/2014,?
6/4/2014,?
6/5/2014,?
6/6/2014,?
6/9/2014,?
6/10/2014,?
6/11/2014,?
6/12/2014,?
6/13/2014,?
6/16/2014,?
6/17/2014,?
6/18/2014,?
6/19/2014,?
6/20/2014,?
6/23/2014,?
6/24/2014,?
6/25/2014,?
6/26/2014,?
6/27/2014,?
6/30/2014,?
7/1/2014,?
7/2/2014,?
7/3/2014,?
7/4/2014,?
7/7/2014,?
7/8/2014,?
7/9/2014,?
7/10/2014,?
7/11/2014,?
7/14/2014,?
7/15/2014,?
7/16/2014,?
7/17/2014,?
7/18/2014,?
7/21/2014,?
7/22/2014,?
7/23/2014,?
7/24/2014,?
7/25/2014,?
7/28/2014,?
7/29/2014,?
7/30/2014,?
7/31/2014,?
8/1/2014,?
8/4/2014,?
8/5/2014,?
8/6/2014,?
8/7/2014,?
8/8/2014,?
8/11/2014,?
8/12/2014,?
8/13/2014,?
8/14/2014,?
8/15/2014,?
8/18/2014,?
8/19/2014,?
8/20/2014,?
8/21/2014,?
8/22/2014,?
8/25/2014,?
8/26/2014,?
8/27/2014,?
8/28/2014,?
8/29/2014,?
9/1/2014,?
9/2/2014,?
9/3/2014,?
9/4/2014,?
9/5/2014,?
9/8/2014,?
9/9/2014,?
9/10/2014,?
9/11/2014,?
9/12/2014,?
9/15/2014,?
9/16/2014,?
9/17/2014,?
9/18/2014,?
9/19/2014,?
9/22/2014,?
9/23/2014,?
9/24/2014,?
9/25/2014,?
9/26/2014,?
9/29/2014,?
9/30/2014,?
10/1/2014,?
10/2/2014,?
10/3/2014,?
10/6/2014,?
10/7/2014,?
10/8/2014,?
10/9/2014,?
10/10/2014,?
10/13/2014,?
10/14/2014,?
10/15/2014,?
10/16/2014,?
10/17/2014,?
10/20/2014,?
10/21/2014,?
10/22/2014,?
10/23/2014,?
10/24/2014,?
10/27/2014,?
10/28/2014,?
10/29/2014,?
10/30/2014,?
10/31/2014,?
11/3/2014,?
11/4/2014,?
11/5/2014,?
11/6/2014,?
11/7/2014,?
11/10/2014,?
11/11/2014,?
11/12/2014,?
11/13/2014,?
11/14/2014,?
11/17/2014,?
11/18/2014,?
11/19/2014,?
11/20/2014,?
11/21/2014,?
11/24/2014,?
11/25/2014,?
11/26/2014,?
11/27/2014,?
11/28/2014,?
12/1/2014,?
12/2/2014,?
12/3/2014,?
12/4/2014,?
12/5/2014,?
12/8/2014,?
12/9/2014,?
12/10/2014,?
12/11/2014,?
12/12/2014,?
12/15/2014,?
12/16/2014,?
12/17/2014,?
12/18/2014,?
12/19/2014,?
12/22/2014,?
12/23/2014,?
12/24/2014,?
12/29/2014,?
12/30/2014,?
12/31/2014,?
1/2/2015,?
1/5/2015,?
1/6/2015,?
1/7/2015,?
1/8/2015,?
1/9/2015,?
1/12/2015,?
1/13/2015,?
1/14/2015,?
1/15/2015,?
1/16/2015,?
1/19/2015,?
1/20/2015,?
1/21/2015,?
1/22/2015,?
1/23/2015,?
1/26/2015,?
1/27/2015,?
1/28/2015,?
1/29/2015,?
1/30/2015,?
2/2/2015,?
2/3/2015,?
2/4/2015,?
2/5/2015,?
2/6/2015,?
2/9/2015,?
2/10/2015,?
2/11/2015,?
2/12/2015,?
2/13/2015,?
2/16/2015,?
2/17/2015,?
2/18/2015,?
2/19/2015,?
2/20/2015,?
2/23/2015,?
2/24/2015,?
2/25/2015,?
2/26/2015,?
2/27/2015,?
3/2/2015,?
3/3/2015,?
3/4/2015,?
3/5/2015,?
3/6/2015,?
3/9/2015,?
3/10/2015,?
3/11/2015,?
3/12/2015,?
3/13/2015,?
3/16/2015,?
3/17/2015,?
3/18/2015,?
3/19/2015,?
3/20/2015,?
3/23/2015,?
3/24/2015,?
3/25/2015,?
3/26/2015,?
3/27/2015,?
3/30/2015,?
3/31/2015,?
4/1/2015,?
4/2/2015,?
4/7/2015,?
4/8/2015,?
4/9/2015,?
4/10/2015,?
4/13/2015,?
4/14/2015,?
4/15/2015,?
4/16/2015,?
4/17/2015,?
4/20/2015,?
4/21/2015,?
4/22/2015,?
4/23/2015,?
4/24/2015,?
4/27/2015,?
4/28/2015,?
4/29/2015,?
4/30/2015,?
