Date,IDR,NEER
4/1/2005,12272.17,102.1085
4/4/2005,12219.53,101.9904
4/5/2005,12163.1,102.2464
4/6/2005,12191.28,101.897
4/7/2005,12263.93,102.2386
4/8/2005,12178.05,102.6542
4/11/2005,12309.48,102.4035
4/12/2005,12318.87,102.7422
4/13/2005,12253.29,102.8563
4/14/2005,12204.64,102.8888
4/15/2005,12272.21,103.7922
4/18/2005,12422.39,103.7962
4/19/2005,12443.67,103.0712
4/20/2005,12508.12,103.6525
4/21/2005,12633.62,103.8535
4/22/2005,12652,107.5922
4/25/2005,12641.85,108.1385
4/26/2005,12572.1,111.966
4/27/2005,12351.52,112.3181
4/28/2005,12362.99,111.0947
4/29/2005,12386.89,110.4053
5/2/2005,12264.87,113.028
5/3/2005,12258.2,115.1866
5/4/2005,12318.3,115.7349
5/5/2005,12319.25,113.8321
5/6/2005,12283.47,114.0156
5/9/2005,12160.36,114.2923
5/10/2005,12153.46,113.4221
5/11/2005,12181.22,110.9435
5/12/2005,12094.14,111.7728
5/13/2005,11971.66,111.3794
5/16/2005,11953.66,112.0743
5/17/2005,11909.43,110.8447
5/18/2005,11926.85,110.897
5/19/2005,11946.69,110.5033
5/20/2005,11913.62,110.4261
5/23/2005,11882.96,110.1235
5/24/2005,11948.3,111.4125
5/25/2005,11906.27,116.1682
5/26/2005,11884.33,117.8931
5/27/2005,11907.76,114.9512
5/30/2005,11830.94,115.4657
5/31/2005,11723.7,115.994
6/1/2005,11708.31,119.8736
6/2/2005,11741.82,122.8104
6/3/2005,11772.86,123.0964
6/6/2005,11772.53,122.9795
6/7/2005,11738.32,122.5649
6/8/2005,11812.55,128.3009
6/9/2005,11780.04,134.2826
6/10/2005,11739.84,132.9978
6/13/2005,11615.71,129.6845
6/14/2005,11631.66,135.3981
6/15/2005,11595.29,134.416
6/16/2005,11663.72,130.9218
6/17/2005,11714.27,131.4715
6/20/2005,11773.49,133.9944
6/21/2005,11686.31,133.8968
6/22/2005,11704.68,136.3559
6/23/2005,11643.69,135.7699
6/24/2005,11659.13,136.4414
6/27/2005,11754.07,135.8921
6/28/2005,11732.15,135.6825
6/29/2005,11713.47,134.2136
6/30/2005,11804.82,133.0107
7/1/2005,11815.04,134.0234
7/4/2005,11733.43,133.5837
7/5/2005,11734.46,133.1854
7/6/2005,11650.91,128.7668
7/7/2005,11717.86,125.8154
7/8/2005,11669.49,126.9364
7/11/2005,11720.86,128.8958
7/12/2005,11900.78,129.6634
7/13/2005,11922.04,129.0719
7/14/2005,11834.71,128.5413
7/15/2005,11795.32,128.1657
7/18/2005,11818.95,127.3169
7/19/2005,11748.43,125.2897
7/20/2005,11876.02,125.0541
7/21/2005,11900.61,120.0789
7/22/2005,11882.53,112.0345
7/25/2005,11841.8,109.603
7/26/2005,11780.82,111.4566
7/27/2005,11787.37,117.6113
7/28/2005,11893.09,115.1693
7/29/2005,11857.19,119.7081
8/1/2005,11952.63,121.148
8/2/2005,11911.58,122.1197
8/3/2005,12012.61,116.5263
8/4/2005,11998.71,113.8369
8/5/2005,12070.16,116.5091
8/8/2005,12085.49,117.7295
8/9/2005,12113.48,116.7567
8/10/2005,12086.14,114.354
8/11/2005,12172.41,113.6628
8/12/2005,12207.86,113.93
8/15/2005,12223.04,113.3291
8/16/2005,12202.18,111.3193
8/17/2005,12173.04,105.4909
8/18/2005,12170.25,101.6239
8/19/2005,12164.73,100.7367
8/22/2005,12235.89,110.7972
8/23/2005,12321.69,107.1532
8/24/2005,12540.7,107.1006
8/25/2005,12670.84,107.1011
8/26/2005,12780.82,106.9767
8/29/2005,13129.57,104.9342
8/30/2005,12729.15,103.5935
8/31/2005,12557.84,99.1059
9/1/2005,12821.58,100.4054
9/2/2005,12979.94,103.7364
9/5/2005,12914.14,103.3708
9/6/2005,12913.66,104.186
9/7/2005,12899.24,103.6098
9/8/2005,12852.63,108.7575
9/9/2005,12675.72,108.7717
9/12/2005,12436.13,112.0688
9/13/2005,12368.07,111.8722
9/14/2005,12314,112.0826
9/15/2005,12302.45,110.8705
9/16/2005,12426.65,106.8433
9/19/2005,12321.09,105.9384
9/20/2005,12378.85,108.2658
9/21/2005,12487.84,109.824
9/22/2005,12499.04,114.0659
9/23/2005,12390.66,116.08
9/26/2005,12307.71,124.8737
9/27/2005,12335.14,126.8516
9/28/2005,12482.37,126.5247
9/29/2005,12430.92,126.4654
9/30/2005,12391.22,126.3224
10/3/2005,12290.99,124.5589
10/4/2005,12170.79,126.1825
10/5/2005,11982.84,129.5846
10/6/2005,12151.46,128.6734
10/7/2005,12177.4,128.2318
10/10/2005,12208.88,127.7073
10/11/2005,12106.15,128.7207
10/12/2005,12140.09,127.286
10/13/2005,12153.71,126.4633
10/14/2005,12130.99,123.6068
10/17/2005,12154.24,125.6425
10/18/2005,12062.34,124.3823
10/19/2005,12075.48,124.9685
10/20/2005,12054.6,124.8956
10/21/2005,12084.07,124.2964
10/24/2005,12015.66,123.8123
10/25/2005,11986.96,122.3594
10/26/2005,12049.35,123.2158
10/27/2005,12154.26,121.2846
10/28/2005,12168.35,119.0044
10/31/2005,12161.26,119.1167
11/1/2005,12139,119.7584
11/2/2005,12063.95,120.1072
11/3/2005,12102.41,120.6875
11/4/2005,11998.63,121.5368
11/7/2005,11906.77,120.8139
11/8/2005,11864.28,120.3028
11/9/2005,11667.57,120.5059
11/10/2005,11735.54,120.4267
11/11/2005,11681.79,121.0949
11/14/2005,11715.93,123.271
11/15/2005,11678.67,123.4822
11/16/2005,11688.68,122.93
11/17/2005,11750.46,123.1489
11/18/2005,11789.95,122.5508
11/21/2005,11852.34,122.5969
11/22/2005,11771.21,122.935
11/23/2005,11840.77,124.3245
11/24/2005,11847.81,123.8065
11/25/2005,11823.58,122.9313
11/28/2005,11790.49,123.9566
11/29/2005,11840.17,122.8634
11/30/2005,11810.19,122.5613
12/1/2005,11783.17,120.5584
12/2/2005,11691.15,120.9066
12/5/2005,11719.93,121.5625
12/6/2005,11694.63,120.1732
12/7/2005,11516.79,120.745
12/8/2005,11499.31,120.7199
12/9/2005,11407.88,121.5679
12/12/2005,11631.65,120.4206
12/13/2005,11665.63,118.9956
12/14/2005,11779.6,119.1963
12/15/2005,11801.02,119.3839
12/16/2005,11839.2,119.71
12/19/2005,11803.33,119.1733
12/20/2005,11781.65,118.4377
12/21/2005,11664.24,118.4784
12/22/2005,11626.94,118.0621
12/23/2005,11692.97,119.0241
12/27/2005,11644.59,119.4157
12/28/2005,11713.43,117.1325
12/29/2005,11629.89,115.9147
12/30/2005,11596.45,117.4911
1/2/2006,11624.96,118.2041
1/3/2006,11548.44,120.6825
1/4/2006,11666.14,122.0409
1/5/2006,11595.41,121.1677
1/6/2006,11573,121.45
1/9/2006,11425.79,122.0245
1/10/2006,11406.51,120.287
1/11/2006,11441.29,119.4486
1/12/2006,11349.88,119.4891
1/13/2006,11282.95,120.0827
1/16/2006,11476.12,119.1074
1/17/2006,11435.03,119.2061
1/18/2006,11522.99,119.0316
1/19/2006,11345,120.8286
1/20/2006,11386.16,119.9655
1/23/2006,11601.77,120.4515
1/24/2006,11648.58,120.7274
1/25/2006,11491.2,119.4835
1/26/2006,11469.74,119.5452
1/27/2006,11411.25,119.5791
1/30/2006,11341.98,119.3977
1/31/2006,11359.41,119.6087
2/1/2006,11281.84,120.5097
2/2/2006,11281.71,120.566
2/3/2006,11228.79,119.1945
2/6/2006,11046.48,119.0938
2/7/2006,11003.19,118.6375
2/8/2006,11069.82,118.6625
2/9/2006,11056.14,119.1282
2/10/2006,11048.31,119.3865
2/13/2006,10978.57,118.8209
2/14/2006,10978.88,119.7438
2/15/2006,10971.92,119.7719
2/16/2006,10936.04,119.1012
2/17/2006,10964.38,118.4492
2/20/2006,11014.43,116.7565
2/21/2006,11027.93,117.2443
2/22/2006,11109.06,117.0114
2/23/2006,11078.16,116.1833
2/24/2006,11054.36,115.0154
2/27/2006,10945.32,115.4311
2/28/2006,10904.22,113.7644
3/1/2006,10976.76,113.9091
3/2/2006,10955.4,116.0002
3/3/2006,11040.37,116.6152
3/6/2006,11037.61,116.9511
3/7/2006,11021.91,116.6043
3/8/2006,11097.89,116.6764
3/9/2006,11089.77,116.8511
3/10/2006,11013.16,115.379
3/13/2006,11021.89,114.2761
3/14/2006,10953.93,112.8695
3/15/2006,10997.78,111.7156
3/16/2006,11067.27,112.7626
3/17/2006,11148.67,112.2024
3/20/2006,11136.78,113.5926
3/21/2006,11069.26,113.814
3/22/2006,10969.51,112.8489
3/23/2006,10867.58,113.8877
3/24/2006,10915.73,113.7877
3/27/2006,10876.61,113.9537
3/28/2006,10939.65,113.5116
3/29/2006,10990.98,112.7977
3/30/2006,11049.7,110.9331
3/31/2006,10972.28,108.1791
4/3/2006,10889.87,108.315
4/4/2006,10983.08,105.6259
4/5/2006,11054.19,106.4676
4/6/2006,11086.96,107.6802
4/7/2006,10948.92,106.0184
4/10/2006,10867.93,109.6211
4/11/2006,10888.45,108.6999
4/12/2006,10921.59,107.5546
4/13/2006,10869.48,106.9639
4/18/2006,11005.36,107.7575
4/19/2006,10994.11,106.7181
4/20/2006,10969.42,104.2264
4/21/2006,10941.88,104.6386
4/24/2006,10926.95,107.4445
4/25/2006,10950.15,107.4804
4/26/2006,10949.53,105.9064
4/27/2006,10928.04,104.7805
4/28/2006,11041.34,103.4163
5/2/2006,11103.71,103.1984
5/3/2006,11075.81,104.0999
5/4/2006,11075.92,104.2898
5/5/2006,11152.75,104.2626
5/8/2006,11142.37,104.6697
5/9/2006,11097.18,104.7155
5/10/2006,11145.84,104.2871
5/11/2006,11101.07,103.504
5/12/2006,11280.38,103.3446
5/15/2006,11710.14,102.9988
5/16/2006,11810.87,103.0885
5/17/2006,11503.63,103.2763
5/18/2006,11729.25,103.3006
5/19/2006,11758.41,102.3796
5/22/2006,11892.17,102.0403
5/23/2006,11891.41,100.0582
5/24/2006,12054.24,95.5411
5/25/2006,11957.81,96.334
5/26/2006,11850.02,96.4578
5/29/2006,11759.69,96.5386
5/30/2006,11799.04,96.124
5/31/2006,11909.33,95.4039
6/1/2006,11895.42,95.3327
6/2/2006,11873.1,95.1063
6/5/2006,12025.02,95.2261
6/6/2006,12005.52,96.958
6/7/2006,11986.49,100.8741
6/8/2006,12002.74,101.8783
6/9/2006,11899.46,100.6268
6/12/2006,11842.82,101.6856
6/13/2006,11936.16,100.0401
6/14/2006,11908.47,99.7184
6/15/2006,11831.33,100.9191
6/16/2006,11765.43,101.3935
6/19/2006,11810.36,102.2031
6/20/2006,11768.15,101.5782
6/21/2006,11826.71,103.2828
6/22/2006,11773.61,105.5725
6/23/2006,11755.01,105.7387
6/26/2006,11807.34,105.9215
6/27/2006,11756.43,105.7541
6/28/2006,11741.01,105.5844
6/29/2006,11734.66,107.567
6/30/2006,11776.05,109.3343
7/3/2006,11702.85,110.8443
7/4/2006,11593.76,109.1268
7/5/2006,11668.13,109.2454
7/6/2006,11614.32,108.974
7/7/2006,11589.65,110.4792
7/10/2006,11540.56,112.0166
7/11/2006,11519.71,108.1007
7/12/2006,11589.74,108.5031
7/13/2006,11556.07,108.7368
7/14/2006,11621.06,110.557
7/17/2006,11655.61,108.8443
7/18/2006,11578.64,108.941
7/19/2006,11552.09,110.1291
7/20/2006,11587.31,109.6197
7/21/2006,11597.13,109.376
7/24/2006,11603.41,109.013
7/25/2006,11524.03,109.2112
7/26/2006,11454.17,109.0683
7/27/2006,11552.46,108.6488
7/28/2006,11517.91,106.4546
7/31/2006,11611.59,104.8466
8/1/2006,11610.69,107.0414
8/2/2006,11658.98,105.917
8/3/2006,11640.3,105.4167
8/4/2006,11620.89,105.5705
8/7/2006,11654.95,104.9246
8/8/2006,11670.65,104.209
8/9/2006,11707.01,105.2044
8/10/2006,11633.01,103.6705
8/11/2006,11592.04,104.2087
8/14/2006,11560.66,105.1345
8/15/2006,11574.02,104.799
8/16/2006,11632.04,105.2087
8/17/2006,11710.23,104.9198
8/18/2006,11605.65,105.269
8/21/2006,11711.72,105.3283
8/22/2006,11621.12,104.7806
8/23/2006,11658.28,104.3689
8/24/2006,11727.53,103.4536
8/25/2006,11654.9,103.8876
8/28/2006,11678.08,104.747
8/29/2006,11645.67,104.9675
8/30/2006,11690.02,104.773
8/31/2006,11690.55,105.2519
9/1/2006,11658.34,104.6303
9/4/2006,11672.83,104.4982
9/5/2006,11631.48,104.9321
9/6/2006,11625.64,104.9268
9/7/2006,11610.67,103.5246
9/8/2006,11602.52,102.8323
9/11/2006,11613.33,100.0745
9/12/2006,11631.28,99.8139
9/13/2006,11551.92,101.6099
9/14/2006,11619.28,100.9504
9/15/2006,11559.6,101.2198
9/18/2006,11587.84,100.2967
9/19/2006,11588.53,101.2542
9/20/2006,11620.72,100.4874
9/21/2006,11636.13,100.9905
9/22/2006,11778.82,100.5162
9/25/2006,11807.21,99.3509
9/26/2006,11684.48,99.5568
9/27/2006,11681.96,99.7613
9/28/2006,11727.74,99.5199
9/29/2006,11678.85,99.249
10/2/2006,11676.54,99.4947
10/3/2006,11724.41,99.6705
10/4/2006,11694.65,99.971
10/5/2006,11716.04,100.1584
10/6/2006,11660.38,99.6189
10/9/2006,11630.05,99.2027
10/10/2006,11565.68,98.7297
10/11/2006,11567.78,98.6851
10/12/2006,11552.96,97.8135
10/13/2006,11552.9,98.1152
10/16/2006,11470.62,97.6908
10/17/2006,11465.72,96.8276
10/18/2006,11486.25,99.7733
10/19/2006,11505.88,98.5484
10/20/2006,11554.93,98.8845
10/23/2006,11507.57,99.4215
10/24/2006,11493.83,99.5263
10/25/2006,11485.54,99.5519
10/26/2006,11526.88,100.8879
10/27/2006,11547.87,100.5849
10/30/2006,11572.47,99.6626
10/31/2006,11569.23,99.6937
11/1/2006,11612.06,98.6033
11/2/2006,11633.29,97.3245
11/3/2006,11631.38,95.3276
11/6/2006,11601.37,98.184
11/7/2006,11640.85,96.8132
11/8/2006,11635.74,97.6899
11/9/2006,11671.87,97.7437
11/10/2006,11727.47,97.6303
11/13/2006,11710.58,97.8552
11/14/2006,11706.39,97.4304
11/15/2006,11746.25,96.6061
11/16/2006,11722.7,96.7524
11/17/2006,11704.82,98.4804
11/20/2006,11754.01,98.9341
11/21/2006,11712,98.6649
11/22/2006,11770.07,98.6021
11/23/2006,11826.74,99.5055
11/24/2006,11954.6,99.4236
11/27/2006,11988.16,99.2697
11/28/2006,12076.18,99.1937
11/29/2006,12060.36,99.134
11/30/2006,12097.8,98.9425
12/1/2006,12144.75,99.1585
12/4/2006,12177.74,98.5443
12/5/2006,12151.87,97.2135
12/6/2006,12105.89,97.3211
12/7/2006,12063.7,96.6543
12/8/2006,12040.67,96.4424
12/11/2006,11974.6,96.5856
12/12/2006,12008.33,96.7639
12/13/2006,12031.36,97.6125
12/14/2006,11963.17,97.42
12/15/2006,11908.11,97.1985
12/18/2006,11899.43,97.2764
12/19/2006,12026.41,97.7051
12/20/2006,12001.53,97.1297
12/21/2006,11952.45,97.3842
12/22/2006,11975.04,97.5243
12/27/2006,11885.87,97.6367
12/28/2006,11905.1,97.3318
12/29/2006,11844.44,95.3727
1/2/2007,11926.41,95.0367
1/3/2007,11868.21,95.4269
1/4/2007,11808.51,94.9462
1/5/2007,11791.96,95.1701
1/8/2007,11757.42,95.5026
1/9/2007,11761.76,94.9746
1/10/2007,11793.1,95.2955
1/11/2007,11842.06,94.8603
1/12/2007,11771.31,92.6354
1/15/2007,11795.72,89.9394
1/16/2007,11751.61,91.8205
1/17/2007,11757.52,93.091
1/18/2007,11762.9,96.097
1/19/2007,11762.62,92.9435
1/22/2007,11758.82,91.7545
1/23/2007,11846.84,91.878
1/24/2007,11807,92.0282
1/25/2007,11803.49,92.7221
1/26/2007,11765.71,92.4322
1/29/2007,11787.18,92.4346
1/30/2007,11804.52,92.2845
1/31/2007,11788.14,92.4039
2/1/2007,11824.11,92.7643
2/2/2007,11818.25,93.1416
2/5/2007,11716.51,93.3226
2/6/2007,11729.46,93.0991
2/7/2007,11738.3,91.3255
2/8/2007,11760.1,90.1694
2/9/2007,11774.59,89.2124
2/12/2007,11716.76,89.3258
2/13/2007,11816.81,90.661
2/14/2007,11862.76,91.289
2/15/2007,11877.16,90.9572
2/16/2007,11872.7,89.0752
2/19/2007,11915.98,88.1783
2/20/2007,11912.66,86.6437
2/21/2007,11921.2,81.528
2/22/2007,11900.9,80.3359
2/23/2007,11925.02,81.0967
2/26/2007,11932.83,80.1715
2/27/2007,12029.38,80.0208
2/28/2007,12063.62,81.2433
3/1/2007,12104.18,83.2018
3/2/2007,12067.18,86.5932
3/5/2007,12108.32,86.6638
3/6/2007,12078.2,87.4916
3/7/2007,12097.34,87.5726
3/8/2007,12063.67,87.8343
3/9/2007,12071.03,86.9319
3/12/2007,12067.34,85.7528
3/13/2007,12179.73,85.4708
3/14/2007,12154.07,84.744
3/15/2007,12201.65,84.4009
3/16/2007,12294.31,84.4686
3/19/2007,12272.02,85.3304
3/20/2007,12172.49,84.9014
3/21/2007,12143.16,84.6813
3/22/2007,12158.09,84.6071
3/23/2007,12140.9,84.4228
3/26/2007,12075.79,84.2145
3/27/2007,12173.13,86.2844
3/28/2007,12212.75,84.8592
3/29/2007,12187.04,86.891
3/30/2007,12152.68,84.4654
4/2/2007,12182.44,84.3815
4/3/2007,12145.76,86.2977
4/4/2007,12171.68,86.4339
4/5/2007,12169.43,86.6564
4/10/2007,12217.66,86.3288
4/11/2007,12190.25,86.476
4/12/2007,12269.78,86.5466
4/13/2007,12308.71,86.4406
4/16/2007,12320.34,85.7483
4/17/2007,12312.65,86.0733
4/18/2007,12341.49,85.4877
4/19/2007,12380.31,86.2904
4/20/2007,12368.53,85.8545
4/23/2007,12322.64,85.9063
4/24/2007,12344,85.5322
4/25/2007,12396.02,85.467
4/26/2007,12345.17,85.2621
4/27/2007,12384.43,85.2529
4/30/2007,12357.42,85.7688
5/2/2007,12327.71,86.1816
5/3/2007,12315,86.4609
5/4/2007,12170.32,86.6422
5/7/2007,12096.93,86.5774
5/8/2007,12052.38,86.1563
5/9/2007,11931.1,86.1978
5/10/2007,11856.42,86.1516
5/11/2007,11962.08,86.3952
5/14/2007,11923.12,86.3851
5/15/2007,11920.21,86.6509
5/16/2007,11951.91,86.6419
5/17/2007,11887.32,86.4285
5/18/2007,11886.71,87.243
5/21/2007,11776.94,95.6479
5/22/2007,11676.73,95.5426
5/23/2007,11749.79,96.9154
5/24/2007,11753.55,96.5778
5/25/2007,11760.88,97.4032
5/28/2007,11761.96,100.3023
5/29/2007,11908.18,102.379
5/30/2007,11863.28,100.7574
5/31/2007,11879,100.6198
6/1/2007,11859.96,101.7063
6/4/2007,11830.46,103.1154
6/5/2007,11901.39,103.5917
6/6/2007,12033.33,103.7181
6/7/2007,11954.63,104.9471
6/8/2007,12154.26,105.5681
6/11/2007,12119.66,112.1922
6/12/2007,11983.81,113.3112
6/13/2007,12068.58,108.6409
6/14/2007,12066.73,108.8949
6/15/2007,12043.18,111.8295
6/18/2007,11929.56,111.4132
6/19/2007,11962.18,110.2571
6/20/2007,12010.45,109.286
6/21/2007,12077.4,109.6444
6/22/2007,12103.62,109.1506
6/25/2007,12162.01,105.7154
6/26/2007,12221.68,103.9296
6/27/2007,12272.93,106.7913
6/28/2007,12224.67,107.0965
6/29/2007,12201.77,106.1297
7/2/2007,12246.86,105.9065
7/3/2007,12261.3,106.7615
7/4/2007,12266.41,104.8458
7/5/2007,12289.64,105.3623
7/6/2007,12297.58,105.4166
7/9/2007,12286.14,104.7817
7/10/2007,12296.67,104.035
7/11/2007,12422.4,101.6756
7/12/2007,12491.93,100.392
7/13/2007,12434.81,100.9338
7/16/2007,12464.91,100.6309
7/17/2007,12469.64,99.9439
7/18/2007,12538.89,98.775
7/19/2007,12562.38,98.6992
7/20/2007,12502.07,98.3554
7/23/2007,12539.1,95.1938
7/24/2007,12508.49,95.2915
7/25/2007,12513,96.7448
7/26/2007,12539.16,98.4961
7/27/2007,12552.09,97.0353
7/30/2007,12579.94,95.2729
7/31/2007,12644.71,96.0244
8/1/2007,12713.42,96.7318
8/2/2007,12707.52,96.495
8/3/2007,12698.45,96.1715
8/6/2007,12850.74,96.1464
8/7/2007,12876.7,95.8475
8/8/2007,12820.83,95.439
8/9/2007,12809.16,95.3945
8/10/2007,12759.34,95.2304
8/13/2007,12753.45,94.5955
8/14/2007,12714.38,94.3924
8/15/2007,12702.48,94.3151
8/16/2007,12701.24,93.921
8/17/2007,12747.67,92.5228
8/20/2007,12653.96,91.9846
8/21/2007,12751.55,90.1004
8/22/2007,12676.67,88.3826
8/23/2007,12695.76,88.8366
8/24/2007,12804.91,90.2948
8/27/2007,12811.2,91.7409
8/28/2007,12837.33,92.3403
8/29/2007,12833.59,90.4128
8/30/2007,12820.62,90.7749
8/31/2007,12869,90.9971
9/3/2007,12799.08,90.9356
9/4/2007,12771.99,91.7604
9/5/2007,12770.68,91.8837
9/6/2007,12845.44,92.8064
9/7/2007,12870.82,92.4911
9/10/2007,12987.99,93.6488
9/11/2007,13049.86,92.9811
9/12/2007,13062.31,93.0677
9/13/2007,13066.65,92.7461
9/14/2007,13000.68,92.3778
9/17/2007,13027.03,92.3996
9/18/2007,13003.78,92.3954
9/19/2007,12891.94,92.4338
9/20/2007,12851.48,93.1178
9/21/2007,12868.88,93.4539
9/24/2007,12878.11,94.8834
9/25/2007,12931.68,95.456
9/26/2007,12941.74,96.6209
9/27/2007,12960.52,95.7408
9/28/2007,12966.7,95.1436
10/1/2007,12929.77,95.1136
10/2/2007,12876.69,95.6356
10/3/2007,12951.52,96.2714
10/4/2007,12874.46,96.1798
10/5/2007,12849.62,95.9041
10/8/2007,12778.72,96.23
10/9/2007,12738.58,94.5242
10/10/2007,12837.5,93.842
10/11/2007,12864.29,93.9726
10/12/2007,12840.74,94.3083
10/15/2007,12888.76,93.8936
10/16/2007,12819.9,94.4564
10/17/2007,12914.9,94.2467
10/18/2007,13001.37,94.1622
10/19/2007,12987.79,94.1562
10/22/2007,12940.64,94.0555
10/23/2007,13028.16,94.2372
10/24/2007,13059.58,94.2901
10/25/2007,13099.89,94.6325
10/26/2007,13121.8,94.7468
10/29/2007,13088.61,94.8382
10/30/2007,13117.57,95.0391
10/31/2007,13142.44,94.9313
11/1/2007,13135.03,95.3246
11/2/2007,13222.95,95.0179
11/5/2007,13271.01,95.6567
11/6/2007,13263.23,96.2808
11/7/2007,13426.46,95.8737
11/8/2007,13396.66,95.9708
11/9/2007,13398.24,96.0971
11/12/2007,13368.94,96.8138
11/13/2007,13415.07,97.1747
11/14/2007,13553.4,96.9241
11/15/2007,13631.84,96.5055
11/16/2007,13654.73,96.3881
11/19/2007,13672.18,97.2231
11/20/2007,13823.98,97.0478
11/21/2007,13932.57,97.075
11/22/2007,13910.34,96.9383
11/23/2007,13870.11,97.2257
11/26/2007,13924.61,97.4173
11/27/2007,13981.56,97.5608
11/28/2007,13887.99,97.7576
11/29/2007,13824.24,97.998
11/30/2007,13831.06,98.1058
12/3/2007,13683.38,98.8266
12/4/2007,13698.81,99.0341
12/5/2007,13638.08,98.5886
12/6/2007,13484.28,97.6504
12/7/2007,13583.29,98.5796
12/10/2007,13637.7,98.3887
12/11/2007,13608.28,98.4914
12/12/2007,13648.48,98.1004
12/13/2007,13669.87,97.8136
12/14/2007,13533.27,98.63
12/17/2007,13551.01,98.6143
12/18/2007,13543.83,99.3401
12/19/2007,13565.06,99.667
12/20/2007,13531.11,100.2796
12/21/2007,13556.75,101.701
12/24/2007,13555.72,103.1921
12/27/2007,13670.44,102.149
12/28/2007,13802.4,100.4365
12/31/2007,13826.7,100.9952
1/2/2008,13777.34,100.5249
1/3/2008,13893.64,101.9263
1/4/2008,13894.92,102.6423
1/7/2008,13899.25,103.0296
1/8/2008,13896.96,101.8085
1/9/2008,13857.19,102.4173
1/10/2008,13837.26,102.9551
1/11/2008,13956.99,103.0775
1/14/2008,14045.99,104.6617
1/15/2008,14037.5,104.0275
1/16/2008,13971.04,103.7833
1/17/2008,13863.9,104.116
1/18/2008,13863.26,104.5677
1/21/2008,13699.97,104.4559
1/22/2008,13740.31,103.6504
1/23/2008,13684.99,103.7042
1/24/2008,13748.76,104.4154
1/25/2008,13719.77,103.9592
1/28/2008,13795.93,104.0373
1/29/2008,13772.87,103.7392
1/30/2008,13754.79,103.8219
1/31/2008,13749.55,103.8628
2/1/2008,13709.05,104.0302
2/4/2008,13664.18,104.3042
2/5/2008,13527.65,104.3848
2/6/2008,13512.73,104.0976
2/7/2008,13464.67,104.1365
2/8/2008,13406.38,104.4586
2/11/2008,13487.71,104.8764
2/12/2008,13469.46,105.4099
2/13/2008,13506.64,105.8323
2/14/2008,13477.86,106.168
2/15/2008,13456.06,105.3801
2/18/2008,13408.04,107.0558
2/19/2008,13518.41,106.9805
2/20/2008,13468.86,107.7221
2/21/2008,13505.54,107.6836
2/22/2008,13618.59,107.4558
2/25/2008,13527.92,109.3075
2/26/2008,13516,111.5103
2/27/2008,13619.33,109.5365
2/28/2008,13722.31,106.6292
2/29/2008,13800,105.2737
3/3/2008,13849.93,106.856
3/4/2008,13814.65,108.9325
3/5/2008,13811.64,108.5323
3/6/2008,13879.01,109.0339
3/7/2008,13967.8,108.9401
3/10/2008,14082.12,108.8386
3/11/2008,14128.69,109.5723
3/12/2008,14176.93,109.7515
3/13/2008,14354.21,109.8473
3/14/2008,14367.47,109.9337
3/17/2008,14610.91,109.1551
3/18/2008,14509.32,109.0201
3/19/2008,14413.1,108.5497
3/20/2008,14243.14,107.2254
3/25/2008,14300.13,108.0209
3/26/2008,14437.49,106.4634
3/27/2008,14523.12,107.0147
3/28/2008,14540.22,106.1887
3/31/2008,14570.76,104.2778
4/1/2008,14443.22,105.6403
4/2/2008,14350.18,104.6432
4/3/2008,14361.55,104.0452
4/4/2008,14519.27,104.1255
4/7/2008,14429.71,101.5403
4/8/2008,14430.63,101.942
4/9/2008,14483.65,101.7017
4/10/2008,14593.09,101.4634
4/11/2008,14539.44,102.976
4/14/2008,14583.61,102.7353
4/15/2008,14553.85,102.2497
4/16/2008,14639.42,104.1547
4/17/2008,14586.37,102.8306
4/18/2008,14493.93,102.1411
4/21/2008,14602.31,102.4876
4/22/2008,14632.62,101.2559
4/23/2008,14680.74,100.9726
4/24/2008,14539.02,102.4053
4/25/2008,14387.31,103.1914
4/28/2008,14401.2,102.3567
4/29/2008,14356.46,102.6861
4/30/2008,14330.99,102.7459
5/2/2008,14260.01,103.6693
5/5/2008,14243.3,103.8549
5/6/2008,14301.29,104.5958
5/7/2008,14234.18,104.4868
5/8/2008,14242.02,105.6799
5/9/2008,14283.19,105.3142
5/12/2008,14263.49,105.8479
5/13/2008,14328,105.5994
5/14/2008,14350.55,105.5511
5/15/2008,14406.29,105.6287
5/16/2008,14389.89,105.2511
5/19/2008,14455.46,105.7704
5/20/2008,14520.81,105.6773
5/21/2008,14637.69,105.2157
5/22/2008,14667.91,105.062
5/23/2008,14660.52,104.9498
5/26/2008,14736.54,105.1232
5/27/2008,14711.96,105.3101
5/28/2008,14560.08,105.1287
5/29/2008,14477.98,104.7739
5/30/2008,14445.7,104.7661
6/2/2008,14442.29,104.8957
6/3/2008,14517.08,105.5311
6/4/2008,14407.35,105.481
6/5/2008,14331.56,105.4538
6/6/2008,14544.2,105.119
6/9/2008,14734.36,104.3657
6/10/2008,14493.52,104.4415
6/11/2008,14436.71,104.531
6/12/2008,14376.35,104.5858
6/13/2008,14277.82,104.029
6/16/2008,14400.06,104.6457
6/17/2008,14398.25,105.2046
6/18/2008,14385.25,104.9556
6/19/2008,14377.2,104.8297
6/20/2008,14454.86,104.7201
6/23/2008,14392.62,104.8546
6/24/2008,14420.64,104.8943
6/25/2008,14436.87,104.6516
6/26/2008,14464.65,104.7059
6/27/2008,14511.78,105.2006
6/30/2008,14550.17,105.393
7/1/2008,14544.55,105.4266
7/2/2008,14565.23,105.132
7/3/2008,14630.09,105.3162
7/4/2008,14436.13,102.4294
7/7/2008,14415.35,103.1026
7/8/2008,14439.88,103.6543
7/9/2008,14415.37,103.1848
7/10/2008,14386.96,103.2282
7/11/2008,14501.69,101.7849
7/14/2008,14502.38,102.8222
7/15/2008,14614.86,102.9062
7/16/2008,14523.22,102.479
7/17/2008,14498.67,102.8462
7/18/2008,14468.48,102.5328
7/21/2008,14513.24,102.2589
7/22/2008,14562.7,102.0755
7/23/2008,14390.42,102.0129
7/24/2008,14316.24,101.7134
7/25/2008,14352.55,101.9618
7/28/2008,14357.99,101.7484
7/29/2008,14327.67,101.3794
7/30/2008,14221.84,102.6163
7/31/2008,14198.2,103.0443
8/1/2008,14166.11,103.1314
8/4/2008,14144.82,103.4527
8/5/2008,14059.1,103.7948
8/6/2008,14042.42,104.0178
8/7/2008,14078.61,104.5718
8/8/2008,13822.86,103.9123
8/11/2008,13773.51,104.2102
8/12/2008,13669.72,104.8201
8/13/2008,13680.95,104.2991
8/14/2008,13685.37,104.3919
8/15/2008,13535.95,104.5761
8/18/2008,13512.98,105.0503
8/19/2008,13485.23,104.8851
8/20/2008,13496.34,104.6267
8/21/2008,13556.29,104.7449
8/22/2008,13534.51,104.8284
8/25/2008,13526.57,104.1985
8/26/2008,13393.67,104.2935
8/27/2008,13526.57,105.464
8/28/2008,13530.24,105.3568
8/29/2008,13482.53,104.8849
9/1/2008,13392.84,105.4617
9/2/2008,13369.24,104.2955
9/3/2008,13295.83,104.3697
9/4/2008,13344.9,104.2265
9/5/2008,13356.56,104.3176
9/8/2008,13217.6,104.2709
9/9/2008,13182.21,104.2082
9/10/2008,13149.7,103.6719
9/11/2008,13132.8,103.0479
9/12/2008,13264.24,103.2306
9/15/2008,13372.7,103.4565
9/16/2008,13489.45,102.8133
9/17/2008,13370.56,103.2059
9/18/2008,13631.88,103.4346
9/19/2008,13346.25,102.8009
9/22/2008,13536.46,103.1088
9/23/2008,13744.02,103.4198
9/24/2008,13713.12,103.1283
9/25/2008,13777.58,103.3867
9/26/2008,13739.64,103.2421
9/29/2008,13549.76,102.9373
9/30/2008,13487.73,103.0682
10/1/2008,13370.85,103.3021
10/2/2008,13110.53,102.6622
10/3/2008,13045.46,102.467
10/6/2008,13075.01,102.2531
10/7/2008,13018.56,103.005
10/8/2008,13279.25,102.8428
10/9/2008,13168.93,103.0314
10/10/2008,13388.89,102.8974
10/13/2008,13393.5,103.3052
10/14/2008,13366.94,103.0561
10/15/2008,13325.25,102.8189
10/16/2008,13473.23,103.0471
10/17/2008,13139.27,103.2042
10/20/2008,13215.93,103.1988
10/21/2008,12979.65,102.7169
10/22/2008,12714.57,102.5126
10/23/2008,12810,102.7653
10/24/2008,12864.29,102.7682
10/27/2008,13643.7,103.2065
10/28/2008,13528.08,103.2407
10/29/2008,13791.6,103.3582
10/30/2008,13914.86,102.4046
10/31/2008,13905.13,102.7671
11/3/2008,14104.2,102.5376
11/4/2008,13973.8,102.6087
11/5/2008,14141.56,102.2131
11/6/2008,14047,102.7656
11/7/2008,14159.16,102.6468
11/10/2008,14180.1,102.7064
11/11/2008,14499.71,102.3677
11/12/2008,14472.15,102.5094
11/13/2008,14842.13,101.9396
11/14/2008,14956.5,102.1091
11/17/2008,15065.4,102.0522
11/18/2008,15278.5,102.1563
11/19/2008,15413.48,102.6575
11/20/2008,15363.95,102.7379
11/21/2008,15626.48,101.9871
11/24/2008,16030.12,102.0003
11/25/2008,16013.75,101.586
11/26/2008,15974.73,102.2417
11/27/2008,15963.75,103.0166
11/28/2008,15590.58,103.1426
12/1/2008,15633.92,103.4191
12/2/2008,15871.25,103.2963
12/3/2008,15274,103.2968
12/4/2008,15049.35,103.2989
12/5/2008,14754.73,102.7594
12/8/2008,14974.91,102.7997
12/9/2008,14185.99,103.1505
12/10/2008,14185.19,103.5205
12/11/2008,14602.58,103.4572
12/12/2008,15074.2,104.0902
12/15/2008,15117.69,103.8371
12/16/2008,15282.15,103.7144
12/17/2008,15500.05,103.5354
12/18/2008,16150.68,103.4289
12/19/2008,15438.55,103.8023
12/22/2008,15786.1,103.7221
12/23/2008,15620.42,103.919
12/24/2008,15720.61,104.4494
12/29/2008,15839.7,104.2134
12/30/2008,15507.8,104.5887
12/31/2008,15239.12,104.3366
1/2/2009,15391.26,104.6235
1/5/2009,15076.02,104.3104
1/6/2009,14665.2,104.6963
1/7/2009,14750.58,104.6097
1/8/2009,15019.55,104.3893
1/9/2009,15035.98,105.3026
1/12/2009,14967.8,104.5239
1/13/2009,14935.66,105.378
1/14/2009,14657.6,104.5819
1/15/2009,14727.17,104.6304
1/16/2009,14634.16,105.8779
1/19/2009,14618.84,105.6799
1/20/2009,14622.54,105.521
1/21/2009,14459.2,105.4445
1/22/2009,14607,105.7796
1/23/2009,14496.74,106.1721
1/26/2009,14717.67,106.5584
1/27/2009,14919.56,107.3118
1/28/2009,15016.95,108.271
1/29/2009,14913.76,108.2172
1/30/2009,14610.24,106.8394
2/2/2009,15009.59,107.1026
2/3/2009,15001.21,108.0711
2/4/2009,15061.15,108.5718
2/5/2009,14962.46,109.3905
2/6/2009,15067.29,108.2689
2/9/2009,15303.91,108.3978
2/10/2009,15326.99,108.7512
2/11/2009,15331.53,108.5203
2/12/2009,15348.27,108.0901
2/13/2009,15195.26,107.645
2/16/2009,15266.94,108.1952
2/17/2009,15539.82,108.407
2/18/2009,15178.18,108.0635
2/19/2009,15347.64,108.1896
2/20/2009,15235.11,108.2416
2/23/2009,15255.22,108.3832
2/24/2009,15315.6,108.4732
2/25/2009,15385.99,108.3188
2/26/2009,15386.97,108.3389
2/27/2009,15147.51,108.505
3/2/2009,15215.97,108.638
3/3/2009,15131.69,108.6555
3/4/2009,15153.89,108.7048
3/5/2009,15222.94,108.6542
3/6/2009,15303.52,109.4135
3/9/2009,15090.57,108.9875
3/10/2009,15269.29,109.2936
3/11/2009,15375.17,109.0034
3/12/2009,15427.87,109.0679
3/13/2009,15453.74,108.9343
3/16/2009,15585.19,108.9362
3/17/2009,15530.4,109.4938
3/18/2009,15677.22,108.9656
3/19/2009,16357.35,108.293
3/20/2009,15974.27,108.2761
3/23/2009,15693.39,106.8702
3/24/2009,15397.98,104.3821
3/25/2009,15754.25,104.3317
3/26/2009,15797.73,105.3282
3/27/2009,15285.26,105.0629
3/30/2009,15244.51,104.1479
3/31/2009,15570.36,105.6151
4/1/2009,15471.33,105.867
4/2/2009,15374.02,105.96
4/3/2009,15382.37,106.209
4/6/2009,15284.22,104.6258
4/7/2009,15077.56,104.7419
4/8/2009,14988.08,104.9231
4/9/2009,15098.04,105.0187
4/14/2009,14470.84,105.3101
4/15/2009,14351.98,105.3047
4/16/2009,14119.72,105.3455
4/17/2009,14037.35,105.3103
4/20/2009,13925.48,105.697
4/21/2009,14063.55,106.7745
4/22/2009,14112.23,107.1264
4/23/2009,14257.13,107.477
4/24/2009,14290.56,107.3166
4/27/2009,14207.81,107.0891
4/28/2009,14135.3,107.0557
4/29/2009,14333.91,106.9343
4/30/2009,14071.5,106.343
5/4/2009,13897.63,106.3286
5/5/2009,14106.66,106.8222
5/6/2009,13885.52,106.8736
5/7/2009,13891.45,106.5762
5/8/2009,13915.01,106.3234
5/11/2009,14114.82,106.0396
5/12/2009,14171.36,106.0659
5/13/2009,14094.96,106.4832
5/14/2009,14092.17,105.9041
5/15/2009,14106.1,106.1475
5/18/2009,14006.04,105.8692
5/19/2009,13946.3,105.7601
5/20/2009,14093.38,105.6561
5/21/2009,14284.74,104.1574
5/22/2009,14289.74,104.5179
5/25/2009,14286.69,104.2179
5/26/2009,14279.65,104.1643
5/27/2009,14441.13,104.3225
5/28/2009,14306.32,104.711
5/29/2009,14539.26,104.1705
6/1/2009,14548.56,104.416
6/2/2009,14609.18,104.3803
6/3/2009,14378.47,104.3356
6/4/2009,14218.04,104.5002
6/5/2009,14078.75,103.9533
6/8/2009,13973.65,104.0776
6/9/2009,14066.46,103.7563
6/10/2009,14109.8,103.572
6/11/2009,14150.14,103.7738
6/12/2009,14138.5,103.667
6/15/2009,14090.25,103.5899
6/16/2009,14202.52,103.7635
6/17/2009,14223.55,103.8942
6/18/2009,14310.78,103.7072
6/19/2009,14491,103.1692
6/22/2009,14494.01,102.8542
6/23/2009,14691.82,102.6633
6/24/2009,14564.2,101.8239
6/25/2009,14328.78,101.6382
6/26/2009,14407.13,102.0377
6/29/2009,14435.59,102.4822
6/30/2009,14427.58,102.766
7/1/2009,14421.33,102.8103
7/2/2009,14374.42,103.2971
7/3/2009,14274.83,103.4314
7/6/2009,14217.14,103.3607
7/7/2009,14374.43,103.5345
7/8/2009,14248.39,103.1357
7/9/2009,14193.23,102.9543
7/10/2009,14174.11,102.076
7/13/2009,14310.09,102.2134
7/14/2009,14284.31,102.47
7/15/2009,14275.68,102.5556
7/16/2009,14305.53,102.3031
7/17/2009,14340.05,101.4556
7/20/2009,14202.88,101.8781
7/21/2009,14301.78,102.1723
7/22/2009,14316.74,102.4609
7/23/2009,14268.07,102.2753
7/24/2009,14226.34,102.0332
7/27/2009,14222.2,101.9469
7/28/2009,14121.19,102.1446
7/29/2009,14043.96,101.6837
7/30/2009,13989.56,101.5993
7/31/2009,14068.37,101.6511
8/3/2009,14163.96,101.0275
8/4/2009,14208.64,101.2509
8/5/2009,14279.88,101.4373
8/6/2009,14275.85,101.3733
8/7/2009,14308.44,101.372
8/10/2009,14103.4,101.058
8/11/2009,14054.16,101.0001
8/12/2009,14162.71,100.8511
8/13/2009,14225.1,100.8471
8/14/2009,14246.96,100.8785
8/17/2009,14119.06,100.876
8/18/2009,14133,100.8293
8/19/2009,14296.39,101.179
8/20/2009,14326.89,100.7238
8/21/2009,14352.49,101.0003
8/24/2009,14331.16,100.8268
8/25/2009,14359.3,101.1368
8/26/2009,14406.62,101.5174
8/27/2009,14506.97,101.2911
8/28/2009,14435.32,101.5811
8/31/2009,14390.15,101.6134
9/1/2009,14477.49,101.643
9/2/2009,14450.56,101.4174
9/3/2009,14493.04,101.4166
9/4/2009,14426.36,101.2735
9/7/2009,14417.23,101.7664
9/8/2009,14458.52,101.3344
9/9/2009,14411.86,101.0562
9/10/2009,14451.39,101.405
9/11/2009,14468.46,100.7095
9/14/2009,14495.38,100.3205
9/15/2009,14502.11,100.7039
9/16/2009,14215.86,100.6484
9/17/2009,14265.77,100.7829
9/18/2009,14263.53,100.687
9/21/2009,14218.74,100.3934
9/22/2009,14316.85,100.2362
9/23/2009,14341.48,100.2733
9/24/2009,14257.22,100.1983
9/25/2009,14164.36,100.4351
9/28/2009,14255.42,100.0562
9/29/2009,14148.9,100.4135
9/30/2009,14130.03,100.2984
10/1/2009,13994.67,100.0636
10/2/2009,14021.41,100.0814
10/5/2009,13957.02,100.0005
10/6/2009,13861.21,100.1022
10/7/2009,13853.11,99.8847
10/8/2009,13927.08,100.4883
10/9/2009,13945.55,100.8384
10/12/2009,14012.1,100.609
10/13/2009,14039.86,100.6863
10/14/2009,13941.08,100.9292
10/15/2009,13884.77,101.1407
10/16/2009,13974.08,100.8466
10/19/2009,14022.02,100.7224
10/20/2009,14065.91,100.5705
10/21/2009,14067.93,100.6838
10/22/2009,14352.61,100.2598
10/23/2009,14171.37,100.1613
10/26/2009,14258.99,100.3807
10/27/2009,14257.68,100.0636
10/28/2009,14282.26,99.6486
10/29/2009,14188.12,99.6101
10/30/2009,14180.74,99.6306
11/2/2009,14121.69,99.5268
11/3/2009,14137.59,100.0671
11/4/2009,14037.18,100.017
11/5/2009,14136.56,99.5625
11/6/2009,14059.59,99.5216
11/9/2009,14100.1,99.2946
11/10/2009,14089.57,99.5375
11/11/2009,14126.32,99.2193
11/12/2009,14066.34,99.0075
11/13/2009,13935.33,99.1275
11/16/2009,14060.07,98.9237
11/17/2009,13987.41,98.8876
11/18/2009,14079.05,98.4257
11/19/2009,14208.07,98.6247
11/20/2009,14026.59,99.0389
11/23/2009,14159.25,99.3033
11/24/2009,14245.62,99.0809
11/25/2009,14168.09,99.1411
11/26/2009,14233.28,99.3618
11/27/2009,14224.11,99.7747
11/30/2009,14222.64,99.7109
12/1/2009,14250.6,99.7814
12/2/2009,14238.3,99.4493
12/3/2009,14248.95,99.6845
12/4/2009,14186.89,99.9293
12/7/2009,13966.6,99.8576
12/8/2009,14045.58,100.0796
12/9/2009,13975.37,100.0404
12/10/2009,13905.61,100.1033
12/11/2009,13936.05,99.8479
12/14/2009,13870.61,99.9149
12/15/2009,13777.64,98.4871
12/16/2009,13808.21,99.4611
12/17/2009,13643.99,98.9047
12/18/2009,13627.79,98.9308
12/21/2009,13654.58,98.9495
12/22/2009,13543.2,98.9821
12/23/2009,13574.46,97.6148
12/24/2009,13646.65,97.6496
12/28/2009,13615.3,97.7003
12/29/2009,13624.39,97.6195
12/30/2009,13511.53,97.399
12/31/2009,13626.13,96.8227
1/4/2010,13542.61,96.4632
1/5/2010,13485.1,96.3568
1/6/2010,13376.56,96.5625
1/7/2010,13265.41,95.6443
1/8/2010,13271.75,93.9689
1/11/2010,13296.15,93.7153
1/12/2010,13281.14,93.1609
1/13/2010,13324.06,93.1153
1/14/2010,13277.04,91.9841
1/15/2010,13245.61,91.2932
1/18/2010,13268.3,91.6093
1/19/2010,13264.32,91.5862
1/20/2010,13193.21,93.069
1/21/2010,13127,92.9408
1/22/2010,13214.02,92.2813
1/25/2010,13211.91,92.3853
1/26/2010,13244.97,92.603
1/27/2010,13261.49,92.2849
1/28/2010,13050.19,92.1011
1/29/2010,13071.23,92.1224
2/1/2010,13074.66,91.9986
2/2/2010,13037.03,91.8201
2/3/2010,12987.4,91.8279
2/4/2010,12942.49,91.7487
2/5/2010,12938.22,91.423
2/8/2010,12861.76,91.4085
2/9/2010,12878.09,91.6226
2/10/2010,12871.34,91.8449
2/11/2010,12850.95,92.6248
2/12/2010,12674.61,94.3234
2/15/2010,12722.54,95.612
2/16/2010,12712.64,95.1997
2/17/2010,12739.58,95.4326
2/18/2010,12638.17,96.0499
2/19/2010,12620.45,97.043
2/22/2010,12667.32,95.8015
2/23/2010,12625.71,95.7015
2/24/2010,12616.76,95.6995
2/25/2010,12609.31,96.3998
2/26/2010,12652.04,95.4731
3/1/2010,12519.7,95.4894
3/2/2010,12600.11,95.4312
3/3/2010,12644.45,95.1006
3/4/2010,12667.29,95.1896
3/5/2010,12542.52,94.5387
3/8/2010,12550.47,95.3135
3/9/2010,12487.33,95.3173
3/10/2010,12484,94.8196
3/11/2010,12542.26,95.2078
3/12/2010,12568.35,95.0013
3/15/2010,12566.08,94.6503
3/16/2010,12581.48,94.3733
3/17/2010,12562.44,94.5644
3/18/2010,12483.42,94.5309
3/19/2010,12336.82,94.0687
3/22/2010,12296.59,93.6977
3/23/2010,12328.89,93.3766
3/24/2010,12180.34,93.5163
3/25/2010,12173.12,93.668
3/26/2010,12169.47,92.9285
3/29/2010,12240.18,92.8967
3/30/2010,12241.67,92.9441
3/31/2010,12227.26,92.9692
4/1/2010,12249.89,93.3225
4/6/2010,12125.98,92.983
4/7/2010,12075.67,93.2952
4/8/2010,12060.75,93.4839
4/9/2010,12091.56,93.0171
4/12/2010,12247.8,92.9107
4/13/2010,12269.52,92.8392
4/14/2010,12257.63,92.3547
4/15/2010,12200.43,92.7052
4/16/2010,12194.89,93.1438
4/19/2010,12155.27,93.1655
4/20/2010,12141.23,93.3382
4/21/2010,12049.52,93.0996
4/22/2010,12024.89,92.8282
4/23/2010,11993.66,93.1546
4/26/2010,12000.7,93.3274
4/27/2010,11970.34,94.6282
4/28/2010,11979.43,94.6442
4/29/2010,11948.32,95.8396
4/30/2010,11996.54,95.5395
5/3/2010,11950.29,95.3477
5/4/2010,11814.18,94.1278
5/5/2010,11819.16,94.429
5/6/2010,11688.58,94.5472
5/7/2010,11757.5,93.9224
5/10/2010,11772.16,93.4695
5/11/2010,11548.38,93.8307
5/12/2010,11575.72,93.8683
5/13/2010,11459.1,93.9008
5/14/2010,11403.86,94.849
5/17/2010,11273.27,94.6747
5/18/2010,11347.23,94.7093
5/19/2010,11279.05,94.7653
5/20/2010,11297.49,94.6726
5/21/2010,11578.94,94.0351
5/24/2010,11446.75,94.1467
5/25/2010,11428.04,94.2767
5/26/2010,11397.23,94.2328
5/27/2010,11356.57,93.9963
5/28/2010,11387.55,94.0936
5/31/2010,11276.14,93.8923
6/1/2010,11249.9,93.4257
6/2/2010,11314.93,93.5715
6/3/2010,11276.7,93.1985
6/4/2010,11075.21,93.0559
6/7/2010,11126.46,92.8586
6/8/2010,11119.4,92.5786
6/9/2010,11111.88,92.8771
6/10/2010,11128.38,92.9432
6/11/2010,11138.19,92.559
6/14/2010,11142.46,92.7483
6/15/2010,11263.11,92.7854
6/16/2010,11254.79,93.7199
6/17/2010,11281.05,93.2319
6/18/2010,11328.86,92.7368
6/21/2010,11163.58,92.7918
6/22/2010,11061.54,93.0365
6/23/2010,11109.73,92.9818
6/24/2010,11111.19,92.553
6/25/2010,11152.12,92.4495
6/28/2010,11142.6,92.3332
6/29/2010,11052.67,92.1612
6/30/2010,11121.85,92.0108
7/1/2010,11160.96,92.1418
7/2/2010,11374.57,91.6073
7/5/2010,11356.67,91.4261
7/6/2010,11405.1,91.2364
7/7/2010,11408.78,91.3735
7/8/2010,11474.25,90.9959
7/9/2010,11429.32,91.0098
7/12/2010,11382.66,90.4191
7/13/2010,11382.54,90.1538
7/14/2010,11489.46,90.2979
7/15/2010,11591.5,89.8769
7/16/2010,11757.68,89.247
7/19/2010,11740.88,88.7793
7/20/2010,11666.48,89.1103
7/21/2010,11613.14,88.7782
7/22/2010,11634.64,88.8849
7/23/2010,11668.2,88.5573
7/26/2010,11679.47,88.4132
7/27/2010,11750.25,88.3023
7/28/2010,11694.93,88.5918
7/29/2010,11720.52,88.5786
7/30/2010,11647.09,88.2809
8/2/2010,11687.4,87.7408
8/3/2010,11815.96,87.804
8/4/2010,11828.98,87.789
8/5/2010,11776.61,88.1344
8/6/2010,11783.16,88.5729
8/9/2010,11838.69,88.8723
8/10/2010,11765.68,89.0689
8/11/2010,11693.98,89.1438
8/12/2010,11534.29,89.2427
8/13/2010,11492.1,89.1116
8/16/2010,11513.77,89.794
8/17/2010,11526.27,89.9844
8/18/2010,11547.73,90.0653
8/19/2010,11511.58,90.1152
8/20/2010,11400.52,89.9225
8/23/2010,11405.42,90.3469
8/24/2010,11331.57,90.4965
8/25/2010,11329.59,90.2287
8/26/2010,11402.04,90.3586
8/27/2010,11501.8,90.3436
8/30/2010,11452.86,90.2352
8/31/2010,11471.82,90.1884
9/1/2010,11511.57,90.0406
9/2/2010,11545.73,89.48
9/3/2010,11553.45,89.7866
9/6/2010,11572.66,89.8271
9/7/2010,11493.73,89.9246
9/8/2010,11419.08,89.9653
9/9/2010,11390,89.6556
9/10/2010,11383.9,89.6845
9/13/2010,11435.39,89.8021
9/14/2010,11519.41,89.7157
9/15/2010,11654.04,89.4929
9/16/2010,11719.23,89.148
9/17/2010,11713.52,88.9991
9/20/2010,11737.59,89.0487
9/21/2010,11760.82,89.3408
9/22/2010,11956.81,89.2342
9/23/2010,11940.92,88.9375
9/24/2010,12010.22,88.8819
9/27/2010,12058.01,88.8836
9/28/2010,12054.77,88.5868
9/29/2010,12151.22,88.4932
9/30/2010,12173.44,88.6879
10/1/2010,12232,88.5778
10/4/2010,12248.04,88.1553
10/5/2010,12310.68,88.1405
10/6/2010,12357.62,87.4627
10/7/2010,12467.7,87.641
10/8/2010,12393.04,87.309
10/11/2010,12439.09,87.2763
10/12/2010,12365.2,87.3807
10/13/2010,12461.72,87.5238
10/14/2010,12574.79,87.7214
10/15/2010,12530.82,87.542
10/18/2010,12412.48,87.7514
10/19/2010,12386.04,87.6473
10/20/2010,12389.96,87.7383
10/21/2010,12520.42,87.9854
10/22/2010,12457.54,88.2458
10/25/2010,12485.42,87.5966
10/26/2010,12410.75,87.7011
10/27/2010,12340.46,87.8024
10/28/2010,12382.71,87.8529
10/29/2010,12383.89,88.0638
11/1/2010,12424.86,88.1993
11/2/2010,12511.26,88.2057
11/3/2010,12497.56,87.9044
11/4/2010,12661.75,88.1177
11/5/2010,12541.46,87.7322
11/8/2010,12396.12,87.7367
11/9/2010,12421.33,87.7507
11/10/2010,12243.64,87.8057
11/11/2010,12206.66,87.6479
11/12/2010,12235.68,87.0384
11/15/2010,12212.3,86.932
11/16/2010,12197.34,86.5728
11/17/2010,12140.18,85.8723
11/18/2010,12203.7,85.5969
11/19/2010,12255.28,85.0024
11/22/2010,12192.05,85.5746
11/23/2010,12129.3,86.8973
11/24/2010,11959.96,86.6654
11/25/2010,11944.66,86.5589
11/26/2010,11919.98,86.995
11/29/2010,11867.78,87.0254
11/30/2010,11765.09,86.8931
12/1/2010,11812.03,86.8615
12/2/2010,11857.07,87.1422
12/3/2010,11924.57,87.5634
12/6/2010,11983.86,87.7834
12/7/2010,12030.63,87.6522
12/8/2010,11911.96,87.882
12/9/2010,11919.04,88.2376
12/10/2010,11947.46,88.516
12/13/2010,11961.04,88.8776
12/14/2010,12104.46,88.666
12/15/2010,12061.15,88.5871
12/16/2010,11964.29,88.7483
12/17/2010,11976.33,88.4438
12/20/2010,11886,88.5659
12/21/2010,11894.14,88.634
12/22/2010,11856.37,88.517
12/23/2010,11824.28,88.7689
12/24/2010,11842.02,88.4641
12/27/2010,11866.25,88.3103
12/28/2010,11898.93,88.1011
12/29/2010,11822.75,87.8555
12/30/2010,11933.16,88.049
12/31/2010,12002.14,87.7579
1/3/2011,11979.69,87.6592
1/4/2011,12053.57,87.9198
1/5/2011,11862.2,88.2942
1/6/2011,11778.06,88.4383
1/7/2011,11703.25,88.4774
1/10/2011,11738.82,88.1201
1/11/2011,11756.42,88.0186
1/12/2011,11715.84,87.7873
1/13/2011,11967.43,87.8821
1/14/2011,12030.62,87.7234
1/17/2011,12085.48,87.8665
1/18/2011,12103.98,87.9777
1/19/2011,12228.87,87.7058
1/20/2011,12209.23,87.7885
1/21/2011,12251.25,87.3678
1/24/2011,12319.03,87.3644
1/25/2011,12305.86,87.1899
1/26/2011,12365.11,87.95
1/27/2011,12391.33,87.7205
1/28/2011,12379.37,87.9824
1/31/2011,12401.38,88.0039
2/1/2011,12418.7,87.3341
2/2/2011,12462.41,87.2855
2/3/2011,12436.82,87.3638
2/4/2011,12210.64,87.7144
2/7/2011,12114.61,87.4477
2/8/2011,12155.4,87.6274
2/9/2011,12180.12,87.2554
2/10/2011,12165.92,87.0359
2/11/2011,12107.49,86.8759
2/14/2011,11978.93,86.8719
2/15/2011,12015.55,87.0396
2/16/2011,12008.79,87.059
2/17/2011,12035.99,86.8513
2/18/2011,12065.48,87.0114
2/21/2011,12095.94,86.8876
2/22/2011,12131.37,87.0116
2/23/2011,12156.39,86.6953
2/24/2011,12219.39,86.8897
2/25/2011,12162.05,86.7421
2/28/2011,12196.5,86.5719
3/1/2011,12163.51,86.4602
3/2/2011,12171.77,86.465
3/3/2011,12196.03,85.8874
3/4/2011,12285.63,85.7818
3/7/2011,12321.23,85.1193
3/8/2011,12212.12,85.3147
3/9/2011,12217.55,85.0423
3/10/2011,12134.82,85.0035
3/11/2011,12093.52,84.587
3/14/2011,12221.5,84.105
3/15/2011,12254.64,82.6308
3/16/2011,12242.84,82.0094
3/17/2011,12298.92,81.4172
3/18/2011,12393.86,79.3571
3/21/2011,12387.1,81.5326
3/22/2011,12382.64,82.7577
3/23/2011,12312.12,81.7749
3/24/2011,12295.38,81.3184
3/25/2011,12303.36,81.3926
3/28/2011,12231.91,81.3838
3/29/2011,12257.24,81.5665
3/30/2011,12308.75,82.617
3/31/2011,12366.75,83.6043
4/1/2011,12304.27,84.0836
4/4/2011,12343.23,84.4885
4/5/2011,12261.98,84.1628
4/6/2011,12371.78,83.5189
4/7/2011,12387.16,83.4375
4/8/2011,12454.48,83.0578
4/11/2011,12489.76,82.9873
4/12/2011,12520.26,83.2546
4/13/2011,12546.36,83.5591
4/14/2011,12513.34,83.3725
4/15/2011,12520.27,82.5176
4/18/2011,12383.47,82.8921
4/19/2011,12422.61,83.1176
4/20/2011,12554.66,83.3599
4/21/2011,12584.5,84.217
4/26/2011,12639.62,85.5334
4/27/2011,12651.8,84.9995
4/28/2011,12698.33,85.203
4/29/2011,12728.25,85.1596
5/2/2011,12674.04,84.9304
5/3/2011,12640.85,84.801
5/4/2011,12727.06,85.048
5/5/2011,12732.19,85.0067
5/6/2011,12439.65,85.382
5/9/2011,12323.02,85.3233
5/10/2011,12281.91,85.4719
5/11/2011,12236.29,85.5673
5/12/2011,12167.45,85.7492
5/13/2011,12217.61,86.281
5/16/2011,12163.55,86.0648
5/17/2011,12153.35,85.604
5/18/2011,12180.88,85.5773
5/19/2011,12201.08,85.0778
5/20/2011,12166.5,85.7495
5/23/2011,12043.97,85.7317
5/24/2011,12072.47,86.0548
5/25/2011,12091.88,86.1518
5/26/2011,12161.57,86.0096
5/27/2011,12224.56,87.3383
5/30/2011,12198.39,87.0041
5/31/2011,12288.98,86.9709
6/1/2011,12307.4,87.0726
6/2/2011,12352.75,87.0961
6/3/2011,12351.57,86.6049
6/6/2011,12432.61,86.3428
6/7/2011,12471.67,86.586
6/8/2011,12434.21,86.6659
6/9/2011,12454.78,86.3877
6/10/2011,12342.93,86.5197
6/13/2011,12270.32,86.6124
6/14/2011,12333.84,86.4912
6/15/2011,12217.93,86.6352
6/16/2011,12126.46,86.762
6/17/2011,12267.05,87.2396
6/20/2011,12267.45,87.368
6/21/2011,12361.23,87.6342
6/22/2011,12377.65,88.5698
6/23/2011,12226,89.7723
6/24/2011,12232.84,88.8262
6/27/2011,12249.99,88.4991
6/28/2011,12305.45,87.8417
6/29/2011,12412.97,87.2433
6/30/2011,12397.41,86.9636
7/1/2011,12371.01,87.1898
7/4/2011,12358.75,87.2641
7/5/2011,12338.42,87.7985
7/6/2011,12240.27,87.8484
7/7/2011,12174.76,87.4337
7/8/2011,12133.26,87.7986
7/11/2011,12001.35,87.6763
7/12/2011,11992.66,87.8506
7/13/2011,12022.32,87.8526
7/14/2011,12124.96,88.552
7/15/2011,12082.89,88.47
7/18/2011,12024.36,88.9188
7/19/2011,12101.51,89.1126
7/20/2011,12130.21,89.7
7/21/2011,12154.1,89.8628
7/22/2011,12271.33,89.7102
7/25/2011,12258.05,90.2941
7/26/2011,12310.31,90.7033
7/27/2011,12252.42,89.8232
7/28/2011,12125.04,89.4273
7/29/2011,12128.59,90.5182
8/1/2011,12193.12,90.0912
8/2/2011,12022.32,89.3728
8/3/2011,12123.47,89.0005
8/4/2011,12110.12,90.2726
8/5/2011,12141.66,90.3575
8/8/2011,12161.5,90.53
8/9/2011,12251.94,90.6971
8/10/2011,12258.65,90.6436
8/11/2011,12104.71,91.1541
8/12/2011,12200.31,91.2201
8/15/2011,12219.68,91.6256
8/16/2011,12248.05,92.6488
8/17/2011,12329.46,92.9237
8/18/2011,12288.87,92.3951
8/19/2011,12320.66,92.6114
8/22/2011,12315,92.3864
8/23/2011,12355.53,92.6665
8/24/2011,12351.89,92.5749
8/25/2011,12398.41,92.7083
8/26/2011,12339.77,92.8803
8/29/2011,12382.59,92.7111
8/30/2011,12305.47,92.4264
8/31/2011,12325.63,91.6517
9/1/2011,12160.7,92.0047
9/2/2011,12161.81,91.8449
9/5/2011,12060.21,92.3873
9/6/2011,12067.58,92.8616
9/7/2011,12016.44,92.5608
9/8/2011,12023.98,92.562
9/9/2011,11883.87,92.5048
9/12/2011,11773.44,92.7096
9/13/2011,11881.56,92.4309
9/14/2011,12058.95,91.8917
9/15/2011,12121.04,91.9168
9/16/2011,12077.4,92.6707
9/19/2011,12222.38,92.7473
9/20/2011,12204.88,93.3349
9/21/2011,12378.35,93.2066
9/22/2011,12246.5,92.9321
9/23/2011,12184.38,92.6664
9/26/2011,12269.23,92.6619
9/27/2011,12156.12,93.2218
9/28/2011,12224.27,93.7644
9/29/2011,12179.8,94.5281
9/30/2011,12253.97,93.8843
10/3/2011,11857.04,94.239
10/4/2011,11732.79,94.1034
10/5/2011,11883.71,93.4718
10/6/2011,11839.07,93.3097
10/7/2011,11948.17,94.0149
10/10/2011,12124.42,94.564
10/11/2011,12159.79,94.4593
10/12/2011,12260.14,94.0105
10/13/2011,12179.44,93.9214
10/14/2011,12229.36,94.3425
10/17/2011,12147.13,94.6711
10/18/2011,12061.31,94.5812
10/19/2011,12167.82,94.3662
10/20/2011,12181.59,94.7285
10/21/2011,12228.04,94.2663
10/24/2011,12261.46,94.6406
10/25/2011,12313.19,94.9549
10/26/2011,12359.71,94.9924
10/27/2011,12381.61,94.9012
10/28/2011,12448.3,95.013
10/31/2011,12397.32,95.1817
11/1/2011,12121.45,95.2361
11/2/2011,12331.89,94.7825
11/3/2011,12351.18,94.6243
11/4/2011,12328.18,94.6407
11/7/2011,12312.98,94.6174
11/8/2011,12306.11,94.4772
11/9/2011,12145.7,94.3485
11/10/2011,12213.11,94.531
11/11/2011,12235.32,94.3486
11/14/2011,12245.16,94.5698
11/15/2011,12170.68,93.946
11/16/2011,12167.91,90.4561
11/17/2011,12152.23,89.6366
11/18/2011,12244.66,92.0119
11/21/2011,12143.28,90.1995
11/22/2011,12251.89,90.0803
11/23/2011,12112.3,89.2982
11/24/2011,12280.94,89.4499
11/25/2011,11994.71,88.5554
11/28/2011,12183.43,88.7883
11/29/2011,12211.39,89.7077
11/30/2011,12225.17,90.3073
12/1/2011,12136.5,89.6321
12/2/2011,12167.3,89.3098
12/5/2011,12142.16,89.7658
12/6/2011,12124.79,89.1573
12/7/2011,12081.19,88.9274
12/8/2011,12064.99,88.9415
12/9/2011,12105.19,88.8025
12/12/2011,11987.73,89.0307
12/13/2011,12005.28,88.5415
12/14/2011,11953.84,88.7295
12/15/2011,11860.77,89.4655
12/16/2011,11805.04,90.1451
12/19/2011,11825.13,89.6817
12/20/2011,11878.68,89.6789
12/21/2011,11841.23,89.7157
12/22/2011,11820.58,89.9544
12/23/2011,11824.07,89.8662
12/27/2011,12029.6,90.2193
12/28/2011,12026.24,90.3009
12/29/2011,11861.52,90.18
12/30/2011,11731.47,90.3695
1/2/2012,11744,91.2905
1/3/2012,12017.7,91.5621
1/4/2012,11844.15,91.8623
1/5/2012,11800.87,92.0635
1/6/2012,11632.55,92.1039
1/9/2012,11644.03,92.3095
1/10/2012,11722.29,91.833
1/11/2012,11649.95,91.9893
1/12/2012,11681.89,91.4663
1/13/2012,11700.55,90.7726
1/16/2012,11655.62,91.2847
1/17/2012,11645.75,91.3834
1/18/2012,11614.78,91.6881
1/19/2012,11590.53,91.652
1/20/2012,11541.85,91.5022
1/23/2012,11644.38,92.123
1/24/2012,11706.35,92.4207
1/25/2012,11507.66,92.1877
1/26/2012,11775.79,92.1146
1/27/2012,11809.33,91.6441
1/30/2012,11837.85,91.7592
1/31/2012,11835.56,91.6317
2/1/2012,11828.48,91.6914
2/2/2012,11726.06,91.9605
2/3/2012,11805.66,91.854
2/6/2012,11718.28,91.6608
2/7/2012,11791.87,91.5392
2/8/2012,11791.74,91.8907
2/9/2012,11855.69,91.9888
2/10/2012,11848.61,92.1018
2/13/2012,11926.83,91.8851
2/14/2012,11856.43,91.5283
2/15/2012,11779.18,92.059
2/16/2012,11701.24,91.7817
2/17/2012,11888.19,92.0727
2/20/2012,11934.57,91.7435
2/21/2012,11888.2,91.3797
2/22/2012,11976.74,91.7287
2/23/2012,12051.58,91.7424
2/24/2012,12270.39,91.8929
2/27/2012,12246.01,91.6537
2/28/2012,12146.01,91.8079
2/29/2012,12158.52,91.8832
3/1/2012,12097.04,91.7461
3/2/2012,12020,91.8361
3/5/2012,12069.54,91.6088
3/6/2012,12080.27,91.6434
3/7/2012,12037.6,91.7639
3/8/2012,12097.94,91.6392
3/9/2012,12047.8,92.0775
3/12/2012,12010.83,91.7354
3/13/2012,11978.56,91.9379
3/14/2012,11977.4,91.4389
3/15/2012,11975.03,91.4499
3/16/2012,11997.04,90.8162
3/19/2012,11998.52,90.3662
3/20/2012,12083.74,90.8921
3/21/2012,12107.49,90.9634
3/22/2012,12073.29,90.8341
3/23/2012,12127.58,91.0096
3/26/2012,12184.35,91.2377
3/27/2012,12208.57,90.9952
3/28/2012,12232.74,91.072
3/29/2012,12164.39,90.9758
3/30/2012,12245.24,91.1455
4/2/2012,12174.94,91.5115
4/3/2012,12167.71,91.513
4/4/2012,12029.85,91.5345
4/5/2012,11945.92,91.4849
4/10/2012,12014.32,91.9333
4/11/2012,12021.89,91.9156
4/12/2012,12055.3,91.8261
4/13/2012,12015.39,91.7716
4/16/2012,11947.71,91.5849
4/17/2012,12051.8,91.786
4/18/2012,12018.8,91.8721
4/19/2012,12014.26,92.0547
4/20/2012,12108.96,91.9918
4/23/2012,12061.21,91.8581
4/24/2012,12095.57,91.5817
4/25/2012,12149.96,91.5768
4/26/2012,12140.68,91.2942
4/27/2012,12151.76,91.2747
4/30/2012,12139.14,91.4351
5/2/2012,12085.32,91.2368
5/3/2012,12139.98,91.3684
5/4/2012,12110.53,91.2769
5/7/2012,12000.71,91.0666
5/8/2012,12002.59,91.1036
5/9/2012,11951.56,91.073
5/10/2012,11954.38,90.7338
5/11/2012,11893.41,90.9179
5/14/2012,11895.8,90.9949
5/15/2012,11897.19,90.9022
5/16/2012,11772.46,91.0563
5/17/2012,11723.02,90.8007
5/18/2012,11909.1,90.1868
5/21/2012,11861.21,90.1308
5/22/2012,11843.07,89.691
5/23/2012,11787.6,89.7367
5/24/2012,11828.69,89.5932
5/25/2012,11947.18,89.4325
5/28/2012,11814.52,89.4499
5/29/2012,11886.57,89.4802
5/30/2012,11976.3,89.5712
5/31/2012,11816.1,89.9241
6/1/2012,11722.21,90.4154
6/4/2012,11730.51,90.3861
6/5/2012,11734.95,90.3141
6/6/2012,11711.99,90.5072
6/7/2012,11864.11,90.6127
6/8/2012,11806.72,90.6516
6/11/2012,11837.27,90.1133
6/12/2012,11770.3,90.4249
6/13/2012,11825.17,90.7603
6/14/2012,11844.46,90.6734
6/15/2012,11863.63,91.2145
6/18/2012,11874.3,91.0761
6/19/2012,11895.61,91.4946
6/20/2012,11997.41,91.3561
6/21/2012,11983.57,91.5951
6/22/2012,11852.41,91.4757
6/25/2012,11836.6,91.4199
6/26/2012,11821.5,91.3998
6/27/2012,11820.88,91.4646
6/28/2012,11762.51,91.1529
6/29/2012,11878.51,90.8176
7/2/2012,11821.43,90.8695
7/3/2012,11794.09,91.2549
7/4/2012,11748.77,90.9255
7/5/2012,11639.91,90.9314
7/6/2012,11679.41,91.1249
7/9/2012,11582.42,91.1117
7/10/2012,11587.96,90.8958
7/11/2012,11558.92,91.0863
7/12/2012,11533.79,90.7522
7/13/2012,11547.93,90.667
7/16/2012,11530.61,90.7974
7/17/2012,11605.97,90.9509
7/18/2012,11587.05,90.9551
7/19/2012,11607.5,90.8838
7/20/2012,11539.91,90.9951
7/23/2012,11476.02,91.1453
7/24/2012,11470.25,91.0251
7/25/2012,11521.26,91.2104
7/26/2012,11622.38,91.169
7/27/2012,11660.03,91.1291
7/30/2012,11591.31,91.388
7/31/2012,11606.59,90.9878
8/1/2012,11618.25,90.7959
8/2/2012,11686.68,90.8259
8/3/2012,11597.39,90.6152
8/6/2012,11720.81,90.5875
8/7/2012,11770.39,90.6765
8/8/2012,11685.79,90.6682
8/9/2012,11652.07,90.5726
8/10/2012,11632.35,90.6007
8/13/2012,11710,90.1343
8/14/2012,11721.86,89.7555
8/15/2012,11668.81,89.4133
8/16/2012,11660.38,89.3017
8/17/2012,11728.32,88.4757
8/20/2012,11686.5,88.7417
8/21/2012,11794.58,88.78
8/22/2012,11826.61,89.196
8/23/2012,11904.63,89.1402
8/24/2012,11898.61,89.2066
8/27/2012,11929.82,88.6416
8/28/2012,11967.2,88.6934
8/29/2012,11986.13,88.6309
8/30/2012,11993.96,88.3553
8/31/2012,12042.49,88.4516
9/3/2012,12007.25,89.0548
9/4/2012,12042.66,89.0976
9/5/2012,12048.55,89.1865
9/6/2012,12093.06,89.127
9/7/2012,12168.59,89.5466
9/10/2012,12228.05,89.1637
9/11/2012,12239.56,88.721
9/12/2012,12343.39,89.0228
9/13/2012,12375.34,89.1573
9/14/2012,12447.27,89.1323
9/17/2012,12388.75,89.4598
9/18/2012,12409.61,89.2129
9/19/2012,12407.35,89.3021
9/20/2012,12370.3,89.2921
9/21/2012,12410.27,89.4215
9/24/2012,12351.43,89.0829
9/25/2012,12386.15,89.0188
9/26/2012,12324.62,89.0985
9/27/2012,12335.52,89.1013
9/28/2012,12380.86,88.8767
10/1/2012,12334.98,88.6465
10/2/2012,12388.38,88.7977
10/3/2012,12374.75,88.8985
10/4/2012,12418.81,88.8902
10/5/2012,12467.96,88.7673
10/8/2012,12438.19,89.0333
10/9/2012,12445.44,88.9867
10/10/2012,12385.19,89.09
10/11/2012,12389.32,89.2716
10/12/2012,12438.76,89.4595
10/15/2012,12455.29,90.9099
10/16/2012,12515.85,90.9064
10/17/2012,12577.46,91.7476
10/18/2012,12599.42,92.3506
10/19/2012,12526.16,91.3386
10/22/2012,12552.67,92.0053
10/23/2012,12505.13,91.9907
10/24/2012,12437.74,91.919
10/25/2012,12482.86,92.2372
10/26/2012,12448.82,91.9887
10/29/2012,12389.97,93.4388
10/30/2012,12463.11,93.06
10/31/2012,12481.56,92.7773
11/1/2012,12485.32,92.6976
11/2/2012,12368.1,91.898
11/5/2012,12297.67,91.8045
11/6/2012,12312.93,91.8026
11/7/2012,12251.94,91.8753
11/8/2012,12263.02,92.3008
11/9/2012,12221.96,91.9684
11/12/2012,12243.86,90.8512
11/13/2012,12223.9,91.2694
11/14/2012,12249.52,89.3542
11/15/2012,12276.21,89.597
11/16/2012,12272.52,90.4791
11/19/2012,12288.36,89.688
11/20/2012,12343.73,89.8417
11/21/2012,12337.14,90.0512
11/22/2012,12423.85,91.3005
11/23/2012,12422.81,90.9941
11/26/2012,12472.66,90.6989
11/27/2012,12444.34,90.0942
11/28/2012,12403.25,90.1599
11/29/2012,12490.31,89.8008
11/30/2012,12470.89,89.3204
12/3/2012,12534.89,88.795
12/4/2012,12580.93,89.2234
12/5/2012,12582.01,89.5184
12/6/2012,12591.79,89.3825
12/7/2012,12417.98,89.2544
12/10/2012,12452.8,89.1577
12/11/2012,12519.24,89.3533
12/12/2012,12558.82,89.3569
12/13/2012,12598.62,88.6556
12/14/2012,12609.02,88.4245
12/17/2012,12686.72,88.6884
12/18/2012,12707.71,88.2818
12/19/2012,12836.19,87.8547
12/20/2012,12786.61,87.7665
12/21/2012,12758.09,88.0485
12/24/2012,12762.86,87.6937
12/27/2012,12820.43,87.9149
12/28/2012,12705.29,87.4805
12/31/2012,12713.97,87.2218
1/2/2013,12953.91,86.8046
1/3/2013,12648.62,86.6525
1/4/2013,12569.59,86.4809
1/7/2013,12605.28,85.8413
1/8/2013,12655.08,85.8978
1/9/2013,12612.58,86.0699
1/10/2013,12668.61,85.5561
1/11/2013,12789.62,85.4325
1/14/2013,12855.87,85.9251
1/15/2013,12854.28,85.6661
1/16/2013,12820.16,85.6933
1/17/2013,12899.64,85.8035
1/18/2013,12831.19,85.8527
1/21/2013,12812.25,85.2762
1/22/2013,12823.79,85.1383
1/23/2013,12832.9,85.7549
1/24/2013,12847.94,85.2547
1/25/2013,12999.31,85.6574
1/28/2013,13011.59,85.9766
1/29/2013,13003.25,85.3576
1/30/2013,13199.01,85.501
1/31/2013,13141.28,85.313
2/1/2013,13251.54,85.1841
2/4/2013,13112.82,85.2082
2/5/2013,13094.58,85.3226
2/6/2013,13117.76,85.3643
2/7/2013,13144.55,85.3285
2/8/2013,12932.08,85.4029
2/11/2013,12869.99,85.2084
2/12/2013,12960.47,85.1391
2/13/2013,13001.89,84.6665
2/14/2013,12873.4,84.3733
2/15/2013,12885.3,84.4752
2/18/2013,12923.07,84.4845
2/19/2013,12956.12,84.7522
2/20/2013,12940.94,86.2841
2/21/2013,12807.01,86.3099
2/22/2013,12799.65,86.4238
2/25/2013,12911.54,86.0286
2/26/2013,12694.71,86.1073
2/27/2013,12695.41,86.0998
2/28/2013,12702.12,86.003
3/1/2013,12601.05,86.4855
3/4/2013,12636.45,86.5048
3/5/2013,12642.74,86.1759
3/6/2013,12638.96,86.3352
3/7/2013,12612.44,86.5251
3/8/2013,12676.07,86.7848
3/11/2013,12597.2,86.8449
3/12/2013,12646.57,86.6142
3/13/2013,12580.03,86.6804
3/14/2013,12553.58,86.7289
3/15/2013,12701.42,86.7853
3/18/2013,12557.23,86.3797
3/19/2013,12580.16,86.0867
3/20/2013,12588.63,86.0507
3/21/2013,12573.22,85.7821
3/22/2013,12629.65,85.5862
3/25/2013,12599.18,85.1866
3/26/2013,12521.64,85.1825
3/27/2013,12428.01,85.3728
3/28/2013,12447.96,85.5524
4/2/2013,12505.14,85.4194
4/3/2013,12504.21,85.4225
4/4/2013,12507.32,85.0554
4/5/2013,12615.11,84.706
4/8/2013,12693.68,84.9893
4/9/2013,12677.64,84.4546
4/10/2013,12678.54,84.4177
4/11/2013,12737.87,84.2729
4/12/2013,12670.52,84.0016
4/15/2013,12712.6,83.5459
4/16/2013,12760.76,82.8912
4/17/2013,12750.79,82.8184
4/18/2013,12675.98,82.6802
4/19/2013,12732.68,82.3681
4/22/2013,12667.88,81.8002
4/23/2013,12632.5,82.0176
4/24/2013,12637.76,81.9732
4/25/2013,12709.69,81.8058
4/26/2013,12635.02,81.598
4/29/2013,12743.73,81.7877
4/30/2013,12705.3,82.0851
5/2/2013,12844.32,82.1313
5/3/2013,12774.64,82.582
5/6/2013,12758.36,82.7571
5/7/2013,12761.02,83.02
5/8/2013,12779.48,83.3549
5/9/2013,12780.74,83.0971
5/10/2013,12645.9,83.0754
5/13/2013,12634.69,83.0375
5/14/2013,12642,82.7594
5/15/2013,12549.23,82.7057
5/16/2013,12578.24,82.9678
5/17/2013,12554.93,82.577
5/20/2013,12548.08,82.7736
5/21/2013,12560.14,82.4819
5/22/2013,12619.13,82.5426
5/23/2013,12608.68,82.4619
5/24/2013,12675.22,82.4978
5/27/2013,12676.25,82.2786
5/28/2013,12679.69,82.0394
5/29/2013,12695.06,81.9512
5/30/2013,12700.66,81.155
5/31/2013,12742.47,81.0314
6/3/2013,12753.98,81.0209
6/4/2013,12836.54,80.9477
6/5/2013,12813.67,81.0038
6/6/2013,12847.93,81.1021
6/7/2013,12998,80.8616
6/10/2013,13158.79,80.6097
6/11/2013,13038.61,80.5376
6/12/2013,13090.63,80.4797
6/13/2013,13155.71,80.8533
6/14/2013,13139.52,80.9592
6/17/2013,13185.8,80.9909
6/18/2013,13246.45,81.4829
6/19/2013,13282.17,81.5451
6/20/2013,13100.18,81.8835
6/21/2013,13088.24,81.5557
6/24/2013,12997.2,81.6929
6/25/2013,13039.26,81.9666
6/26/2013,12977,82.1205
6/27/2013,12936.06,82.3933
6/28/2013,12980.41,82.4313
7/1/2013,12976.37,82.6748
7/2/2013,12931.59,82.3994
7/3/2013,12881.45,82.5469
7/4/2013,12906.59,82.7723
7/5/2013,12851.2,82.4235
7/8/2013,12793.67,82.5672
7/9/2013,12802.21,82.5652
7/10/2013,12768.65,82.9318
7/11/2013,13001.45,83.1532
7/12/2013,13021.77,83.0076
7/15/2013,13034.32,83.015
7/16/2013,13278.42,83.0545
7/17/2013,13192.75,82.6716
7/18/2013,13257.46,83.101
7/19/2013,13224.81,83.3586
7/22/2013,13251.38,83.0215
7/23/2013,13475.3,82.6296
7/24/2013,13617.35,82.3476
7/25/2013,13562.29,82.2561
7/26/2013,13625.16,82.4078
7/29/2013,13627.27,82.495
7/30/2013,13647.83,82.4907
7/31/2013,13621.57,82.3288
8/1/2013,13606.09,81.4172
8/2/2013,13581.57,81.4005
8/5/2013,13635.34,81.4154
8/6/2013,13656.94,80.5698
8/7/2013,13683.68,80.5609
8/8/2013,13743.95,79.8218
8/9/2013,13746.62,80.3359
8/12/2013,13677.29,80.7028
8/13/2013,13690.22,80.6734
8/14/2013,13667.59,80.8533
8/15/2013,13833.39,80.5477
8/16/2013,14014.2,80.409
8/19/2013,14090.74,80.4578
8/20/2013,14367.74,80.3463
8/21/2013,14504.51,80.5104
8/22/2013,14838.6,81.0081
8/23/2013,14723.8,80.6691
8/26/2013,14864.11,80.4965
8/27/2013,15113.86,80.8548
8/28/2013,14961.99,80.8662
8/29/2013,14791.09,80.7012
8/30/2013,14918.52,80.2334
9/2/2013,15038,80.4719
9/3/2013,15090.59,80.3401
9/4/2013,15083.43,80.4404
9/5/2013,15320.53,80.359
9/6/2013,15161.44,80.5311
9/9/2013,15117.97,80.8544
9/10/2013,14974.81,80.6745
9/11/2013,15048.94,80.5841
9/12/2013,14839.9,80.2814
9/13/2013,14921.54,80.5263
9/16/2013,14855.82,80.8853
9/17/2013,14935.24,80.9182
9/18/2013,14803.24,80.8686
9/19/2013,14707.55,81.007
9/20/2013,14974.07,81.0788
9/23/2013,15081.11,81.2128
9/24/2013,15149.99,81.1021
9/25/2013,15497.56,81.285
9/26/2013,15174.79,81.0891
9/27/2013,15334.6,81.0381
9/30/2013,15425.27,81.2334
10/1/2013,15390.11,81.0559
10/2/2013,15305.17,81.1596
10/3/2013,15362.7,80.9608
10/4/2013,15281.81,80.8721
10/7/2013,15225.87,80.6891
10/8/2013,15153.04,80.5862
10/9/2013,15068.43,80.0134
10/10/2013,15057.06,80.0573
10/11/2013,14790.73,79.9716
10/14/2013,14812.7,80.4629
10/15/2013,14760.61,80.5311
10/16/2013,14900.12,80.5228
10/17/2013,14835.57,80.4502
10/18/2013,15502.27,80.2559
10/21/2013,14864.23,80.4582
10/22/2013,14817.95,80.9467
10/23/2013,15081.82,80.5416
10/24/2013,14961.56,80.2514
10/25/2013,15175.04,80.661
10/28/2013,15234.68,81.017
10/29/2013,15286.09,81.0886
10/30/2013,15276.59,81.4075
10/31/2013,15375.34,81.154
11/1/2013,15308.2,81.0594
11/4/2013,15335.55,81.2321
11/5/2013,15321.19,81.1735
11/6/2013,15250.44,81.1896
11/7/2013,15228.6,81.3066
11/8/2013,15323.63,81.3179
11/11/2013,15483.47,81.3401
11/12/2013,15468.68,81.6448
11/13/2013,15319.84,81.3
11/14/2013,15309.83,81.0854
11/15/2013,15640.52,81.2451
11/18/2013,15723.75,81.3096
11/19/2013,15658.94,81.2468
11/20/2013,15571.02,81.7048
11/21/2013,15765.61,81.5797
11/22/2013,15509.47,81.7159
11/25/2013,15878.01,81.7878
11/26/2013,15935.3,81.5282
11/27/2013,16038.43,81.5898
11/28/2013,16025.14,81.1775
11/29/2013,15980.55,81.3428
12/2/2013,15931.87,81.5342
12/3/2013,15945.05,81.4635
12/4/2013,16174.91,81.3681
12/5/2013,16245.79,81.8229
12/6/2013,16298.17,81.975
12/9/2013,16240.3,81.9289
12/10/2013,16371.02,82.0909
12/11/2013,16399.75,82.1193
12/12/2013,16596.36,82.2739
12/13/2013,16496.17,82.5491
12/16/2013,16507.61,82.5649
12/17/2013,16471.3,82.7804
12/18/2013,16594.88,83.0107
12/19/2013,16525.38,83.1485
12/20/2013,16651.42,83.079
12/23/2013,16607.59,83.1993
12/24/2013,16622.42,83.2764
12/27/2013,16830.69,83.5606
12/30/2013,16839.12,83.3365
12/31/2013,16764.78,83.4795
1/2/2014,16597.95,83.8328
1/3/2014,16533.2,83.9105
1/6/2014,16546.23,84.0862
1/7/2014,16431.21,83.8094
1/8/2014,16371.55,84.0956
1/9/2014,16593.03,84.192
1/10/2014,16325.8,84.4093
1/13/2014,16157.79,84.1016
1/14/2014,16189.21,84.1404
1/15/2014,16442.91,84.2972
1/16/2014,16481.01,84.5202
1/17/2014,16426.99,84.7246
1/20/2014,16406.48,84.4471
1/21/2014,16413.82,83.2186
1/22/2014,16472.27,83.9088
1/23/2014,16592.15,83.8631
1/24/2014,16646.74,83.8195
1/27/2014,16616.78,83.3731
1/28/2014,16573.22,83.1266
1/29/2014,16548.36,82.6985
1/30/2014,16551.39,82.4615
1/31/2014,16464.58,83.026
2/3/2014,16521.49,83.3854
2/4/2014,16496.93,82.7002
2/5/2014,16456.78,82.9192
2/6/2014,16453.65,82.5795
2/7/2014,16507.53,82.6469
2/10/2014,16601.28,82.7865
2/11/2014,16609.27,82.912
2/12/2014,16401.46,82.719
2/13/2014,16389.37,83.6234
2/14/2014,16208.53,83.84
2/17/2014,16144.27,82.9015
2/18/2014,16263.96,83.3449
2/19/2014,16153.51,82.5252
2/20/2014,16178.08,82.781
2/21/2014,16097.5,80.9679
2/24/2014,15994.06,81.3803
2/25/2014,16013.75,81.2921
2/26/2014,15942.91,80.414
2/27/2014,15930.48,81.8392
2/28/2014,16038.85,81.4913
3/3/2014,15969.5,81.9334
3/4/2014,15957.11,82.1556
3/5/2014,15910.53,81.552
3/6/2014,15742.26,79.8257
3/7/2014,15821.42,74.5306
3/10/2014,15856.59,75.6566
3/11/2014,15850.27,75.2698
3/12/2014,15927.57,75.2654
3/13/2014,15887.41,73.276
3/14/2014,15731.14,73.9633
3/17/2014,15702.84,73.193
3/18/2014,15718.74,73.4399
3/19/2014,15740.61,72.8806
3/20/2014,15819.99,73.4083
3/21/2014,15741.7,70.6661
3/24/2014,15676.58,68.9472
3/25/2014,15736.58,69.1394
3/26/2014,15736.96,68.6509
3/27/2014,15705.09,67.8058
3/28/2014,15607.64,67.2029
3/31/2014,15663.17,67.2032
4/1/2014,15595.18,66.2666
4/2/2014,15578,65.2767
4/3/2014,15582.21,65.5422
4/4/2014,15510.85,65.9253
4/7/2014,15510.31,66.6947
4/8/2014,15547.28,66.1219
4/9/2014,15656.76,65.4496
4/10/2014,15830,67.6813
4/11/2014,15868.51,68.7408
4/14/2014,15814.51,70.2756
4/15/2014,15770.39,73.6028
4/16/2014,15829.21,73.8354
4/17/2014,15822.52,72.5893
4/22/2014,15933.19,70.7826
4/23/2014,16090.61,71.2773
4/24/2014,16044,71.1279
4/25/2014,16008.8,71.0828
4/28/2014,16062.02,70.0739
4/29/2014,15967.87,70.9856
4/30/2014,16011.07,69.657
5/2/2014,15952.49,70.5782
5/5/2014,15980.13,70.1494
5/6/2014,16059.02,70.6739
5/7/2014,16120.38,71.6231
5/8/2014,16100.46,71.2502
5/9/2014,15841.14,71.8025
5/12/2014,15858.49,72.7401
5/13/2014,15783.63,73.1895
5/14/2014,15667.67,72.021
5/15/2014,15599.43,72.1952
5/16/2014,15600.08,71.3992
5/19/2014,15656.47,71.0615
5/20/2014,15708.55,71.9626
5/21/2014,15739.09,71.4762
5/22/2014,15756.7,72.5977
5/23/2014,15827.76,71.6035
5/26/2014,15787.45,72.2386
5/27/2014,15813.84,71.5927
5/28/2014,15836.99,71.4987
5/29/2014,15815.45,71.2005
5/30/2014,15927.2,71.001
6/2/2014,16025.65,70.7933
6/3/2014,16104.42,70.7827
6/4/2014,16198.63,71.0848
6/5/2014,16046.28,69.0335
6/6/2014,16140.56,69.4233
6/9/2014,16027.08,68.8937
6/10/2014,15994.24,69.3728
6/11/2014,16000.89,68.853
6/12/2014,15945.61,68.6119
6/13/2014,15962.62,68.3499
6/16/2014,15999.04,68.289
6/17/2014,16137.22,67.8493
6/18/2014,16251.79,68.5435
6/19/2014,16254.03,66.7428
6/20/2014,16266.76,68.3422
6/23/2014,16297.11,68.0853
6/24/2014,16328.71,68.4208
6/25/2014,16458.09,69.1007
6/26/2014,16469.46,68.9454
6/27/2014,16368.96,68.8369
6/30/2014,16248.15,68.9879
7/1/2014,16251.94,69.687
7/2/2014,16272.8,69.4071
7/3/2014,16278.74,69.8304
7/4/2014,16091.5,69.5266
7/7/2014,15916.64,69.3021
7/8/2014,15801.68,69.0357
7/9/2014,15816.01,69.9642
7/10/2014,15753.59,69.7317
7/11/2014,15756.32,69.0669
7/14/2014,15903.49,68.8302
7/15/2014,15991.34,69.2627
7/16/2014,15832.67,68.996
7/17/2014,15799.64,68.8724
7/18/2014,15716.88,68.9008
7/21/2014,15605.95,67.4726
7/22/2014,15631.21,68.7961
7/23/2014,15473.21,70.0715
7/24/2014,15585.25,71.3249
7/25/2014,15561.78,69.601
7/28/2014,15550.26,69.541
7/29/2014,15568.64,70.8473
7/30/2014,15511.94,70.9884
7/31/2014,15490.58,69.8735
8/1/2014,15822.45,70.0221
8/4/2014,15782.86,70.7992
8/5/2014,15669.57,70.8771
8/6/2014,15749.29,71.5694
8/7/2014,15769.21,71.6408
8/8/2014,15766.43,72.0513
8/11/2014,15674.42,71.5919
8/12/2014,15596.35,74.4393
8/13/2014,15621.81,74.6588
8/14/2014,15612.96,75.8839
8/15/2014,15643.29,75.77
8/18/2014,15638.88,76.0714
8/19/2014,15596.14,75.2206
8/20/2014,15565.29,74.9652
8/21/2014,15499.54,74.6072
8/22/2014,15494.08,74.9372
8/25/2014,15462.78,74.9526
8/26/2014,15432.59,74.8134
8/27/2014,15389.55,74.8055
8/28/2014,15439.93,76.0541
8/29/2014,15437.61,76.8481
9/1/2014,15390.36,76.2466
9/2/2014,15407.39,77.1582
9/3/2014,15472.66,77.1344
9/4/2014,15320.8,77.2511
9/5/2014,15224.67,76.5912
9/8/2014,15180.23,76.6497
9/9/2014,15220.97,76.7771
9/10/2014,15275.61,76.6502
9/11/2014,15325.23,76.2521
9/12/2014,15304.21,76.6759
9/15/2014,15438.38,77.3644
9/16/2014,15483.02,76.8332
9/17/2014,15505.64,76.608
9/18/2014,15477.89,76.7104
9/19/2014,15376.27,75.8111
9/22/2014,15398.32,76.5272
9/23/2014,15421.92,76.0352
9/24/2014,15339.21,76.1913
9/25/2014,15244.83,76.0443
9/26/2014,15343.94,77.185
9/29/2014,15464.08,77.8747
9/30/2014,15366.97,79.0305
10/1/2014,15308.17,78.6177
10/2/2014,15347.27,78.4056
10/3/2014,15388.82,78.5906
10/6/2014,15316.16,77.91
10/7/2014,15425.28,78.0677
10/8/2014,15490.74,77.7999
10/9/2014,15525.58,77.1401
10/10/2014,15464.2,76.8634
10/13/2014,15460.12,76.7343
10/14/2014,15448.97,75.8413
10/15/2014,15483.49,75.5312
10/16/2014,15653.93,75.0751
10/17/2014,15502.4,75.8095
10/20/2014,15347.29,76.8674
10/21/2014,15308.47,76.8646
10/22/2014,15235.87,76.8442
10/23/2014,15257.82,76.8568
10/24/2014,15286.41,76.9239
10/27/2014,15375.22,77.2051
10/28/2014,15457.56,77.1071
10/29/2014,15405.88,76.7455
10/30/2014,15305.96,76.9473
10/31/2014,15169.68,77.4242
11/3/2014,15149.62,77.1727
11/4/2014,15160.11,76.9362
11/5/2014,15223.74,77.0483
11/6/2014,15211.3,77.344
11/7/2014,15115.13,77.0156
11/10/2014,15201.7,78.1658
11/11/2014,15186.49,77.6034
11/12/2014,15190.5,77.3135
11/13/2014,15183.2,77.7886
11/14/2014,15207.35,78.0255
11/17/2014,15240.7,78.1866
11/18/2014,15158.81,78.5141
11/19/2014,15241.84,78.5757
11/20/2014,15234.24,78.4633
11/21/2014,15003.9,78.4142
11/24/2014,15067.59,78.4649
11/25/2014,15103.21,78.2631
11/26/2014,15193.91,78.1836
11/27/2014,15184.96,78.0038
11/28/2014,15284.73,78.6611
12/1/2014,15317.53,78.8799
12/2/2014,15272.2,78.3043
12/3/2014,15167.74,78.0733
12/4/2014,15157.92,78.0667
12/5/2014,15220.71,77.1734
12/8/2014,15153.97,77.456
12/9/2014,15271.39,77.5552
12/10/2014,15298.55,77.7055
12/11/2014,15384,77.1478
12/12/2014,15579.32,76.5745
12/15/2014,15972.98,77.2964
12/16/2014,16144.54,77.1943
12/17/2014,15758.64,76.8482
12/18/2014,15440.5,76.6152
12/19/2014,15254.85,76.7548
12/22/2014,15255.54,76.8074
12/23/2014,15205.81,77.2321
12/24/2014,15214.5,77.71
12/29/2014,15128.58,77.5768
12/30/2014,15099.67,77.2591
12/31/2014,15076.1,77.422
1/2/2015,15073.02,78.9188
1/5/2015,15027.69,78.8997
1/6/2015,15093.06,79.1803
1/7/2015,15041.65,78.9153
1/8/2015,14877.39,78.7057
1/9/2015,14925.34,79.0348
1/12/2015,14878.94,79.1739
1/13/2015,14842.5,78.5324
1/14/2015,14863.25,78.6935
1/15/2015,14674.67,78.9471
1/16/2015,14581.91,79.369
1/19/2015,14643.19,79.2258
1/20/2015,14535.84,79.8845
1/21/2015,14485.19,80.6172
1/22/2015,14481.47,80.4946
1/23/2015,13975.38,80.1243
1/26/2015,14047.63,80.032
1/27/2015,14114.02,80.0983
1/28/2015,14188.57,80.654
1/29/2015,14278.77,80.9329
1/30/2015,14342.1,80.6597
2/2/2015,14370.84,80.5284
2/3/2015,14358.41,80.3792
2/4/2015,14468.38,80.3706
2/5/2015,14389.78,79.2119
2/6/2015,14430.56,80.3202
2/9/2015,14281.55,79.8238
2/10/2015,14344.72,79.3656
2/11/2015,14510.21,78.8668
2/12/2015,14518.77,79.4063
2/13/2015,14566.04,79.3578
2/16/2015,14524.29,79.5306
2/17/2015,14574.79,79.0441
2/18/2015,14646.88,80.0052
2/19/2015,14637.08,79.7949
2/20/2015,14510.22,80.1371
2/23/2015,14607.09,80.1668
2/24/2015,14635.14,80.1664
2/25/2015,14617.03,80.0964
2/26/2015,14537.82,80.5266
2/27/2015,14555.96,80.1094
3/2/2015,14561.42,80.1167
3/3/2015,14513.01,79.8806
3/4/2015,14455.64,78.9273
3/5/2015,14363.07,79.8171
3/6/2015,14182.39,79.5825
3/9/2015,14192.5,79.0836
3/10/2015,14060.34,79.76
3/11/2015,13937.63,78.9219
3/12/2015,13941.23,79.2366
3/13/2015,13969.84,79.2576
3/16/2015,13978.2,79.355
3/17/2015,13997.8,79.5065
3/18/2015,13956.88,79.6828
3/19/2015,13932.02,80.1547
3/20/2015,14074.33,79.7952
3/23/2015,14168.69,80.0416
3/24/2015,14150.43,80.036
3/25/2015,14242.59,79.9039
3/26/2015,14304.58,80.1783
3/27/2015,14138.51,80.121
3/30/2015,14172.71,80.3501
3/31/2015,14053.78,80.4389
4/1/2015,14021.81,80.4534
4/2/2015,14080.56,80.8954
4/7/2015,14091.77,80.7347
4/8/2015,14056.95,80.7181
4/9/2015,13889.01,80.9026
4/10/2015,13665.33,80.9788
4/13/2015,13723.03,81.2838
4/14/2015,13710.09,81.1682
4/15/2015,13686.9,81.4788
4/16/2015,13758.43,81.7723
4/17/2015,13838.67,82.3533
4/20/2015,13840.5,82.1626
4/21/2015,13865.38,82.8287
4/22/2015,13845.22,82.6835
4/23/2015,13947.48,82.7743
4/24/2015,14021.41,82.6984
4/27/2015,14057.78,82.2553
4/28/2015,14149.02,81.7182
4/29/2015,14212.78,81.6094
4/30/2015,14547.71,81.8599
