Date,CAD
1/4/1999,1.8004
1/5/1999,1.7965
1/6/1999,1.7711
1/7/1999,1.7602
1/8/1999,1.7643
1/11/1999,1.7463
1/12/1999,1.7392
1/13/1999,1.8123
1/14/1999,1.7707
1/15/1999,1.7797
1/18/1999,1.7717
1/19/1999,1.7739
1/20/1999,1.7626
1/21/1999,1.7529
1/22/1999,1.7515
1/25/1999,1.762
1/26/1999,1.7609
1/27/1999,1.7526
1/28/1999,1.7374
1/29/1999,1.726
2/1/1999,1.7123
2/2/1999,1.7079
2/3/1999,1.7151
2/4/1999,1.6951
2/5/1999,1.6765
2/8/1999,1.6725
2/9/1999,1.6944
2/10/1999,1.6945
2/11/1999,1.685
2/12/1999,1.6752
2/15/1999,1.6781
2/16/1999,1.6807
2/17/1999,1.688
2/18/1999,1.676
2/19/1999,1.6616
2/22/1999,1.6351
2/23/1999,1.6423
2/24/1999,1.6582
2/25/1999,1.6543
2/26/1999,1.6684
3/1/1999,1.6579
3/2/1999,1.6605
3/3/1999,1.6615
3/4/1999,1.6609
3/5/1999,1.6489
3/8/1999,1.6527
3/9/1999,1.6447
3/10/1999,1.6607
3/11/1999,1.6586
3/12/1999,1.6658
3/15/1999,1.6712
3/16/1999,1.6658
3/17/1999,1.6685
3/18/1999,1.6728
3/19/1999,1.6543
3/22/1999,1.6426
3/23/1999,1.6415
3/24/1999,1.647
3/25/1999,1.6471
3/26/1999,1.6281
3/29/1999,1.6185
3/30/1999,1.6223
3/31/1999,1.6211
4/1/1999,1.6205
4/2/1999,1.6162
4/5/1999,1.6096
4/6/1999,1.614
4/7/1999,1.6246
4/8/1999,1.6215
4/9/1999,1.6202
4/12/1999,1.6281
4/13/1999,1.6049
4/14/1999,1.6103
4/15/1999,1.6114
4/16/1999,1.5851
4/19/1999,1.5759
4/20/1999,1.5825
4/21/1999,1.5775
4/22/1999,1.573
4/23/1999,1.5725
4/26/1999,1.5692
4/27/1999,1.5744
4/28/1999,1.5725
4/29/1999,1.5607
4/30/1999,1.5519
5/3/1999,1.5415
5/4/1999,1.5343
5/5/1999,1.5535
5/6/1999,1.563
5/7/1999,1.5725
5/10/1999,1.5662
5/11/1999,1.5618
5/12/1999,1.5495
5/13/1999,1.554
5/14/1999,1.5561
5/17/1999,1.5683
5/18/1999,1.5585
5/19/1999,1.5598
5/20/1999,1.5593
5/21/1999,1.5442
5/24/1999,1.5458
5/25/1999,1.5481
5/26/1999,1.5446
5/27/1999,1.5374
5/28/1999,1.5463
5/31/1999,1.5411
6/1/1999,1.5405
6/2/1999,1.54
6/3/1999,1.5344
6/4/1999,1.5233
6/7/1999,1.5148
6/8/1999,1.5242
6/9/1999,1.5413
6/10/1999,1.5395
6/11/1999,1.5273
6/14/1999,1.5234
6/15/1999,1.5207
6/16/1999,1.5138
6/17/1999,1.5046
6/18/1999,1.5215
6/21/1999,1.5119
6/22/1999,1.5176
6/23/1999,1.5104
6/24/1999,1.5165
6/25/1999,1.5353
6/28/1999,1.5242
6/29/1999,1.5258
6/30/1999,1.5262
7/1/1999,1.5035
7/2/1999,1.5066
7/5/1999,1.4985
7/6/1999,1.4984
7/7/1999,1.5018
7/8/1999,1.4967
7/9/1999,1.5003
7/12/1999,1.4967
7/13/1999,1.5097
7/14/1999,1.5116
7/15/1999,1.5109
7/16/1999,1.5136
7/19/1999,1.5123
7/20/1999,1.5507
7/21/1999,1.5656
7/22/1999,1.5776
7/23/1999,1.582
7/26/1999,1.6203
7/27/1999,1.6038
7/28/1999,1.6042
7/29/1999,1.6114
7/30/1999,1.6099
8/2/1999,1.6093
8/3/1999,1.5944
8/4/1999,1.6114
8/5/1999,1.6102
8/6/1999,1.6108
8/9/1999,1.6056
8/10/1999,1.6129
8/11/1999,1.5926
8/12/1999,1.5816
8/13/1999,1.5826
8/16/1999,1.5607
8/17/1999,1.5575
8/18/1999,1.5604
8/19/1999,1.5649
8/20/1999,1.5971
8/23/1999,1.5873
8/24/1999,1.5735
8/25/1999,1.5576
8/26/1999,1.5698
8/27/1999,1.5619
8/30/1999,1.5547
8/31/1999,1.5753
9/1/1999,1.5852
9/2/1999,1.5878
9/3/1999,1.5988
9/6/1999,1.5788
9/7/1999,1.5729
9/8/1999,1.5813
9/9/1999,1.5731
9/10/1999,1.5578
9/13/1999,1.524
9/14/1999,1.5235
9/15/1999,1.5325
9/16/1999,1.5324
9/17/1999,1.528
9/20/1999,1.5363
9/21/1999,1.5326
9/22/1999,1.5449
9/23/1999,1.534
9/24/1999,1.5431
9/27/1999,1.5297
9/28/1999,1.5335
9/29/1999,1.5444
9/30/1999,1.5652
10/1/1999,1.57
10/4/1999,1.5809
10/5/1999,1.5678
10/6/1999,1.5774
10/7/1999,1.5759
10/8/1999,1.5656
10/11/1999,1.5656
10/12/1999,1.573
10/13/1999,1.5916
10/14/1999,1.5946
10/15/1999,1.6094
10/18/1999,1.618
10/19/1999,1.6155
10/20/1999,1.6032
10/21/1999,1.6072
10/22/1999,1.5907
10/25/1999,1.5809
10/26/1999,1.5626
10/27/1999,1.554
10/28/1999,1.5508
10/29/1999,1.5419
11/1/1999,1.5526
11/2/1999,1.5395
11/3/1999,1.541
11/4/1999,1.5378
11/5/1999,1.5176
11/8/1999,1.526
11/9/1999,1.532
11/10/1999,1.5289
11/11/1999,1.5275
11/12/1999,1.5082
11/15/1999,1.5076
11/16/1999,1.515
11/17/1999,1.5238
11/18/1999,1.522
11/19/1999,1.5053
11/22/1999,1.5089
11/23/1999,1.511
11/24/1999,1.4981
11/25/1999,1.4971
11/26/1999,1.4809
11/29/1999,1.4837
11/30/1999,1.4868
12/1/1999,1.4882
12/2/1999,1.4877
12/3/1999,1.4823
12/6/1999,1.5078
12/7/1999,1.5087
12/8/1999,1.5134
12/9/1999,1.5046
12/10/1999,1.4968
12/13/1999,1.4966
12/14/1999,1.4866
12/15/1999,1.4867
12/16/1999,1.504
12/17/1999,1.4963
12/20/1999,1.4944
12/21/1999,1.4932
12/22/1999,1.4877
12/23/1999,1.489
12/24/1999,1.4919
12/27/1999,1.4868
12/28/1999,1.4678
12/29/1999,1.4613
12/30/1999,1.4608
1/3/2000,1.4577
1/4/2000,1.4936
1/5/2000,1.5065
1/6/2000,1.5091
1/7/2000,1.501
1/10/2000,1.4873
1/11/2000,1.4963
1/12/2000,1.5017
1/13/2000,1.4897
1/14/2000,1.4819
1/17/2000,1.4651
1/18/2000,1.4626
1/19/2000,1.4647
1/20/2000,1.4625
1/21/2000,1.4607
1/24/2000,1.446
1/25/2000,1.4444
1/26/2000,1.4405
1/27/2000,1.4331
1/28/2000,1.4178
1/31/2000,1.4195
2/1/2000,1.4121
2/2/2000,1.4098
2/3/2000,1.4045
2/4/2000,1.4182
2/7/2000,1.4045
2/8/2000,1.4354
2/9/2000,1.4334
2/10/2000,1.4317
2/11/2000,1.4173
2/14/2000,1.4308
2/15/2000,1.4259
2/16/2000,1.4279
2/17/2000,1.4409
2/18/2000,1.4288
2/21/2000,1.4317
2/22/2000,1.4586
2/23/2000,1.4754
2/24/2000,1.4479
2/25/2000,1.4265
2/28/2000,1.3969
2/29/2000,1.4097
3/1/2000,1.3968
3/2/2000,1.4123
3/3/2000,1.4051
3/6/2000,1.3976
3/7/2000,1.3939
3/8/2000,1.3917
3/9/2000,1.402
3/10/2000,1.3981
3/13/2000,1.4166
3/14/2000,1.4054
3/15/2000,1.4142
3/16/2000,1.417
3/17/2000,1.4277
3/20/2000,1.4282
3/21/2000,1.4259
3/22/2000,1.4106
3/23/2000,1.4203
3/24/2000,1.4238
3/27/2000,1.4207
3/28/2000,1.406
3/29/2000,1.3935
3/30/2000,1.3922
3/31/2000,1.3879
4/3/2000,1.3873
4/4/2000,1.3842
4/5/2000,1.4078
4/6/2000,1.3946
4/7/2000,1.3917
4/10/2000,1.3989
4/11/2000,1.4017
4/12/2000,1.4018
4/13/2000,1.3931
4/14/2000,1.4063
4/17/2000,1.4184
4/18/2000,1.4142
4/19/2000,1.3994
4/20/2000,1.3815
4/25/2000,1.3724
4/26/2000,1.3492
4/27/2000,1.3543
4/28/2000,1.3457
5/2/2000,1.3465
5/3/2000,1.3252
5/4/2000,1.336
5/5/2000,1.3457
5/8/2000,1.333
5/9/2000,1.3418
5/10/2000,1.3593
5/11/2000,1.3565
5/12/2000,1.3431
5/15/2000,1.3608
5/16/2000,1.3475
5/17/2000,1.3289
5/18/2000,1.3443
5/19/2000,1.3324
5/22/2000,1.345
5/23/2000,1.3616
5/24/2000,1.3714
5/25/2000,1.36
5/26/2000,1.3733
5/29/2000,1.3915
5/30/2000,1.4065
5/31/2000,1.3982
6/1/2000,1.3958
6/2/2000,1.3944
6/5/2000,1.3905
6/6/2000,1.4017
6/7/2000,1.4093
6/8/2000,1.4271
6/9/2000,1.3982
6/12/2000,1.4058
6/13/2000,1.4102
6/14/2000,1.4168
6/15/2000,1.4011
6/16/2000,1.4097
6/19/2000,1.4143
6/20/2000,1.3998
6/21/2000,1.394
6/22/2000,1.3876
6/23/2000,1.3876
6/26/2000,1.3873
6/27/2000,1.3939
6/28/2000,1.394
6/29/2000,1.4052
6/30/2000,1.4157
7/3/2000,1.4049
7/4/2000,1.4054
7/5/2000,1.4179
7/6/2000,1.4197
7/7/2000,1.407
7/10/2000,1.4098
7/11/2000,1.4066
7/12/2000,1.4034
7/13/2000,1.3861
7/14/2000,1.3863
7/17/2000,1.3877
7/18/2000,1.3849
7/19/2000,1.3595
7/20/2000,1.3625
7/21/2000,1.3783
7/24/2000,1.37
7/25/2000,1.3803
7/26/2000,1.3772
7/27/2000,1.3773
7/28/2000,1.3663
7/31/2000,1.3702
8/1/2000,1.3794
8/2/2000,1.3544
8/3/2000,1.3372
8/4/2000,1.3424
8/7/2000,1.3575
8/8/2000,1.3452
8/9/2000,1.3351
8/10/2000,1.3392
8/11/2000,1.3545
8/14/2000,1.3364
8/15/2000,1.3564
8/16/2000,1.3441
8/17/2000,1.3505
8/18/2000,1.3468
8/21/2000,1.3288
8/22/2000,1.3264
8/23/2000,1.3237
8/24/2000,1.3375
8/25/2000,1.3361
8/28/2000,1.3371
8/29/2000,1.3288
8/30/2000,1.322
8/31/2000,1.3141
9/1/2000,1.3102
9/4/2000,1.3255
9/5/2000,1.3109
9/6/2000,1.3032
9/7/2000,1.2873
9/8/2000,1.2884
9/11/2000,1.2716
9/12/2000,1.2751
9/13/2000,1.2801
9/14/2000,1.2956
9/15/2000,1.2815
9/18/2000,1.2658
9/19/2000,1.2699
9/20/2000,1.2549
9/21/2000,1.2671
9/22/2000,1.3251
9/25/2000,1.3054
9/26/2000,1.3029
9/27/2000,1.3206
9/28/2000,1.3241
9/29/2000,1.3198
10/2/2000,1.3235
10/3/2000,1.3212
10/4/2000,1.3098
10/5/2000,1.3146
10/6/2000,1.2997
10/9/2000,1.3069
10/10/2000,1.31
10/11/2000,1.3106
10/12/2000,1.3021
10/13/2000,1.3093
10/16/2000,1.2851
10/17/2000,1.2922
10/18/2000,1.294
10/19/2000,1.272
10/20/2000,1.2774
10/23/2000,1.2679
10/24/2000,1.2679
10/25/2000,1.2644
10/26/2000,1.2491
10/27/2000,1.2666
10/30/2000,1.299
10/31/2000,1.2887
11/1/2000,1.3038
11/2/2000,1.3261
11/3/2000,1.3354
11/6/2000,1.3283
11/7/2000,1.3126
11/8/2000,1.3157
11/9/2000,1.3158
11/10/2000,1.3434
11/13/2000,1.3338
11/14/2000,1.3228
11/15/2000,1.3316
11/16/2000,1.3297
11/17/2000,1.3288
11/20/2000,1.3213
11/21/2000,1.3194
11/22/2000,1.3062
11/23/2000,1.3025
11/24/2000,1.3037
11/27/2000,1.2934
11/28/2000,1.3095
11/29/2000,1.3275
11/30/2000,1.3375
12/1/2000,1.3361
12/4/2000,1.3814
12/5/2000,1.3573
12/6/2000,1.3621
12/7/2000,1.3647
12/8/2000,1.3582
12/11/2000,1.3373
12/12/2000,1.341
12/13/2000,1.3376
12/14/2000,1.3424
12/15/2000,1.362
12/18/2000,1.3681
12/19/2000,1.3587
12/20/2000,1.3807
12/21/2000,1.3924
12/22/2000,1.4053
12/27/2000,1.4062
12/28/2000,1.4022
12/29/2000,1.3965
1/2/2001,1.4115
1/3/2001,1.4266
1/4/2001,1.4141
1/5/2001,1.4348
1/8/2001,1.4212
1/9/2001,1.4063
1/10/2001,1.4082
1/11/2001,1.4259
1/12/2001,1.4244
1/15/2001,1.417
1/16/2001,1.4141
1/17/2001,1.4164
1/18/2001,1.4196
1/19/2001,1.4185
1/22/2001,1.4023
1/23/2001,1.4157
1/24/2001,1.4059
1/25/2001,1.3861
1/26/2001,1.3878
1/29/2001,1.3825
1/30/2001,1.3809
1/31/2001,1.3954
2/1/2001,1.4075
2/2/2001,1.4046
2/5/2001,1.4107
2/6/2001,1.4084
2/7/2001,1.4092
2/8/2001,1.3916
2/9/2001,1.3931
2/12/2001,1.4064
2/13/2001,1.4145
2/14/2001,1.3969
2/15/2001,1.3901
2/16/2001,1.3991
2/19/2001,1.4202
2/20/2001,1.3928
2/21/2001,1.4097
2/22/2001,1.3916
2/23/2001,1.3937
2/26/2001,1.3969
2/27/2001,1.4012
2/28/2001,1.4151
3/1/2001,1.4273
3/2/2001,1.4488
3/5/2001,1.4362
3/6/2001,1.4314
3/7/2001,1.4395
3/8/2001,1.4451
3/9/2001,1.4463
3/12/2001,1.4358
3/13/2001,1.4287
3/14/2001,1.4202
3/15/2001,1.413
3/16/2001,1.4008
3/19/2001,1.4098
3/20/2001,1.412
3/21/2001,1.4138
3/22/2001,1.3975
3/23/2001,1.3973
3/26/2001,1.3952
3/27/2001,1.3962
3/28/2001,1.3935
3/29/2001,1.3884
3/30/2001,1.3904
4/2/2001,1.3808
4/3/2001,1.3974
4/4/2001,1.4208
4/5/2001,1.4204
4/6/2001,1.4075
4/9/2001,1.4095
4/10/2001,1.3949
4/11/2001,1.3765
4/12/2001,1.379
4/17/2001,1.3727
4/18/2001,1.377
4/19/2001,1.3731
4/20/2001,1.3891
4/23/2001,1.3912
4/24/2001,1.3896
4/25/2001,1.3804
4/26/2001,1.3922
4/27/2001,1.3929
4/30/2001,1.37
5/2/2001,1.3641
5/3/2001,1.3656
5/4/2001,1.3686
5/7/2001,1.3686
5/8/2001,1.3677
5/9/2001,1.3602
5/10/2001,1.3627
5/11/2001,1.3529
5/14/2001,1.358
5/15/2001,1.3621
5/16/2001,1.3666
5/17/2001,1.354
5/18/2001,1.3486
5/21/2001,1.3432
5/22/2001,1.3361
5/23/2001,1.3269
5/24/2001,1.3345
5/25/2001,1.324
5/28/2001,1.3253
5/29/2001,1.3167
5/30/2001,1.3194
5/31/2001,1.3146
6/1/2001,1.3009
6/4/2001,1.3046
6/5/2001,1.3005
6/6/2001,1.3047
6/7/2001,1.2878
6/8/2001,1.2864
6/11/2001,1.2884
6/12/2001,1.2915
6/13/2001,1.3014
6/14/2001,1.2925
6/15/2001,1.3244
6/18/2001,1.3122
6/19/2001,1.3124
6/20/2001,1.3072
6/21/2001,1.3076
6/22/2001,1.3002
6/25/2001,1.3099
6/26/2001,1.3085
6/27/2001,1.3033
6/28/2001,1.2955
6/29/2001,1.2927
7/2/2001,1.28
7/3/2001,1.284
7/4/2001,1.2776
7/5/2001,1.2729
7/6/2001,1.2698
7/9/2001,1.2841
7/10/2001,1.298
7/11/2001,1.3102
7/12/2001,1.3024
7/13/2001,1.3093
7/16/2001,1.3209
7/17/2001,1.3083
7/18/2001,1.3242
7/19/2001,1.3432
7/20/2001,1.3531
7/23/2001,1.34
7/24/2001,1.3401
7/25/2001,1.3506
7/26/2001,1.3465
7/27/2001,1.3426
7/30/2001,1.3407
7/31/2001,1.3389
8/1/2001,1.3553
8/2/2001,1.3515
8/3/2001,1.3516
8/6/2001,1.3465
8/7/2001,1.3395
8/8/2001,1.3441
8/9/2001,1.3584
8/10/2001,1.3793
8/13/2001,1.383
8/14/2001,1.3802
8/15/2001,1.3955
8/16/2001,1.3962
8/17/2001,1.4053
8/20/2001,1.4145
8/21/2001,1.4107
8/22/2001,1.4272
8/23/2001,1.4072
8/24/2001,1.4048
8/27/2001,1.4009
8/28/2001,1.3958
8/29/2001,1.4053
8/30/2001,1.4047
8/31/2001,1.4143
9/3/2001,1.4075
9/4/2001,1.3899
9/5/2001,1.3874
9/6/2001,1.3784
9/7/2001,1.3942
9/10/2001,1.4175
9/11/2001,1.3984
9/12/2001,1.4151
9/13/2001,1.4158
9/14/2001,1.4483
9/17/2001,1.4555
9/18/2001,1.4535
9/19/2001,1.455
9/20/2001,1.4524
9/21/2001,1.4385
9/24/2001,1.4372
9/25/2001,1.4382
9/26/2001,1.4475
9/27/2001,1.4478
9/28/2001,1.4418
10/1/2001,1.4407
10/2/2001,1.443
10/3/2001,1.4431
10/4/2001,1.4283
10/5/2001,1.4382
10/8/2001,1.44
10/9/2001,1.4335
10/10/2001,1.4306
10/11/2001,1.4196
10/12/2001,1.4114
10/15/2001,1.4205
10/16/2001,1.411
10/17/2001,1.4121
10/18/2001,1.4211
10/19/2001,1.4204
10/22/2001,1.4136
10/23/2001,1.4008
10/24/2001,1.4033
10/25/2001,1.3992
10/26/2001,1.4027
10/29/2001,1.4199
10/30/2001,1.4281
10/31/2001,1.4347
11/1/2001,1.4486
11/2/2001,1.4464
11/5/2001,1.4272
11/6/2001,1.4282
11/7/2001,1.4354
11/8/2001,1.4324
11/9/2001,1.4278
11/12/2001,1.429
11/13/2001,1.4113
11/14/2001,1.4
11/15/2001,1.4049
11/16/2001,1.4075
11/19/2001,1.3928
11/20/2001,1.4044
11/21/2001,1.4052
11/22/2001,1.4048
11/23/2001,1.4055
11/26/2001,1.41
11/27/2001,1.4
11/28/2001,1.4031
11/29/2001,1.4061
11/30/2001,1.4057
12/3/2001,1.4054
12/4/2001,1.4007
12/5/2001,1.4035
12/6/2001,1.3973
12/7/2001,1.405
12/10/2001,1.3966
12/11/2001,1.4063
12/12/2001,1.4005
12/13/2001,1.4066
12/14/2001,1.414
12/17/2001,1.4129
12/18/2001,1.4141
12/19/2001,1.4169
12/20/2001,1.4155
12/21/2001,1.4145
12/24/2001,1.4044
12/27/2001,1.4134
12/28/2001,1.4077
1/2/2002,1.4436
1/3/2002,1.4422
1/4/2002,1.4305
1/7/2002,1.4212
1/8/2002,1.4267
1/9/2002,1.4231
1/10/2002,1.4254
1/11/2002,1.4292
1/14/2002,1.4252
1/15/2002,1.4209
1/16/2002,1.4027
1/17/2002,1.423
1/18/2002,1.4219
1/21/2002,1.4297
1/22/2002,1.4202
1/23/2002,1.4233
1/24/2002,1.403
1/25/2002,1.3934
1/28/2002,1.383
1/29/2002,1.3697
1/30/2002,1.3712
1/31/2002,1.3672
2/1/2002,1.3709
2/4/2002,1.3747
2/5/2002,1.3881
2/6/2002,1.3879
2/7/2002,1.3902
2/8/2002,1.3956
2/11/2002,1.4015
2/12/2002,1.393
2/13/2002,1.3926
2/14/2002,1.3819
2/15/2002,1.3852
2/18/2002,1.3862
2/19/2002,1.3814
2/20/2002,1.3908
2/21/2002,1.3823
2/22/2002,1.3914
2/25/2002,1.3938
2/26/2002,1.3939
2/27/2002,1.3896
2/28/2002,1.3886
3/1/2002,1.3886
3/4/2002,1.3762
3/5/2002,1.3798
3/6/2002,1.3836
3/7/2002,1.3855
3/8/2002,1.3946
3/11/2002,1.3872
3/12/2002,1.3831
3/13/2002,1.385
3/14/2002,1.4055
3/15/2002,1.4098
3/18/2002,1.3951
3/19/2002,1.3969
3/20/2002,1.3908
3/21/2002,1.3956
3/22/2002,1.3859
3/25/2002,1.3871
3/26/2002,1.3927
3/27/2002,1.3897
3/28/2002,1.3923
4/2/2002,1.4059
4/3/2002,1.401
4/4/2002,1.4029
4/5/2002,1.3997
4/8/2002,1.3957
4/9/2002,1.3985
4/10/2002,1.4023
4/11/2002,1.3978
4/12/2002,1.3989
4/15/2002,1.3964
4/16/2002,1.3974
4/17/2002,1.4014
4/18/2002,1.3986
4/19/2002,1.3992
4/22/2002,1.3974
4/23/2002,1.3953
4/24/2002,1.3959
4/25/2002,1.4032
4/26/2002,1.4034
4/29/2002,1.413
4/30/2002,1.4126
5/2/2002,1.4123
5/3/2002,1.4165
5/6/2002,1.431
5/7/2002,1.4322
5/8/2002,1.4238
5/9/2002,1.4222
5/10/2002,1.4234
5/13/2002,1.4199
5/14/2002,1.4127
5/15/2002,1.4081
5/16/2002,1.4184
5/17/2002,1.4189
5/20/2002,1.4182
5/21/2002,1.4169
5/22/2002,1.4251
5/23/2002,1.4162
5/24/2002,1.4157
5/27/2002,1.4114
5/28/2002,1.4184
5/29/2002,1.4244
5/30/2002,1.4383
5/31/2002,1.4382
6/3/2002,1.4287
6/4/2002,1.4417
6/5/2002,1.4375
6/6/2002,1.4366
6/7/2002,1.4475
6/10/2002,1.4527
6/11/2002,1.4516
6/12/2002,1.4541
6/13/2002,1.4491
6/14/2002,1.4648
6/17/2002,1.4594
6/18/2002,1.4635
6/19/2002,1.4747
6/20/2002,1.4737
6/21/2002,1.4728
6/24/2002,1.4836
6/25/2002,1.4777
6/26/2002,1.4995
6/27/2002,1.4844
6/28/2002,1.5005
7/1/2002,1.504
7/2/2002,1.5032
7/3/2002,1.4943
7/4/2002,1.4995
7/5/2002,1.4875
7/8/2002,1.497
7/9/2002,1.511
7/10/2002,1.5034
7/11/2002,1.5001
7/12/2002,1.5063
7/15/2002,1.5371
7/16/2002,1.5574
7/17/2002,1.5512
7/18/2002,1.5502
7/19/2002,1.5563
7/22/2002,1.5596
7/23/2002,1.5625
7/24/2002,1.5742
7/25/2002,1.5713
7/26/2002,1.5722
7/29/2002,1.5527
7/30/2002,1.5456
7/31/2002,1.5425
8/1/2002,1.5461
8/2/2002,1.5688
8/5/2002,1.5606
8/6/2002,1.5486
8/7/2002,1.5313
8/8/2002,1.5228
8/9/2002,1.529
8/12/2002,1.5368
8/13/2002,1.5435
8/14/2002,1.5426
8/15/2002,1.5252
8/16/2002,1.5315
8/19/2002,1.5249
8/20/2002,1.5387
8/21/2002,1.5308
8/22/2002,1.5224
8/23/2002,1.5105
8/26/2002,1.5097
8/27/2002,1.5154
8/28/2002,1.5283
8/29/2002,1.534
8/30/2002,1.5315
9/2/2002,1.5301
9/3/2002,1.539
9/4/2002,1.5444
9/5/2002,1.5691
9/6/2002,1.5558
9/9/2002,1.529
9/10/2002,1.5315
9/11/2002,1.5386
9/12/2002,1.5425
9/13/2002,1.5521
9/16/2002,1.5318
9/17/2002,1.5217
9/18/2002,1.543
9/19/2002,1.5416
9/20/2002,1.5403
9/23/2002,1.547
9/24/2002,1.5617
9/25/2002,1.5495
9/26/2002,1.5461
9/27/2002,1.5409
9/30/2002,1.5566
10/1/2002,1.5639
10/2/2002,1.5556
10/3/2002,1.5733
10/4/2002,1.5665
10/7/2002,1.5608
10/8/2002,1.559
10/9/2002,1.5668
10/10/2002,1.5719
10/11/2002,1.5648
10/14/2002,1.5648
10/15/2002,1.5531
10/16/2002,1.559
10/17/2002,1.539
10/18/2002,1.5304
10/21/2002,1.53
10/22/2002,1.527
10/23/2002,1.5331
10/24/2002,1.5221
10/25/2002,1.5277
10/28/2002,1.5237
10/29/2002,1.5329
10/30/2002,1.5365
10/31/2002,1.5449
11/1/2002,1.5531
11/4/2002,1.5483
11/5/2002,1.5601
11/6/2002,1.5507
11/7/2002,1.5536
11/8/2002,1.5752
11/11/2002,1.5905
11/12/2002,1.5844
11/13/2002,1.5899
11/14/2002,1.5911
11/15/2002,1.5869
11/18/2002,1.5934
11/19/2002,1.6101
11/20/2002,1.5866
11/21/2002,1.5851
11/22/2002,1.5837
11/25/2002,1.5597
11/26/2002,1.5573
11/27/2002,1.5628
11/28/2002,1.5634
11/29/2002,1.5586
12/2/2002,1.5364
12/3/2002,1.5516
12/4/2002,1.5607
12/5/2002,1.5578
12/6/2002,1.5591
12/9/2002,1.5752
12/10/2002,1.5768
12/11/2002,1.5693
12/12/2002,1.5775
12/13/2002,1.5892
12/16/2002,1.5959
12/17/2002,1.6047
12/18/2002,1.5882
12/19/2002,1.5965
12/20/2002,1.5899
12/23/2002,1.5962
12/24/2002,1.5976
12/27/2002,1.6274
12/30/2002,1.6381
12/31/2002,1.655
1/2/2003,1.6422
1/3/2003,1.6264
1/6/2003,1.6383
1/7/2003,1.6257
1/8/2003,1.6231
1/9/2003,1.6371
1/10/2003,1.6285
1/13/2003,1.6248
1/14/2003,1.6301
1/15/2003,1.6234
1/16/2003,1.62
1/17/2003,1.6304
1/20/2003,1.6367
1/21/2003,1.6362
1/22/2003,1.6408
1/23/2003,1.6409
1/24/2003,1.6448
1/27/2003,1.6504
1/28/2003,1.6501
1/29/2003,1.6543
1/30/2003,1.641
1/31/2003,1.6562
2/3/2003,1.6303
2/4/2003,1.6415
2/5/2003,1.6523
2/6/2003,1.648
2/7/2003,1.6434
2/10/2003,1.6458
2/11/2003,1.6366
2/12/2003,1.6403
2/13/2003,1.6411
2/14/2003,1.6393
2/17/2003,1.6315
2/18/2003,1.6325
2/19/2003,1.6229
2/20/2003,1.6212
2/21/2003,1.6316
2/24/2003,1.6054
2/25/2003,1.6059
2/26/2003,1.6081
2/27/2003,1.612
2/28/2003,1.6088
3/3/2003,1.6028
3/4/2003,1.6209
3/5/2003,1.6157
3/6/2003,1.6137
3/7/2003,1.617
3/10/2003,1.6161
3/11/2003,1.6209
3/12/2003,1.624
3/13/2003,1.6117
3/14/2003,1.6034
3/17/2003,1.5878
3/18/2003,1.5708
3/19/2003,1.5675
3/20/2003,1.5696
3/21/2003,1.5654
3/24/2003,1.5808
3/25/2003,1.5769
3/26/2003,1.5669
3/27/2003,1.5711
3/28/2003,1.5736
3/31/2003,1.6037
4/1/2003,1.5995
4/2/2003,1.6019
4/3/2003,1.5773
4/4/2003,1.5824
4/7/2003,1.5758
4/8/2003,1.576
4/9/2003,1.5773
4/10/2003,1.5813
4/11/2003,1.5619
4/14/2003,1.5657
4/15/2003,1.5696
4/16/2003,1.5681
4/17/2003,1.5881
4/22/2003,1.5904
4/23/2003,1.5845
4/24/2003,1.6112
4/25/2003,1.599
4/28/2003,1.5951
4/29/2003,1.5927
4/30/2003,1.6038
5/2/2003,1.5925
5/5/2003,1.5926
5/6/2003,1.5956
5/7/2003,1.5889
5/8/2003,1.5984
5/9/2003,1.6049
5/12/2003,1.6107
5/13/2003,1.6015
5/14/2003,1.5977
5/15/2003,1.5759
5/16/2003,1.5769
5/19/2003,1.5846
5/20/2003,1.5777
5/21/2003,1.5783
5/22/2003,1.5902
5/23/2003,1.6273
5/26/2003,1.6279
5/27/2003,1.6366
5/28/2003,1.6243
5/29/2003,1.6294
5/30/2003,1.6214
6/2/2003,1.6058
6/3/2003,1.6034
6/4/2003,1.586
6/5/2003,1.5932
6/6/2003,1.5979
6/9/2003,1.6014
6/10/2003,1.59
6/11/2003,1.5937
6/12/2003,1.5883
6/13/2003,1.5826
6/16/2003,1.5825
6/17/2003,1.5868
6/18/2003,1.5727
6/19/2003,1.5762
6/20/2003,1.5661
6/23/2003,1.5755
6/24/2003,1.5676
6/25/2003,1.5628
6/26/2003,1.5474
6/27/2003,1.5448
6/30/2003,1.5506
7/1/2003,1.5541
7/2/2003,1.5594
7/3/2003,1.5394
7/4/2003,1.5341
7/7/2003,1.5306
7/8/2003,1.5368
7/9/2003,1.5488
7/10/2003,1.5724
7/11/2003,1.5575
7/14/2003,1.5577
7/15/2003,1.5584
7/16/2003,1.5542
7/17/2003,1.5637
7/18/2003,1.5754
7/21/2003,1.5886
7/22/2003,1.5951
7/23/2003,1.6125
7/24/2003,1.6011
7/25/2003,1.5994
7/28/2003,1.5901
7/29/2003,1.5876
7/30/2003,1.5922
7/31/2003,1.5867
8/1/2003,1.5709
8/4/2003,1.582
8/5/2003,1.5958
8/6/2003,1.5942
8/7/2003,1.592
8/8/2003,1.5813
8/11/2003,1.5722
8/12/2003,1.5656
8/13/2003,1.5615
8/14/2003,1.5575
8/15/2003,1.5659
8/18/2003,1.5543
8/19/2003,1.5477
8/20/2003,1.551
8/21/2003,1.5476
8/22/2003,1.5375
8/25/2003,1.5271
8/26/2003,1.5163
8/27/2003,1.5269
8/28/2003,1.5225
8/29/2003,1.5263
9/1/2003,1.5118
9/2/2003,1.5072
9/3/2003,1.5051
9/4/2003,1.4965
9/5/2003,1.5002
9/8/2003,1.5195
9/9/2003,1.5253
9/10/2003,1.528
9/11/2003,1.5345
9/12/2003,1.5327
9/15/2003,1.5434
9/16/2003,1.5362
9/17/2003,1.5338
9/18/2003,1.5415
9/19/2003,1.5341
9/22/2003,1.5385
9/23/2003,1.5495
9/24/2003,1.555
9/25/2003,1.5516
9/26/2003,1.5557
9/29/2003,1.554
9/30/2003,1.5717
10/1/2003,1.5731
10/2/2003,1.5793
10/3/2003,1.5663
10/6/2003,1.5589
10/7/2003,1.5723
10/8/2003,1.5675
10/9/2003,1.5709
10/10/2003,1.5676
10/13/2003,1.5458
10/14/2003,1.5474
10/15/2003,1.5496
10/16/2003,1.538
10/17/2003,1.5287
10/20/2003,1.5335
10/21/2003,1.5375
10/22/2003,1.5388
10/23/2003,1.5399
10/24/2003,1.541
10/27/2003,1.5371
10/28/2003,1.5356
10/29/2003,1.531
10/30/2003,1.5337
10/31/2003,1.5306
11/3/2003,1.5391
11/4/2003,1.5329
11/5/2003,1.5279
11/6/2003,1.5251
11/7/2003,1.5203
11/10/2003,1.5109
11/11/2003,1.5104
11/12/2003,1.516
11/13/2003,1.5195
11/14/2003,1.5292
11/17/2003,1.5383
11/18/2003,1.5424
11/19/2003,1.5502
11/20/2003,1.5518
11/21/2003,1.5549
11/24/2003,1.5461
11/25/2003,1.548
11/26/2003,1.5464
11/27/2003,1.5567
11/28/2003,1.5552
12/1/2003,1.5623
12/2/2003,1.5636
12/3/2003,1.5699
12/4/2003,1.5785
12/5/2003,1.5772
12/8/2003,1.59
12/9/2003,1.5918
12/10/2003,1.6043
12/11/2003,1.6094
12/12/2003,1.6059
12/15/2003,1.6138
12/16/2003,1.6278
12/17/2003,1.6418
12/18/2003,1.6496
12/19/2003,1.6585
12/22/2003,1.6584
12/23/2003,1.6445
12/24/2003,1.6349
12/29/2003,1.6315
12/30/2003,1.638
12/31/2003,1.6234
1/2/2004,1.628
1/5/2004,1.6249
1/6/2004,1.6336
1/7/2004,1.6311
1/8/2004,1.628
1/9/2004,1.6282
1/12/2004,1.6323
1/13/2004,1.6259
1/14/2004,1.6159
1/15/2004,1.6313
1/16/2004,1.6188
1/19/2004,1.6108
1/20/2004,1.6206
1/21/2004,1.6313
1/22/2004,1.6487
1/23/2004,1.6668
1/26/2004,1.65
1/27/2004,1.6416
1/28/2004,1.6525
1/29/2004,1.6546
1/30/2004,1.6523
2/2/2004,1.6604
2/3/2004,1.674
2/4/2004,1.6811
2/5/2004,1.6784
2/6/2004,1.6765
2/9/2004,1.6866
2/10/2004,1.6898
2/11/2004,1.689
2/12/2004,1.6911
2/13/2004,1.6901
2/16/2004,1.6802
2/17/2004,1.6861
2/18/2004,1.6862
2/19/2004,1.6856
2/20/2004,1.6895
2/23/2004,1.6845
2/24/2004,1.682
2/25/2004,1.6809
2/26/2004,1.6668
2/27/2004,1.6758
3/1/2004,1.6707
3/2/2004,1.6618
3/3/2004,1.6443
3/4/2004,1.629
3/5/2004,1.6276
3/8/2004,1.636
3/9/2004,1.6398
3/10/2004,1.6262
3/11/2004,1.6215
3/12/2004,1.6306
3/15/2004,1.6353
3/16/2004,1.643
3/17/2004,1.6367
3/18/2004,1.6414
3/19/2004,1.6428
3/22/2004,1.6407
3/23/2004,1.6364
3/24/2004,1.6307
3/25/2004,1.6283
3/26/2004,1.6106
3/29/2004,1.5985
3/30/2004,1.5922
3/31/2004,1.5979
4/1/2004,1.615
4/2/2004,1.6103
4/5/2004,1.5842
4/6/2004,1.5791
4/7/2004,1.5821
4/8/2004,1.6009
4/13/2004,1.6013
4/14/2004,1.5966
4/15/2004,1.6009
4/16/2004,1.608
4/19/2004,1.6213
4/20/2004,1.6131
4/21/2004,1.6108
4/22/2004,1.6139
4/23/2004,1.6105
4/26/2004,1.6043
4/27/2004,1.6066
4/28/2004,1.6154
4/29/2004,1.6239
4/30/2004,1.6383
5/3/2004,1.6402
5/4/2004,1.6492
5/5/2004,1.671
5/6/2004,1.6682
5/7/2004,1.6609
5/10/2004,1.6482
5/11/2004,1.6419
5/12/2004,1.6471
5/13/2004,1.6447
5/14/2004,1.6476
5/17/2004,1.6632
5/18/2004,1.6733
5/19/2004,1.658
5/20/2004,1.6431
5/21/2004,1.6472
5/24/2004,1.6391
5/25/2004,1.6495
5/26/2004,1.6513
5/27/2004,1.6636
5/28/2004,1.6685
5/31/2004,1.6611
6/1/2004,1.6703
6/2/2004,1.6749
6/3/2004,1.6611
6/4/2004,1.6604
6/7/2004,1.6592
6/8/2004,1.652
6/9/2004,1.6391
6/10/2004,1.6381
6/11/2004,1.6428
6/14/2004,1.6377
6/15/2004,1.6603
6/16/2004,1.6561
6/17/2004,1.654
6/18/2004,1.6511
6/21/2004,1.6538
6/22/2004,1.6462
6/23/2004,1.6424
6/24/2004,1.633
6/25/2004,1.6348
6/28/2004,1.6442
6/29/2004,1.6358
6/30/2004,1.6343
7/1/2004,1.6172
7/2/2004,1.6198
7/5/2004,1.6272
7/6/2004,1.6255
7/7/2004,1.6318
7/8/2004,1.6345
7/9/2004,1.6303
7/12/2004,1.6328
7/13/2004,1.6345
7/14/2004,1.6348
7/15/2004,1.6381
7/16/2004,1.6333
7/19/2004,1.6271
7/20/2004,1.6235
7/21/2004,1.6222
7/22/2004,1.6199
7/23/2004,1.6085
7/26/2004,1.6039
7/27/2004,1.6159
7/28/2004,1.6076
7/29/2004,1.6028
7/30/2004,1.5921
8/2/2004,1.6011
8/3/2004,1.6042
8/4/2004,1.5844
8/5/2004,1.5866
8/6/2004,1.5922
8/9/2004,1.6118
8/10/2004,1.6178
8/11/2004,1.6179
8/12/2004,1.6239
8/13/2004,1.6267
8/16/2004,1.6176
8/17/2004,1.6109
8/18/2004,1.6111
8/19/2004,1.6111
8/20/2004,1.5975
8/23/2004,1.5923
8/24/2004,1.5831
8/25/2004,1.5823
8/26/2004,1.5828
8/27/2004,1.5792
8/30/2004,1.5845
8/31/2004,1.5958
9/1/2004,1.5966
9/2/2004,1.5884
9/3/2004,1.5802
9/6/2004,1.5673
9/7/2004,1.5648
9/8/2004,1.5562
9/9/2004,1.5705
9/10/2004,1.5789
9/13/2004,1.5816
9/14/2004,1.5926
9/15/2004,1.5889
9/16/2004,1.5724
9/17/2004,1.5855
9/20/2004,1.5763
9/21/2004,1.5855
9/22/2004,1.5754
9/23/2004,1.5793
9/24/2004,1.5748
9/27/2004,1.5648
9/28/2004,1.5677
9/29/2004,1.5661
9/30/2004,1.574
10/1/2004,1.5661
10/4/2004,1.5608
10/5/2004,1.5603
10/6/2004,1.5511
10/7/2004,1.5448
10/8/2004,1.5475
10/11/2004,1.5539
10/12/2004,1.5477
10/13/2004,1.5537
10/14/2004,1.5534
10/15/2004,1.5639
10/18/2004,1.5658
10/19/2004,1.5751
10/20/2004,1.5721
10/21/2004,1.5716
10/22/2004,1.5684
10/25/2004,1.5629
10/26/2004,1.5639
10/27/2004,1.5628
10/28/2004,1.5606
10/29/2004,1.5546
11/1/2004,1.5566
11/2/2004,1.5559
11/3/2004,1.5571
11/4/2004,1.5506
11/5/2004,1.5507
11/8/2004,1.544
11/9/2004,1.5397
11/10/2004,1.5489
11/11/2004,1.5405
11/12/2004,1.5394
11/15/2004,1.549
11/16/2004,1.5504
11/17/2004,1.5506
11/18/2004,1.5651
11/19/2004,1.566
11/22/2004,1.5517
11/23/2004,1.5508
11/24/2004,1.5537
11/25/2004,1.5572
11/26/2004,1.5631
11/29/2004,1.5675
11/30/2004,1.5785
12/1/2004,1.5845
12/2/2004,1.5739
12/3/2004,1.5928
12/6/2004,1.6072
12/7/2004,1.6074
12/8/2004,1.6306
12/9/2004,1.6275
12/10/2004,1.6225
12/13/2004,1.6271
12/14/2004,1.6372
12/15/2004,1.6479
12/16/2004,1.6436
12/17/2004,1.6351
12/20/2004,1.6428
12/21/2004,1.6424
12/22/2004,1.6478
12/23/2004,1.6656
12/24/2004,1.6631
12/27/2004,1.6625
12/28/2004,1.6562
12/29/2004,1.6579
12/30/2004,1.6483
12/31/2004,1.6416
1/3/2005,1.6278
1/4/2005,1.6254
1/5/2005,1.6269
1/6/2005,1.6224
1/7/2005,1.6226
1/10/2005,1.6041
1/11/2005,1.5992
1/12/2005,1.5997
1/13/2005,1.5917
1/14/2005,1.5859
1/17/2005,1.5883
1/18/2005,1.5969
1/19/2005,1.597
1/20/2005,1.5934
1/21/2005,1.5938
1/24/2005,1.5939
1/25/2005,1.5994
1/26/2005,1.61
1/27/2005,1.6136
1/28/2005,1.6167
1/31/2005,1.6167
2/1/2005,1.6153
2/2/2005,1.6126
2/3/2005,1.6123
2/4/2005,1.6101
2/7/2005,1.6086
2/8/2005,1.6011
2/9/2005,1.5949
2/10/2005,1.6016
2/11/2005,1.5986
2/14/2005,1.596
2/15/2005,1.6052
2/16/2005,1.6078
2/17/2005,1.6101
2/18/2005,1.6051
2/21/2005,1.6073
2/22/2005,1.6205
2/23/2005,1.6271
2/24/2005,1.6511
2/25/2005,1.6358
2/28/2005,1.634
3/1/2005,1.6306
3/2/2005,1.6286
3/3/2005,1.6341
3/4/2005,1.6317
3/7/2005,1.6267
3/8/2005,1.6242
3/9/2005,1.6145
3/10/2005,1.6112
3/11/2005,1.6176
3/14/2005,1.6157
3/15/2005,1.6113
3/16/2005,1.6094
3/17/2005,1.614
3/18/2005,1.6027
3/21/2005,1.6001
3/22/2005,1.5872
3/23/2005,1.5834
3/24/2005,1.5809
3/29/2005,1.5683
3/30/2005,1.5685
3/31/2005,1.5737
4/1/2005,1.5736
4/4/2005,1.5691
4/5/2005,1.5683
4/6/2005,1.5708
4/7/2005,1.5746
4/8/2005,1.5749
4/11/2005,1.5927
4/12/2005,1.6022
4/13/2005,1.5979
4/14/2005,1.5956
4/15/2005,1.6
4/18/2005,1.6193
4/19/2005,1.6209
4/20/2005,1.6162
4/21/2005,1.6226
4/22/2005,1.6148
4/25/2005,1.6082
4/26/2005,1.6112
4/27/2005,1.6121
4/28/2005,1.6172
4/29/2005,1.6191
5/2/2005,1.6189
5/3/2005,1.6153
5/4/2005,1.6176
5/5/2005,1.6158
5/6/2005,1.6058
5/9/2005,1.5876
5/10/2005,1.5918
5/11/2005,1.6001
5/12/2005,1.5955
5/13/2005,1.584
5/16/2005,1.6016
5/17/2005,1.6049
5/18/2005,1.5976
5/19/2005,1.5952
5/20/2005,1.589
5/23/2005,1.5848
5/24/2005,1.5893
5/25/2005,1.5831
5/26/2005,1.5886
5/27/2005,1.5845
5/30/2005,1.5679
5/31/2005,1.5531
6/1/2005,1.5341
6/2/2005,1.53
6/3/2005,1.5311
6/6/2005,1.5284
6/7/2005,1.5286
6/8/2005,1.5351
6/9/2005,1.5347
6/10/2005,1.5324
6/13/2005,1.5165
6/14/2005,1.5218
6/15/2005,1.5057
6/16/2005,1.4984
6/17/2005,1.5077
6/20/2005,1.5031
6/21/2005,1.4971
6/22/2005,1.4931
6/23/2005,1.4916
6/24/2005,1.484
6/27/2005,1.5024
6/28/2005,1.4919
6/29/2005,1.4864
6/30/2005,1.49
7/1/2005,1.4867
7/4/2005,1.4784
7/5/2005,1.4747
7/6/2005,1.4803
7/7/2005,1.476
7/8/2005,1.4607
7/11/2005,1.4584
7/12/2005,1.4742
7/13/2005,1.4668
7/14/2005,1.4538
7/15/2005,1.4651
7/18/2005,1.469
7/19/2005,1.4617
7/20/2005,1.4668
7/21/2005,1.4782
7/22/2005,1.4779
7/25/2005,1.4711
7/26/2005,1.469
7/27/2005,1.4846
7/28/2005,1.494
7/29/2005,1.4856
8/1/2005,1.4874
8/2/2005,1.4803
8/3/2005,1.4902
8/4/2005,1.4984
8/5/2005,1.51
8/8/2005,1.4996
8/9/2005,1.5015
8/10/2005,1.5
8/11/2005,1.4976
8/12/2005,1.4935
8/15/2005,1.4801
8/16/2005,1.4812
8/17/2005,1.4773
8/18/2005,1.4846
8/19/2005,1.4831
8/22/2005,1.4765
8/23/2005,1.4675
8/24/2005,1.4613
8/25/2005,1.4621
8/26/2005,1.4709
8/29/2005,1.4634
8/30/2005,1.4628
8/31/2005,1.4552
9/1/2005,1.4708
9/2/2005,1.4885
9/5/2005,1.4868
9/6/2005,1.4865
9/7/2005,1.4826
9/8/2005,1.4686
9/9/2005,1.4602
9/12/2005,1.4587
9/13/2005,1.4552
9/14/2005,1.4523
9/15/2005,1.4483
9/16/2005,1.4487
9/19/2005,1.4316
9/20/2005,1.4178
9/21/2005,1.4264
9/22/2005,1.4244
9/23/2005,1.4209
9/26/2005,1.4167
9/27/2005,1.4095
9/28/2005,1.4171
9/29/2005,1.4155
9/30/2005,1.4063
10/3/2005,1.3903
10/4/2005,1.3935
10/5/2005,1.4027
10/6/2005,1.4261
10/7/2005,1.4325
10/10/2005,1.4208
10/11/2005,1.4203
10/12/2005,1.4079
10/13/2005,1.4062
10/14/2005,1.4209
10/17/2005,1.4235
10/18/2005,1.4167
10/19/2005,1.4068
10/20/2005,1.4062
10/21/2005,1.4162
10/24/2005,1.4226
10/25/2005,1.4261
10/26/2005,1.4189
10/27/2005,1.4168
10/28/2005,1.4211
10/31/2005,1.4161
11/1/2005,1.4201
11/2/2005,1.4153
11/3/2005,1.4164
11/4/2005,1.409
11/7/2005,1.4021
11/8/2005,1.4036
11/9/2005,1.3951
11/10/2005,1.3966
11/11/2005,1.3939
11/14/2005,1.4003
11/15/2005,1.3961
11/16/2005,1.3961
11/17/2005,1.3892
11/18/2005,1.3892
11/21/2005,1.4062
11/22/2005,1.385
11/23/2005,1.3817
11/24/2005,1.3796
11/25/2005,1.3762
11/28/2005,1.3716
11/29/2005,1.3787
11/30/2005,1.3741
12/1/2005,1.3723
12/2/2005,1.3612
12/5/2005,1.3599
12/6/2005,1.3607
12/7/2005,1.3626
12/8/2005,1.3677
12/9/2005,1.3665
12/12/2005,1.3747
12/13/2005,1.3739
12/14/2005,1.3776
12/15/2005,1.3888
12/16/2005,1.386
12/19/2005,1.3932
12/20/2005,1.402
12/21/2005,1.3918
12/22/2005,1.3799
12/23/2005,1.3842
12/27/2005,1.3832
12/28/2005,1.3948
12/29/2005,1.3796
12/30/2005,1.3725
1/2/2006,1.3737
1/3/2006,1.3809
1/4/2006,1.3934
1/5/2006,1.3941
1/6/2006,1.4158
1/9/2006,1.4142
1/10/2006,1.4092
1/11/2006,1.4073
1/12/2006,1.4049
1/13/2006,1.3972
1/16/2006,1.4055
1/17/2006,1.3996
1/18/2006,1.4122
1/19/2006,1.4223
1/20/2006,1.403
1/23/2006,1.4133
1/24/2006,1.4123
1/25/2006,1.415
1/26/2006,1.4149
1/27/2006,1.396
1/30/2006,1.3826
1/31/2006,1.387
2/1/2006,1.3782
2/2/2006,1.3786
2/3/2006,1.3821
2/6/2006,1.3706
2/7/2006,1.3734
2/8/2006,1.3808
2/9/2006,1.3761
2/10/2006,1.3755
2/13/2006,1.3741
2/14/2006,1.3788
2/15/2006,1.3734
2/16/2006,1.3742
2/17/2006,1.3725
2/20/2006,1.3715
2/21/2006,1.3668
2/22/2006,1.364
2/23/2006,1.3718
2/24/2006,1.3715
2/27/2006,1.359
2/28/2006,1.3532
3/1/2006,1.3607
3/2/2006,1.3524
3/3/2006,1.3627
3/6/2006,1.3686
3/7/2006,1.3636
3/8/2006,1.3733
3/9/2006,1.3793
3/10/2006,1.3867
3/13/2006,1.3841
3/14/2006,1.3864
3/15/2006,1.3885
3/16/2006,1.399
3/17/2006,1.4072
3/20/2006,1.4213
3/21/2006,1.4143
3/22/2006,1.4139
3/23/2006,1.4049
3/24/2006,1.3995
3/27/2006,1.41
3/28/2006,1.408
3/29/2006,1.4098
3/30/2006,1.4108
3/31/2006,1.4084
4/3/2006,1.4172
4/4/2006,1.4281
4/5/2006,1.424
4/6/2006,1.4225
4/7/2006,1.3975
4/10/2006,1.3878
4/11/2006,1.3864
4/12/2006,1.3883
4/13/2006,1.3885
4/18/2006,1.4029
4/19/2006,1.4063
4/20/2006,1.4039
4/21/2006,1.4008
4/24/2006,1.4064
4/25/2006,1.413
4/26/2006,1.4058
4/27/2006,1.4043
4/28/2006,1.4097
5/2/2006,1.4005
5/3/2006,1.3979
5/4/2006,1.4003
5/5/2006,1.4063
5/8/2006,1.4137
5/9/2006,1.4114
5/10/2006,1.4047
5/11/2006,1.4044
5/12/2006,1.4214
5/15/2006,1.4305
5/16/2006,1.4263
5/17/2006,1.422
5/18/2006,1.4235
5/19/2006,1.4321
5/22/2006,1.4352
5/23/2006,1.4327
5/24/2006,1.4418
5/25/2006,1.4235
5/26/2006,1.4182
5/29/2006,1.4088
5/30/2006,1.4138
5/31/2006,1.4107
6/1/2006,1.4099
6/2/2006,1.4148
6/5/2006,1.4235
6/6/2006,1.4257
6/7/2006,1.4264
6/8/2006,1.424
6/9/2006,1.4067
6/12/2006,1.3871
6/13/2006,1.3905
6/14/2006,1.3993
6/15/2006,1.4045
6/16/2006,1.4101
6/19/2006,1.413
6/20/2006,1.4026
6/21/2006,1.4051
6/22/2006,1.4023
6/23/2006,1.4041
6/26/2006,1.4056
6/27/2006,1.4112
6/28/2006,1.4138
6/29/2006,1.4025
6/30/2006,1.4132
7/3/2006,1.4212
7/4/2006,1.4205
7/5/2006,1.4152
7/6/2006,1.4182
7/7/2006,1.4228
7/10/2006,1.4335
7/11/2006,1.4357
7/12/2006,1.4452
7/13/2006,1.4378
7/14/2006,1.4289
7/17/2006,1.4186
7/18/2006,1.4213
7/19/2006,1.4214
7/20/2006,1.4334
7/21/2006,1.4347
7/24/2006,1.4405
7/25/2006,1.4406
7/26/2006,1.4323
7/27/2006,1.442
7/28/2006,1.4387
7/31/2006,1.4346
8/1/2006,1.4457
8/2/2006,1.4441
8/3/2006,1.438
8/4/2006,1.4492
8/7/2006,1.447
8/8/2006,1.4369
8/9/2006,1.442
8/10/2006,1.4391
8/11/2006,1.4353
8/14/2006,1.4338
8/15/2006,1.4393
8/16/2006,1.4342
8/17/2006,1.4384
8/18/2006,1.4372
8/21/2006,1.444
8/22/2006,1.4317
8/23/2006,1.4243
8/24/2006,1.4235
8/25/2006,1.4122
8/28/2006,1.4184
8/29/2006,1.4206
8/30/2006,1.419
8/31/2006,1.423
9/1/2006,1.4163
9/4/2006,1.4219
9/5/2006,1.4242
9/6/2006,1.4228
9/7/2006,1.4066
9/8/2006,1.4155
9/11/2006,1.4245
9/12/2006,1.4227
9/13/2006,1.4228
9/14/2006,1.4207
9/15/2006,1.4203
9/18/2006,1.42
9/19/2006,1.4201
9/20/2006,1.4299
9/21/2006,1.4302
9/22/2006,1.4264
9/25/2006,1.4259
9/26/2006,1.4149
9/27/2006,1.4143
9/28/2006,1.4132
9/29/2006,1.4136
10/2/2006,1.4226
10/3/2006,1.4246
10/4/2006,1.4299
10/5/2006,1.4321
10/6/2006,1.4234
10/9/2006,1.4154
10/10/2006,1.4154
10/11/2006,1.4239
10/12/2006,1.4251
10/13/2006,1.4246
10/16/2006,1.4231
10/17/2006,1.4232
10/18/2006,1.4286
10/19/2006,1.4266
10/20/2006,1.4156
10/23/2006,1.4158
10/24/2006,1.418
10/25/2006,1.4191
10/26/2006,1.4259
10/27/2006,1.4262
10/30/2006,1.4255
10/31/2006,1.4331
11/1/2006,1.4471
11/2/2006,1.4489
11/3/2006,1.4402
11/6/2006,1.4418
11/7/2006,1.4385
11/8/2006,1.4448
11/9/2006,1.4489
11/10/2006,1.4531
11/13/2006,1.4572
11/14/2006,1.4602
11/15/2006,1.4572
11/16/2006,1.4572
11/17/2006,1.4651
11/20/2006,1.4676
11/21/2006,1.4676
11/22/2006,1.4686
11/23/2006,1.4769
11/24/2006,1.4817
11/27/2006,1.4866
11/28/2006,1.4863
11/29/2006,1.4953
11/30/2006,1.5053
12/1/2006,1.5139
12/4/2006,1.5208
12/5/2006,1.5204
12/6/2006,1.5177
12/7/2006,1.5275
12/8/2006,1.5269
12/11/2006,1.5135
12/12/2006,1.5246
12/13/2006,1.5273
12/14/2006,1.5242
12/15/2006,1.5151
12/18/2006,1.5114
12/19/2006,1.5217
12/20/2006,1.5137
12/21/2006,1.5155
12/22/2006,1.524
12/27/2006,1.5297
12/28/2006,1.5268
12/29/2006,1.5281
1/2/2007,1.5452
1/3/2007,1.5457
1/4/2007,1.539
1/5/2007,1.5374
1/8/2007,1.5282
1/9/2007,1.5327
1/10/2007,1.5301
1/11/2007,1.5296
1/12/2007,1.5136
1/15/2007,1.5108
1/16/2007,1.5127
1/17/2007,1.5166
1/18/2007,1.5207
1/19/2007,1.5189
1/22/2007,1.5203
1/23/2007,1.5399
1/24/2007,1.5336
1/25/2007,1.5287
1/26/2007,1.5255
1/29/2007,1.5306
1/30/2007,1.5342
1/31/2007,1.5325
2/1/2007,1.5331
2/2/2007,1.541
2/5/2007,1.5312
2/6/2007,1.5322
2/7/2007,1.537
2/8/2007,1.5413
2/9/2007,1.5296
2/12/2007,1.5177
2/13/2007,1.5253
2/14/2007,1.5265
2/15/2007,1.5326
2/16/2007,1.5259
2/19/2007,1.5308
2/20/2007,1.5323
2/21/2007,1.5349
2/22/2007,1.5214
2/23/2007,1.522
2/26/2007,1.5256
2/27/2007,1.5359
2/28/2007,1.5419
3/1/2007,1.5497
3/2/2007,1.5456
3/5/2007,1.545
3/6/2007,1.5434
3/7/2007,1.5451
3/8/2007,1.5494
3/9/2007,1.5469
3/12/2007,1.5387
3/13/2007,1.5453
3/14/2007,1.5495
3/15/2007,1.5548
3/16/2007,1.5637
3/19/2007,1.5626
3/20/2007,1.5522
3/21/2007,1.5409
3/22/2007,1.545
3/23/2007,1.5432
3/26/2007,1.5416
3/27/2007,1.5429
3/28/2007,1.5477
3/29/2007,1.5487
3/30/2007,1.5366
4/2/2007,1.5459
4/3/2007,1.5467
4/4/2007,1.5441
4/5/2007,1.541
4/10/2007,1.5424
4/11/2007,1.5348
4/12/2007,1.5328
4/13/2007,1.5351
4/16/2007,1.5352
4/17/2007,1.5333
4/18/2007,1.5386
4/19/2007,1.5312
4/20/2007,1.5334
4/23/2007,1.5225
4/24/2007,1.5223
4/25/2007,1.5298
4/26/2007,1.5236
4/27/2007,1.5235
4/30/2007,1.5187
5/2/2007,1.5096
5/3/2007,1.5086
5/4/2007,1.4985
5/7/2007,1.5028
5/8/2007,1.4946
5/9/2007,1.4984
5/10/2007,1.4983
5/11/2007,1.5036
5/14/2007,1.5012
5/15/2007,1.4931
5/16/2007,1.4931
5/17/2007,1.4862
5/18/2007,1.4767
5/21/2007,1.4611
5/22/2007,1.4579
5/23/2007,1.461
5/24/2007,1.4552
5/25/2007,1.457
5/28/2007,1.4541
5/29/2007,1.4614
5/30/2007,1.4398
5/31/2007,1.4388
6/1/2007,1.4335
6/4/2007,1.4252
6/5/2007,1.4305
6/6/2007,1.4341
6/7/2007,1.4267
6/8/2007,1.4261
6/11/2007,1.4186
6/12/2007,1.4175
6/13/2007,1.423
6/14/2007,1.4202
6/15/2007,1.4159
6/18/2007,1.4373
6/19/2007,1.4302
6/20/2007,1.431
6/21/2007,1.4303
6/22/2007,1.4411
6/25/2007,1.4424
6/26/2007,1.4402
6/27/2007,1.4384
6/28/2007,1.4293
6/29/2007,1.4245
7/2/2007,1.4395
7/3/2007,1.438
7/4/2007,1.4415
7/5/2007,1.4426
7/6/2007,1.4303
7/9/2007,1.4264
7/10/2007,1.4329
7/11/2007,1.4569
7/12/2007,1.4484
7/13/2007,1.4414
7/16/2007,1.4419
7/17/2007,1.438
7/18/2007,1.4417
7/19/2007,1.442
7/20/2007,1.4405
7/23/2007,1.4436
7/24/2007,1.4456
7/25/2007,1.4276
7/26/2007,1.4396
7/27/2007,1.4456
7/30/2007,1.46
7/31/2007,1.454
8/1/2007,1.4557
8/2/2007,1.4444
8/3/2007,1.4473
8/6/2007,1.455
8/7/2007,1.4569
8/8/2007,1.4496
8/9/2007,1.4479
8/10/2007,1.4399
8/13/2007,1.4372
8/14/2007,1.4352
8/15/2007,1.4508
8/16/2007,1.4469
8/17/2007,1.4416
8/20/2007,1.4298
8/21/2007,1.4297
8/22/2007,1.4299
8/23/2007,1.425
8/24/2007,1.4328
8/27/2007,1.4327
8/28/2007,1.4421
8/29/2007,1.4464
8/30/2007,1.4454
8/31/2007,1.4446
9/3/2007,1.4362
9/4/2007,1.4305
9/5/2007,1.4329
9/6/2007,1.4433
9/7/2007,1.4398
9/10/2007,1.4569
9/11/2007,1.4467
9/12/2007,1.4461
9/13/2007,1.436
9/14/2007,1.4286
9/17/2007,1.4252
9/18/2007,1.4226
9/19/2007,1.4155
9/20/2007,1.4037
9/21/2007,1.4071
9/24/2007,1.4113
9/25/2007,1.4137
9/26/2007,1.4208
9/27/2007,1.4163
9/28/2007,1.4122
10/1/2007,1.4142
10/2/2007,1.4122
10/3/2007,1.4131
10/4/2007,1.4082
10/5/2007,1.3947
10/8/2007,1.3863
10/9/2007,1.3869
10/10/2007,1.388
10/11/2007,1.3874
10/12/2007,1.3865
10/15/2007,1.3835
10/16/2007,1.3878
10/17/2007,1.387
10/18/2007,1.395
10/19/2007,1.3809
10/22/2007,1.3866
10/23/2007,1.3734
10/24/2007,1.3797
10/25/2007,1.3785
10/26/2007,1.383
10/29/2007,1.3822
10/30/2007,1.3763
10/31/2007,1.3768
11/1/2007,1.3664
11/2/2007,1.3531
11/5/2007,1.3527
11/6/2007,1.3482
11/7/2007,1.3354
11/8/2007,1.3629
11/9/2007,1.379
11/12/2007,1.3956
11/13/2007,1.3945
11/14/2007,1.4041
11/15/2007,1.4273
11/16/2007,1.4302
11/19/2007,1.4318
11/20/2007,1.4525
11/21/2007,1.4639
11/22/2007,1.4628
11/23/2007,1.4616
11/26/2007,1.4633
11/27/2007,1.4767
11/28/2007,1.4676
11/29/2007,1.4605
11/30/2007,1.4695
12/3/2007,1.4682
12/4/2007,1.4815
12/5/2007,1.4975
12/6/2007,1.4817
12/7/2007,1.4708
12/10/2007,1.48
12/11/2007,1.482
12/12/2007,1.486
12/13/2007,1.4915
12/14/2007,1.485
12/17/2007,1.4561
12/18/2007,1.4503
12/19/2007,1.4461
12/20/2007,1.4338
12/21/2007,1.4356
12/24/2007,1.4217
12/27/2007,1.4265
12/28/2007,1.4389
12/31/2007,1.4449
1/2/2008,1.4515
1/3/2008,1.4666
1/4/2008,1.4553
1/7/2008,1.4714
1/8/2008,1.4724
1/9/2008,1.4739
1/10/2008,1.4787
1/11/2008,1.5082
1/14/2008,1.5172
1/15/2008,1.5096
1/16/2008,1.5122
1/17/2008,1.5007
1/18/2008,1.5024
1/21/2008,1.493
1/22/2008,1.4953
1/23/2008,1.4987
1/24/2008,1.4893
1/25/2008,1.4819
1/28/2008,1.4843
1/29/2008,1.4759
1/30/2008,1.4724
1/31/2008,1.4846
2/1/2008,1.4847
2/4/2008,1.4824
2/5/2008,1.467
2/6/2008,1.4705
2/7/2008,1.4732
2/8/2008,1.4537
2/11/2008,1.4536
2/12/2008,1.4525
2/13/2008,1.4562
2/14/2008,1.456
2/15/2008,1.4635
2/18/2008,1.4732
2/19/2008,1.4836
2/20/2008,1.4899
2/21/2008,1.4925
2/22/2008,1.4995
2/25/2008,1.4885
2/26/2008,1.4722
2/27/2008,1.4742
2/28/2008,1.4779
2/29/2008,1.4895
3/3/2008,1.4948
3/4/2008,1.5035
3/5/2008,1.5084
3/6/2008,1.5097
3/7/2008,1.5069
3/10/2008,1.5194
3/11/2008,1.5261
3/12/2008,1.5302
3/13/2008,1.5362
3/14/2008,1.5479
3/17/2008,1.5689
3/18/2008,1.5674
3/19/2008,1.5635
3/20/2008,1.5817
3/25/2008,1.587
3/26/2008,1.5949
3/27/2008,1.6085
3/28/2008,1.608
3/31/2008,1.6226
4/1/2008,1.6069
4/2/2008,1.5896
4/3/2008,1.5722
4/4/2008,1.5822
4/7/2008,1.5804
4/8/2008,1.591
4/9/2008,1.6022
4/10/2008,1.6166
4/11/2008,1.6139
4/14/2008,1.6223
4/15/2008,1.6168
4/16/2008,1.6073
4/17/2008,1.5896
4/18/2008,1.5957
4/21/2008,1.5935
4/22/2008,1.6039
4/23/2008,1.6154
4/24/2008,1.6042
4/25/2008,1.5861
4/28/2008,1.5853
4/29/2008,1.5782
4/30/2008,1.5689
5/2/2008,1.5715
5/5/2008,1.5717
5/6/2008,1.5719
5/7/2008,1.5462
5/8/2008,1.5548
5/9/2008,1.5592
5/12/2008,1.5509
5/13/2008,1.5562
5/14/2008,1.5407
5/15/2008,1.5496
5/16/2008,1.5466
5/19/2008,1.5487
5/20/2008,1.5502
5/21/2008,1.5509
5/22/2008,1.5494
5/23/2008,1.5533
5/26/2008,1.5588
5/27/2008,1.5571
5/28/2008,1.5578
5/29/2008,1.5302
5/30/2008,1.5382
6/2/2008,1.546
6/3/2008,1.562
6/4/2008,1.561
6/5/2008,1.5727
6/6/2008,1.5906
6/9/2008,1.6136
6/10/2008,1.5979
6/11/2008,1.5777
6/12/2008,1.5806
6/13/2008,1.5747
6/16/2008,1.5888
6/17/2008,1.5816
6/18/2008,1.5797
6/19/2008,1.5712
6/20/2008,1.5805
6/23/2008,1.5768
6/24/2008,1.5823
6/25/2008,1.5786
6/26/2008,1.5899
6/27/2008,1.585
6/30/2008,1.5942
7/1/2008,1.6063
7/2/2008,1.6142
7/3/2008,1.6117
7/4/2008,1.593
7/7/2008,1.5988
7/8/2008,1.5973
7/9/2008,1.5953
7/10/2008,1.5878
7/11/2008,1.609
7/14/2008,1.5995
7/15/2008,1.5979
7/16/2008,1.592
7/17/2008,1.586
7/18/2008,1.5901
7/21/2008,1.5921
7/22/2008,1.5943
7/23/2008,1.5869
7/24/2008,1.5832
7/25/2008,1.5968
7/28/2008,1.6087
7/29/2008,1.6087
7/30/2008,1.5945
7/31/2008,1.597
8/1/2008,1.598
8/4/2008,1.6035
8/5/2008,1.6168
8/6/2008,1.6159
8/7/2008,1.6201
8/8/2008,1.6075
8/11/2008,1.6013
8/12/2008,1.5936
8/13/2008,1.5916
8/14/2008,1.5775
8/15/2008,1.5685
8/18/2008,1.5558
8/19/2008,1.5637
8/20/2008,1.564
8/21/2008,1.5598
8/22/2008,1.5502
8/25/2008,1.5424
8/26/2008,1.5379
8/27/2008,1.5417
8/28/2008,1.5456
8/29/2008,1.551
9/1/2008,1.5585
9/2/2008,1.5483
9/3/2008,1.55
9/4/2008,1.5344
9/5/2008,1.5194
9/8/2008,1.5091
9/9/2008,1.503
9/10/2008,1.509
9/11/2008,1.495
9/12/2008,1.5036
9/15/2008,1.514
9/16/2008,1.5283
9/17/2008,1.5176
9/18/2008,1.539
9/19/2008,1.5154
9/22/2008,1.5305
9/23/2008,1.5233
9/24/2008,1.5205
9/25/2008,1.5205
9/26/2008,1.5148
9/29/2008,1.4929
9/30/2008,1.4961
10/1/2008,1.4912
10/2/2008,1.4804
10/3/2008,1.4899
10/6/2008,1.4787
10/7/2008,1.4991
10/8/2008,1.5105
10/9/2008,1.5398
10/10/2008,1.5839
10/13/2008,1.5903
10/14/2008,1.565
10/15/2008,1.5833
10/16/2008,1.6056
10/17/2008,1.5936
10/20/2008,1.59
10/21/2008,1.5928
10/22/2008,1.6088
10/23/2008,1.6285
10/24/2008,1.5994
10/27/2008,1.5969
10/28/2008,1.6133
10/29/2008,1.6075
10/30/2008,1.5697
10/31/2008,1.5681
11/3/2008,1.534
11/4/2008,1.4949
11/5/2008,1.4858
11/6/2008,1.4972
11/7/2008,1.5224
11/10/2008,1.511
11/11/2008,1.5168
11/12/2008,1.5193
11/13/2008,1.5465
11/14/2008,1.5504
11/17/2008,1.5502
11/18/2008,1.5554
11/19/2008,1.5634
11/20/2008,1.5814
11/21/2008,1.6151
11/24/2008,1.6134
11/25/2008,1.5912
11/26/2008,1.5985
11/27/2008,1.5937
11/28/2008,1.5775
12/1/2008,1.5725
12/2/2008,1.5756
12/3/2008,1.5853
12/4/2008,1.5948
12/5/2008,1.6354
12/8/2008,1.6067
12/9/2008,1.6171
12/10/2008,1.6295
12/11/2008,1.6383
12/12/2008,1.6598
12/15/2008,1.6555
12/16/2008,1.6832
12/17/2008,1.7004
12/18/2008,1.7433
12/19/2008,1.71
12/22/2008,1.6763
12/23/2008,1.7041
12/24/2008,1.6984
12/29/2008,1.7408
12/30/2008,1.7331
12/31/2008,1.6998
1/2/2009,1.6942
1/5/2009,1.6475
1/6/2009,1.585
1/7/2009,1.6061
1/8/2009,1.6344
1/9/2009,1.6186
1/12/2009,1.6021
1/13/2009,1.632
1/14/2009,1.6144
1/15/2009,1.6373
1/16/2009,1.6434
1/19/2009,1.6492
1/20/2009,1.6364
1/21/2009,1.6345
1/22/2009,1.6392
1/23/2009,1.6087
1/26/2009,1.5864
1/27/2009,1.619
1/28/2009,1.6161
1/29/2009,1.5963
1/30/2009,1.5895
2/2/2009,1.585
2/3/2009,1.6058
2/4/2009,1.5928
2/5/2009,1.5807
2/6/2009,1.6001
2/9/2009,1.5969
2/10/2009,1.5866
2/11/2009,1.6138
2/12/2009,1.5994
2/13/2009,1.5833
2/16/2009,1.5912
2/17/2009,1.5959
2/18/2009,1.5882
2/19/2009,1.5868
2/20/2009,1.5911
2/23/2009,1.6001
2/24/2009,1.5996
2/25/2009,1.5947
2/26/2009,1.5885
2/27/2009,1.5985
3/2/2009,1.6229
3/3/2009,1.6219
3/4/2009,1.6156
3/5/2009,1.6139
3/6/2009,1.6258
3/9/2009,1.6405
3/10/2009,1.6349
3/11/2009,1.6325
3/12/2009,1.646
3/13/2009,1.6413
3/16/2009,1.6534
3/17/2009,1.6495
3/18/2009,1.6563
3/19/2009,1.6732
3/20/2009,1.677
3/23/2009,1.6753
3/24/2009,1.656
3/25/2009,1.6598
3/26/2009,1.6707
3/27/2009,1.6446
3/30/2009,1.6533
3/31/2009,1.6685
4/1/2009,1.6764
4/2/2009,1.6725
4/3/2009,1.6664
4/6/2009,1.6656
4/7/2009,1.6501
4/8/2009,1.634
4/9/2009,1.6328
4/14/2009,1.6117
4/15/2009,1.6004
4/16/2009,1.5874
4/17/2009,1.5815
4/20/2009,1.5985
4/21/2009,1.6051
4/22/2009,1.6106
4/23/2009,1.6108
4/24/2009,1.6121
4/27/2009,1.5953
4/28/2009,1.5918
4/29/2009,1.5942
4/30/2009,1.5786
5/4/2009,1.5681
5/5/2009,1.5669
5/6/2009,1.5689
5/7/2009,1.5569
5/8/2009,1.5582
5/11/2009,1.5676
5/12/2009,1.5865
5/13/2009,1.5832
5/14/2009,1.5971
5/15/2009,1.5894
5/18/2009,1.5779
5/19/2009,1.5754
5/20/2009,1.5724
5/21/2009,1.5754
5/22/2009,1.5744
5/25/2009,1.5777
5/26/2009,1.5698
5/27/2009,1.5536
5/28/2009,1.5544
5/29/2009,1.5501
6/1/2009,1.5397
6/2/2009,1.5433
6/3/2009,1.5459
6/4/2009,1.5694
6/5/2009,1.5657
6/8/2009,1.5548
6/9/2009,1.5402
6/10/2009,1.55
6/11/2009,1.5428
6/12/2009,1.5708
6/15/2009,1.569
6/16/2009,1.5612
6/17/2009,1.5794
6/18/2009,1.5758
6/19/2009,1.5708
6/22/2009,1.5871
6/23/2009,1.6101
6/24/2009,1.6105
6/25/2009,1.62
6/26/2009,1.6168
6/29/2009,1.6236
6/30/2009,1.6275
7/1/2009,1.6224
7/2/2009,1.6201
7/3/2009,1.6203
7/6/2009,1.6193
7/7/2009,1.6223
7/8/2009,1.6206
7/9/2009,1.6182
7/10/2009,1.6212
7/13/2009,1.6239
7/14/2009,1.6018
7/15/2009,1.5813
7/16/2009,1.5787
7/17/2009,1.5734
7/20/2009,1.5702
7/21/2009,1.5689
7/22/2009,1.5704
7/23/2009,1.5606
7/24/2009,1.5407
7/27/2009,1.5433
7/28/2009,1.5378
7/29/2009,1.5335
7/30/2009,1.524
7/31/2009,1.5234
8/3/2009,1.5274
8/4/2009,1.5369
8/5/2009,1.5507
8/6/2009,1.5416
8/7/2009,1.554
8/10/2009,1.5361
8/11/2009,1.5537
8/12/2009,1.5633
8/13/2009,1.5451
8/14/2009,1.5509
8/17/2009,1.5621
8/18/2009,1.5606
8/19/2009,1.5657
8/20/2009,1.56
8/21/2009,1.5541
8/24/2009,1.5444
8/25/2009,1.5411
8/26/2009,1.557
8/27/2009,1.5598
8/28/2009,1.5522
8/31/2009,1.5793
9/1/2009,1.5672
9/2/2009,1.572
9/3/2009,1.5742
9/4/2009,1.5581
9/7/2009,1.5429
9/8/2009,1.5483
9/9/2009,1.569
9/10/2009,1.5791
9/11/2009,1.5728
9/14/2009,1.5879
9/15/2009,1.5869
9/16/2009,1.5696
9/17/2009,1.5672
9/18/2009,1.5752
9/21/2009,1.578
9/22/2009,1.5787
9/23/2009,1.5794
9/24/2009,1.5843
9/25/2009,1.6035
9/28/2009,1.6027
9/29/2009,1.5861
9/30/2009,1.5709
10/1/2009,1.5601
10/2/2009,1.5856
10/5/2009,1.5693
10/6/2009,1.5648
10/7/2009,1.5546
10/8/2009,1.5619
10/9/2009,1.5398
10/12/2009,1.5248
10/13/2009,1.5308
10/14/2009,1.5311
10/15/2009,1.536
10/16/2009,1.5458
10/19/2009,1.5445
10/20/2009,1.5443
10/21/2009,1.5754
10/22/2009,1.574
10/23/2009,1.5807
10/26/2009,1.5872
10/27/2009,1.5839
10/28/2009,1.5855
10/29/2009,1.5865
10/30/2009,1.5952
11/2/2009,1.5958
11/3/2009,1.5834
11/4/2009,1.5682
11/5/2009,1.5804
11/6/2009,1.5923
11/9/2009,1.5923
11/10/2009,1.5852
11/11/2009,1.5693
11/12/2009,1.5702
11/13/2009,1.5655
11/16/2009,1.5635
11/17/2009,1.5735
11/18/2009,1.5657
11/19/2009,1.5776
11/20/2009,1.5876
11/23/2009,1.5846
11/24/2009,1.5815
11/25/2009,1.5787
11/26/2009,1.5882
11/27/2009,1.5992
11/30/2009,1.5882
12/1/2009,1.5761
12/2/2009,1.5766
12/3/2009,1.5873
12/4/2009,1.5778
12/7/2009,1.5664
12/8/2009,1.5595
12/9/2009,1.5643
12/10/2009,1.5472
12/11/2009,1.5481
12/14/2009,1.5584
12/15/2009,1.5459
12/16/2009,1.5432
12/17/2009,1.5389
12/18/2009,1.5295
12/21/2009,1.5165
12/22/2009,1.5109
12/23/2009,1.4983
12/24/2009,1.5052
12/28/2009,1.5069
12/29/2009,1.4999
12/30/2009,1.5039
12/31/2009,1.5128
1/4/2010,1.4953
1/5/2010,1.4952
1/6/2010,1.492
1/7/2010,1.4789
1/8/2010,1.4781
1/11/2010,1.4928
1/12/2010,1.4959
1/13/2010,1.5065
1/14/2010,1.4942
1/15/2010,1.4752
1/18/2010,1.4741
1/19/2010,1.4723
1/20/2010,1.4771
1/21/2010,1.474
1/22/2010,1.4891
1/25/2010,1.4996
1/26/2010,1.4965
1/27/2010,1.4973
1/28/2010,1.4824
1/29/2010,1.4924
2/1/2010,1.4868
2/2/2010,1.4768
2/3/2010,1.4832
2/4/2010,1.4701
2/5/2010,1.4698
2/8/2010,1.464
2/9/2010,1.468
2/10/2010,1.4667
2/11/2010,1.4502
2/12/2010,1.4269
2/15/2010,1.4253
2/16/2010,1.4264
2/17/2010,1.4306
2/18/2010,1.4177
2/19/2010,1.4215
2/22/2010,1.4133
2/23/2010,1.4172
2/24/2010,1.4306
2/25/2010,1.4278
2/26/2010,1.4354
3/1/2010,1.4266
3/2/2010,1.4029
3/3/2010,1.4097
3/4/2010,1.4071
3/5/2010,1.4011
3/8/2010,1.4023
3/9/2010,1.3962
3/10/2010,1.3969
3/11/2010,1.4027
3/12/2010,1.4013
3/15/2010,1.3972
3/16/2010,1.3944
3/17/2010,1.3902
3/18/2010,1.3801
3/19/2010,1.3666
3/22/2010,1.3788
3/23/2010,1.3777
3/24/2010,1.3651
3/25/2010,1.359
3/26/2010,1.3721
3/29/2010,1.375
3/30/2010,1.3731
3/31/2010,1.3687
4/1/2010,1.3622
4/6/2010,1.3408
4/7/2010,1.3363
4/8/2010,1.3407
4/9/2010,1.3466
4/12/2010,1.3688
4/13/2010,1.363
4/14/2010,1.3571
4/15/2010,1.3536
4/16/2010,1.3567
4/19/2010,1.368
4/20/2010,1.3665
4/21/2010,1.3335
4/22/2010,1.3341
4/23/2010,1.3337
4/26/2010,1.331
4/27/2010,1.334
4/28/2010,1.3402
4/29/2010,1.3292
4/30/2010,1.3379
5/3/2010,1.3422
5/4/2010,1.3329
5/5/2010,1.328
5/6/2010,1.3142
5/7/2010,1.3229
5/10/2010,1.3249
5/11/2010,1.3031
5/12/2010,1.289
5/13/2010,1.278
5/14/2010,1.2832
5/17/2010,1.2792
5/18/2010,1.276
5/19/2010,1.2837
5/20/2010,1.312
5/21/2010,1.3407
5/24/2010,1.3095
5/25/2010,1.3204
5/26/2010,1.309
5/27/2010,1.2919
5/28/2010,1.2954
5/31/2010,1.2894
6/1/2010,1.2766
6/2/2010,1.2848
6/3/2010,1.2734
6/4/2010,1.2595
6/7/2010,1.2672
6/8/2010,1.2576
6/9/2010,1.2529
6/10/2010,1.2486
6/11/2010,1.2501
6/14/2010,1.2583
6/15/2010,1.2629
6/16/2010,1.2631
6/17/2010,1.2668
6/18/2010,1.2723
6/21/2010,1.2601
6/22/2010,1.2533
6/23/2010,1.268
6/24/2010,1.281
6/25/2010,1.2799
6/28/2010,1.2757
6/29/2010,1.2812
6/30/2010,1.289
7/1/2010,1.3124
7/2/2010,1.334
7/5/2010,1.3343
7/6/2010,1.3339
7/7/2010,1.3311
7/8/2010,1.3213
7/9/2010,1.3072
7/12/2010,1.2986
7/13/2010,1.2978
7/14/2010,1.3157
7/15/2010,1.3201
7/16/2010,1.3586
7/19/2010,1.3667
7/20/2010,1.3583
7/21/2010,1.3284
7/22/2010,1.3388
7/23/2010,1.3386
7/26/2010,1.3395
7/27/2010,1.3382
7/28/2010,1.3391
7/29/2010,1.3504
7/30/2010,1.3454
8/2/2010,1.3372
8/3/2010,1.3543
8/4/2010,1.3508
8/5/2010,1.3358
8/6/2010,1.3467
8/9/2010,1.3633
8/10/2010,1.3595
8/11/2010,1.3504
8/12/2010,1.3398
8/13/2010,1.3329
8/16/2010,1.3366
8/17/2010,1.3341
8/18/2010,1.3236
8/19/2010,1.318
8/20/2010,1.3326
8/23/2010,1.3292
8/24/2010,1.3409
8/25/2010,1.3449
8/26/2010,1.3425
8/27/2010,1.3487
8/30/2010,1.3333
8/31/2010,1.3489
9/1/2010,1.356
9/2/2010,1.3451
9/3/2010,1.3561
9/6/2010,1.332
9/7/2010,1.3286
9/8/2010,1.331
9/9/2010,1.3131
9/10/2010,1.3118
9/13/2010,1.3185
9/14/2010,1.3199
9/15/2010,1.3335
9/16/2010,1.3423
9/17/2010,1.341
9/20/2010,1.3487
9/21/2010,1.3536
9/22/2010,1.3678
9/23/2010,1.3795
9/24/2010,1.3801
9/27/2010,1.3795
9/28/2010,1.3897
9/29/2010,1.3978
9/30/2010,1.4073
10/1/2010,1.4085
10/4/2010,1.3998
10/5/2010,1.407
10/6/2010,1.4018
10/7/2010,1.412
10/8/2010,1.4168
10/11/2010,1.41
10/12/2010,1.4023
10/13/2010,1.3999
10/14/2010,1.4088
10/15/2010,1.4165
10/18/2010,1.4192
10/19/2010,1.4217
10/20/2010,1.426
10/21/2010,1.43
10/22/2010,1.4299
10/25/2010,1.4291
10/26/2010,1.4245
10/27/2010,1.421
10/28/2010,1.4195
10/29/2010,1.415
11/1/2010,1.416
11/2/2010,1.4168
11/3/2010,1.4136
11/4/2010,1.4269
11/5/2010,1.41
11/8/2010,1.396
11/9/2010,1.3931
11/10/2010,1.3832
11/11/2010,1.3742
11/12/2010,1.3851
11/15/2010,1.3749
11/16/2010,1.3817
11/17/2010,1.3778
11/18/2010,1.3895
11/19/2010,1.3957
11/22/2010,1.3865
11/23/2010,1.3799
11/24/2010,1.3556
11/25/2010,1.3454
11/26/2010,1.3523
11/29/2010,1.3429
11/30/2010,1.3306
12/1/2010,1.336
12/2/2010,1.3291
12/3/2010,1.3269
12/6/2010,1.3366
12/7/2010,1.3386
12/8/2010,1.3361
12/9/2010,1.3354
12/10/2010,1.3371
12/13/2010,1.3359
12/14/2010,1.3531
12/15/2010,1.344
12/16/2010,1.3297
12/17/2010,1.3358
12/20/2010,1.3316
12/21/2010,1.341
12/22/2010,1.3322
12/23/2010,1.3273
12/24/2010,1.3236
12/27/2010,1.324
12/28/2010,1.3221
12/29/2010,1.3155
12/30/2010,1.3275
12/31/2010,1.3322
1/3/2011,1.3232
1/4/2011,1.333
1/5/2011,1.3218
1/6/2011,1.3011
1/7/2011,1.2867
1/10/2011,1.285
1/11/2011,1.2839
1/12/2011,1.2784
1/13/2011,1.3052
1/14/2011,1.33
1/17/2011,1.3139
1/18/2011,1.3182
1/19/2011,1.3388
1/20/2011,1.3463
1/21/2011,1.3475
1/24/2011,1.3498
1/25/2011,1.3595
1/26/2011,1.363
1/27/2011,1.3651
1/28/2011,1.3644
1/31/2011,1.3679
2/1/2011,1.3717
2/2/2011,1.3649
2/3/2011,1.3596
2/4/2011,1.3448
2/7/2011,1.338
2/8/2011,1.3502
2/9/2011,1.3573
2/10/2011,1.3572
2/11/2011,1.3464
2/14/2011,1.328
2/15/2011,1.3317
2/16/2011,1.3328
2/17/2011,1.3327
2/18/2011,1.3398
2/21/2011,1.3444
2/22/2011,1.3491
2/23/2011,1.3629
2/24/2011,1.355
2/25/2011,1.3487
2/28/2011,1.3535
3/1/2011,1.3408
3/2/2011,1.3454
3/3/2011,1.3469
3/4/2011,1.3575
3/7/2011,1.3616
3/8/2011,1.3539
3/9/2011,1.3481
3/10/2011,1.3416
3/11/2011,1.3488
3/14/2011,1.3597
3/15/2011,1.3779
3/16/2011,1.374
3/17/2011,1.3808
3/18/2011,1.3894
3/21/2011,1.386
3/22/2011,1.3911
3/23/2011,1.389
3/24/2011,1.3816
3/25/2011,1.3778
3/28/2011,1.3733
3/29/2011,1.3737
3/30/2011,1.3674
3/31/2011,1.3785
4/1/2011,1.3686
4/4/2011,1.3719
4/5/2011,1.3676
4/6/2011,1.3714
4/7/2011,1.3695
4/8/2011,1.3741
4/11/2011,1.3812
4/12/2011,1.3864
4/13/2011,1.3938
4/14/2011,1.3906
4/15/2011,1.3934
4/18/2011,1.3771
4/19/2011,1.3694
4/20/2011,1.3808
4/21/2011,1.3826
4/26/2011,1.3929
4/27/2011,1.3968
4/28/2011,1.4065
4/29/2011,1.4102
5/2/2011,1.4088
5/3/2011,1.4096
5/4/2011,1.4175
5/5/2011,1.4303
5/6/2011,1.3978
5/9/2011,1.3884
5/10/2011,1.3777
5/11/2011,1.3701
5/12/2011,1.3677
5/13/2011,1.3753
5/16/2011,1.3781
5/17/2011,1.3818
5/18/2011,1.386
5/19/2011,1.3804
5/20/2011,1.3799
5/23/2011,1.3725
5/24/2011,1.378
5/25/2011,1.3768
5/26/2011,1.3855
5/27/2011,1.3925
5/30/2011,1.3927
5/31/2011,1.3985
6/1/2011,1.3948
6/2/2011,1.4135
6/3/2011,1.4177
6/6/2011,1.4317
6/7/2011,1.4297
6/8/2011,1.4332
6/9/2011,1.4298
6/10/2011,1.4075
6/13/2011,1.4031
6/14/2011,1.4074
6/15/2011,1.3862
6/16/2011,1.3929
6/17/2011,1.3967
6/20/2011,1.4004
6/21/2011,1.4023
6/22/2011,1.4007
6/23/2011,1.3845
6/24/2011,1.3961
6/27/2011,1.4056
6/28/2011,1.407
6/29/2011,1.4037
6/30/2011,1.3951
7/1/2011,1.3964
7/4/2011,1.3919
7/5/2011,1.3929
7/6/2011,1.3833
7/7/2011,1.3738
7/8/2011,1.3645
7/11/2011,1.3627
7/12/2011,1.3584
7/13/2011,1.3527
7/14/2011,1.36
7/15/2011,1.3549
7/18/2011,1.3472
7/19/2011,1.3534
7/20/2011,1.3451
7/21/2011,1.3447
7/22/2011,1.3658
7/25/2011,1.3599
7/26/2011,1.3623
7/27/2011,1.3625
7/28/2011,1.3521
7/29/2011,1.3556
8/1/2011,1.3713
8/2/2011,1.362
8/3/2011,1.3724
8/4/2011,1.3829
8/5/2011,1.3899
8/8/2011,1.4029
8/9/2011,1.4143
8/10/2011,1.4133
8/11/2011,1.4091
8/12/2011,1.4063
8/15/2011,1.4112
8/16/2011,1.4165
8/17/2011,1.4167
8/18/2011,1.4175
8/19/2011,1.4189
8/22/2011,1.4194
8/23/2011,1.426
8/24/2011,1.4266
8/25/2011,1.4219
8/26/2011,1.4241
8/29/2011,1.4157
8/30/2011,1.4101
8/31/2011,1.4141
9/1/2011,1.3954
9/2/2011,1.3944
9/5/2011,1.3968
9/6/2011,1.3992
9/7/2011,1.3877
9/8/2011,1.3825
9/9/2011,1.3718
9/12/2011,1.3668
9/13/2011,1.3545
9/14/2011,1.3583
9/15/2011,1.3635
9/16/2011,1.3562
9/19/2011,1.3423
9/20/2011,1.358
9/21/2011,1.3594
9/22/2011,1.3894
9/23/2011,1.3856
9/26/2011,1.3889
9/27/2011,1.3842
9/28/2011,1.3972
9/29/2011,1.4049
9/30/2011,1.4105
10/3/2011,1.3967
10/4/2011,1.3923
10/5/2011,1.4025
10/6/2011,1.389
10/7/2011,1.3911
10/10/2011,1.3986
10/11/2011,1.3988
10/12/2011,1.3996
10/13/2011,1.403
10/14/2011,1.401
10/17/2011,1.3955
10/18/2011,1.4018
10/19/2011,1.3981
10/20/2011,1.4015
10/21/2011,1.3957
10/24/2011,1.3938
10/25/2011,1.3926
10/26/2011,1.4114
10/27/2011,1.3964
10/28/2011,1.4072
10/31/2011,1.393
11/1/2011,1.3855
11/2/2011,1.3977
11/3/2011,1.3874
11/4/2011,1.404
11/7/2011,1.3981
11/8/2011,1.3974
11/9/2011,1.3908
11/10/2011,1.3892
11/11/2011,1.3906
11/14/2011,1.3886
11/15/2011,1.3866
11/16/2011,1.3831
11/17/2011,1.3821
11/18/2011,1.3879
11/21/2011,1.3937
11/22/2011,1.4059
11/23/2011,1.3964
11/24/2011,1.3964
11/25/2011,1.3912
11/28/2011,1.3802
11/29/2011,1.3717
11/30/2011,1.3678
12/1/2011,1.3736
12/2/2011,1.3695
12/5/2011,1.3644
12/6/2011,1.364
12/7/2011,1.3517
12/8/2011,1.3523
12/9/2011,1.3674
12/12/2011,1.3576
12/13/2011,1.3528
12/14/2011,1.3475
12/15/2011,1.348
12/16/2011,1.3497
12/19/2011,1.3505
12/20/2011,1.3508
12/21/2011,1.3422
12/22/2011,1.3369
12/23/2011,1.3309
12/27/2011,1.3322
12/28/2011,1.3269
12/29/2011,1.3189
12/30/2011,1.3215
1/2/2012,1.3195
1/3/2012,1.317
1/4/2012,1.3153
1/5/2012,1.3039
1/6/2012,1.3051
1/9/2012,1.3086
1/10/2012,1.3021
1/11/2012,1.2928
1/12/2012,1.2946
1/13/2012,1.3019
1/16/2012,1.2929
1/17/2012,1.2949
1/18/2012,1.3002
1/19/2012,1.3012
1/20/2012,1.3076
1/23/2012,1.3129
1/24/2012,1.3164
1/25/2012,1.3114
1/26/2012,1.3166
1/27/2012,1.3129
1/30/2012,1.3185
1/31/2012,1.3134
2/1/2012,1.3161
2/2/2012,1.3097
2/3/2012,1.3189
2/6/2012,1.3019
2/7/2012,1.3088
2/8/2012,1.3199
2/9/2012,1.3219
2/10/2012,1.3225
2/13/2012,1.3222
2/14/2012,1.3162
2/15/2012,1.3053
2/16/2012,1.3026
2/17/2012,1.3093
2/20/2012,1.3159
2/21/2012,1.3172
2/22/2012,1.321
2/23/2012,1.3259
2/24/2012,1.3393
2/27/2012,1.3432
2/28/2012,1.3396
2/29/2012,1.3282
3/1/2012,1.312
3/2/2012,1.3044
3/5/2012,1.3129
3/6/2012,1.3137
3/7/2012,1.314
3/8/2012,1.3178
3/9/2012,1.3091
3/12/2012,1.3026
3/13/2012,1.2953
3/14/2012,1.2927
3/15/2012,1.296
3/16/2012,1.299
3/19/2012,1.3037
3/20/2012,1.3098
3/21/2012,1.3093
3/22/2012,1.3151
3/23/2012,1.3263
3/26/2012,1.3223
3/27/2012,1.3233
3/28/2012,1.3289
3/29/2012,1.3271
3/30/2012,1.3311
4/2/2012,1.33
4/3/2012,1.3206
4/4/2012,1.3079
4/5/2012,1.3042
4/10/2012,1.3092
4/11/2012,1.3166
4/12/2012,1.3132
4/13/2012,1.3068
4/16/2012,1.3029
4/17/2012,1.3082
4/18/2012,1.2966
4/19/2012,1.2971
4/20/2012,1.3075
4/23/2012,1.3094
4/24/2012,1.302
4/25/2012,1.3016
4/26/2012,1.2968
4/27/2012,1.2996
4/30/2012,1.2985
5/2/2012,1.2977
5/3/2012,1.2917
5/4/2012,1.2986
5/7/2012,1.2983
5/8/2012,1.2968
5/9/2012,1.3007
5/10/2012,1.2945
5/11/2012,1.2997
5/14/2012,1.2911
5/15/2012,1.2855
5/16/2012,1.2832
5/17/2012,1.2858
5/18/2012,1.2939
5/21/2012,1.3047
5/22/2012,1.2977
5/23/2012,1.294
5/24/2012,1.2877
5/25/2012,1.289
5/28/2012,1.2871
5/29/2012,1.2835
5/30/2012,1.2784
5/31/2012,1.2761
6/1/2012,1.2794
6/4/2012,1.2923
6/5/2012,1.293
6/6/2012,1.2909
6/7/2012,1.2892
6/8/2012,1.2894
6/11/2012,1.2855
6/12/2012,1.2852
6/13/2012,1.286
6/14/2012,1.2885
6/15/2012,1.2901
6/18/2012,1.2944
6/19/2012,1.2889
6/20/2012,1.2919
6/21/2012,1.2907
6/22/2012,1.2893
6/25/2012,1.2861
6/26/2012,1.2824
6/27/2012,1.2796
6/28/2012,1.2764
6/29/2012,1.2871
7/2/2012,1.2808
7/3/2012,1.2781
7/4/2012,1.2726
7/5/2012,1.258
7/6/2012,1.2559
7/9/2012,1.2554
7/10/2012,1.251
7/11/2012,1.2493
7/12/2012,1.2461
7/13/2012,1.2391
7/16/2012,1.2367
7/17/2012,1.2463
7/18/2012,1.2399
7/19/2012,1.2375
7/20/2012,1.2323
7/23/2012,1.2314
7/24/2012,1.2307
7/25/2012,1.236
7/26/2012,1.2356
7/27/2012,1.2407
7/30/2012,1.2297
7/31/2012,1.2312
8/1/2012,1.232
8/2/2012,1.2373
8/3/2012,1.2282
8/6/2012,1.2385
8/7/2012,1.2409
8/8/2012,1.2309
8/9/2012,1.223
8/10/2012,1.2192
8/13/2012,1.2235
8/14/2012,1.2251
8/15/2012,1.2175
8/16/2012,1.2139
8/17/2012,1.2195
8/20/2012,1.2167
8/21/2012,1.225
8/22/2012,1.2355
8/23/2012,1.2438
8/24/2012,1.2424
8/27/2012,1.2403
8/28/2012,1.2389
8/29/2012,1.2402
8/30/2012,1.2434
8/31/2012,1.2487
9/3/2012,1.24
9/4/2012,1.239
9/5/2012,1.2422
9/6/2012,1.247
9/7/2012,1.2472
9/10/2012,1.2486
9/11/2012,1.2429
9/12/2012,1.2566
9/13/2012,1.2599
9/14/2012,1.2628
9/17/2012,1.2733
9/18/2012,1.2732
9/19/2012,1.2672
9/20/2012,1.2678
9/21/2012,1.2654
9/24/2012,1.2668
9/25/2012,1.2677
9/26/2012,1.2633
9/27/2012,1.2658
9/28/2012,1.2684
10/1/2012,1.2667
10/2/2012,1.2693
10/3/2012,1.2727
10/4/2012,1.2783
10/5/2012,1.275
10/8/2012,1.2683
10/9/2012,1.2632
10/10/2012,1.2594
10/11/2012,1.2645
10/12/2012,1.2678
10/15/2012,1.2682
10/16/2012,1.287
10/17/2012,1.2915
10/18/2012,1.2843
10/19/2012,1.2885
10/22/2012,1.2987
10/23/2012,1.2961
10/24/2012,1.2807
10/25/2012,1.2884
10/26/2012,1.2865
10/29/2012,1.2895
10/30/2012,1.2961
10/31/2012,1.3005
11/1/2012,1.2969
11/2/2012,1.2783
11/5/2012,1.2732
11/6/2012,1.2722
11/7/2012,1.2662
11/8/2012,1.269
11/9/2012,1.273
11/12/2012,1.2725
11/13/2012,1.2709
11/14/2012,1.2741
11/15/2012,1.2782
11/16/2012,1.2753
11/19/2012,1.2744
11/20/2012,1.2755
11/21/2012,1.2774
11/22/2012,1.2841
11/23/2012,1.2865
11/26/2012,1.2884
11/27/2012,1.2846
11/28/2012,1.2823
11/29/2012,1.2886
11/30/2012,1.2904
12/3/2012,1.2964
12/4/2012,1.3013
12/5/2012,1.296
12/6/2012,1.2961
12/7/2012,1.2806
12/10/2012,1.2761
12/11/2012,1.282
12/12/2012,1.285
12/13/2012,1.2852
12/14/2012,1.2878
12/17/2012,1.299
12/18/2012,1.2972
12/19/2012,1.3126
12/20/2012,1.3106
12/21/2012,1.309
12/24/2012,1.3124
12/27/2012,1.3156
12/28/2012,1.3122
12/31/2012,1.3137
1/2/2013,1.306
1/3/2013,1.2923
1/4/2013,1.2897
1/7/2013,1.2871
1/8/2013,1.2899
1/9/2013,1.2893
1/10/2013,1.2928
1/11/2013,1.306
1/14/2013,1.3158
1/15/2013,1.3142
1/16/2013,1.3102
1/17/2013,1.3193
1/18/2013,1.3192
1/21/2013,1.323
1/22/2013,1.3242
1/23/2013,1.3222
1/24/2013,1.3374
1/25/2013,1.3553
1/28/2013,1.3562
1/29/2013,1.351
1/30/2013,1.3573
1/31/2013,1.3577
2/1/2013,1.3637
2/4/2013,1.3509
2/5/2013,1.3511
2/6/2013,1.3493
2/7/2013,1.3488
2/8/2013,1.3361
2/11/2013,1.3494
2/12/2013,1.3512
2/13/2013,1.3518
2/14/2013,1.3343
2/15/2013,1.336
2/18/2013,1.3439
2/19/2013,1.3504
2/20/2013,1.3567
2/21/2013,1.3437
2/22/2013,1.3458
2/25/2013,1.3602
2/26/2013,1.3418
2/27/2013,1.3434
2/28/2013,1.3461
3/1/2013,1.3437
3/4/2013,1.338
3/5/2013,1.3379
3/6/2013,1.3408
3/7/2013,1.3422
3/8/2013,1.347
3/11/2013,1.3357
3/12/2013,1.3392
3/13/2013,1.3304
3/14/2013,1.3279
3/15/2013,1.3352
3/18/2013,1.3211
3/19/2013,1.3265
3/20/2013,1.3271
3/21/2013,1.3211
3/22/2013,1.3259
3/25/2013,1.3199
3/26/2013,1.3103
3/27/2013,1.2984
3/28/2013,1.3021
4/2/2013,1.3006
4/3/2013,1.301
4/4/2013,1.3012
4/5/2013,1.3134
4/8/2013,1.3244
4/9/2013,1.3234
4/10/2013,1.329
4/11/2013,1.3242
4/12/2013,1.3207
4/15/2013,1.335
4/16/2013,1.3411
4/17/2013,1.3469
4/18/2013,1.3362
4/19/2013,1.3443
4/22/2013,1.3375
4/23/2013,1.335
4/24/2013,1.3345
4/25/2013,1.3374
4/26/2013,1.3256
4/29/2013,1.3293
4/30/2013,1.3213
5/2/2013,1.3285
5/3/2013,1.3263
5/6/2013,1.3217
5/7/2013,1.3175
5/8/2013,1.319
5/9/2013,1.3189
5/10/2013,1.3113
5/13/2013,1.3092
5/14/2013,1.3157
5/15/2013,1.3133
5/16/2013,1.314
5/17/2013,1.322
5/20/2013,1.3212
5/21/2013,1.3212
5/22/2013,1.3315
5/23/2013,1.3339
5/24/2013,1.3369
5/27/2013,1.3357
5/28/2013,1.3383
5/29/2013,1.3434
5/30/2013,1.3433
5/31/2013,1.3434
6/3/2013,1.3455
6/4/2013,1.351
6/5/2013,1.3509
6/6/2013,1.3529
6/7/2013,1.3568
6/10/2013,1.3455
6/11/2013,1.3594
6/12/2013,1.3489
6/13/2013,1.3541
6/14/2013,1.3524
6/17/2013,1.3548
6/18/2013,1.3635
6/19/2013,1.3673
6/20/2013,1.3651
6/21/2013,1.3705
6/24/2013,1.3797
6/25/2013,1.377
6/26/2013,1.3649
6/27/2013,1.3599
6/28/2013,1.3714
7/1/2013,1.3714
7/2/2013,1.3756
7/3/2013,1.3664
7/4/2013,1.369
7/5/2013,1.3554
7/8/2013,1.3567
7/9/2013,1.3558
7/10/2013,1.3475
7/11/2013,1.3572
7/12/2013,1.3537
7/15/2013,1.3568
7/16/2013,1.3657
7/17/2013,1.3656
7/18/2013,1.364
7/19/2013,1.3618
7/22/2013,1.3618
7/23/2013,1.362
7/24/2013,1.3604
7/25/2013,1.3593
7/26/2013,1.3638
7/29/2013,1.3636
7/30/2013,1.3629
7/31/2013,1.3669
8/1/2013,1.363
8/2/2013,1.3734
8/5/2013,1.3782
8/6/2013,1.3778
8/7/2013,1.3868
8/8/2013,1.3909
8/9/2013,1.3762
8/12/2013,1.3693
8/13/2013,1.3715
8/14/2013,1.3689
8/15/2013,1.3732
8/16/2013,1.3771
8/19/2013,1.3786
8/20/2013,1.3897
8/21/2013,1.3966
8/22/2013,1.3984
8/23/2013,1.4114
8/26/2013,1.4064
8/27/2013,1.404
8/28/2013,1.4001
8/29/2013,1.3923
8/30/2013,1.3936
9/2/2013,1.3907
9/3/2013,1.3864
9/4/2013,1.3814
9/5/2013,1.3837
9/6/2013,1.3682
9/9/2013,1.3699
9/10/2013,1.3684
9/11/2013,1.3716
9/12/2013,1.3715
9/13/2013,1.3739
9/16/2013,1.3759
9/17/2013,1.3774
9/18/2013,1.3762
9/19/2013,1.3829
9/20/2013,1.3898
9/23/2013,1.3909
9/24/2013,1.3857
9/25/2013,1.3924
9/26/2013,1.3909
9/27/2013,1.3967
9/30/2013,1.3912
10/1/2013,1.3962
10/2/2013,1.3988
10/3/2013,1.4053
10/4/2013,1.4042
10/7/2013,1.401
10/8/2013,1.3994
10/9/2013,1.4029
10/10/2013,1.4053
10/11/2013,1.4094
10/14/2013,1.4041
10/15/2013,1.3975
10/16/2013,1.4067
10/17/2013,1.4069
10/18/2013,1.4089
10/21/2013,1.4069
10/22/2013,1.4084
10/23/2013,1.4189
10/24/2013,1.4358
10/25/2013,1.438
10/28/2013,1.4396
10/29/2013,1.4379
10/30/2013,1.4364
10/31/2013,1.4251
11/1/2013,1.4082
11/4/2013,1.4048
11/5/2013,1.4073
11/6/2013,1.4112
11/7/2013,1.394
11/8/2013,1.4042
11/11/2013,1.4026
11/12/2013,1.4097
11/13/2013,1.4071
11/14/2013,1.4106
11/15/2013,1.4085
11/18/2013,1.4081
11/19/2013,1.4092
11/20/2013,1.4145
11/21/2013,1.4109
11/22/2013,1.4249
11/25/2013,1.4272
11/26/2013,1.4258
11/27/2013,1.4382
11/28/2013,1.4376
11/29/2013,1.4394
12/2/2013,1.4387
12/3/2013,1.4465
12/4/2013,1.4484
12/5/2013,1.4487
12/6/2013,1.4548
12/9/2013,1.4633
12/10/2013,1.4604
12/11/2013,1.4581
12/12/2013,1.4571
12/13/2013,1.4626
12/16/2013,1.4579
12/17/2013,1.4557
12/18/2013,1.4621
12/19/2013,1.465
12/20/2013,1.46
12/23/2013,1.4524
12/24/2013,1.4519
12/27/2013,1.4731
12/30/2013,1.4764
12/31/2013,1.4671
1/2/2014,1.452
1/3/2014,1.4468
1/6/2014,1.4496
1/7/2014,1.4585
1/8/2014,1.4692
1/9/2014,1.478
1/10/2014,1.4777
1/13/2014,1.4897
1/14/2014,1.4883
1/15/2014,1.4905
1/16/2014,1.4851
1/17/2014,1.49
1/20/2014,1.4838
1/21/2014,1.4877
1/22/2014,1.4876
1/23/2014,1.5199
1/24/2014,1.5141
1/27/2014,1.508
1/28/2014,1.521
1/29/2014,1.5173
1/30/2014,1.5176
1/31/2014,1.5131
2/3/2014,1.495
2/4/2014,1.497
2/5/2014,1.4976
2/6/2014,1.4925
2/7/2014,1.5025
2/10/2014,1.5063
2/11/2014,1.5093
2/12/2014,1.493
2/13/2014,1.5047
2/14/2014,1.5017
2/17/2014,1.5015
2/18/2014,1.5059
2/19/2014,1.5051
2/20/2014,1.5189
2/21/2014,1.5304
2/24/2014,1.5243
2/25/2014,1.5233
2/26/2014,1.523
2/27/2014,1.52
2/28/2014,1.5357
3/3/2014,1.5278
3/4/2014,1.5244
3/5/2014,1.519
3/6/2014,1.5162
3/7/2014,1.5261
3/10/2014,1.5419
3/11/2014,1.539
3/12/2014,1.5465
3/13/2014,1.5428
3/14/2014,1.5393
3/17/2014,1.5393
3/18/2014,1.5355
3/19/2014,1.5545
3/20/2014,1.5507
3/21/2014,1.5435
3/24/2014,1.5448
3/25/2014,1.5413
3/26/2014,1.5398
3/27/2014,1.5262
3/28/2014,1.5187
3/31/2014,1.5225
4/1/2014,1.5241
4/2/2014,1.5191
4/3/2014,1.5172
4/4/2014,1.51
4/7/2014,1.5084
4/8/2014,1.5055
4/9/2014,1.5082
4/10/2014,1.5118
4/11/2014,1.5216
4/14/2014,1.5163
4/15/2014,1.5171
4/16/2014,1.52
4/17/2014,1.5253
4/22/2014,1.5218
4/23/2014,1.5249
4/24/2014,1.5237
4/25/2014,1.5239
4/28/2014,1.528
4/29/2014,1.5167
4/30/2014,1.5191
5/2/2014,1.52
5/5/2014,1.5242
5/6/2014,1.5232
5/7/2014,1.5164
5/8/2014,1.5175
5/9/2014,1.4925
5/12/2014,1.4976
5/13/2014,1.4935
5/14/2014,1.4958
5/15/2014,1.4845
5/16/2014,1.4897
5/19/2014,1.4904
5/20/2014,1.4921
5/21/2014,1.4908
5/22/2014,1.4915
5/23/2014,1.4858
5/26/2014,1.4812
5/27/2014,1.4796
5/28/2014,1.4781
5/29/2014,1.4774
5/30/2014,1.4745
6/2/2014,1.4786
6/3/2014,1.4888
6/4/2014,1.4893
6/5/2014,1.4842
6/6/2014,1.4902
6/9/2014,1.4861
6/10/2014,1.4784
6/11/2014,1.4749
6/12/2014,1.469
6/13/2014,1.4683
6/16/2014,1.4724
6/17/2014,1.4742
6/18/2014,1.4742
6/19/2014,1.4749
6/20/2014,1.4694
6/23/2014,1.4594
6/24/2014,1.4615
6/25/2014,1.462
6/26/2014,1.4577
6/27/2014,1.4556
6/30/2014,1.4589
7/1/2014,1.4587
7/2/2014,1.4535
7/3/2014,1.453
7/4/2014,1.4451
7/7/2014,1.4466
7/8/2014,1.4508
7/9/2014,1.4506
7/10/2014,1.4515
7/11/2014,1.4466
7/14/2014,1.4619
7/15/2014,1.4611
7/16/2014,1.4564
7/17/2014,1.4537
7/18/2014,1.4533
7/21/2014,1.4524
7/22/2014,1.4502
7/23/2014,1.4436
7/24/2014,1.4449
7/25/2014,1.4472
7/28/2014,1.452
7/29/2014,1.4529
7/30/2014,1.4572
7/31/2014,1.461
8/1/2014,1.4635
8/4/2014,1.466
8/5/2014,1.4655
8/6/2014,1.4643
8/7/2014,1.4615
8/8/2014,1.4614
8/11/2014,1.4663
8/12/2014,1.4614
8/13/2014,1.4593
8/14/2014,1.4565
8/15/2014,1.4593
8/18/2014,1.4559
8/19/2014,1.4568
8/20/2014,1.4549
8/21/2014,1.454
8/22/2014,1.4537
8/25/2014,1.4457
8/26/2014,1.4465
8/27/2014,1.4372
8/28/2014,1.429
8/29/2014,1.4314
9/1/2014,1.4266
9/2/2014,1.4307
9/3/2014,1.4336
9/4/2014,1.416
9/5/2014,1.4085
9/8/2014,1.4119
9/9/2014,1.4163
9/10/2014,1.4213
9/11/2014,1.4236
9/12/2014,1.43
9/15/2014,1.4313
9/16/2014,1.4297
9/17/2014,1.4218
9/18/2014,1.4159
9/19/2014,1.4109
9/22/2014,1.4135
9/23/2014,1.4185
9/24/2014,1.4207
9/25/2014,1.4136
9/26/2014,1.4148
9/29/2014,1.4172
9/30/2014,1.4058
10/1/2014,1.4139
10/2/2014,1.4067
10/3/2014,1.4108
10/6/2014,1.4078
10/7/2014,1.4054
10/8/2014,1.4131
10/9/2014,1.418
10/10/2014,1.4151
10/13/2014,1.4216
10/14/2014,1.4223
10/15/2014,1.4405
10/16/2014,1.4446
10/17/2014,1.4416
10/20/2014,1.4381
10/21/2014,1.4356
10/22/2014,1.4242
10/23/2014,1.4208
10/24/2014,1.4191
10/27/2014,1.4261
10/28/2014,1.4287
10/29/2014,1.4192
10/30/2014,1.4074
10/31/2014,1.412
11/3/2014,1.41
11/4/2014,1.4286
11/5/2014,1.4281
11/6/2014,1.4281
11/7/2014,1.4168
11/10/2014,1.4124
11/11/2014,1.415
11/12/2014,1.4109
11/13/2014,1.4111
11/14/2014,1.4155
11/17/2014,1.4133
11/18/2014,1.413
11/19/2014,1.4226
11/20/2014,1.42
11/21/2014,1.3987
11/24/2014,1.3961
11/25/2014,1.4003
11/26/2014,1.4057
11/27/2014,1.4039
11/28/2014,1.4227
12/1/2014,1.4213
12/2/2014,1.4125
12/3/2014,1.4034
12/4/2014,1.3998
12/5/2014,1.4085
12/8/2014,1.4027
12/9/2014,1.4166
12/10/2014,1.4186
12/11/2014,1.4281
12/12/2014,1.4417
12/15/2014,1.4407
12/16/2014,1.4612
12/17/2014,1.4482
12/18/2014,1.4248
12/19/2014,1.4239
12/22/2014,1.4257
12/23/2014,1.4213
12/24/2014,1.4164
12/29/2014,1.4183
12/30/2014,1.4132
12/31/2014,1.4063
1/2/2015,1.4069
1/5/2015,1.4041
1/6/2015,1.4014
1/7/2015,1.3996
1/8/2015,1.3905
1/9/2015,1.3963
1/12/2015,1.4043
1/13/2015,1.4098
1/14/2015,1.4089
1/15/2015,1.3855
1/16/2015,1.3946
1/19/2015,1.3906
1/20/2015,1.391
1/21/2015,1.3999
1/22/2015,1.4353
1/23/2015,1.3937
1/26/2015,1.4009
1/27/2015,1.4085
1/28/2015,1.409
1/29/2015,1.4179
1/30/2015,1.4323
2/2/2015,1.4332
2/3/2015,1.4316
2/4/2015,1.4253
2/5/2015,1.429
2/6/2015,1.4246
2/9/2015,1.4094
2/10/2015,1.4088
2/11/2015,1.4268
2/12/2015,1.4228
2/13/2015,1.4235
2/16/2015,1.4206
2/17/2015,1.4125
2/18/2015,1.4158
2/19/2015,1.4257
2/20/2015,1.4073
2/23/2015,1.4256
2/24/2015,1.4322
2/25/2015,1.4116
2/26/2015,1.4112
2/27/2015,1.3995
3/2/2015,1.4025
3/3/2015,1.3981
3/4/2015,1.3922
3/5/2015,1.377
3/6/2015,1.3666
3/9/2015,1.3674
3/10/2015,1.3566
3/11/2015,1.3432
3/12/2015,1.3432
3/13/2015,1.3462
3/16/2015,1.3493
3/17/2015,1.3585
3/18/2015,1.3583
3/19/2015,1.3578
3/20/2015,1.3655
3/23/2015,1.3667
3/24/2015,1.3649
3/25/2015,1.3711
3/26/2015,1.3653
3/27/2015,1.358
3/30/2015,1.3709
3/31/2015,1.3738
4/1/2015,1.3632
4/2/2015,1.3693
4/7/2015,1.3563
4/8/2015,1.3487
4/9/2015,1.3493
4/10/2015,1.3386
4/13/2015,1.3324
4/14/2015,1.3292
4/15/2015,1.3277
4/16/2015,1.318
4/17/2015,1.3183
4/20/2015,1.3138
4/21/2015,1.3085
4/22/2015,1.3152
4/23/2015,1.317
4/24/2015,1.3118
4/27/2015,1.3155
4/28/2015,1.3188
4/29/2015,1.3262
4/30/2015,1.348
