Date,HUF
1/4/1999,251.48
1/5/1999,250.8
1/6/1999,250.67
1/7/1999,250.09
1/8/1999,250.15
1/11/1999,249.7
1/12/1999,249.2
1/13/1999,255.01
1/14/1999,253.84
1/15/1999,253.34
1/18/1999,250.78
1/19/1999,250.64
1/20/1999,249.99
1/21/1999,250.17
1/22/1999,250.16
1/25/1999,250.47
1/26/1999,250.69
1/27/1999,250.08
1/28/1999,249.34
1/29/1999,249.24
2/1/1999,248.97
2/2/1999,248.99
2/3/1999,249
2/4/1999,248.77
2/5/1999,248.91
2/8/1999,248.64
2/9/1999,249.75
2/10/1999,251.05
2/11/1999,249.64
2/12/1999,249.32
2/15/1999,249.66
2/16/1999,249.56
2/17/1999,251.09
2/18/1999,252.06
2/19/1999,251.88
2/22/1999,250.12
2/23/1999,249.9
2/24/1999,252.23
2/25/1999,252.56
2/26/1999,253.91
3/1/1999,254.53
3/2/1999,252.14
3/3/1999,254.02
3/4/1999,254.62
3/5/1999,253.16
3/8/1999,250.51
3/9/1999,250.34
3/10/1999,252.83
3/11/1999,252.87
3/12/1999,253.34
3/15/1999,253.46
3/16/1999,253.66
3/17/1999,253.81
3/18/1999,254.6
3/19/1999,253.64
3/22/1999,253.25
3/23/1999,254.12
3/24/1999,256.11
3/25/1999,255.25
3/26/1999,253.9
3/29/1999,253.96
3/30/1999,254.89
3/31/1999,254.82
4/1/1999,254.41
4/2/1999,253.97
4/5/1999,253.3
4/6/1999,253.16
4/7/1999,254.12
4/8/1999,253.53
4/9/1999,253.33
4/12/1999,254.82
4/13/1999,253.69
4/14/1999,253.67
4/15/1999,253.65
4/16/1999,252.68
4/19/1999,251.52
4/20/1999,251.27
4/21/1999,250.21
4/22/1999,249.49
4/23/1999,251.6
4/26/1999,250.7
4/27/1999,250.74
4/28/1999,251.27
4/29/1999,250.58
4/30/1999,250.52
5/3/1999,250.02
5/4/1999,249.5
5/5/1999,250.19
5/6/1999,250.6
5/7/1999,251.55
5/10/1999,250.48
5/11/1999,249.78
5/12/1999,250.06
5/13/1999,249.99
5/14/1999,250.27
5/17/1999,250.46
5/18/1999,250.28
5/19/1999,249.73
5/20/1999,250.05
5/21/1999,250.09
5/24/1999,250.28
5/25/1999,250.97
5/26/1999,250.43
5/27/1999,249.93
5/28/1999,250.12
5/31/1999,249.64
6/1/1999,249.2
6/2/1999,248.62
6/3/1999,248.78
6/4/1999,248.41
6/7/1999,248.55
6/8/1999,248.94
6/9/1999,249.59
6/10/1999,249.8
6/11/1999,249.83
6/14/1999,249.87
6/15/1999,249.8
6/16/1999,249.07
6/17/1999,249.22
6/18/1999,249.55
6/21/1999,249.32
6/22/1999,249.13
6/23/1999,248.57
6/24/1999,249.48
6/25/1999,250.55
6/28/1999,249.99
6/29/1999,249.87
6/30/1999,249.64
7/1/1999,249.3
7/2/1999,249.12
7/5/1999,249.08
7/6/1999,248.97
7/7/1999,249.06
7/8/1999,248.35
7/9/1999,249.18
7/12/1999,248.68
7/13/1999,249.08
7/14/1999,248.96
7/15/1999,249.34
7/16/1999,249.42
7/19/1999,249.01
7/20/1999,250.92
7/21/1999,251.35
7/22/1999,251.82
7/23/1999,251.79
7/26/1999,253.61
7/27/1999,252.82
7/28/1999,252.71
7/29/1999,253.34
7/30/1999,253.56
8/2/1999,253.32
8/3/1999,253.27
8/4/1999,253.88
8/5/1999,254.47
8/6/1999,254.15
8/9/1999,253.97
8/10/1999,254.19
8/11/1999,253.68
8/12/1999,253.68
8/13/1999,253.99
8/16/1999,253.13
8/17/1999,252.96
8/18/1999,253.14
8/19/1999,253.13
8/20/1999,254.2
8/23/1999,253.81
8/24/1999,253.16
8/25/1999,252.64
8/26/1999,252.91
8/27/1999,252.94
8/30/1999,252.99
8/31/1999,253.89
9/1/1999,254.26
9/2/1999,255.66
9/3/1999,255.85
9/6/1999,256.25
9/7/1999,255.12
9/8/1999,255.04
9/9/1999,254.93
9/10/1999,254.51
9/13/1999,254.03
9/14/1999,253.67
9/15/1999,254.57
9/16/1999,254.78
9/17/1999,255.33
9/20/1999,255.01
9/21/1999,254.51
9/22/1999,255.29
9/23/1999,255.59
9/24/1999,255.99
9/27/1999,254.97
9/28/1999,256.13
9/29/1999,256.89
9/30/1999,257.69
10/1/1999,258.95
10/4/1999,258.23
10/5/1999,257.78
10/6/1999,258.08
10/7/1999,258.19
10/8/1999,257.39
10/11/1999,257.01
10/12/1999,256.67
10/13/1999,258.17
10/14/1999,257.84
10/15/1999,258.54
10/18/1999,258.59
10/19/1999,258.58
10/20/1999,257.7
10/21/1999,257.77
10/22/1999,257.72
10/25/1999,257.62
10/26/1999,257.77
10/27/1999,256.13
10/28/1999,256.24
10/29/1999,255.32
11/1/1999,256.19
11/2/1999,255.71
11/3/1999,255.66
11/4/1999,255.68
11/5/1999,255.13
11/8/1999,255.16
11/9/1999,255.37
11/10/1999,255.2
11/11/1999,255.37
11/12/1999,254.62
11/15/1999,254.69
11/16/1999,254.91
11/17/1999,255.49
11/18/1999,255.35
11/19/1999,254.64
11/22/1999,254.94
11/23/1999,255.02
11/24/1999,254.28
11/25/1999,254.25
11/26/1999,253.58
11/29/1999,253.83
11/30/1999,254.15
12/1/1999,254.35
12/2/1999,253.71
12/3/1999,253.15
12/6/1999,254.41
12/7/1999,254.9
12/8/1999,254.78
12/9/1999,254.55
12/10/1999,254.28
12/13/1999,254.21
12/14/1999,253.61
12/15/1999,253.55
12/16/1999,254.6
12/17/1999,254.51
12/20/1999,254.25
12/21/1999,254.21
12/22/1999,254.21
12/23/1999,254.5
12/24/1999,254.86
12/27/1999,255.08
12/28/1999,254.99
12/29/1999,254.63
12/30/1999,254.7
1/3/2000,254.53
1/4/2000,254.52
1/5/2000,254.51
1/6/2000,254.45
1/7/2000,254.63
1/10/2000,254.69
1/11/2000,254.72
1/12/2000,254.78
1/13/2000,254.79
1/14/2000,255.01
1/17/2000,254.91
1/18/2000,254.94
1/19/2000,254.99
1/20/2000,255.08
1/21/2000,255.12
1/24/2000,255.12
1/25/2000,255.15
1/26/2000,255.18
1/27/2000,255.3
1/28/2000,255.33
1/31/2000,255.36
2/1/2000,255.42
2/2/2000,255.45
2/3/2000,255.59
2/4/2000,255.61
2/7/2000,255.58
2/8/2000,255.61
2/9/2000,255.66
2/10/2000,255.75
2/11/2000,255.78
2/14/2000,255.81
2/15/2000,255.85
2/16/2000,255.89
2/17/2000,256.02
2/18/2000,256.01
2/21/2000,256.73
2/22/2000,257.81
2/23/2000,257.3
2/24/2000,256.45
2/25/2000,256.71
2/28/2000,256.78
2/29/2000,256.81
3/1/2000,256.49
3/2/2000,256.55
3/3/2000,256.55
3/6/2000,256.57
3/7/2000,256.61
3/8/2000,256.64
3/9/2000,256.83
3/10/2000,256.96
3/13/2000,257.24
3/14/2000,257.41
3/15/2000,257.4
3/16/2000,256.99
3/17/2000,256.94
3/20/2000,256
3/21/2000,257.07
3/22/2000,256.85
3/23/2000,257.21
3/24/2000,257.44
3/27/2000,257
3/28/2000,257.64
3/29/2000,257.97
3/30/2000,258.01
3/31/2000,258.38
4/3/2000,258.47
4/4/2000,258.49
4/5/2000,258.91
4/6/2000,258.93
4/7/2000,259.14
4/10/2000,258.25
4/11/2000,258.32
4/12/2000,258.25
4/13/2000,257.94
4/14/2000,257.87
4/17/2000,258.95
4/18/2000,259.15
4/19/2000,258.51
4/20/2000,258.08
4/25/2000,258.02
4/26/2000,258.05
4/27/2000,258.23
4/28/2000,258.45
5/2/2000,258.21
5/3/2000,258.26
5/4/2000,258.36
5/5/2000,258.33
5/8/2000,258.4
5/9/2000,258.35
5/10/2000,258.4
5/11/2000,258.55
5/12/2000,258.71
5/15/2000,259.35
5/16/2000,258.8
5/17/2000,258.75
5/18/2000,258.89
5/19/2000,259.44
5/22/2000,259.64
5/23/2000,260
5/24/2000,259.65
5/25/2000,259.93
5/26/2000,259.87
5/29/2000,259.98
5/30/2000,259.58
5/31/2000,259.23
6/1/2000,259.29
6/2/2000,259.4
6/5/2000,259.2
6/6/2000,259.45
6/7/2000,259.5
6/8/2000,259.55
6/9/2000,259.54
6/12/2000,259.5
6/13/2000,259.85
6/14/2000,259.74
6/15/2000,259.69
6/16/2000,259.74
6/19/2000,259.83
6/20/2000,259.89
6/21/2000,259.85
6/22/2000,259.99
6/23/2000,259.9
6/26/2000,259.85
6/27/2000,259.91
6/28/2000,260.11
6/29/2000,260.08
6/30/2000,260.15
7/3/2000,260.22
7/4/2000,259.85
7/5/2000,260.07
7/6/2000,260.17
7/7/2000,260.13
7/10/2000,260.16
7/11/2000,260.23
7/12/2000,260.14
7/13/2000,260.19
7/14/2000,260.13
7/17/2000,260.09
7/18/2000,260.12
7/19/2000,260.16
7/20/2000,260.23
7/21/2000,260.3
7/24/2000,260.31
7/25/2000,260.3
7/26/2000,260.31
7/27/2000,260.47
7/28/2000,260.45
7/31/2000,260.51
8/1/2000,260.45
8/2/2000,260.51
8/3/2000,260.55
8/4/2000,260.6
8/7/2000,260.63
8/8/2000,260.64
8/9/2000,260.68
8/10/2000,260.77
8/11/2000,260.77
8/14/2000,260.85
8/15/2000,260.85
8/16/2000,260.95
8/17/2000,260.91
8/18/2000,260.94
8/21/2000,260.95
8/22/2000,260.98
8/23/2000,261.05
8/24/2000,261.1
8/25/2000,261.13
8/28/2000,261.19
8/29/2000,261.18
8/30/2000,261.23
8/31/2000,261.36
9/1/2000,261.34
9/4/2000,261.5
9/5/2000,261.67
9/6/2000,261.87
9/7/2000,261.87
9/8/2000,261.92
9/11/2000,261.88
9/12/2000,261.79
9/13/2000,261.55
9/14/2000,261.85
9/15/2000,261.83
9/18/2000,262.19
9/19/2000,262.4
9/20/2000,262.34
9/21/2000,262.8
9/22/2000,263.06
9/25/2000,263.01
9/26/2000,263.27
9/27/2000,263.47
9/28/2000,263.93
9/29/2000,263.75
10/2/2000,263.84
10/3/2000,263.27
10/4/2000,263.18
10/5/2000,262.87
10/6/2000,262.55
10/9/2000,262.55
10/10/2000,262.49
10/11/2000,262.84
10/12/2000,262.84
10/13/2000,262.95
10/16/2000,263.25
10/17/2000,262.73
10/18/2000,263.02
10/19/2000,262.62
10/20/2000,262.63
10/23/2000,262.64
10/24/2000,262.61
10/25/2000,262.65
10/26/2000,262.85
10/27/2000,263.15
10/30/2000,263.36
10/31/2000,263.24
11/1/2000,262.9
11/2/2000,263.28
11/3/2000,263.99
11/6/2000,263.99
11/7/2000,263.88
11/8/2000,263.93
11/9/2000,264.01
11/10/2000,264.05
11/13/2000,264.14
11/14/2000,263.95
11/15/2000,263.51
11/16/2000,263.61
11/17/2000,264.07
11/20/2000,264.06
11/21/2000,264.39
11/22/2000,264.2
11/23/2000,264.42
11/24/2000,264.46
11/27/2000,264.52
11/28/2000,264.8
11/29/2000,264.97
11/30/2000,264.87
12/1/2000,265
12/4/2000,265.17
12/5/2000,265.18
12/6/2000,265.05
12/7/2000,265.22
12/8/2000,265.25
12/11/2000,265.31
12/12/2000,265.23
12/13/2000,264.9
12/14/2000,264.72
12/15/2000,264.58
12/18/2000,264.57
12/19/2000,264.49
12/20/2000,264.36
12/21/2000,264.45
12/22/2000,264.81
12/27/2000,265.59
12/28/2000,265.1
12/29/2000,265
1/2/2001,264.58
1/3/2001,264.55
1/4/2001,264.77
1/5/2001,264.87
1/8/2001,264.96
1/9/2001,265.01
1/10/2001,265.07
1/11/2001,265.04
1/12/2001,265.11
1/15/2001,265.12
1/16/2001,264.97
1/17/2001,265.1
1/18/2001,265.05
1/19/2001,265.08
1/22/2001,264.97
1/23/2001,264.99
1/24/2001,265.05
1/25/2001,265.07
1/26/2001,265.12
1/29/2001,265.09
1/30/2001,265.15
1/31/2001,265.18
2/1/2001,265.3
2/2/2001,265.27
2/5/2001,265.32
2/6/2001,265.34
2/7/2001,265.27
2/8/2001,265.45
2/9/2001,265.48
2/12/2001,265.51
2/13/2001,265.62
2/14/2001,265.54
2/15/2001,265.67
2/16/2001,265.67
2/19/2001,265.67
2/20/2001,265.73
2/21/2001,265.75
2/22/2001,266.29
2/23/2001,266.12
2/26/2001,266.2
2/27/2001,266.32
2/28/2001,266.22
3/1/2001,266.44
3/2/2001,266.46
3/5/2001,266.33
3/6/2001,266.23
3/7/2001,266.3
3/8/2001,266.21
3/9/2001,266.23
3/12/2001,266.25
3/13/2001,266.37
3/14/2001,266.49
3/15/2001,266.54
3/16/2001,266.51
3/19/2001,266.51
3/20/2001,266.43
3/21/2001,266.49
3/22/2001,266.58
3/23/2001,266.58
3/26/2001,266.6
3/27/2001,266.57
3/28/2001,266.75
3/29/2001,266.73
3/30/2001,266.72
4/2/2001,266.78
4/3/2001,266.73
4/4/2001,266.74
4/5/2001,266.8
4/6/2001,266.83
4/9/2001,266.83
4/10/2001,266.86
4/11/2001,266.96
4/12/2001,266.98
4/17/2001,266.98
4/18/2001,266.99
4/19/2001,267.04
4/20/2001,267.06
4/23/2001,267.11
4/24/2001,267.17
4/25/2001,267.11
4/26/2001,267.22
4/27/2001,267.32
4/30/2001,267.32
5/2/2001,267.24
5/3/2001,267.3
5/4/2001,262.24
5/7/2001,260.28
5/8/2001,258.48
5/9/2001,258.33
5/10/2001,258.57
5/11/2001,257.41
5/14/2001,257.38
5/15/2001,258.25
5/16/2001,258.46
5/17/2001,257.45
5/18/2001,257.95
5/21/2001,258.52
5/22/2001,258.43
5/23/2001,257.21
5/24/2001,256.76
5/25/2001,255.35
5/28/2001,255.35
5/29/2001,254
5/30/2001,253.65
5/31/2001,253.75
6/1/2001,253.55
6/4/2001,253.54
6/5/2001,251.61
6/6/2001,250.35
6/7/2001,249.07
6/8/2001,250.58
6/11/2001,250.15
6/12/2001,248.8
6/13/2001,247.58
6/14/2001,247.1
6/15/2001,246.15
6/18/2001,245.74
6/19/2001,246.27
6/20/2001,246.7
6/21/2001,245.16
6/22/2001,243.88
6/25/2001,243.35
6/26/2001,243.35
6/27/2001,243.57
6/28/2001,242.18
6/29/2001,243.63
7/2/2001,242.85
7/3/2001,242.58
7/4/2001,240.9
7/5/2001,242.4
7/6/2001,250.55
7/9/2001,254.05
7/10/2001,252.15
7/11/2001,256.44
7/12/2001,256.95
7/13/2001,254.85
7/16/2001,254.35
7/17/2001,252.55
7/18/2001,248.63
7/19/2001,249.25
7/20/2001,249.2
7/23/2001,246.68
7/24/2001,247.27
7/25/2001,246.59
7/26/2001,246.35
7/27/2001,247.27
7/30/2001,247.08
7/31/2001,247.75
8/1/2001,248.14
8/2/2001,248.72
8/3/2001,248
8/6/2001,247.06
8/7/2001,247.39
8/8/2001,246.95
8/9/2001,246.5
8/10/2001,246.92
8/13/2001,246.38
8/14/2001,246.6
8/15/2001,253
8/16/2001,254.25
8/17/2001,255.73
8/20/2001,255.9
8/21/2001,256.24
8/22/2001,256.47
8/23/2001,251.52
8/24/2001,251.51
8/27/2001,252.95
8/28/2001,254.08
8/29/2001,252.93
8/30/2001,252.4
8/31/2001,253.75
9/3/2001,251.7
9/4/2001,252.16
9/5/2001,251.67
9/6/2001,252.05
9/7/2001,253.11
9/10/2001,252.99
9/11/2001,251.78
9/12/2001,256
9/13/2001,255.97
9/14/2001,255.3
9/17/2001,257.74
9/18/2001,257.33
9/19/2001,258.15
9/20/2001,258.27
9/21/2001,260.65
9/24/2001,260.95
9/25/2001,259.83
9/26/2001,258.28
9/27/2001,257.55
9/28/2001,257.35
10/1/2001,257.27
10/2/2001,257.98
10/3/2001,257.27
10/4/2001,257.32
10/5/2001,256.98
10/8/2001,259.04
10/9/2001,256.78
10/10/2001,255.95
10/11/2001,254.92
10/12/2001,255.63
10/15/2001,255.27
10/16/2001,254.06
10/17/2001,254.25
10/18/2001,254.44
10/19/2001,254.25
10/22/2001,254.19
10/23/2001,251.45
10/24/2001,252.22
10/25/2001,252.56
10/26/2001,252.98
10/29/2001,254
10/30/2001,256.34
10/31/2001,255.24
11/1/2001,255.13
11/2/2001,254.9
11/5/2001,253.44
11/6/2001,252.15
11/7/2001,251.84
11/8/2001,250.53
11/9/2001,251
11/12/2001,250.62
11/13/2001,249.5
11/14/2001,249.15
11/15/2001,249.74
11/16/2001,252
11/19/2001,250
11/20/2001,249.88
11/21/2001,250.15
11/22/2001,251.5
11/23/2001,251.8
11/26/2001,251.55
11/27/2001,251.65
11/28/2001,250.84
11/29/2001,250.7
11/30/2001,251.78
12/3/2001,250.55
12/4/2001,249.43
12/5/2001,248.53
12/6/2001,248.9
12/7/2001,249.6
12/10/2001,250.19
12/11/2001,247.85
12/12/2001,247.14
12/13/2001,246.75
12/14/2001,246.38
12/17/2001,246.11
12/18/2001,245.29
12/19/2001,245.3
12/20/2001,246.63
12/21/2001,246.22
12/24/2001,245.71
12/27/2001,245.78
12/28/2001,245.18
1/2/2002,244.58
1/3/2002,245.32
1/4/2002,244.15
1/7/2002,243.55
1/8/2002,243.75
1/9/2002,244.19
1/10/2002,244.33
1/11/2002,244.95
1/14/2002,243.88
1/15/2002,243.84
1/16/2002,243.95
1/17/2002,243.75
1/18/2002,243.3
1/21/2002,243.85
1/22/2002,243.75
1/23/2002,243.4
1/24/2002,243.5
1/25/2002,243.35
1/28/2002,243.21
1/29/2002,243.05
1/30/2002,243.49
1/31/2002,243.32
2/1/2002,243
2/4/2002,243.85
2/5/2002,244.34
2/6/2002,243.85
2/7/2002,244.95
2/8/2002,243.95
2/11/2002,243.45
2/12/2002,243.75
2/13/2002,242.9
2/14/2002,241.95
2/15/2002,240.55
2/18/2002,241.34
2/19/2002,243.07
2/20/2002,243.65
2/21/2002,243.15
2/22/2002,243.75
2/25/2002,243.51
2/26/2002,244.08
2/27/2002,245.51
2/28/2002,245.63
3/1/2002,245.55
3/4/2002,244.62
3/5/2002,243.92
3/6/2002,244.29
3/7/2002,244.85
3/8/2002,246.12
3/11/2002,244.55
3/12/2002,244.9
3/13/2002,245.85
3/14/2002,245.83
3/15/2002,245.96
3/18/2002,245.35
3/19/2002,245.33
3/20/2002,244.41
3/21/2002,244.26
3/22/2002,244.25
3/25/2002,244.15
3/26/2002,244.1
3/27/2002,243.75
3/28/2002,243.54
4/2/2002,243.48
4/3/2002,242.96
4/4/2002,242.1
4/5/2002,243.25
4/8/2002,243.02
4/9/2002,242.71
4/10/2002,242.49
4/11/2002,241.35
4/12/2002,242
4/15/2002,241.35
4/16/2002,241.85
4/17/2002,242.15
4/18/2002,241.85
4/19/2002,242.25
4/22/2002,241.76
4/23/2002,240.75
4/24/2002,240.73
4/25/2002,242.92
4/26/2002,242.85
4/29/2002,242.55
4/30/2002,243.15
5/2/2002,243.37
5/3/2002,244.32
5/6/2002,243.63
5/7/2002,243.65
5/8/2002,242.98
5/9/2002,243.99
5/10/2002,244.35
5/13/2002,243.95
5/14/2002,244.62
5/15/2002,243.62
5/16/2002,244.45
5/17/2002,245.06
5/20/2002,245.98
5/21/2002,245.86
5/22/2002,243.07
5/23/2002,242.35
5/24/2002,242.91
5/27/2002,242.45
5/28/2002,243.22
5/29/2002,243.75
5/30/2002,243.34
5/31/2002,242.6
6/3/2002,242.29
6/4/2002,242.63
6/5/2002,241.68
6/6/2002,240.52
6/7/2002,241.52
6/10/2002,241.6
6/11/2002,241.16
6/12/2002,241.25
6/13/2002,241.29
6/14/2002,241.96
6/17/2002,242.33
6/18/2002,242.94
6/19/2002,243.42
6/20/2002,243.65
6/21/2002,244.28
6/24/2002,244.45
6/25/2002,243.44
6/26/2002,244.5
6/27/2002,244.45
6/28/2002,244.93
7/1/2002,244.13
7/2/2002,244.32
7/3/2002,245.15
7/4/2002,248.55
7/5/2002,250.05
7/8/2002,251.18
7/9/2002,253.6
7/10/2002,252.23
7/11/2002,249.1
7/12/2002,246.53
7/15/2002,246.55
7/16/2002,247.55
7/17/2002,246.37
7/18/2002,244.85
7/19/2002,244.8
7/22/2002,244.9
7/23/2002,244.74
7/24/2002,246.35
7/25/2002,244.45
7/26/2002,245.05
7/29/2002,244.45
7/30/2002,244.4
7/31/2002,245.2
8/1/2002,244.95
8/2/2002,245.97
8/5/2002,245.05
8/6/2002,244.08
8/7/2002,244.5
8/8/2002,244.65
8/9/2002,244.16
8/12/2002,244.69
8/13/2002,245.11
8/14/2002,246.67
8/15/2002,245.78
8/16/2002,246.45
8/19/2002,246.44
8/20/2002,245.64
8/21/2002,244.65
8/22/2002,244.9
8/23/2002,244.82
8/26/2002,245.4
8/27/2002,246.05
8/28/2002,246.01
8/29/2002,245.5
8/30/2002,245.2
9/2/2002,244.63
9/3/2002,245.18
9/4/2002,246.05
9/5/2002,245.19
9/6/2002,244.88
9/9/2002,243.95
9/10/2002,243.25
9/11/2002,243.59
9/12/2002,243.51
9/13/2002,243.81
9/16/2002,243.45
9/17/2002,243.27
9/18/2002,243.66
9/19/2002,242.95
9/20/2002,243.12
9/23/2002,243.15
9/24/2002,243.52
9/25/2002,243.95
9/26/2002,243.67
9/27/2002,243.11
9/30/2002,243.8
10/1/2002,243.27
10/2/2002,243.6
10/3/2002,243.58
10/4/2002,244.05
10/7/2002,244.53
10/8/2002,245.02
10/9/2002,245.95
10/10/2002,245.09
10/11/2002,244.93
10/14/2002,245.2
10/15/2002,245.27
10/16/2002,245.34
10/17/2002,245.4
10/18/2002,244.91
10/21/2002,242.48
10/22/2002,242.25
10/23/2002,241.83
10/24/2002,241.94
10/25/2002,241.12
10/28/2002,241.41
10/29/2002,241.48
10/30/2002,241.28
10/31/2002,241.33
11/1/2002,241.4
11/4/2002,241.1
11/5/2002,241.14
11/6/2002,239.65
11/7/2002,239.15
11/8/2002,239.03
11/11/2002,238.21
11/12/2002,238.52
11/13/2002,238.5
11/14/2002,237.86
11/15/2002,237.3
11/18/2002,237.03
11/19/2002,236.62
11/20/2002,237.67
11/21/2002,237.53
11/22/2002,236.98
11/25/2002,236.98
11/26/2002,236.05
11/27/2002,236.76
11/28/2002,237.95
11/29/2002,237.72
12/2/2002,236.85
12/3/2002,237.38
12/4/2002,237.21
12/5/2002,236.15
12/6/2002,236.58
12/9/2002,236.36
12/10/2002,236.51
12/11/2002,236.06
12/12/2002,235.92
12/13/2002,235.68
12/16/2002,235.65
12/17/2002,235.13
12/18/2002,235.23
12/19/2002,235.39
12/20/2002,235.98
12/23/2002,235.75
12/24/2002,235.61
12/27/2002,235.73
12/30/2002,235.95
12/31/2002,236.29
1/2/2003,235.78
1/3/2003,235.46
1/6/2003,235.46
1/7/2003,235.31
1/8/2003,235.3
1/9/2003,235.11
1/10/2003,235.09
1/13/2003,234.94
1/14/2003,234.94
1/15/2003,234.91
1/16/2003,234.72
1/17/2003,246.2
1/20/2003,244.31
1/21/2003,246.74
1/22/2003,248.53
1/23/2003,248.85
1/24/2003,246.87
1/27/2003,245.21
1/28/2003,244.22
1/29/2003,243.23
1/30/2003,243.5
1/31/2003,243.98
2/3/2003,243.73
2/4/2003,244.11
2/5/2003,245.25
2/6/2003,245.44
2/7/2003,246.67
2/10/2003,246.28
2/11/2003,245.04
2/12/2003,244.95
2/13/2003,244.32
2/14/2003,245.45
2/17/2003,245.55
2/18/2003,245.72
2/19/2003,246.23
2/20/2003,246.11
2/21/2003,246.46
2/24/2003,245.31
2/25/2003,244.56
2/26/2003,244.29
2/27/2003,243.29
2/28/2003,243.64
3/3/2003,244.45
3/4/2003,245.31
3/5/2003,245.33
3/6/2003,245.06
3/7/2003,245.24
3/10/2003,245.4
3/11/2003,245.45
3/12/2003,245.27
3/13/2003,244.95
3/14/2003,244.65
3/17/2003,244.85
3/18/2003,245.25
3/19/2003,245.33
3/20/2003,246.09
3/21/2003,246.42
3/24/2003,246.33
3/25/2003,246.16
3/26/2003,246.26
3/27/2003,246.38
3/28/2003,246.98
3/31/2003,246.35
4/1/2003,248.06
4/2/2003,247.52
4/3/2003,246.21
4/4/2003,245.43
4/7/2003,244.84
4/8/2003,244.73
4/9/2003,244.35
4/10/2003,244.2
4/11/2003,244.46
4/14/2003,245.52
4/15/2003,245.12
4/16/2003,245.65
4/17/2003,245.37
4/22/2003,246.24
4/23/2003,245.63
4/24/2003,245.81
4/25/2003,245.73
4/28/2003,245.55
4/29/2003,245.68
4/30/2003,245.73
5/2/2003,245.85
5/5/2003,245.01
5/6/2003,245.11
5/7/2003,244.89
5/8/2003,244.97
5/9/2003,245.13
5/12/2003,245.18
5/13/2003,244.68
5/14/2003,244.81
5/15/2003,244.75
5/16/2003,245.12
5/19/2003,245.21
5/20/2003,245.11
5/21/2003,245.88
5/22/2003,245.85
5/23/2003,246.07
5/26/2003,245.98
5/27/2003,245.82
5/28/2003,246.38
5/29/2003,249.92
5/30/2003,249.73
6/2/2003,252.12
6/3/2003,253.75
6/4/2003,263.5
6/5/2003,263.53
6/6/2003,260.5
6/9/2003,261.55
6/10/2003,259.4
6/11/2003,257.75
6/12/2003,258.45
6/13/2003,259.71
6/16/2003,261.13
6/17/2003,262.7
6/18/2003,265.87
6/19/2003,266.08
6/20/2003,262.07
6/23/2003,260.3
6/24/2003,260.54
6/25/2003,260.73
6/26/2003,262.97
6/27/2003,266.25
6/30/2003,266.61
7/1/2003,264.63
7/2/2003,263.14
7/3/2003,263.31
7/4/2003,263.98
7/7/2003,263.02
7/8/2003,262.55
7/9/2003,262.05
7/10/2003,261.73
7/11/2003,261.58
7/14/2003,260.79
7/15/2003,261.05
7/16/2003,262.05
7/17/2003,264.65
7/18/2003,267.35
7/21/2003,265.95
7/22/2003,266.32
7/23/2003,267.64
7/24/2003,265.98
7/25/2003,264.06
7/28/2003,263.94
7/29/2003,262.67
7/30/2003,263.38
7/31/2003,263.93
8/1/2003,264.25
8/4/2003,263.03
8/5/2003,262.05
8/6/2003,261.95
8/7/2003,261.32
8/8/2003,259.24
8/11/2003,258.5
8/12/2003,258.64
8/13/2003,258.68
8/14/2003,260.55
8/15/2003,260.92
8/18/2003,261.36
8/19/2003,259.74
8/20/2003,259.8
8/21/2003,258.65
8/22/2003,257.39
8/25/2003,256.21
8/26/2003,256.55
8/27/2003,257.86
8/28/2003,256.6
8/29/2003,257.46
9/1/2003,257.48
9/2/2003,257.58
9/3/2003,256.88
9/4/2003,255.85
9/5/2003,255.55
9/8/2003,256.36
9/9/2003,256.22
9/10/2003,256.34
9/11/2003,255.4
9/12/2003,255.41
9/15/2003,254.85
9/16/2003,254.89
9/17/2003,255.2
9/18/2003,256.24
9/19/2003,255.35
9/22/2003,255.04
9/23/2003,254.7
9/24/2003,253.42
9/25/2003,254.2
9/26/2003,254.58
9/29/2003,253.71
9/30/2003,254.96
10/1/2003,253.95
10/2/2003,253.85
10/3/2003,253.81
10/6/2003,253.35
10/7/2003,253.96
10/8/2003,253.99
10/9/2003,253.7
10/10/2003,254.45
10/13/2003,256.7
10/14/2003,255.48
10/15/2003,256.34
10/16/2003,257.35
10/17/2003,256.65
10/20/2003,256.45
10/21/2003,256.45
10/22/2003,255.65
10/23/2003,256.66
10/24/2003,258.25
10/27/2003,258
10/28/2003,256.2
10/29/2003,256.11
10/30/2003,256.2
10/31/2003,259.26
11/3/2003,262.8
11/4/2003,260.43
11/5/2003,257.15
11/6/2003,257.73
11/7/2003,257.7
11/10/2003,257.3
11/11/2003,257.61
11/12/2003,258.65
11/13/2003,258.55
11/14/2003,257.88
11/17/2003,257.7
11/18/2003,257.2
11/19/2003,258.35
11/20/2003,258.11
11/21/2003,257.8
11/24/2003,258.79
11/25/2003,262.1
11/26/2003,261.3
11/27/2003,264.29
11/28/2003,264.74
12/1/2003,263.05
12/2/2003,273.92
12/3/2003,272.7
12/4/2003,270.3
12/5/2003,266.45
12/8/2003,267.84
12/9/2003,267.2
12/10/2003,263.69
12/11/2003,262.4
12/12/2003,263.25
12/15/2003,263.95
12/16/2003,264.35
12/17/2003,263.75
12/18/2003,263.72
12/19/2003,262.49
12/22/2003,262.75
12/23/2003,262.63
12/24/2003,260.36
12/29/2003,260.63
12/30/2003,261.69
12/31/2003,262.5
1/2/2004,261.93
1/5/2004,261.48
1/6/2004,260.23
1/7/2004,262.55
1/8/2004,263.65
1/9/2004,268.2
1/12/2004,270.25
1/13/2004,268.2
1/14/2004,265.85
1/15/2004,267.25
1/16/2004,267.07
1/19/2004,264.6
1/20/2004,264.2
1/21/2004,263.85
1/22/2004,262.63
1/23/2004,262.8
1/26/2004,262.26
1/27/2004,262.65
1/28/2004,263.2
1/29/2004,263.36
1/30/2004,264.55
2/2/2004,264.1
2/3/2004,266.6
2/4/2004,264.53
2/5/2004,266.85
2/6/2004,268.45
2/9/2004,267.15
2/10/2004,264.24
2/11/2004,265.3
2/12/2004,264.6
2/13/2004,263.35
2/16/2004,263.75
2/17/2004,263.55
2/18/2004,262.85
2/19/2004,261.7
2/20/2004,261.65
2/23/2004,261
2/24/2004,258.85
2/25/2004,258.65
2/26/2004,258.68
2/27/2004,257.05
3/1/2004,256.3
3/2/2004,255.95
3/3/2004,256.38
3/4/2004,254.35
3/5/2004,256.22
3/8/2004,254.05
3/9/2004,253.85
3/10/2004,253.56
3/11/2004,252.55
3/12/2004,253.85
3/15/2004,253.83
3/16/2004,255
3/17/2004,254.95
3/18/2004,254.45
3/19/2004,253.56
3/22/2004,253.2
3/23/2004,251.9
3/24/2004,251.07
3/25/2004,251.02
3/26/2004,251.06
3/29/2004,250.45
3/30/2004,249.85
3/31/2004,249.25
4/1/2004,249.7
4/2/2004,249.3
4/5/2004,248.1
4/6/2004,247.68
4/7/2004,248.1
4/8/2004,248.75
4/13/2004,249.25
4/14/2004,250.3
4/15/2004,253.9
4/16/2004,252.44
4/19/2004,251.69
4/20/2004,250.25
4/21/2004,250.24
4/22/2004,251.62
4/23/2004,250.32
4/26/2004,249.85
4/27/2004,250.4
4/28/2004,251.45
4/29/2004,253.77
4/30/2004,251.15
5/3/2004,251.75
5/4/2004,251.3
5/5/2004,250.83
5/6/2004,251.5
5/7/2004,252.37
5/10/2004,256.35
5/11/2004,254.2
5/12/2004,254.55
5/13/2004,255.95
5/14/2004,256.45
5/17/2004,253.85
5/18/2004,253.51
5/19/2004,252.75
5/20/2004,252.65
5/21/2004,253.25
5/24/2004,252.3
5/25/2004,252.08
5/26/2004,251.8
5/27/2004,251.17
5/28/2004,251.2
5/31/2004,251.4
6/1/2004,251.4
6/2/2004,251.56
6/3/2004,251.79
6/4/2004,252.11
6/7/2004,251.75
6/8/2004,251.15
6/9/2004,251.98
6/10/2004,253.1
6/11/2004,253.6
6/14/2004,253.45
6/15/2004,253.4
6/16/2004,252.97
6/17/2004,254.98
6/18/2004,255.28
6/21/2004,254.35
6/22/2004,255.35
6/23/2004,254.2
6/24/2004,253.25
6/25/2004,253
6/28/2004,253.4
6/29/2004,252.85
6/30/2004,251.6
7/1/2004,251.35
7/2/2004,251.15
7/5/2004,250.2
7/6/2004,250.33
7/7/2004,250.7
7/8/2004,250.87
7/9/2004,251.7
7/12/2004,251.58
7/13/2004,250.65
7/14/2004,249.93
7/15/2004,250.25
7/16/2004,250.1
7/19/2004,249.53
7/20/2004,249.55
7/21/2004,249.94
7/22/2004,249.78
7/23/2004,248.99
7/26/2004,249.03
7/27/2004,248.39
7/28/2004,247.98
7/29/2004,247.35
7/30/2004,248.3
8/2/2004,248.7
8/3/2004,250.75
8/4/2004,250.14
8/5/2004,248.9
8/6/2004,248.21
8/9/2004,246.54
8/10/2004,246.58
8/11/2004,247.63
8/12/2004,247.75
8/13/2004,248.6
8/16/2004,248.15
8/17/2004,247.33
8/18/2004,247.3
8/19/2004,249.5
8/20/2004,251.58
8/23/2004,251.54
8/24/2004,249.25
8/25/2004,249.4
8/26/2004,249.23
8/27/2004,249.13
8/30/2004,249.33
8/31/2004,249.25
9/1/2004,248.55
9/2/2004,248.23
9/3/2004,247.7
9/6/2004,247.88
9/7/2004,247.86
9/8/2004,248.55
9/9/2004,249.59
9/10/2004,250.93
9/13/2004,249.22
9/14/2004,248.38
9/15/2004,247.95
9/16/2004,247.2
9/17/2004,247.68
9/20/2004,246.99
9/21/2004,246.03
9/22/2004,246.23
9/23/2004,245.9
9/24/2004,246.32
9/27/2004,245.98
9/28/2004,246.95
9/29/2004,246.89
9/30/2004,247.41
10/1/2004,246.25
10/4/2004,246.95
10/5/2004,245.61
10/6/2004,245.79
10/7/2004,246.23
10/8/2004,246.18
10/11/2004,245.55
10/12/2004,246.3
10/13/2004,247.15
10/14/2004,247.6
10/15/2004,247.85
10/18/2004,247.35
10/19/2004,246.62
10/20/2004,246.28
10/21/2004,246.89
10/22/2004,246.92
10/25/2004,247.15
10/26/2004,247.78
10/27/2004,247.63
10/28/2004,246.38
10/29/2004,246.04
11/1/2004,245.93
11/2/2004,245.67
11/3/2004,245.9
11/4/2004,245.44
11/5/2004,245.65
11/8/2004,245.27
11/9/2004,245.41
11/10/2004,244.7
11/11/2004,244.46
11/12/2004,244.45
11/15/2004,243.87
11/16/2004,244.43
11/17/2004,244.6
11/18/2004,245.92
11/19/2004,246.8
11/22/2004,246.2
11/23/2004,244.8
11/24/2004,245.1
11/25/2004,245.73
11/26/2004,245.22
11/29/2004,246.54
11/30/2004,245.74
12/1/2004,244.83
12/2/2004,244.37
12/3/2004,244.75
12/6/2004,245.49
12/7/2004,245.74
12/8/2004,245.8
12/9/2004,247.23
12/10/2004,247.78
12/13/2004,247.21
12/14/2004,246.58
12/15/2004,245.75
12/16/2004,245.65
12/17/2004,245.58
12/20/2004,244.93
12/21/2004,245.05
12/22/2004,245.71
12/23/2004,245.88
12/24/2004,246.25
12/27/2004,245.6
12/28/2004,245.88
12/29/2004,245.78
12/30/2004,245.63
12/31/2004,245.97
1/3/2005,245.58
1/4/2005,245.38
1/5/2005,246.17
1/6/2005,247.93
1/7/2005,248.58
1/10/2005,247.8
1/11/2005,246.4
1/12/2005,247.75
1/13/2005,246.91
1/14/2005,246.98
1/17/2005,246.08
1/18/2005,246.44
1/19/2005,246.53
1/20/2005,246.98
1/21/2005,246.63
1/24/2005,246.38
1/25/2005,245.98
1/26/2005,245.61
1/27/2005,245.3
1/28/2005,245.13
1/31/2005,245.6
2/1/2005,245.25
2/2/2005,245.18
2/3/2005,244.37
2/4/2005,243.79
2/7/2005,243.98
2/8/2005,244.16
2/9/2005,244.3
2/10/2005,244.46
2/11/2005,244.47
2/14/2005,244.27
2/15/2005,244.33
2/16/2005,243.85
2/17/2005,243.27
2/18/2005,243.05
2/21/2005,243.65
2/22/2005,242.97
2/23/2005,242.14
2/24/2005,242.11
2/25/2005,242.28
2/28/2005,241.84
3/1/2005,241.78
3/2/2005,242.21
3/3/2005,242.23
3/4/2005,242.44
3/7/2005,241.8
3/8/2005,241.53
3/9/2005,241.68
3/10/2005,243.88
3/11/2005,243.2
3/14/2005,245.13
3/15/2005,244.78
3/16/2005,246.08
3/17/2005,247.84
3/18/2005,245.66
3/21/2005,247.15
3/22/2005,246.03
3/23/2005,247.7
3/24/2005,247.28
3/29/2005,248.25
3/30/2005,247.15
3/31/2005,247.2
4/1/2005,247.25
4/4/2005,247.36
4/5/2005,247.44
4/6/2005,247.23
4/7/2005,246.4
4/8/2005,245.96
4/11/2005,245.87
4/12/2005,245.93
4/13/2005,246.15
4/14/2005,246.87
4/15/2005,247.75
4/18/2005,248.47
4/19/2005,250.4
4/20/2005,248.23
4/21/2005,248.2
4/22/2005,249.15
4/25/2005,249.98
4/26/2005,249.23
4/27/2005,249.52
4/28/2005,252.09
4/29/2005,252.51
5/2/2005,252.05
5/3/2005,251.55
5/4/2005,250.05
5/5/2005,248.91
5/6/2005,249.68
5/9/2005,249.5
5/10/2005,251.33
5/11/2005,250.68
5/12/2005,250.38
5/13/2005,250.56
5/16/2005,252.7
5/17/2005,252.98
5/18/2005,252.65
5/19/2005,251.45
5/20/2005,251.95
5/23/2005,252.45
5/24/2005,253.9
5/25/2005,255.18
5/26/2005,254.26
5/27/2005,253.16
5/30/2005,254.01
5/31/2005,253.6
6/1/2005,254.09
6/2/2005,252.79
6/3/2005,250.63
6/6/2005,249.36
6/7/2005,249.45
6/8/2005,249.98
6/9/2005,250.56
6/10/2005,249.97
6/13/2005,249.58
6/14/2005,248.98
6/15/2005,248.68
6/16/2005,247.97
6/17/2005,247.89
6/20/2005,248.47
6/21/2005,247.92
6/22/2005,247.73
6/23/2005,247.28
6/24/2005,247.17
6/27/2005,247.72
6/28/2005,247.77
6/29/2005,247.66
6/30/2005,247.24
7/1/2005,246.64
7/4/2005,247.15
7/5/2005,247.2
7/6/2005,247.22
7/7/2005,248.56
7/8/2005,247.82
7/11/2005,247.04
7/12/2005,246.27
7/13/2005,247.13
7/14/2005,246.68
7/15/2005,246.66
7/18/2005,246.48
7/19/2005,246.35
7/20/2005,246.36
7/21/2005,245.56
7/22/2005,245.73
7/25/2005,245.52
7/26/2005,246.09
7/27/2005,245.27
7/28/2005,245.08
7/29/2005,244.99
8/1/2005,244.97
8/2/2005,244.91
8/3/2005,244.37
8/4/2005,244.24
8/5/2005,244.09
8/8/2005,243.75
8/9/2005,243.95
8/10/2005,243.61
8/11/2005,243.65
8/12/2005,243.92
8/15/2005,244.16
8/16/2005,243.85
8/17/2005,244.24
8/18/2005,243.59
8/19/2005,243.59
8/22/2005,243.95
8/23/2005,246.08
8/24/2005,245.78
8/25/2005,245.6
8/26/2005,245.59
8/29/2005,245.8
8/30/2005,245.05
8/31/2005,244.48
9/1/2005,243.86
9/2/2005,243.85
9/5/2005,243.75
9/6/2005,243.85
9/7/2005,244.16
9/8/2005,244.38
9/9/2005,244.35
9/12/2005,244.53
9/13/2005,245.55
9/14/2005,245.42
9/15/2005,245.29
9/16/2005,245.32
9/19/2005,245.73
9/20/2005,245.73
9/21/2005,246.29
9/22/2005,247.34
9/23/2005,248.08
9/26/2005,246.95
9/27/2005,247.25
9/28/2005,248.31
9/29/2005,248.75
9/30/2005,249.61
10/3/2005,250.65
10/4/2005,250.49
10/5/2005,249.35
10/6/2005,251.75
10/7/2005,250.61
10/10/2005,250.83
10/11/2005,249.96
10/12/2005,250.35
10/13/2005,252.62
10/14/2005,253.48
10/17/2005,251.75
10/18/2005,252.35
10/19/2005,253.42
10/20/2005,253.51
10/21/2005,254.16
10/24/2005,253.46
10/25/2005,253.11
10/26/2005,252.6
10/27/2005,252.43
10/28/2005,251.36
10/31/2005,250.54
11/1/2005,250.61
11/2/2005,250.39
11/3/2005,248.23
11/4/2005,249.13
11/7/2005,249.59
11/8/2005,248.66
11/9/2005,248.85
11/10/2005,251.27
11/11/2005,251.13
11/14/2005,250.11
11/15/2005,250.26
11/16/2005,250.63
11/17/2005,252.23
11/18/2005,252.63
11/21/2005,253.85
11/22/2005,254.18
11/23/2005,252.55
11/24/2005,251.76
11/25/2005,251.57
11/28/2005,251.03
11/29/2005,251.46
11/30/2005,252.67
12/1/2005,253.24
12/2/2005,252.3
12/5/2005,251.78
12/6/2005,252.79
12/7/2005,253.45
12/8/2005,255.65
12/9/2005,256.07
12/12/2005,254.45
12/13/2005,252.82
12/14/2005,252.23
12/15/2005,252.67
12/16/2005,253.13
12/19/2005,252.65
12/20/2005,251.25
12/21/2005,251.19
12/22/2005,250.85
12/23/2005,251.5
12/27/2005,251.36
12/28/2005,251.58
12/29/2005,252.51
12/30/2005,252.87
1/2/2006,252.69
1/3/2006,251.47
1/4/2006,251.02
1/5/2006,250.43
1/6/2006,250.79
1/9/2006,249.64
1/10/2006,250.6
1/11/2006,249.88
1/12/2006,250.19
1/13/2006,250.51
1/16/2006,250.32
1/17/2006,250.08
1/18/2006,251.79
1/19/2006,251.38
1/20/2006,250.6
1/23/2006,250
1/24/2006,249.98
1/25/2006,248.75
1/26/2006,249.54
1/27/2006,251.53
1/30/2006,251.64
1/31/2006,252.71
2/1/2006,251.45
2/2/2006,250.78
2/3/2006,251.07
2/6/2006,250.36
2/7/2006,249.9
2/8/2006,251.29
2/9/2006,250.99
2/10/2006,250.69
2/13/2006,251.36
2/14/2006,251.52
2/15/2006,250.93
2/16/2006,250.93
2/17/2006,251.7
2/20/2006,251.68
2/21/2006,251.87
2/22/2006,253.31
2/23/2006,253.06
2/24/2006,252.77
2/27/2006,252.5
2/28/2006,253.23
3/1/2006,253.42
3/2/2006,253.29
3/3/2006,254.47
3/6/2006,254.72
3/7/2006,255.34
3/8/2006,255.8
3/9/2006,257.25
3/10/2006,258.71
3/13/2006,261.44
3/14/2006,263.92
3/15/2006,262.43
3/16/2006,261.74
3/17/2006,259.15
3/20/2006,261.58
3/21/2006,263.81
3/22/2006,266
3/23/2006,263
3/24/2006,264.48
3/27/2006,264.18
3/28/2006,266.36
3/29/2006,267.3
3/30/2006,265.4
3/31/2006,265.74
4/3/2006,263.23
4/4/2006,264.61
4/5/2006,266.23
4/6/2006,268.02
4/7/2006,267.07
4/10/2006,267.28
4/11/2006,264.96
4/12/2006,265.21
4/13/2006,267.73
4/18/2006,266.67
4/19/2006,264.55
4/20/2006,266.23
4/21/2006,265.57
4/24/2006,262.43
4/25/2006,263.45
4/26/2006,265.78
4/27/2006,265.38
4/28/2006,264.08
5/2/2006,263.24
5/3/2006,260.78
5/4/2006,261.07
5/5/2006,259.8
5/8/2006,259.51
5/9/2006,260.85
5/10/2006,260.57
5/11/2006,260.79
5/12/2006,265.03
5/15/2006,267.98
5/16/2006,262.83
5/17/2006,262.69
5/18/2006,265.28
5/19/2006,263.65
5/22/2006,264.3
5/23/2006,262.23
5/24/2006,263.33
5/25/2006,262.45
5/26/2006,261.16
5/29/2006,260.96
5/30/2006,261.51
5/31/2006,262.09
6/1/2006,263.2
6/2/2006,261.86
6/5/2006,263.94
6/6/2006,263.45
6/7/2006,262.84
6/8/2006,264.43
6/9/2006,264.12
6/12/2006,267.7
6/13/2006,270.73
6/14/2006,269.15
6/15/2006,271.5
6/16/2006,272.8
6/19/2006,275.47
6/20/2006,276.28
6/21/2006,279.26
6/22/2006,279.03
6/23/2006,280.84
6/26/2006,280.05
6/27/2006,279.13
6/28/2006,280.26
6/29/2006,283.2
6/30/2006,283.35
7/3/2006,282.53
7/4/2006,279.96
7/5/2006,279.95
7/6/2006,281.53
7/7/2006,281.26
7/10/2006,281
7/11/2006,276.52
7/12/2006,277.5
7/13/2006,279.93
7/14/2006,282.45
7/17/2006,280.46
7/18/2006,278.45
7/19/2006,277.87
7/20/2006,275
7/21/2006,276.08
7/24/2006,276.06
7/25/2006,272.4
7/26/2006,272.81
7/27/2006,271.64
7/28/2006,271.65
7/31/2006,272.23
8/1/2006,273.21
8/2/2006,273.28
8/3/2006,273.25
8/4/2006,273.22
8/7/2006,270.3
8/8/2006,270.66
8/9/2006,269.58
8/10/2006,270.36
8/11/2006,270.26
8/14/2006,273.89
8/15/2006,275.28
8/16/2006,276.1
8/17/2006,274.05
8/18/2006,277.01
8/21/2006,278.56
8/22/2006,277.53
8/23/2006,275.65
8/24/2006,279.23
8/25/2006,277.34
8/28/2006,276.33
8/29/2006,275.42
8/30/2006,276.28
8/31/2006,274.65
9/1/2006,277.65
9/4/2006,277.22
9/5/2006,276.19
9/6/2006,275.4
9/7/2006,276.43
9/8/2006,274.85
9/11/2006,274.55
9/12/2006,274.31
9/13/2006,273.76
9/14/2006,273.13
9/15/2006,272.53
9/18/2006,270.73
9/19/2006,273.47
9/20/2006,273.47
9/21/2006,274.48
9/22/2006,276.97
9/25/2006,274.58
9/26/2006,273.08
9/27/2006,273.63
9/28/2006,273.34
9/29/2006,273
10/2/2006,275
10/3/2006,274.72
10/4/2006,275.88
10/5/2006,274.4
10/6/2006,273.76
10/9/2006,272.03
10/10/2006,270.73
10/11/2006,267.36
10/12/2006,266.81
10/13/2006,265.35
10/16/2006,265.4
10/17/2006,266.72
10/18/2006,266.81
10/19/2006,263.37
10/20/2006,262.7
10/23/2006,263.47
10/24/2006,262.92
10/25/2006,262.87
10/26/2006,261.09
10/27/2006,261.7
10/30/2006,262.88
10/31/2006,260.22
11/1/2006,259.34
11/2/2006,260.35
11/3/2006,260.37
11/6/2006,259.32
11/7/2006,260.68
11/8/2006,261.6
11/9/2006,259.78
11/10/2006,260.8
11/13/2006,260.3
11/14/2006,258.38
11/15/2006,257.65
11/16/2006,257.04
11/17/2006,257.52
11/20/2006,258.78
11/21/2006,256.8
11/22/2006,257.45
11/23/2006,258.63
11/24/2006,259.36
11/27/2006,258.25
11/28/2006,258.59
11/29/2006,257.16
11/30/2006,256.27
12/1/2006,256.12
12/4/2006,256.43
12/5/2006,255.5
12/6/2006,255.4
12/7/2006,256.04
12/8/2006,256.43
12/11/2006,255.89
12/12/2006,253.98
12/13/2006,253.48
12/14/2006,253.38
12/15/2006,253.37
12/18/2006,252.93
12/19/2006,253.13
12/20/2006,251.9
12/21/2006,252.05
12/22/2006,252.23
12/27/2006,253.46
12/28/2006,251.92
12/29/2006,251.77
1/2/2007,251.44
1/3/2007,251.21
1/4/2007,252.74
1/5/2007,253.63
1/8/2007,253.26
1/9/2007,253
1/10/2007,256.72
1/11/2007,255.44
1/12/2007,253.05
1/15/2007,252.1
1/16/2007,252.84
1/17/2007,253.95
1/18/2007,252.56
1/19/2007,252.05
1/22/2007,251.45
1/23/2007,253.59
1/24/2007,254.13
1/25/2007,254.65
1/26/2007,255.99
1/29/2007,256.68
1/30/2007,257.74
1/31/2007,257.22
2/1/2007,254.98
2/2/2007,255.77
2/5/2007,254.65
2/6/2007,252.48
2/7/2007,253.24
2/8/2007,253.12
2/9/2007,253
2/12/2007,254.71
2/13/2007,254.02
2/14/2007,253.52
2/15/2007,251.87
2/16/2007,252.59
2/19/2007,251.8
2/20/2007,252.47
2/21/2007,251.45
2/22/2007,251.67
2/23/2007,252.34
2/26/2007,252.94
2/27/2007,254.63
2/28/2007,254.7
3/1/2007,256.2
3/2/2007,254.43
3/5/2007,254.63
3/6/2007,253.25
3/7/2007,252.92
3/8/2007,251.65
3/9/2007,251.08
3/12/2007,249.89
3/13/2007,250
3/14/2007,251.28
3/15/2007,250.22
3/16/2007,249.1
3/19/2007,246.17
3/20/2007,246.42
3/21/2007,247.68
3/22/2007,245.99
3/23/2007,246.7
3/26/2007,246.83
3/27/2007,247.56
3/28/2007,249.16
3/29/2007,248
3/30/2007,247.8
4/2/2007,246.95
4/3/2007,246.89
4/4/2007,246.12
4/5/2007,245.64
4/10/2007,245.78
4/11/2007,245.23
4/12/2007,245.55
4/13/2007,245.87
4/16/2007,245.16
4/17/2007,245.7
4/18/2007,246.1
4/19/2007,247.02
4/20/2007,245.63
4/23/2007,245.13
4/24/2007,245.84
4/25/2007,246.3
4/26/2007,245.88
4/27/2007,245.98
4/30/2007,247.18
5/2/2007,246.83
5/3/2007,246.69
5/4/2007,246.55
5/7/2007,246.2
5/8/2007,245.85
5/9/2007,247.36
5/10/2007,248.15
5/11/2007,248.61
5/14/2007,247.23
5/15/2007,248.78
5/16/2007,248.74
5/17/2007,249.24
5/18/2007,250.83
5/21/2007,248.89
5/22/2007,247.84
5/23/2007,247.67
5/24/2007,249.47
5/25/2007,249.83
5/28/2007,249.83
5/29/2007,249.4
5/30/2007,251.03
5/31/2007,250.25
6/1/2007,250.32
6/4/2007,249.8
6/5/2007,250.72
6/6/2007,252.99
6/7/2007,253.15
6/8/2007,254.72
6/11/2007,253.88
6/12/2007,252.94
6/13/2007,254.37
6/14/2007,252.89
6/15/2007,251.69
6/18/2007,250.2
6/19/2007,249.78
6/20/2007,248.08
6/21/2007,248.91
6/22/2007,245.7
6/25/2007,246.84
6/26/2007,247.77
6/27/2007,247.72
6/28/2007,247.44
6/29/2007,246.15
7/2/2007,245.51
7/3/2007,245.75
7/4/2007,246.12
7/5/2007,246.21
7/6/2007,246.33
7/9/2007,245.7
7/10/2007,246.19
7/11/2007,246.83
7/12/2007,246.63
7/13/2007,245.7
7/16/2007,245.5
7/17/2007,245.83
7/18/2007,245.93
7/19/2007,245.87
7/20/2007,245.63
7/23/2007,245.68
7/24/2007,246.03
7/25/2007,246.46
7/26/2007,249.04
7/27/2007,251.91
7/30/2007,252.56
7/31/2007,250.45
8/1/2007,252.41
8/2/2007,251.81
8/3/2007,250.55
8/6/2007,251.32
8/7/2007,250.75
8/8/2007,248.93
8/9/2007,250.65
8/10/2007,253.15
8/13/2007,252.03
8/14/2007,254.41
8/15/2007,258.92
8/16/2007,260.2
8/17/2007,260.2
8/20/2007,259.19
8/21/2007,260.39
8/22/2007,258.85
8/23/2007,257.23
8/24/2007,258.37
8/27/2007,255.95
8/28/2007,257.42
8/29/2007,257.57
8/30/2007,255.44
8/31/2007,253.91
9/3/2007,254.97
9/4/2007,255.67
9/5/2007,255.75
9/6/2007,255.59
9/7/2007,254.47
9/10/2007,256.86
9/11/2007,254.58
9/12/2007,254.69
9/13/2007,253.94
9/14/2007,254.95
9/17/2007,255.21
9/18/2007,254.49
9/19/2007,252.2
9/20/2007,250.85
9/21/2007,249.94
9/24/2007,250.06
9/25/2007,250.64
9/26/2007,250.94
9/27/2007,250.14
9/28/2007,250.69
10/1/2007,251.42
10/2/2007,251.3
10/3/2007,252.1
10/4/2007,252.61
10/5/2007,250.8
10/8/2007,249.85
10/9/2007,250.18
10/10/2007,249.68
10/11/2007,249.22
10/12/2007,250.2
10/15/2007,250.09
10/16/2007,251.05
10/17/2007,250.44
10/18/2007,251.28
10/19/2007,250.55
10/22/2007,253.55
10/23/2007,251.66
10/24/2007,251.32
10/25/2007,250.79
10/26/2007,252.25
10/29/2007,250.65
10/30/2007,251.05
10/31/2007,251.41
11/1/2007,251.96
11/2/2007,252.33
11/5/2007,252.92
11/6/2007,252.22
11/7/2007,253.64
11/8/2007,253.34
11/9/2007,253.71
11/12/2007,254.5
11/13/2007,254.27
11/14/2007,253.82
11/15/2007,254.42
11/16/2007,254.17
11/19/2007,254.23
11/20/2007,255
11/21/2007,256.25
11/22/2007,256.64
11/23/2007,257.31
11/26/2007,256.9
11/27/2007,258.68
11/28/2007,255.27
11/29/2007,254.5
11/30/2007,253
12/3/2007,253.16
12/4/2007,253.45
12/5/2007,252.89
12/6/2007,252.09
12/7/2007,252.39
12/10/2007,251.61
12/11/2007,251.62
12/12/2007,252.36
12/13/2007,252.41
12/14/2007,253.01
12/17/2007,254.23
12/18/2007,253.8
12/19/2007,253.89
12/20/2007,253.98
12/21/2007,254.04
12/24/2007,253.96
12/27/2007,254.02
12/28/2007,253.81
12/31/2007,253.73
1/2/2008,253.22
1/3/2008,253.67
1/4/2008,253.64
1/7/2008,255.32
1/8/2008,254.45
1/9/2008,254.34
1/10/2008,254.17
1/11/2008,253.7
1/14/2008,253.44
1/15/2008,253.68
1/16/2008,255.18
1/17/2008,255.28
1/18/2008,256.13
1/21/2008,258.48
1/22/2008,259.72
1/23/2008,259.03
1/24/2008,257.52
1/25/2008,257.62
1/28/2008,258.52
1/29/2008,258.23
1/30/2008,257.86
1/31/2008,259.46
2/1/2008,257.38
2/4/2008,256.8
2/5/2008,258.21
2/6/2008,260.8
2/7/2008,265.9
2/8/2008,265.48
2/11/2008,264.47
2/12/2008,262.7
2/13/2008,263.05
2/14/2008,261.43
2/15/2008,263.59
2/18/2008,263.18
2/19/2008,263.57
2/20/2008,265.87
2/21/2008,264.02
2/22/2008,264.41
2/25/2008,262.78
2/26/2008,259.2
2/27/2008,257.98
2/28/2008,260.22
2/29/2008,264.15
3/3/2008,264.43
3/4/2008,263.27
3/5/2008,263.01
3/6/2008,263.18
3/7/2008,264.88
3/10/2008,263.47
3/11/2008,260.69
3/12/2008,259.3
3/13/2008,259.81
3/14/2008,257.07
3/17/2008,260.54
3/18/2008,257.51
3/19/2008,256.86
3/20/2008,258.19
3/25/2008,256.49
3/26/2008,256.94
3/27/2008,256.05
3/28/2008,257.73
3/31/2008,259.43
4/1/2008,258.55
4/2/2008,256.97
4/3/2008,257.44
4/4/2008,257.25
4/7/2008,254.05
4/8/2008,253.8
4/9/2008,253.3
4/10/2008,253.53
4/11/2008,252.73
4/14/2008,252.39
4/15/2008,252.17
4/16/2008,254.26
4/17/2008,253.35
4/18/2008,253.16
4/21/2008,252.47
4/22/2008,251.73
4/23/2008,251.7
4/24/2008,252.26
4/25/2008,252.9
4/28/2008,252.28
4/29/2008,252.93
4/30/2008,253.32
5/2/2008,251.93
5/5/2008,252.14
5/6/2008,252.04
5/7/2008,252.03
5/8/2008,253.05
5/9/2008,252.87
5/12/2008,250.73
5/13/2008,250.1
5/14/2008,249.96
5/15/2008,249.66
5/16/2008,246.98
5/19/2008,246.23
5/20/2008,245.67
5/21/2008,243.27
5/22/2008,245.45
5/23/2008,244.97
5/26/2008,243.93
5/27/2008,244.03
5/28/2008,243.79
5/29/2008,241.32
5/30/2008,241.33
6/2/2008,241.06
6/3/2008,241.48
6/4/2008,242.7
6/5/2008,241.86
6/6/2008,245.43
6/9/2008,247.2
6/10/2008,247.66
6/11/2008,247.01
6/12/2008,246.78
6/13/2008,247.5
6/16/2008,247.23
6/17/2008,246.34
6/18/2008,243.44
6/19/2008,240.45
6/20/2008,238.55
6/23/2008,239.51
6/24/2008,239.16
6/25/2008,236.96
6/26/2008,236.71
6/27/2008,238.38
6/30/2008,235.43
7/1/2008,235.96
7/2/2008,236.3
7/3/2008,236.74
7/4/2008,233.81
7/7/2008,232.92
7/8/2008,231.06
7/9/2008,230.49
7/10/2008,230.6
7/11/2008,231.51
7/14/2008,230.21
7/15/2008,232.76
7/16/2008,232.37
7/17/2008,230.13
7/18/2008,228.16
7/21/2008,229.36
7/22/2008,229.07
7/23/2008,232.1
7/24/2008,232.3
7/25/2008,231.35
7/28/2008,230.87
7/29/2008,230.76
7/30/2008,231.72
7/31/2008,231.26
8/1/2008,233.76
8/4/2008,233.74
8/5/2008,235.13
8/6/2008,236.28
8/7/2008,234.2
8/8/2008,236.08
8/11/2008,236.71
8/12/2008,236.47
8/13/2008,237.14
8/14/2008,237.28
8/15/2008,239.45
8/18/2008,236.82
8/19/2008,235.78
8/20/2008,234.66
8/21/2008,233.88
8/22/2008,233.68
8/25/2008,233.93
8/26/2008,236.6
8/27/2008,235.71
8/28/2008,238.56
8/29/2008,237.68
9/1/2008,237.7
9/2/2008,238.24
9/3/2008,238.85
9/4/2008,238.73
9/5/2008,241.95
9/8/2008,241.1
9/9/2008,239.23
9/10/2008,241.39
9/11/2008,241.16
9/12/2008,239.6
9/15/2008,240.92
9/16/2008,243.3
9/17/2008,241.89
9/18/2008,242.15
9/19/2008,239.96
9/22/2008,239.93
9/23/2008,240.7
9/24/2008,241.34
9/25/2008,240.75
9/26/2008,240.65
9/29/2008,242.62
9/30/2008,242.83
10/1/2008,241.65
10/2/2008,243.88
10/3/2008,246.1
10/6/2008,248.88
10/7/2008,249.13
10/8/2008,251.95
10/9/2008,252.98
10/10/2008,261.05
10/13/2008,253
10/14/2008,250
10/15/2008,263
10/16/2008,266
10/17/2008,268.5
10/20/2008,268.27
10/21/2008,274.78
10/22/2008,275.55
10/23/2008,284
10/24/2008,277
10/27/2008,271.03
10/28/2008,262
10/29/2008,256.05
10/30/2008,257.24
10/31/2008,261.43
11/3/2008,258.36
11/4/2008,259.86
11/5/2008,259.3
11/6/2008,261.94
11/7/2008,269
11/10/2008,265.51
11/11/2008,266.66
11/12/2008,271
11/13/2008,269.75
11/14/2008,270.55
11/17/2008,268.5
11/18/2008,271.09
11/19/2008,271
11/20/2008,269.94
11/21/2008,266.78
11/24/2008,263.5
11/25/2008,262.3
11/26/2008,260.08
11/27/2008,261.65
11/28/2008,259.56
12/1/2008,262.2
12/2/2008,261.35
12/3/2008,262.33
12/4/2008,261
12/5/2008,265.32
12/8/2008,264.45
12/9/2008,263.28
12/10/2008,263.75
12/11/2008,264.45
12/12/2008,264.5
12/15/2008,266.74
12/16/2008,268.38
12/17/2008,265.05
12/18/2008,268.61
12/19/2008,265.84
12/22/2008,266.12
12/23/2008,264.6
12/24/2008,267.76
12/29/2008,266.64
12/30/2008,266.33
12/31/2008,266.7
1/2/2009,265.48
1/5/2009,267.13
1/6/2009,266.67
1/7/2009,266.14
1/8/2009,271.77
1/9/2009,276.13
1/12/2009,279.4
1/13/2009,277.73
1/14/2009,277.45
1/15/2009,281.45
1/16/2009,277.9
1/19/2009,283.55
1/20/2009,287.15
1/21/2009,284.58
1/22/2009,282.76
1/23/2009,289.85
1/26/2009,285.41
1/27/2009,285.32
1/28/2009,284.8
1/29/2009,287.28
1/30/2009,299.08
2/2/2009,297.98
2/3/2009,299.25
2/4/2009,298.5
2/5/2009,294.99
2/6/2009,292.6
2/9/2009,287.9
2/10/2009,287.7
2/11/2009,295.99
2/12/2009,298.55
2/13/2009,298.22
2/16/2009,303.35
2/17/2009,307.15
2/18/2009,302.72
2/19/2009,300.39
2/20/2009,304.45
2/23/2009,297.05
2/24/2009,299.05
2/25/2009,299.63
2/26/2009,300.02
2/27/2009,300.46
3/2/2009,307.03
3/3/2009,306.84
3/4/2009,310.05
3/5/2009,311.63
3/6/2009,316.5
3/9/2009,310.6
3/10/2009,305.99
3/11/2009,300.26
3/12/2009,302.25
3/13/2009,297.71
3/16/2009,295.53
3/17/2009,299.68
3/18/2009,301.7
3/19/2009,298.5
3/20/2009,298.36
3/23/2009,304.15
3/24/2009,300.85
3/25/2009,300.22
3/26/2009,302
3/27/2009,304.37
3/30/2009,308.65
3/31/2009,308.18
4/1/2009,304.81
4/2/2009,298.65
4/3/2009,295.58
4/6/2009,294.3
4/7/2009,296.8
4/8/2009,296.88
4/9/2009,289.85
4/14/2009,289.5
4/15/2009,290.79
4/16/2009,293.34
4/17/2009,293.85
4/20/2009,299.2
4/21/2009,300.35
4/22/2009,298
4/23/2009,296.81
4/24/2009,295.82
4/27/2009,295.79
4/28/2009,295.95
4/29/2009,289.2
4/30/2009,289.73
5/4/2009,288.23
5/5/2009,283.26
5/6/2009,285.83
5/7/2009,276.6
5/8/2009,277.75
5/11/2009,277.45
5/12/2009,278.78
5/13/2009,281.44
5/14/2009,289.73
5/15/2009,289.4
5/18/2009,284.15
5/19/2009,278.18
5/20/2009,277.85
5/21/2009,278.43
5/22/2009,278.39
5/25/2009,280.6
5/26/2009,282.43
5/27/2009,282.85
5/28/2009,284.75
5/29/2009,282.48
6/1/2009,280.73
6/2/2009,281.7
6/3/2009,282.9
6/4/2009,287.1
6/5/2009,289.1
6/8/2009,287.19
6/9/2009,280.13
6/10/2009,278.17
6/11/2009,280.2
6/12/2009,277.81
6/15/2009,280.4
6/16/2009,280.08
6/17/2009,283.8
6/18/2009,283.57
6/19/2009,279.5
6/22/2009,278.62
6/23/2009,281.2
6/24/2009,277.75
6/25/2009,277.1
6/26/2009,275.3
6/29/2009,276.21
6/30/2009,271.55
7/1/2009,271.11
7/2/2009,268.45
7/3/2009,272.55
7/6/2009,273.7
7/7/2009,273.2
7/8/2009,278.1
7/9/2009,275
7/10/2009,277.5
7/13/2009,277.96
7/14/2009,275.79
7/15/2009,273.25
7/16/2009,272.82
7/17/2009,274.2
7/20/2009,272.9
7/21/2009,271.3
7/22/2009,271.55
7/23/2009,271.26
7/24/2009,266.59
7/27/2009,268
7/28/2009,267.55
7/29/2009,269.75
7/30/2009,268.31
7/31/2009,266.53
8/3/2009,265.7
8/4/2009,267.05
8/5/2009,267
8/6/2009,269.89
8/7/2009,272.8
8/10/2009,269.31
8/11/2009,273.1
8/12/2009,273.6
8/13/2009,268.21
8/14/2009,269.2
8/17/2009,274.07
8/18/2009,272.66
8/19/2009,274.41
8/20/2009,271.5
8/21/2009,268.59
8/24/2009,268.15
8/25/2009,266.96
8/26/2009,267.7
8/27/2009,268.5
8/28/2009,270.74
8/31/2009,271.85
9/1/2009,273.65
9/2/2009,276.37
9/3/2009,273.95
9/4/2009,274.35
9/7/2009,272.24
9/8/2009,270.98
9/9/2009,271.25
9/10/2009,272.28
9/11/2009,273.33
9/14/2009,274.33
9/15/2009,272.02
9/16/2009,269.84
9/17/2009,270.61
9/18/2009,271.18
9/21/2009,272.37
9/22/2009,271.42
9/23/2009,271.27
9/24/2009,270.15
9/25/2009,270
9/28/2009,269.66
9/29/2009,269.55
9/30/2009,269.7
10/1/2009,270.26
10/2/2009,268.65
10/5/2009,267.24
10/6/2009,267.03
10/7/2009,267.9
10/8/2009,270.2
10/9/2009,270.6
10/12/2009,269.45
10/13/2009,268.79
10/14/2009,267.31
10/15/2009,268
10/16/2009,267.85
10/19/2009,266.43
10/20/2009,264.59
10/21/2009,265.32
10/22/2009,265.92
10/23/2009,265.96
10/26/2009,267.45
10/27/2009,268.6
10/28/2009,272.78
10/29/2009,272.95
10/30/2009,273.39
11/2/2009,275.28
11/3/2009,278.2
11/4/2009,277.15
11/5/2009,275.65
11/6/2009,274.82
11/9/2009,272.74
11/10/2009,272.19
11/11/2009,269.27
11/12/2009,271.14
11/13/2009,268.8
11/16/2009,267.43
11/17/2009,266
11/18/2009,265.55
11/19/2009,266.96
11/20/2009,269.68
11/23/2009,267.55
11/24/2009,267.65
11/25/2009,267.38
11/26/2009,269.77
11/27/2009,272.32
11/30/2009,273.88
12/1/2009,271.86
12/2/2009,270.5
12/3/2009,269.9
12/4/2009,269.14
12/7/2009,270.36
12/8/2009,273.42
12/9/2009,273.71
12/10/2009,272.05
12/11/2009,273.12
12/14/2009,273.18
12/15/2009,277.1
12/16/2009,277.58
12/17/2009,278.07
12/18/2009,277.05
12/21/2009,274.53
12/22/2009,274.28
12/23/2009,273.7
12/24/2009,272.93
12/28/2009,273.3
12/29/2009,272.54
12/30/2009,272.1
12/31/2009,270.42
1/4/2010,269.85
1/5/2010,269
1/6/2010,268.88
1/7/2010,270.3
1/8/2010,269.37
1/11/2010,266.7
1/12/2010,268.18
1/13/2010,266.82
1/14/2010,267.4
1/15/2010,266.8
1/18/2010,267.75
1/19/2010,267.94
1/20/2010,268.99
1/21/2010,270.43
1/22/2010,272.02
1/25/2010,271.18
1/26/2010,272.75
1/27/2010,271.75
1/28/2010,271.3
1/29/2010,271.15
2/1/2010,271.35
2/2/2010,270.25
2/3/2010,270.02
2/4/2010,272.6
2/5/2010,274.1
2/8/2010,273.9
2/9/2010,272
2/10/2010,271.55
2/11/2010,270.5
2/12/2010,270.48
2/15/2010,271.38
2/16/2010,272.37
2/17/2010,270.83
2/18/2010,271.18
2/19/2010,271.3
2/22/2010,269.75
2/23/2010,269.8
2/24/2010,270.5
2/25/2010,270.45
2/26/2010,269.9
3/1/2010,269.45
3/2/2010,266.9
3/3/2010,266.02
3/4/2010,266.5
3/5/2010,266.78
3/8/2010,265.34
3/9/2010,267.2
3/10/2010,266.87
3/11/2010,266.92
3/12/2010,266.15
3/15/2010,264.6
3/16/2010,264.19
3/17/2010,262.24
3/18/2010,261.92
3/19/2010,262.7
3/22/2010,265.3
3/23/2010,264.61
3/24/2010,264.03
3/25/2010,263.73
3/26/2010,265.03
3/29/2010,266
3/30/2010,265.9
3/31/2010,265.75
4/1/2010,264.78
4/6/2010,265.28
4/7/2010,266.2
4/8/2010,268.9
4/9/2010,267.7
4/12/2010,265.21
4/13/2010,264.58
4/14/2010,262.65
4/15/2010,263.3
4/16/2010,263.45
4/19/2010,265.38
4/20/2010,264.93
4/21/2010,264.13
4/22/2010,264.5
4/23/2010,264.45
4/26/2010,263.42
4/27/2010,266.75
4/28/2010,269.9
4/29/2010,268.28
4/30/2010,266.82
5/3/2010,268.03
5/4/2010,273.4
5/5/2010,276.83
5/6/2010,279.42
5/7/2010,281.6
5/10/2010,273.2
5/11/2010,276.1
5/12/2010,273.76
5/13/2010,272.45
5/14/2010,276.13
5/17/2010,277.82
5/18/2010,277.38
5/19/2010,279.5
5/20/2010,283
5/21/2010,281.33
5/24/2010,278.34
5/25/2010,280.38
5/26/2010,277.44
5/27/2010,276.86
5/28/2010,273.93
5/31/2010,275.53
6/1/2010,276.62
6/2/2010,275.88
6/3/2010,275.2
6/4/2010,288.8
6/7/2010,285.7
6/8/2010,282.2
6/9/2010,281.8
6/10/2010,282.04
6/11/2010,279.6
6/14/2010,279
6/15/2010,280.1
6/16/2010,281.07
6/17/2010,279.21
6/18/2010,280.05
6/21/2010,278.03
6/22/2010,280.43
6/23/2010,280.38
6/24/2010,283.78
6/25/2010,285
6/28/2010,285.02
6/29/2010,286.76
6/30/2010,286
7/1/2010,287.45
7/2/2010,285.7
7/5/2010,286.2
7/6/2010,284.85
7/7/2010,284.47
7/8/2010,281.27
7/9/2010,280.24
7/12/2010,278.91
7/13/2010,277.8
7/14/2010,278.02
7/15/2010,278.93
7/16/2010,280.85
7/19/2010,289.18
7/20/2010,290.57
7/21/2010,284.9
7/22/2010,283.25
7/23/2010,287.17
7/26/2010,287.37
7/27/2010,283.74
7/28/2010,282.24
7/29/2010,283.81
7/30/2010,285.62
8/2/2010,281.65
8/3/2010,281.81
8/4/2010,281.89
8/5/2010,279.68
8/6/2010,278.65
8/9/2010,279.28
8/10/2010,279.05
8/11/2010,282.12
8/12/2010,282.43
8/13/2010,281.08
8/16/2010,280.2
8/17/2010,279.5
8/18/2010,278.37
8/19/2010,276.89
8/20/2010,279.4
8/23/2010,280.71
8/24/2010,285.4
8/25/2010,284.35
8/26/2010,283.63
8/27/2010,284.68
8/30/2010,283.49
8/31/2010,287.68
9/1/2010,286.3
9/2/2010,285.03
9/3/2010,284.5
9/6/2010,284.7
9/7/2010,286.45
9/8/2010,288.95
9/9/2010,285.76
9/10/2010,283.85
9/13/2010,283.76
9/14/2010,283.76
9/15/2010,281.82
9/16/2010,281.62
9/17/2010,282.82
9/20/2010,281.25
9/21/2010,279.88
9/22/2010,279.65
9/23/2010,280.85
9/24/2010,278.75
9/27/2010,276.69
9/28/2010,277.95
9/29/2010,276.15
9/30/2010,275.75
10/1/2010,273.85
10/4/2010,272.22
10/5/2010,272.73
10/6/2010,270.33
10/7/2010,273.33
10/8/2010,275.55
10/11/2010,274.03
10/12/2010,273.85
10/13/2010,273.45
10/14/2010,273.63
10/15/2010,274.18
10/18/2010,276.63
10/19/2010,276.89
10/20/2010,275.58
10/21/2010,274.5
10/22/2010,275.35
10/25/2010,273.53
10/26/2010,274.6
10/27/2010,275.04
10/28/2010,273.25
10/29/2010,271.76
11/1/2010,270.75
11/2/2010,270.75
11/3/2010,272
11/4/2010,272.4
11/5/2010,273.71
11/8/2010,274.6
11/9/2010,274.15
11/10/2010,273.4
11/11/2010,276.54
11/12/2010,276.01
11/15/2010,276.48
11/16/2010,276.95
11/17/2010,278.11
11/18/2010,275.09
11/19/2010,274.25
11/22/2010,273.11
11/23/2010,275.3
11/24/2010,275.58
11/25/2010,277.35
11/26/2010,279.9
11/29/2010,280.58
11/30/2010,284.18
12/1/2010,280.45
12/2/2010,278.75
12/3/2010,278.03
12/6/2010,280.15
12/7/2010,278
12/8/2010,278.85
12/9/2010,277.39
12/10/2010,278.2
12/13/2010,278.34
12/14/2010,277.33
12/15/2010,274.63
12/16/2010,273.7
12/17/2010,272.75
12/20/2010,274.83
12/21/2010,275.6
12/22/2010,276.2
12/23/2010,278.43
12/24/2010,279.2
12/27/2010,278.83
12/28/2010,279.15
12/29/2010,279.4
12/30/2010,279
12/31/2010,277.95
1/3/2011,278.39
1/4/2011,275.85
1/5/2011,277.05
1/6/2011,275.95
1/7/2011,277.27
1/10/2011,280.42
1/11/2011,279.24
1/12/2011,275.57
1/13/2011,274.61
1/14/2011,276.6
1/17/2011,274.74
1/18/2011,272.6
1/19/2011,272.4
1/20/2011,275
1/21/2011,274.24
1/24/2011,274.02
1/25/2011,275.22
1/26/2011,274.23
1/27/2011,272.9
1/28/2011,271.7
1/31/2011,273.85
2/1/2011,271.6
2/2/2011,269.59
2/3/2011,269.75
2/4/2011,270.35
2/7/2011,269.17
2/8/2011,269.23
2/9/2011,271.61
2/10/2011,273.28
2/11/2011,271.67
2/14/2011,272.35
2/15/2011,271.06
2/16/2011,270.77
2/17/2011,269.25
2/18/2011,270.05
2/21/2011,271.01
2/22/2011,272.73
2/23/2011,272.65
2/24/2011,273.4
2/25/2011,272.81
2/28/2011,270.72
3/1/2011,272.64
3/2/2011,271.28
3/3/2011,270.9
3/4/2011,271.95
3/7/2011,271.66
3/8/2011,272.62
3/9/2011,272.88
3/10/2011,272.98
3/11/2011,272.8
3/14/2011,273.05
3/15/2011,274.04
3/16/2011,273.4
3/17/2011,273.74
3/18/2011,273.35
3/21/2011,271.15
3/22/2011,270.43
3/23/2011,269.6
3/24/2011,267.78
3/25/2011,266.33
3/28/2011,267.3
3/29/2011,267.78
3/30/2011,267.1
3/31/2011,265.72
4/1/2011,266.26
4/4/2011,265.4
4/5/2011,264.44
4/6/2011,263.24
4/7/2011,264.28
4/8/2011,264.09
4/11/2011,265.25
4/12/2011,266.35
4/13/2011,266.17
4/14/2011,267.48
4/15/2011,267.18
4/18/2011,267.34
4/19/2011,266.88
4/20/2011,264.05
4/21/2011,263.8
4/26/2011,264.48
4/27/2011,264.79
4/28/2011,264.48
4/29/2011,264.5
5/2/2011,264.05
5/3/2011,265.53
5/4/2011,264.68
5/5/2011,265.26
5/6/2011,264.95
5/9/2011,264.4
5/10/2011,263.85
5/11/2011,263.67
5/12/2011,266.08
5/13/2011,267.05
5/16/2011,267.93
5/17/2011,267.69
5/18/2011,269.03
5/19/2011,267.97
5/20/2011,268.8
5/23/2011,270.16
5/24/2011,269.4
5/25/2011,270.06
5/26/2011,269.02
5/27/2011,268.58
5/30/2011,268.07
5/31/2011,266.85
6/1/2011,266.23
6/2/2011,265.95
6/3/2011,265.38
6/6/2011,266.03
6/7/2011,265.44
6/8/2011,266.15
6/9/2011,264.68
6/10/2011,264.55
6/13/2011,265.3
6/14/2011,264.51
6/15/2011,265.85
6/16/2011,269.2
6/17/2011,267.66
6/20/2011,269
6/21/2011,266.93
6/22/2011,267.6
6/23/2011,269.36
6/24/2011,269.5
6/27/2011,268.96
6/28/2011,269.73
6/29/2011,267.05
6/30/2011,266.11
7/1/2011,264.93
7/4/2011,264.03
7/5/2011,264.64
7/6/2011,265.06
7/7/2011,264
7/8/2011,263.08
7/11/2011,266.14
7/12/2011,267.9
7/13/2011,269.88
7/14/2011,269.6
7/15/2011,270.7
7/18/2011,272.98
7/19/2011,271.5
7/20/2011,269.18
7/21/2011,267.93
7/22/2011,266.65
7/25/2011,268.95
7/26/2011,267.78
7/27/2011,268.2
7/28/2011,268.2
7/29/2011,269.97
8/1/2011,267.9
8/2/2011,270.12
8/3/2011,272.38
8/4/2011,272.09
8/5/2011,274.1
8/8/2011,273.95
8/9/2011,274.7
8/10/2011,273.18
8/11/2011,276.77
8/12/2011,273.68
8/15/2011,271.66
8/16/2011,271.18
8/17/2011,269.4
8/18/2011,272.13
8/19/2011,272.15
8/22/2011,272.83
8/23/2011,271.78
8/24/2011,272.05
8/25/2011,272.4
8/26/2011,272.66
8/29/2011,272.55
8/30/2011,272.79
8/31/2011,272
9/1/2011,273.11
9/2/2011,275.43
9/5/2011,277.62
9/6/2011,277.23
9/7/2011,276.35
9/8/2011,276.95
9/9/2011,280.07
9/12/2011,282.55
9/13/2011,283.59
9/14/2011,286.23
9/15/2011,285.5
9/16/2011,287.25
9/19/2011,290.41
9/20/2011,290.33
9/21/2011,293.05
9/22/2011,293.06
9/23/2011,291.75
9/26/2011,289.42
9/27/2011,286.36
9/28/2011,290.38
9/29/2011,291.85
9/30/2011,292.55
10/3/2011,294.5
10/4/2011,299.63
10/5/2011,298.84
10/6/2011,296.55
10/7/2011,296.63
10/10/2011,293.6
10/11/2011,295.05
10/12/2011,292.03
10/13/2011,291.8
10/14/2011,292.7
10/17/2011,293.94
10/18/2011,298.4
10/19/2011,295.8
10/20/2011,296.24
10/21/2011,298.46
10/24/2011,297.4
10/25/2011,297.07
10/26/2011,297.86
10/27/2011,302.2
10/28/2011,300.35
10/31/2011,303.55
11/1/2011,309.48
11/2/2011,305.36
11/3/2011,302.9
11/4/2011,304.05
11/7/2011,306.71
11/8/2011,307.36
11/9/2011,310.5
11/10/2011,310.67
11/11/2011,310.52
11/14/2011,315.6
11/15/2011,314.77
11/16/2011,314
11/17/2011,312.17
11/18/2011,305.3
11/21/2011,307.07
11/22/2011,305.4
11/23/2011,309.6
11/24/2011,309.93
11/25/2011,314.32
11/28/2011,308.91
11/29/2011,309.08
11/30/2011,307.63
12/1/2011,302.5
12/2/2011,301.69
12/5/2011,299.98
12/6/2011,300.2
12/7/2011,300.23
12/8/2011,301.02
12/9/2011,305.08
12/12/2011,305.16
12/13/2011,304.39
12/14/2011,304.65
12/15/2011,302.25
12/16/2011,303.38
12/19/2011,303.23
12/20/2011,300.56
12/21/2011,302.38
12/22/2011,306.45
12/23/2011,306.89
12/27/2011,305.53
12/28/2011,307.05
12/29/2011,310.75
12/30/2011,314.58
1/2/2012,314.38
1/3/2012,315.55
1/4/2012,320.01
1/5/2012,320.78
1/6/2012,318.45
1/9/2012,315.27
1/10/2012,312.31
1/11/2012,311.93
1/12/2012,307.88
1/13/2012,309.71
1/16/2012,309.75
1/17/2012,310.93
1/18/2012,306.15
1/19/2012,302.11
1/20/2012,304.68
1/23/2012,301.89
1/24/2012,302.38
1/25/2012,298.38
1/26/2012,294.8
1/27/2012,293.95
1/30/2012,296.04
1/31/2012,293.91
2/1/2012,292.49
2/2/2012,292.87
2/3/2012,291.8
2/6/2012,293.01
2/7/2012,291.66
2/8/2012,289.65
2/9/2012,290.9
2/10/2012,293.58
2/13/2012,290.45
2/14/2012,291.58
2/15/2012,289.63
2/16/2012,293.9
2/17/2012,290.14
2/20/2012,287.4
2/21/2012,288.03
2/22/2012,288.82
2/23/2012,289.5
2/24/2012,288.71
2/27/2012,291.73
2/28/2012,289.63
2/29/2012,288.71
3/1/2012,287.86
3/2/2012,289.3
3/5/2012,291.26
3/6/2012,293.43
3/7/2012,296.28
3/8/2012,292.9
3/9/2012,291.9
3/12/2012,293.48
3/13/2012,294.37
3/14/2012,292.2
3/15/2012,291.32
3/16/2012,290.64
3/19/2012,289.44
3/20/2012,289.38
3/21/2012,291.53
3/22/2012,293.5
3/23/2012,294.48
3/26/2012,292.63
3/27/2012,291.8
3/28/2012,292.66
3/29/2012,294.36
3/30/2012,294.92
4/2/2012,295
4/3/2012,293.8
4/4/2012,295.63
4/5/2012,295.95
4/10/2012,295.75
4/11/2012,298.15
4/12/2012,296.9
4/13/2012,297.05
4/16/2012,298.88
4/17/2012,297.35
4/18/2012,296.84
4/19/2012,297.23
4/20/2012,296.64
4/23/2012,298.73
4/24/2012,297.69
4/25/2012,287.83
4/26/2012,287.9
4/27/2012,287.25
4/30/2012,286.75
5/2/2012,283.5
5/3/2012,283.18
5/4/2012,284.85
5/7/2012,286.48
5/8/2012,286.46
5/9/2012,290.7
5/10/2012,288.31
5/11/2012,289.9
5/14/2012,291.77
5/15/2012,292.25
5/16/2012,294.32
5/17/2012,297.85
5/18/2012,297.25
5/21/2012,297.49
5/22/2012,297.05
5/23/2012,302
5/24/2012,299.78
5/25/2012,300.77
5/28/2012,298.38
5/29/2012,297.9
5/30/2012,298.95
5/31/2012,301.65
6/1/2012,306
6/4/2012,303.06
6/5/2012,302.19
6/6/2012,300.04
6/7/2012,295.05
6/8/2012,296.6
6/11/2012,295.92
6/12/2012,296.92
6/13/2012,296.43
6/14/2012,297.63
6/15/2012,296.64
6/18/2012,292.6
6/19/2012,288.61
6/20/2012,286.95
6/21/2012,285.83
6/22/2012,287.66
6/25/2012,287.53
6/26/2012,286.4
6/27/2012,287.28
6/28/2012,287.83
6/29/2012,287.77
7/2/2012,286.2
7/3/2012,286.23
7/4/2012,285.36
7/5/2012,285.95
7/6/2012,287.6
7/9/2012,289.61
7/10/2012,288.12
7/11/2012,288.75
7/12/2012,288.6
7/13/2012,288.95
7/16/2012,288.15
7/17/2012,286.81
7/18/2012,285.9
7/19/2012,284.05
7/20/2012,285.97
7/23/2012,288.34
7/24/2012,288.93
7/25/2012,288.61
7/26/2012,284.81
7/27/2012,282.65
7/30/2012,279.7
7/31/2012,278.94
8/1/2012,280.38
8/2/2012,279.93
8/3/2012,278.95
8/6/2012,275.66
8/7/2012,277.11
8/8/2012,277.93
8/9/2012,276.79
8/10/2012,278.9
8/13/2012,279.1
8/14/2012,278.62
8/15/2012,279.39
8/16/2012,278.39
8/17/2012,278.78
8/20/2012,277.84
8/21/2012,275.18
8/22/2012,277.2
8/23/2012,276.37
8/24/2012,277.98
8/27/2012,277.65
8/28/2012,280.98
8/29/2012,283.41
8/30/2012,285.29
8/31/2012,283.65
9/3/2012,284.9
9/4/2012,284.75
9/5/2012,284.6
9/6/2012,285.44
9/7/2012,287
9/10/2012,285.41
9/11/2012,284.88
9/12/2012,283.33
9/13/2012,283.53
9/14/2012,281.75
9/17/2012,282.98
9/18/2012,283.82
9/19/2012,283.1
9/20/2012,284.4
9/21/2012,282.24
9/24/2012,283.28
9/25/2012,283.33
9/26/2012,285.78
9/27/2012,284.92
9/28/2012,284.89
10/1/2012,285.13
10/2/2012,285.56
10/3/2012,286.15
10/4/2012,285.61
10/5/2012,282.75
10/8/2012,283.75
10/9/2012,283.4
10/10/2012,282.15
10/11/2012,281.85
10/12/2012,281.4
10/15/2012,278.53
10/16/2012,278.51
10/17/2012,279
10/18/2012,277.19
10/19/2012,279.3
10/22/2012,279.57
10/23/2012,281.77
10/24/2012,280.89
10/25/2012,279.72
10/26/2012,281.99
10/29/2012,285.13
10/30/2012,284.58
10/31/2012,284.05
11/1/2012,282.22
11/2/2012,281.42
11/5/2012,282.58
11/6/2012,281.8
11/7/2012,282.1
11/8/2012,284.57
11/9/2012,284.4
11/12/2012,283.6
11/13/2012,284.36
11/14/2012,285.06
11/15/2012,284.28
11/16/2012,284.18
11/19/2012,283.42
11/20/2012,281.56
11/21/2012,281.27
11/22/2012,279.06
11/23/2012,280.49
11/26/2012,281.83
11/27/2012,280.06
11/28/2012,281.1
11/29/2012,279.3
11/30/2012,281.03
12/3/2012,281.89
12/4/2012,282.39
12/5/2012,282.62
12/6/2012,283.48
12/7/2012,283.96
12/10/2012,283.51
12/11/2012,282.14
12/12/2012,282.33
12/13/2012,283.5
12/14/2012,283.76
12/17/2012,287.19
12/18/2012,288.4
12/19/2012,286.81
12/20/2012,286.13
12/21/2012,287.2
12/24/2012,290.19
12/27/2012,291.43
12/28/2012,290.79
12/31/2012,292.3
1/2/2013,291.71
1/3/2013,291.09
1/4/2013,290.95
1/7/2013,291.57
1/8/2013,292.7
1/9/2013,290.66
1/10/2013,291.59
1/11/2013,296.56
1/14/2013,297.08
1/15/2013,294.72
1/16/2013,294.99
1/17/2013,293.58
1/18/2013,292.74
1/21/2013,292.55
1/22/2013,294.32
1/23/2013,294.57
1/24/2013,294.9
1/25/2013,297.89
1/28/2013,298.4
1/29/2013,297.4
1/30/2013,296.08
1/31/2013,292.27
2/1/2013,292.37
2/4/2013,293.23
2/5/2013,292.33
2/6/2013,294.23
2/7/2013,294.35
2/8/2013,292.22
2/11/2013,291.72
2/12/2013,291.28
2/13/2013,289.1
2/14/2013,292.52
2/15/2013,292.38
2/18/2013,291.97
2/19/2013,290.79
2/20/2013,291.31
2/21/2013,292.47
2/22/2013,292.55
2/25/2013,293.54
2/26/2013,294.93
2/27/2013,295.55
2/28/2013,295.8
3/1/2013,295.23
3/4/2013,296.71
3/5/2013,298.87
3/6/2013,298.55
3/7/2013,299.5
3/8/2013,297.64
3/11/2013,303.4
3/12/2013,304.65
3/13/2013,305.65
3/14/2013,305.3
3/15/2013,305.11
3/18/2013,307.17
3/19/2013,305.2
3/20/2013,304.97
3/21/2013,305.42
3/22/2013,307.25
3/25/2013,306.45
3/26/2013,304.5
3/27/2013,304.12
3/28/2013,304.42
4/2/2013,301.91
4/3/2013,302.1
4/4/2013,301.38
4/5/2013,301.13
4/8/2013,297.75
4/9/2013,297.65
4/10/2013,298.11
4/11/2013,297.79
4/12/2013,294.55
4/15/2013,294.31
4/16/2013,294.75
4/17/2013,294.54
4/18/2013,297.97
4/19/2013,298.24
4/22/2013,299.79
4/23/2013,299.45
4/24/2013,299.55
4/25/2013,301.24
4/26/2013,301.57
4/29/2013,298.15
4/30/2013,300.12
5/2/2013,297.08
5/3/2013,296.12
5/6/2013,296.4
5/7/2013,296.25
5/8/2013,293.31
5/9/2013,293.13
5/10/2013,293.18
5/13/2013,293.33
5/14/2013,295.53
5/15/2013,292.27
5/16/2013,290.51
5/17/2013,290.56
5/20/2013,289.99
5/21/2013,290.42
5/22/2013,289.06
5/23/2013,292.18
5/24/2013,290.4
5/27/2013,289.23
5/28/2013,285.85
5/29/2013,288.03
5/30/2013,293.33
5/31/2013,296.11
6/3/2013,295.4
6/4/2013,291.53
6/5/2013,294.67
6/6/2013,297.37
6/7/2013,295.72
6/10/2013,297.2
6/11/2013,299.71
6/12/2013,296.4
6/13/2013,294.85
6/14/2013,291.41
6/17/2013,290.6
6/18/2013,293.62
6/19/2013,293.99
6/20/2013,298.8
6/21/2013,298.87
6/24/2013,299.97
6/25/2013,296.85
6/26/2013,297.28
6/27/2013,294.98
6/28/2013,294.85
7/1/2013,294.07
7/2/2013,293.33
7/3/2013,294.88
7/4/2013,295.8
7/5/2013,294.8
7/8/2013,294.52
7/9/2013,292.95
7/10/2013,294
7/11/2013,292.47
7/12/2013,292.82
7/15/2013,292.01
7/16/2013,292.6
7/17/2013,293.85
7/18/2013,294.97
7/19/2013,295.58
7/22/2013,293.95
7/23/2013,294.49
7/24/2013,295.59
7/25/2013,296.78
7/26/2013,296.56
7/29/2013,297.88
7/30/2013,299.1
7/31/2013,299.67
8/1/2013,298.83
8/2/2013,300.25
8/5/2013,298.56
8/6/2013,299.65
8/7/2013,299.52
8/8/2013,298.91
8/9/2013,298.43
8/12/2013,297.09
8/13/2013,298.87
8/14/2013,298.62
8/15/2013,298.96
8/16/2013,300.34
8/19/2013,300.71
8/20/2013,299.25
8/21/2013,299.67
8/22/2013,299.4
8/23/2013,298.98
8/26/2013,297.85
8/27/2013,300.28
8/28/2013,302.81
8/29/2013,300.46
8/30/2013,300.78
9/2/2013,300.05
9/3/2013,301.32
9/4/2013,301.3
9/5/2013,302.35
9/6/2013,300.67
9/9/2013,300.43
9/10/2013,299.28
9/11/2013,299.44
9/12/2013,301.27
9/13/2013,300.54
9/16/2013,298.78
9/17/2013,299.13
9/18/2013,298.47
9/19/2013,295.72
9/20/2013,299.28
9/23/2013,299.05
9/24/2013,299.89
9/25/2013,300.12
9/26/2013,299.87
9/27/2013,299.63
9/30/2013,298.15
10/1/2013,296.07
10/2/2013,296.7
10/3/2013,295.92
10/4/2013,296.92
10/7/2013,295.83
10/8/2013,295.22
10/9/2013,296.2
10/10/2013,295.52
10/11/2013,294.87
10/14/2013,295.7
10/15/2013,295.32
10/16/2013,296.13
10/17/2013,294.41
10/18/2013,294.43
10/21/2013,293.72
10/22/2013,294.31
10/23/2013,292.24
10/24/2013,292.79
10/25/2013,292.82
10/28/2013,292.73
10/29/2013,293.14
10/30/2013,293.63
10/31/2013,294.89
11/1/2013,296.51
11/4/2013,295.75
11/5/2013,297
11/6/2013,296.72
11/7/2013,295.78
11/8/2013,296.22
11/11/2013,297.29
11/12/2013,298.5
11/13/2013,298.66
11/14/2013,297.63
11/15/2013,298.41
11/18/2013,297.06
11/19/2013,296.96
11/20/2013,296.78
11/21/2013,297.46
11/22/2013,297.98
11/25/2013,298.21
11/26/2013,298.72
11/27/2013,299.08
11/28/2013,299.46
11/29/2013,301.1
12/2/2013,302.2
12/3/2013,302.9
12/4/2013,302.49
12/5/2013,301.83
12/6/2013,302.25
12/9/2013,301.57
12/10/2013,300.79
12/11/2013,302.25
12/12/2013,303.49
12/13/2013,302.42
12/16/2013,299.77
12/17/2013,299.3
12/18/2013,298.49
12/19/2013,299.38
12/20/2013,298.83
12/23/2013,298.52
12/24/2013,297.14
12/27/2013,297.27
12/30/2013,296.8
12/31/2013,297.04
1/2/2014,298.63
1/3/2014,298.66
1/6/2014,299.82
1/7/2014,300.75
1/8/2014,300.35
1/9/2014,299.41
1/10/2014,299.24
1/13/2014,298.84
1/14/2014,299.8
1/15/2014,300.36
1/16/2014,300.55
1/17/2014,300.72
1/20/2014,301.71
1/21/2014,302.8
1/22/2014,302.18
1/23/2014,303.62
1/24/2014,305.65
1/27/2014,304.93
1/28/2014,304.83
1/29/2014,307.37
1/30/2014,310.97
1/31/2014,313.26
2/3/2014,311.76
2/4/2014,309.32
2/5/2014,307.59
2/6/2014,307.48
2/7/2014,308.81
2/10/2014,310.88
2/11/2014,310.1
2/12/2014,308.52
2/13/2014,311.67
2/14/2014,309.05
2/17/2014,308.75
2/18/2014,310.18
2/19/2014,313.26
2/20/2014,313.58
2/21/2014,311.89
2/24/2014,310.24
2/25/2014,309.12
2/26/2014,310.35
2/27/2014,310.9
2/28/2014,310.45
3/3/2014,312.65
3/4/2014,311.15
3/5/2014,309.48
3/6/2014,309.81
3/7/2014,310
3/10/2014,312.34
3/11/2014,312.75
3/12/2014,313.35
3/13/2014,311.7
3/14/2014,314.55
3/17/2014,312.3
3/18/2014,311.52
3/19/2014,310.08
3/20/2014,312.36
3/21/2014,312.59
3/24/2014,312.89
3/25/2014,311.81
3/26/2014,312.27
3/27/2014,311.69
3/28/2014,308.89
3/31/2014,307.18
4/1/2014,307.79
4/2/2014,307.29
4/3/2014,307.21
4/4/2014,306.68
4/7/2014,306.5
4/8/2014,305.26
4/9/2014,305.2
4/10/2014,305.09
4/11/2014,306.96
4/14/2014,307.47
4/15/2014,307.23
4/16/2014,308.38
4/17/2014,307.73
4/22/2014,307.05
4/23/2014,307.78
4/24/2014,307.73
4/25/2014,309.6
4/28/2014,309.62
4/29/2014,309.18
4/30/2014,307.63
5/2/2014,307.07
5/5/2014,308.09
5/6/2014,307.03
5/7/2014,305.9
5/8/2014,304.17
5/9/2014,303.98
5/12/2014,303.71
5/13/2014,303.33
5/14/2014,304.3
5/15/2014,303.62
5/16/2014,305.93
5/19/2014,305.38
5/20/2014,305.46
5/21/2014,304.48
5/22/2014,304.1
5/23/2014,303.49
5/26/2014,302.77
5/27/2014,303.58
5/28/2014,304
5/29/2014,302.89
5/30/2014,302.81
6/2/2014,302.81
6/3/2014,304.93
6/4/2014,305.4
6/5/2014,303.8
6/6/2014,303.5
6/9/2014,303.34
6/10/2014,304.13
6/11/2014,305.62
6/12/2014,305.84
6/13/2014,306.6
6/16/2014,307.51
6/17/2014,307.34
6/18/2014,307.36
6/19/2014,305.31
6/20/2014,305.71
6/23/2014,305.25
6/24/2014,305.73
6/25/2014,307.23
6/26/2014,307.9
6/27/2014,308.59
6/30/2014,309.3
7/1/2014,310.43
7/2/2014,311.1
7/3/2014,311.39
7/4/2014,310.28
7/7/2014,310.58
7/8/2014,308.86
7/9/2014,309.13
7/10/2014,310.4
7/11/2014,310.15
7/14/2014,309.68
7/15/2014,309.2
7/16/2014,309.13
7/17/2014,310.48
7/18/2014,310.05
7/21/2014,309.56
7/22/2014,309.63
7/23/2014,307.15
7/24/2014,307.76
7/25/2014,308.06
7/28/2014,308.2
7/29/2014,310.26
7/30/2014,311.14
7/31/2014,312.96
8/1/2014,314.49
8/4/2014,313.4
8/5/2014,314.86
8/6/2014,316.06
8/7/2014,315.8
8/8/2014,313.72
8/11/2014,313.68
8/12/2014,314.44
8/13/2014,314.08
8/14/2014,312.73
8/15/2014,312.89
8/18/2014,313.88
8/19/2014,313.48
8/20/2014,313.25
8/21/2014,314.18
8/22/2014,313.5
8/25/2014,312.96
8/26/2014,313.16
8/27/2014,312.55
8/28/2014,313.91
8/29/2014,315.02
9/1/2014,314.25
9/2/2014,315.49
9/3/2014,314.02
9/4/2014,312.44
9/5/2014,314.16
9/8/2014,313.85
9/9/2014,316.84
9/10/2014,316.13
9/11/2014,314.8
9/12/2014,314.88
9/15/2014,314.53
9/16/2014,314.35
9/17/2014,313.7
9/18/2014,312.27
9/19/2014,310.76
9/22/2014,311.95
9/23/2014,310.9
9/24/2014,310.22
9/25/2014,310.54
9/26/2014,311.51
9/29/2014,312.18
9/30/2014,310.57
10/1/2014,310.3
10/2/2014,309.71
10/3/2014,309.17
10/6/2014,308.27
10/7/2014,307.92
10/8/2014,307.92
10/9/2014,306.27
10/10/2014,306.84
10/13/2014,305.51
10/14/2014,306.65
10/15/2014,306.46
10/16/2014,308.9
10/17/2014,307.4
10/20/2014,306.37
10/21/2014,306.38
10/22/2014,306.17
10/23/2014,307.4
10/24/2014,308.65
10/27/2014,308.78
10/28/2014,309.26
10/29/2014,309.05
10/30/2014,308.82
10/31/2014,308.26
11/3/2014,308.64
11/4/2014,309.08
11/5/2014,309.05
11/6/2014,310.02
11/7/2014,309.84
11/10/2014,307.04
11/11/2014,307.59
11/12/2014,307.36
11/13/2014,306.36
11/14/2014,306.12
11/17/2014,306.01
11/18/2014,305.54
11/19/2014,304.8
11/20/2014,304.62
11/21/2014,304.56
11/24/2014,304.76
11/25/2014,305.82
11/26/2014,306.6
11/27/2014,307.14
11/28/2014,306.81
12/1/2014,306.43
12/2/2014,306.93
12/3/2014,306.72
12/4/2014,306.9
12/5/2014,307.25
12/8/2014,306.55
12/9/2014,305.75
12/10/2014,307.21
12/11/2014,308.14
12/12/2014,308.93
12/15/2014,308.32
12/16/2014,312.23
12/17/2014,314.42
12/18/2014,314.73
12/19/2014,316.45
12/22/2014,315.33
12/23/2014,313.93
12/24/2014,316.08
12/29/2014,314.68
12/30/2014,314.98
12/31/2014,315.54
1/2/2015,318.75
1/5/2015,318.32
1/6/2015,319.32
1/7/2015,319.53
1/8/2015,317.05
1/9/2015,317.39
1/12/2015,318.03
1/13/2015,318.27
1/14/2015,319.97
1/15/2015,322.39
1/16/2015,320.37
1/19/2015,318.72
1/20/2015,317.53
1/21/2015,315.35
1/22/2015,315.56
1/23/2015,310.91
1/26/2015,310.67
1/27/2015,312.17
1/28/2015,312.18
1/29/2015,312
1/30/2015,312.03
2/2/2015,310.56
2/3/2015,309.18
2/4/2015,308.85
2/5/2015,307.24
2/6/2015,306.27
2/9/2015,307.3
2/10/2015,309.34
2/11/2015,310.15
2/12/2015,307.76
2/13/2015,306.03
2/16/2015,306.91
2/17/2015,307.81
2/18/2015,307.71
2/19/2015,305.34
2/20/2015,305.68
2/23/2015,305.09
2/24/2015,305
2/25/2015,305.55
2/26/2015,302.88
2/27/2015,303.03
3/2/2015,303.58
3/3/2015,305.07
3/4/2015,306.47
3/5/2015,305.36
3/6/2015,303.78
3/9/2015,305.21
3/10/2015,307.92
3/11/2015,304.17
3/12/2015,303.6
3/13/2015,306.5
3/16/2015,303.68
3/17/2015,304.12
3/18/2015,304
3/19/2015,303.22
3/20/2015,303.86
3/23/2015,304.75
3/24/2015,302.26
3/25/2015,298.8
3/26/2015,299.65
3/27/2015,300.54
3/30/2015,299.83
3/31/2015,299.43
4/1/2015,298.52
4/2/2015,299.58
4/7/2015,299.08
4/8/2015,296.62
4/9/2015,297.2
4/10/2015,297.38
4/13/2015,296.85
4/14/2015,296.64
4/15/2015,297.85
4/16/2015,300.95
4/17/2015,301.36
4/20/2015,297.9
4/21/2015,297.41
4/22/2015,300.27
4/23/2015,301.57
4/24/2015,301.48
4/27/2015,301.21
4/28/2015,301.35
4/29/2015,302.55
4/30/2015,302.81
