Date,CZK
1/4/1999,35.107
1/5/1999,34.917
1/6/1999,34.85
1/7/1999,34.886
1/8/1999,34.938
1/11/1999,35.173
1/12/1999,35.25
1/13/1999,36.113
1/14/1999,35.698
1/15/1999,35.86
1/18/1999,35.615
1/19/1999,35.745
1/20/1999,35.773
1/21/1999,36.06
1/22/1999,36.287
1/25/1999,36.211
1/26/1999,36.615
1/27/1999,36.464
1/28/1999,36.432
1/29/1999,36.827
2/1/1999,37.142
2/2/1999,37.395
2/3/1999,37.168
2/4/1999,37.158
2/5/1999,37.365
2/8/1999,37.71
2/9/1999,38.358
2/10/1999,38.135
2/11/1999,37.94
2/12/1999,37.86
2/15/1999,38.197
2/16/1999,38.23
2/17/1999,37.97
2/18/1999,37.993
2/19/1999,37.773
2/22/1999,37.873
2/23/1999,37.847
2/24/1999,37.992
2/25/1999,37.994
2/26/1999,37.908
3/1/1999,37.57
3/2/1999,37.583
3/3/1999,37.551
3/4/1999,37.518
3/5/1999,37.283
3/8/1999,37.603
3/9/1999,37.967
3/10/1999,37.94
3/11/1999,37.833
3/12/1999,37.99
3/15/1999,37.85
3/16/1999,38.05
3/17/1999,37.96
3/18/1999,37.99
3/19/1999,37.947
3/22/1999,38.142
3/23/1999,38.303
3/24/1999,38.583
3/25/1999,38.457
3/26/1999,38.355
3/29/1999,38.54
3/30/1999,38.44
3/31/1999,38.393
4/1/1999,38.482
4/2/1999,38.442
4/5/1999,38.487
4/6/1999,38.352
4/7/1999,38.199
4/8/1999,38.063
4/9/1999,38.036
4/12/1999,38.132
4/13/1999,38.155
4/14/1999,38
4/15/1999,37.71
4/16/1999,37.922
4/19/1999,37.745
4/20/1999,37.832
4/21/1999,37.797
4/22/1999,37.882
4/23/1999,37.839
4/26/1999,37.71
4/27/1999,37.683
4/28/1999,37.807
4/29/1999,37.692
4/30/1999,37.643
5/3/1999,37.507
5/4/1999,37.543
5/5/1999,37.547
5/6/1999,37.529
5/7/1999,37.69
5/10/1999,37.69
5/11/1999,37.558
5/12/1999,37.667
5/13/1999,37.745
5/14/1999,37.627
5/17/1999,37.629
5/18/1999,37.67
5/19/1999,37.71
5/20/1999,37.911
5/21/1999,37.827
5/24/1999,37.807
5/25/1999,37.916
5/26/1999,37.867
5/27/1999,37.8
5/28/1999,37.585
5/31/1999,37.553
6/1/1999,37.563
6/2/1999,37.477
6/3/1999,37.534
6/4/1999,37.486
6/7/1999,37.453
6/8/1999,37.338
6/9/1999,37.287
6/10/1999,37.293
6/11/1999,37.167
6/14/1999,37.055
6/15/1999,37.053
6/16/1999,37.053
6/17/1999,37.013
6/18/1999,36.897
6/21/1999,36.853
6/22/1999,36.833
6/23/1999,36.845
6/24/1999,36.96
6/25/1999,36.97
6/28/1999,36.836
6/29/1999,36.682
6/30/1999,36.418
7/1/1999,36.171
7/2/1999,36.184
7/5/1999,36.188
7/6/1999,36.147
7/7/1999,36.2
7/8/1999,36.238
7/9/1999,36.329
7/12/1999,36.273
7/13/1999,36.482
7/14/1999,36.683
7/15/1999,36.753
7/16/1999,36.723
7/19/1999,36.653
7/20/1999,36.52
7/21/1999,36.733
7/22/1999,36.753
7/23/1999,36.582
7/26/1999,36.643
7/27/1999,36.695
7/28/1999,36.805
7/29/1999,36.65
7/30/1999,36.664
8/2/1999,36.613
8/3/1999,36.653
8/4/1999,36.393
8/5/1999,36.36
8/6/1999,36.408
8/9/1999,36.432
8/10/1999,36.372
8/11/1999,36.428
8/12/1999,36.412
8/13/1999,36.345
8/16/1999,36.232
8/17/1999,36.148
8/18/1999,36.224
8/19/1999,36.33
8/20/1999,36.388
8/23/1999,36.441
8/24/1999,36.269
8/25/1999,36.36
8/26/1999,36.517
8/27/1999,36.593
8/30/1999,36.599
8/31/1999,36.573
9/1/1999,36.683
9/2/1999,36.732
9/3/1999,36.697
9/6/1999,36.539
9/7/1999,36.527
9/8/1999,36.717
9/9/1999,36.61
9/10/1999,36.513
9/13/1999,36.553
9/14/1999,36.3
9/15/1999,36.387
9/16/1999,36.33
9/17/1999,36.412
9/20/1999,36.356
9/21/1999,36.318
9/22/1999,36.299
9/23/1999,35.995
9/24/1999,35.95
9/27/1999,35.873
9/28/1999,35.713
9/29/1999,35.608
9/30/1999,35.775
10/1/1999,35.57
10/4/1999,35.723
10/5/1999,36.657
10/6/1999,36.333
10/7/1999,36.387
10/8/1999,36.65
10/11/1999,36.653
10/12/1999,36.657
10/13/1999,37.01
10/14/1999,36.973
10/15/1999,37.027
10/18/1999,36.96
10/19/1999,36.893
10/20/1999,36.78
10/21/1999,36.753
10/22/1999,36.763
10/25/1999,36.62
10/26/1999,36.753
10/27/1999,36.607
10/28/1999,36.636
10/29/1999,36.612
11/1/1999,36.679
11/2/1999,36.668
11/3/1999,36.73
11/4/1999,36.738
11/5/1999,36.606
11/8/1999,36.55
11/9/1999,36.432
11/10/1999,36.443
11/11/1999,36.423
11/12/1999,36.35
11/15/1999,36.32
11/16/1999,36.34
11/17/1999,36.39
11/18/1999,36.278
11/19/1999,36.333
11/22/1999,36.21
11/23/1999,36.215
11/24/1999,36.12
11/25/1999,36.137
11/26/1999,36.109
11/29/1999,36.04
11/30/1999,36.077
12/1/1999,36.108
12/2/1999,36.07
12/3/1999,36.053
12/6/1999,36.112
12/7/1999,36.17
12/8/1999,36.115
12/9/1999,35.98
12/10/1999,35.893
12/13/1999,35.901
12/14/1999,35.877
12/15/1999,35.843
12/16/1999,35.83
12/17/1999,35.961
12/20/1999,36.025
12/21/1999,36.112
12/22/1999,36.197
12/23/1999,36.18
12/24/1999,36.145
12/27/1999,36.13
12/28/1999,36.137
12/29/1999,36.107
12/30/1999,36.103
1/3/2000,36.063
1/4/2000,36.27
1/5/2000,36.337
1/6/2000,36.243
1/7/2000,36.027
1/10/2000,35.988
1/11/2000,35.969
1/12/2000,35.988
1/13/2000,36.149
1/14/2000,36.058
1/17/2000,35.984
1/18/2000,35.978
1/19/2000,36.112
1/20/2000,36.088
1/21/2000,36.033
1/24/2000,35.875
1/25/2000,35.86
1/26/2000,35.785
1/27/2000,35.762
1/28/2000,35.75
1/31/2000,35.79
2/1/2000,35.85
2/2/2000,35.837
2/3/2000,35.778
2/4/2000,35.747
2/7/2000,35.707
2/8/2000,35.687
2/9/2000,35.632
2/10/2000,35.688
2/11/2000,35.63
2/14/2000,35.645
2/15/2000,35.642
2/16/2000,35.694
2/17/2000,35.739
2/18/2000,35.776
2/21/2000,35.707
2/22/2000,35.709
2/23/2000,35.66
2/24/2000,35.648
2/25/2000,35.525
2/28/2000,35.496
2/29/2000,35.585
3/1/2000,35.63
3/2/2000,35.703
3/3/2000,35.62
3/6/2000,35.537
3/7/2000,35.558
3/8/2000,35.51
3/9/2000,35.57
3/10/2000,35.536
3/13/2000,35.55
3/14/2000,35.547
3/15/2000,35.58
3/16/2000,35.559
3/17/2000,35.563
3/20/2000,35.558
3/21/2000,35.583
3/22/2000,35.562
3/23/2000,35.559
3/24/2000,35.678
3/27/2000,35.678
3/28/2000,35.677
3/29/2000,35.569
3/30/2000,35.862
3/31/2000,36.223
4/3/2000,36.2
4/4/2000,36.183
4/5/2000,36.283
4/6/2000,36.29
4/7/2000,36.246
4/10/2000,36.218
4/11/2000,36.39
4/12/2000,36.455
4/13/2000,36.472
4/14/2000,36.442
4/17/2000,36.505
4/18/2000,36.421
4/19/2000,36.348
4/20/2000,36.308
4/25/2000,36.25
4/26/2000,36.24
4/27/2000,36.245
4/28/2000,36.324
5/2/2000,36.307
5/3/2000,36.315
5/4/2000,36.483
5/5/2000,36.603
5/8/2000,36.612
5/9/2000,36.847
5/10/2000,37.202
5/11/2000,37.062
5/12/2000,36.898
5/15/2000,36.862
5/16/2000,36.79
5/17/2000,36.667
5/18/2000,36.73
5/19/2000,36.489
5/22/2000,36.388
5/23/2000,36.356
5/24/2000,36.322
5/25/2000,36.243
5/26/2000,36.21
5/29/2000,36.32
5/30/2000,36.23
5/31/2000,36.135
6/1/2000,36.093
6/2/2000,36.023
6/5/2000,35.998
6/6/2000,36.002
6/7/2000,36.122
6/8/2000,36.26
6/9/2000,36.048
6/12/2000,36.003
6/13/2000,36.085
6/14/2000,36.045
6/15/2000,36.122
6/16/2000,36.045
6/19/2000,36.01
6/20/2000,36.008
6/21/2000,35.963
6/22/2000,35.903
6/23/2000,35.96
6/26/2000,35.84
6/27/2000,35.757
6/28/2000,35.7
6/29/2000,35.828
6/30/2000,35.622
7/3/2000,35.65
7/4/2000,35.704
7/5/2000,35.73
7/6/2000,35.688
7/7/2000,35.64
7/10/2000,35.607
7/11/2000,35.533
7/12/2000,35.468
7/13/2000,35.617
7/14/2000,35.455
7/17/2000,35.525
7/18/2000,35.667
7/19/2000,35.632
7/20/2000,35.78
7/21/2000,35.595
7/24/2000,35.57
7/25/2000,35.66
7/26/2000,35.663
7/27/2000,35.59
7/28/2000,35.563
7/31/2000,35.424
8/1/2000,35.421
8/2/2000,35.39
8/3/2000,35.342
8/4/2000,35.327
8/7/2000,35.328
8/8/2000,35.328
8/9/2000,35.297
8/10/2000,35.293
8/11/2000,35.298
8/14/2000,35.27
8/15/2000,35.36
8/16/2000,35.383
8/17/2000,35.43
8/18/2000,35.41
8/21/2000,35.463
8/22/2000,35.418
8/23/2000,35.333
8/24/2000,35.365
8/25/2000,35.352
8/28/2000,35.323
8/29/2000,35.34
8/30/2000,35.357
8/31/2000,35.37
9/1/2000,35.31
9/4/2000,35.368
9/5/2000,35.318
9/6/2000,35.312
9/7/2000,35.278
9/8/2000,35.328
9/11/2000,35.27
9/12/2000,35.362
9/13/2000,35.566
9/14/2000,35.435
9/15/2000,35.535
9/18/2000,35.668
9/19/2000,35.498
9/20/2000,35.437
9/21/2000,35.487
9/22/2000,35.632
9/25/2000,35.511
9/26/2000,35.449
9/27/2000,35.445
9/28/2000,35.484
9/29/2000,35.55
10/2/2000,35.603
10/3/2000,35.765
10/4/2000,35.663
10/5/2000,35.668
10/6/2000,35.635
10/9/2000,35.612
10/10/2000,35.54
10/11/2000,35.425
10/12/2000,35.408
10/13/2000,35.41
10/16/2000,35.356
10/17/2000,35.357
10/18/2000,35.37
10/19/2000,34.653
10/20/2000,34.815
10/23/2000,34.798
10/24/2000,34.942
10/25/2000,34.792
10/26/2000,34.82
10/27/2000,34.83
10/30/2000,34.858
10/31/2000,34.869
11/1/2000,34.793
11/2/2000,34.657
11/3/2000,34.68
11/6/2000,34.709
11/7/2000,34.683
11/8/2000,34.653
11/9/2000,34.656
11/10/2000,34.717
11/13/2000,34.713
11/14/2000,34.666
11/15/2000,34.672
11/16/2000,34.673
11/17/2000,34.707
11/20/2000,34.687
11/21/2000,34.658
11/22/2000,34.513
11/23/2000,34.33
11/24/2000,34.283
11/27/2000,34.269
11/28/2000,34.468
11/29/2000,34.582
11/30/2000,34.628
12/1/2000,34.643
12/4/2000,34.933
12/5/2000,34.91
12/6/2000,34.863
12/7/2000,34.97
12/8/2000,34.903
12/11/2000,34.84
12/12/2000,34.747
12/13/2000,34.72
12/14/2000,34.818
12/15/2000,34.658
12/18/2000,34.62
12/19/2000,34.707
12/20/2000,34.717
12/21/2000,34.822
12/22/2000,34.901
12/27/2000,34.969
12/28/2000,35.06
12/29/2000,35.047
1/2/2001,35.112
1/3/2001,35.375
1/4/2001,35.16
1/5/2001,35.237
1/8/2001,35.173
1/9/2001,35.09
1/10/2001,35.118
1/11/2001,35.35
1/12/2001,35.36
1/15/2001,35.255
1/16/2001,35.427
1/17/2001,35.53
1/18/2001,35.317
1/19/2001,35.173
1/22/2001,35.172
1/23/2001,35.168
1/24/2001,34.967
1/25/2001,34.928
1/26/2001,34.798
1/29/2001,34.76
1/30/2001,34.659
1/31/2001,34.69
2/1/2001,34.882
2/2/2001,34.862
2/5/2001,34.838
2/6/2001,34.665
2/7/2001,34.672
2/8/2001,34.65
2/9/2001,34.57
2/12/2001,34.623
2/13/2001,34.577
2/14/2001,34.483
2/15/2001,34.487
2/16/2001,34.45
2/19/2001,34.647
2/20/2001,34.55
2/21/2001,34.733
2/22/2001,34.708
2/23/2001,34.578
2/26/2001,34.58
2/27/2001,34.608
2/28/2001,34.642
3/1/2001,34.711
3/2/2001,34.849
3/5/2001,34.915
3/6/2001,34.787
3/7/2001,34.888
3/8/2001,34.72
3/9/2001,34.613
3/12/2001,34.63
3/13/2001,34.64
3/14/2001,34.608
3/15/2001,34.563
3/16/2001,34.516
3/19/2001,34.563
3/20/2001,34.613
3/21/2001,34.55
3/22/2001,34.428
3/23/2001,34.387
3/26/2001,34.3
3/27/2001,34.283
3/28/2001,34.39
3/29/2001,34.47
3/30/2001,34.552
4/2/2001,34.47
4/3/2001,34.601
4/4/2001,34.663
4/5/2001,34.688
4/6/2001,34.615
4/9/2001,34.573
4/10/2001,34.782
4/11/2001,34.72
4/12/2001,34.45
4/17/2001,34.402
4/18/2001,34.392
4/19/2001,34.413
4/20/2001,34.503
4/23/2001,34.388
4/24/2001,34.457
4/25/2001,34.634
4/26/2001,34.622
4/27/2001,34.645
4/30/2001,34.526
5/2/2001,34.668
5/3/2001,34.635
5/4/2001,34.63
5/7/2001,34.54
5/8/2001,34.485
5/9/2001,34.423
5/10/2001,34.417
5/11/2001,34.39
5/14/2001,34.378
5/15/2001,34.417
5/16/2001,34.35
5/17/2001,34.323
5/18/2001,34.354
5/21/2001,34.327
5/22/2001,34.259
5/23/2001,34.233
5/24/2001,34.271
5/25/2001,34.288
5/28/2001,34.318
5/29/2001,34.219
5/30/2001,34.136
5/31/2001,34.195
6/1/2001,34.053
6/4/2001,34.018
6/5/2001,33.955
6/6/2001,34.127
6/7/2001,34.075
6/8/2001,34.081
6/11/2001,34.048
6/12/2001,33.905
6/13/2001,33.99
6/14/2001,33.873
6/15/2001,34
6/18/2001,33.963
6/19/2001,33.903
6/20/2001,33.927
6/21/2001,34.032
6/22/2001,33.94
6/25/2001,33.885
6/26/2001,33.83
6/27/2001,33.86
6/28/2001,33.78
6/29/2001,33.78
7/2/2001,33.8
7/3/2001,33.767
7/4/2001,33.762
7/5/2001,33.755
7/6/2001,33.961
7/9/2001,34.068
7/10/2001,33.902
7/11/2001,33.973
7/12/2001,33.883
7/13/2001,33.785
7/16/2001,33.825
7/17/2001,33.795
7/18/2001,33.895
7/19/2001,33.908
7/20/2001,33.878
7/23/2001,33.798
7/24/2001,33.874
7/25/2001,33.863
7/26/2001,33.882
7/27/2001,33.874
7/30/2001,33.87
7/31/2001,33.98
8/1/2001,34.003
8/2/2001,34.002
8/3/2001,33.93
8/6/2001,33.919
8/7/2001,33.913
8/8/2001,33.805
8/9/2001,33.85
8/10/2001,33.88
8/13/2001,33.897
8/14/2001,33.88
8/15/2001,33.9
8/16/2001,33.972
8/17/2001,34.022
8/20/2001,34.083
8/21/2001,34.078
8/22/2001,34.342
8/23/2001,34.303
8/24/2001,34.217
8/27/2001,34.182
8/28/2001,34.188
8/29/2001,34.21
8/30/2001,34.242
8/31/2001,34.322
9/3/2001,34.217
9/4/2001,34.146
9/5/2001,34.155
9/6/2001,34.112
9/7/2001,34.155
9/10/2001,34.153
9/11/2001,34.1
9/12/2001,34.191
9/13/2001,34.123
9/14/2001,34.157
9/17/2001,34.27
9/18/2001,34.33
9/19/2001,34.273
9/20/2001,34.245
9/21/2001,34.277
9/24/2001,34.235
9/25/2001,34.16
9/26/2001,34.005
9/27/2001,33.917
9/28/2001,33.912
10/1/2001,33.81
10/2/2001,33.609
10/3/2001,33.632
10/4/2001,33.678
10/5/2001,33.678
10/8/2001,33.75
10/9/2001,33.643
10/10/2001,33.605
10/11/2001,33.557
10/12/2001,33.527
10/15/2001,33.46
10/16/2001,33.45
10/17/2001,33.47
10/18/2001,33.507
10/19/2001,33.493
10/22/2001,33.368
10/23/2001,33.317
10/24/2001,33.3
10/25/2001,33.332
10/26/2001,33.665
10/29/2001,33.547
10/30/2001,33.618
10/31/2001,33.62
11/1/2001,33.628
11/2/2001,33.53
11/5/2001,33.454
11/6/2001,33.457
11/7/2001,33.448
11/8/2001,33.345
11/9/2001,33.382
11/12/2001,33.3
11/13/2001,33.26
11/14/2001,33.243
11/15/2001,33.275
11/16/2001,33.258
11/19/2001,33.172
11/20/2001,33.172
11/21/2001,33.217
11/22/2001,33.238
11/23/2001,33.133
11/26/2001,33.127
11/27/2001,33.147
11/28/2001,33.237
11/29/2001,33.272
11/30/2001,33.097
12/3/2001,33.125
12/4/2001,33.038
12/5/2001,33.025
12/6/2001,32.967
12/7/2001,33
12/10/2001,32.953
12/11/2001,32.86
12/12/2001,32.705
12/13/2001,32.57
12/14/2001,32.63
12/17/2001,32.145
12/18/2001,31.824
12/19/2001,31.963
12/20/2001,32.265
12/21/2001,32.325
12/24/2001,32.045
12/27/2001,32.168
12/28/2001,31.962
1/2/2002,31.707
1/3/2002,31.853
1/4/2002,31.932
1/7/2002,32.02
1/8/2002,32.257
1/9/2002,32.283
1/10/2002,32.138
1/11/2002,32.261
1/14/2002,32.28
1/15/2002,32.32
1/16/2002,32.203
1/17/2002,32.362
1/18/2002,31.84
1/21/2002,32.303
1/22/2002,32.27
1/23/2002,32.093
1/24/2002,32.032
1/25/2002,31.823
1/28/2002,31.803
1/29/2002,31.84
1/30/2002,31.936
1/31/2002,31.902
2/1/2002,31.91
2/4/2002,31.857
2/5/2002,31.878
2/6/2002,31.865
2/7/2002,31.88
2/8/2002,31.79
2/11/2002,31.743
2/12/2002,31.77
2/13/2002,31.715
2/14/2002,31.67
2/15/2002,31.65
2/18/2002,31.878
2/19/2002,31.838
2/20/2002,31.925
2/21/2002,31.852
2/22/2002,31.72
2/25/2002,31.73
2/26/2002,31.775
2/27/2002,31.718
2/28/2002,31.612
3/1/2002,31.585
3/4/2002,31.493
3/5/2002,31.575
3/6/2002,31.54
3/7/2002,31.723
3/8/2002,31.661
3/11/2002,31.622
3/12/2002,31.55
3/13/2002,31.578
3/14/2002,31.6
3/15/2002,31.55
3/18/2002,31.462
3/19/2002,31.393
3/20/2002,31.303
3/21/2002,31.23
3/22/2002,31.153
3/25/2002,31.103
3/26/2002,31.12
3/27/2002,31.133
3/28/2002,31.013
4/2/2002,30.633
4/3/2002,30.52
4/4/2002,30.338
4/5/2002,30.74
4/8/2002,30.738
4/9/2002,30.22
4/10/2002,30.382
4/11/2002,30.072
4/12/2002,30.084
4/15/2002,30.06
4/16/2002,30.103
4/17/2002,30.268
4/18/2002,30.297
4/19/2002,30.15
4/22/2002,30.179
4/23/2002,30.137
4/24/2002,30.27
4/25/2002,30.385
4/26/2002,30.327
4/29/2002,30.523
4/30/2002,30.64
5/2/2002,30.618
5/3/2002,30.643
5/6/2002,30.532
5/7/2002,30.407
5/8/2002,30.42
5/9/2002,30.487
5/10/2002,30.615
5/13/2002,30.628
5/14/2002,30.522
5/15/2002,30.327
5/16/2002,30.353
5/17/2002,30.458
5/20/2002,30.588
5/21/2002,30.73
5/22/2002,30.937
5/23/2002,30.631
5/24/2002,30.593
5/27/2002,30.627
5/28/2002,30.517
5/29/2002,30.62
5/30/2002,30.467
5/31/2002,30.418
6/3/2002,30.405
6/4/2002,30.365
6/5/2002,30.483
6/6/2002,30.55
6/7/2002,30.622
6/10/2002,30.603
6/11/2002,30.42
6/12/2002,30.38
6/13/2002,30.48
6/14/2002,30.397
6/17/2002,30.49
6/18/2002,30.482
6/19/2002,30.467
6/20/2002,30.52
6/21/2002,30.307
6/24/2002,30.27
6/25/2002,29.847
6/26/2002,29.91
6/27/2002,29.73
6/28/2002,29.267
7/1/2002,29.253
7/2/2002,29.318
7/3/2002,29.378
7/4/2002,29.407
7/5/2002,29.257
7/8/2002,29.333
7/9/2002,29.13
7/10/2002,28.959
7/11/2002,29.275
7/12/2002,29.337
7/15/2002,29.36
7/16/2002,29.505
7/17/2002,29.713
7/18/2002,29.727
7/19/2002,29.997
7/22/2002,30.31
7/23/2002,30.18
7/24/2002,30.265
7/25/2002,30.34
7/26/2002,30.672
7/29/2002,30.425
7/30/2002,30.243
7/31/2002,30.33
8/1/2002,30.277
8/2/2002,30.52
8/5/2002,30.493
8/6/2002,30.333
8/7/2002,30.707
8/8/2002,30.723
8/9/2002,30.973
8/12/2002,31.036
8/13/2002,31.293
8/14/2002,31.388
8/15/2002,31.307
8/16/2002,31.163
8/19/2002,30.96
8/20/2002,30.675
8/21/2002,30.818
8/22/2002,31.035
8/23/2002,30.87
8/26/2002,30.591
8/27/2002,30.692
8/28/2002,30.667
8/29/2002,30.551
8/30/2002,30.444
9/2/2002,30.255
9/3/2002,30.356
9/4/2002,30.393
9/5/2002,30.327
9/6/2002,30.187
9/9/2002,30.027
9/10/2002,29.903
9/11/2002,29.792
9/12/2002,29.853
9/13/2002,30.107
9/16/2002,30.347
9/17/2002,30.38
9/18/2002,30.21
9/19/2002,30.1
9/20/2002,29.967
9/23/2002,30.213
9/24/2002,30.292
9/25/2002,30.377
9/26/2002,30.322
9/27/2002,30.302
9/30/2002,30.285
10/1/2002,30.385
10/2/2002,30.363
10/3/2002,30.363
10/4/2002,30.333
10/7/2002,30.287
10/8/2002,30.338
10/9/2002,30.65
10/10/2002,30.617
10/11/2002,30.73
10/14/2002,30.743
10/15/2002,30.775
10/16/2002,30.96
10/17/2002,30.815
10/18/2002,30.583
10/21/2002,30.55
10/22/2002,30.577
10/23/2002,30.807
10/24/2002,30.872
10/25/2002,30.925
10/28/2002,30.918
10/29/2002,30.918
10/30/2002,30.903
10/31/2002,30.778
11/1/2002,30.847
11/4/2002,30.717
11/5/2002,30.948
11/6/2002,30.792
11/7/2002,30.918
11/8/2002,30.961
11/11/2002,30.7
11/12/2002,30.686
11/13/2002,30.722
11/14/2002,30.698
11/15/2002,30.572
11/18/2002,30.583
11/19/2002,30.546
11/20/2002,30.583
11/21/2002,30.674
11/22/2002,30.665
11/25/2002,30.683
11/26/2002,30.808
11/27/2002,30.948
11/28/2002,30.892
11/29/2002,30.857
12/2/2002,30.82
12/3/2002,30.93
12/4/2002,31.135
12/5/2002,30.893
12/6/2002,31.015
12/9/2002,31.08
12/10/2002,31.134
12/11/2002,31.05
12/12/2002,31.183
12/13/2002,31.233
12/16/2002,31.257
12/17/2002,31.357
12/18/2002,31.225
12/19/2002,31.285
12/20/2002,31.267
12/23/2002,31.36
12/24/2002,31.253
12/27/2002,31.34
12/30/2002,31.489
12/31/2002,31.577
1/2/2003,31.59
1/3/2003,31.32
1/6/2003,31.323
1/7/2003,31.31
1/8/2003,31.407
1/9/2003,31.548
1/10/2003,31.788
1/13/2003,31.855
1/14/2003,31.764
1/15/2003,31.87
1/16/2003,31.493
1/17/2003,31.425
1/20/2003,31.297
1/21/2003,31.18
1/22/2003,31.587
1/23/2003,31.458
1/24/2003,31.335
1/27/2003,31.388
1/28/2003,31.477
1/29/2003,31.357
1/30/2003,31.407
1/31/2003,31.572
2/3/2003,31.56
2/4/2003,31.613
2/5/2003,31.784
2/6/2003,31.642
2/7/2003,31.728
2/10/2003,31.775
2/11/2003,31.803
2/12/2003,31.793
2/13/2003,31.507
2/14/2003,31.387
2/17/2003,31.473
2/18/2003,31.523
2/19/2003,31.588
2/20/2003,31.612
2/21/2003,31.73
2/24/2003,31.688
2/25/2003,31.578
2/26/2003,31.584
2/27/2003,31.65
2/28/2003,31.802
3/3/2003,31.822
3/4/2003,31.898
3/5/2003,31.845
3/6/2003,31.832
3/7/2003,31.852
3/10/2003,31.773
3/11/2003,31.762
3/12/2003,31.653
3/13/2003,31.585
3/14/2003,31.628
3/17/2003,31.691
3/18/2003,31.565
3/19/2003,31.57
3/20/2003,31.695
3/21/2003,31.65
3/24/2003,31.707
3/25/2003,31.798
3/26/2003,31.812
3/27/2003,31.823
3/28/2003,31.863
3/31/2003,31.947
4/1/2003,31.967
4/2/2003,32.06
4/3/2003,31.855
4/4/2003,31.781
4/7/2003,31.581
4/8/2003,31.543
4/9/2003,31.355
4/10/2003,31.44
4/11/2003,31.492
4/14/2003,31.568
4/15/2003,31.525
4/16/2003,31.583
4/17/2003,31.581
4/22/2003,31.681
4/23/2003,31.67
4/24/2003,31.717
4/25/2003,31.555
4/28/2003,31.556
4/29/2003,31.422
4/30/2003,31.433
5/2/2003,31.267
5/5/2003,31.287
5/6/2003,31.303
5/7/2003,31.372
5/8/2003,31.378
5/9/2003,31.463
5/12/2003,31.463
5/13/2003,31.478
5/14/2003,31.515
5/15/2003,31.385
5/16/2003,31.293
5/19/2003,31.372
5/20/2003,31.47
5/21/2003,31.443
5/22/2003,31.38
5/23/2003,31.41
5/26/2003,31.395
5/27/2003,31.412
5/28/2003,31.34
5/29/2003,31.378
5/30/2003,31.333
6/2/2003,31.362
6/3/2003,31.31
6/4/2003,31.495
6/5/2003,31.4
6/6/2003,31.335
6/9/2003,31.348
6/10/2003,31.305
6/11/2003,31.3
6/12/2003,31.285
6/13/2003,31.245
6/16/2003,31.335
6/17/2003,31.435
6/18/2003,31.415
6/19/2003,31.45
6/20/2003,31.48
6/23/2003,31.495
6/24/2003,31.53
6/25/2003,31.48
6/26/2003,31.47
6/27/2003,31.6
6/30/2003,31.572
7/1/2003,31.564
7/2/2003,31.593
7/3/2003,31.685
7/4/2003,31.625
7/7/2003,31.634
7/8/2003,31.609
7/9/2003,31.595
7/10/2003,31.634
7/11/2003,31.666
7/14/2003,31.826
7/15/2003,31.845
7/16/2003,31.877
7/17/2003,31.948
7/18/2003,32.084
7/21/2003,32.3
7/22/2003,32.192
7/23/2003,32.174
7/24/2003,32.126
7/25/2003,32.092
7/28/2003,32
7/29/2003,31.971
7/30/2003,31.983
7/31/2003,32.22
8/1/2003,32.31
8/4/2003,32.272
8/5/2003,32.171
8/6/2003,32.156
8/7/2003,32.06
8/8/2003,32.03
8/11/2003,32.149
8/12/2003,32.205
8/13/2003,32.096
8/14/2003,32.17
8/15/2003,32.2
8/18/2003,32.23
8/19/2003,32.35
8/20/2003,32.44
8/21/2003,32.51
8/22/2003,32.33
8/25/2003,32.43
8/26/2003,32.35
8/27/2003,32.57
8/28/2003,32.55
8/29/2003,32.44
9/1/2003,32.458
9/2/2003,32.428
9/3/2003,32.39
9/4/2003,32.43
9/5/2003,32.617
9/8/2003,32.886
9/9/2003,32.785
9/10/2003,32.845
9/11/2003,32.725
9/12/2003,32.612
9/15/2003,32.709
9/16/2003,32.736
9/17/2003,32.743
9/18/2003,32.548
9/19/2003,32.173
9/22/2003,31.96
9/23/2003,31.86
9/24/2003,31.75
9/25/2003,31.87
9/26/2003,31.7
9/29/2003,31.735
9/30/2003,31.844
10/1/2003,31.891
10/2/2003,31.959
10/3/2003,31.967
10/6/2003,31.84
10/7/2003,31.92
10/8/2003,31.969
10/9/2003,32.117
10/10/2003,32.105
10/13/2003,32.073
10/14/2003,32.105
10/15/2003,32.022
10/16/2003,32.035
10/17/2003,31.835
10/20/2003,31.785
10/21/2003,31.805
10/22/2003,31.887
10/23/2003,31.914
10/24/2003,32.134
10/27/2003,32.101
10/28/2003,32.024
10/29/2003,32.155
10/30/2003,32.058
10/31/2003,32.035
11/3/2003,32.02
11/4/2003,32.055
11/5/2003,31.936
11/6/2003,31.967
11/7/2003,31.885
11/10/2003,32.033
11/11/2003,31.99
11/12/2003,32.002
11/13/2003,32.035
11/14/2003,32.071
11/17/2003,32.01
11/18/2003,32.085
11/19/2003,31.84
11/20/2003,31.854
11/21/2003,31.899
11/24/2003,31.897
11/25/2003,31.891
11/26/2003,31.89
11/27/2003,32.03
11/28/2003,32.095
12/1/2003,32.068
12/2/2003,32.456
12/3/2003,32.445
12/4/2003,32.293
12/5/2003,32.352
12/8/2003,32.213
12/9/2003,32.157
12/10/2003,32.094
12/11/2003,32.06
12/12/2003,32.085
12/15/2003,32.13
12/16/2003,32.263
12/17/2003,32.356
12/18/2003,32.34
12/19/2003,32.506
12/22/2003,32.46
12/23/2003,32.522
12/24/2003,32.64
12/29/2003,32.508
12/30/2003,32.56
12/31/2003,32.41
1/2/2004,32.398
1/5/2004,32.368
1/6/2004,32.38
1/7/2004,32.362
1/8/2004,32.363
1/9/2004,32.51
1/12/2004,32.572
1/13/2004,32.565
1/14/2004,32.59
1/15/2004,32.59
1/16/2004,32.709
1/19/2004,32.811
1/20/2004,32.91
1/21/2004,32.77
1/22/2004,32.85
1/23/2004,32.979
1/26/2004,32.956
1/27/2004,32.918
1/28/2004,33.072
1/29/2004,33.213
1/30/2004,33.323
2/2/2004,33.24
2/3/2004,33.32
2/4/2004,33.197
2/5/2004,33.323
2/6/2004,33.207
2/9/2004,33.23
2/10/2004,33.14
2/11/2004,32.923
2/12/2004,32.939
2/13/2004,32.597
2/16/2004,32.527
2/17/2004,32.703
2/18/2004,32.734
2/19/2004,32.82
2/20/2004,32.64
2/23/2004,32.605
2/24/2004,32.635
2/25/2004,32.505
2/26/2004,32.428
2/27/2004,32.435
3/1/2004,32.465
3/2/2004,32.66
3/3/2004,32.921
3/4/2004,33.035
3/5/2004,33.115
3/8/2004,33.085
3/9/2004,33.057
3/10/2004,33.199
3/11/2004,33.145
3/12/2004,33.074
3/15/2004,33.165
3/16/2004,33.198
3/17/2004,33.185
3/18/2004,33.153
3/19/2004,33.21
3/22/2004,33.171
3/23/2004,33.13
3/24/2004,32.725
3/25/2004,32.62
3/26/2004,32.729
3/29/2004,32.808
3/30/2004,32.983
3/31/2004,32.833
4/1/2004,32.885
4/2/2004,32.75
4/5/2004,32.687
4/6/2004,32.669
4/7/2004,32.779
4/8/2004,32.579
4/13/2004,32.163
4/14/2004,32.183
4/15/2004,32.16
4/16/2004,32.404
4/19/2004,32.555
4/20/2004,32.545
4/21/2004,32.557
4/22/2004,32.457
4/23/2004,32.315
4/26/2004,32.36
4/27/2004,32.458
4/28/2004,32.633
4/29/2004,32.705
4/30/2004,32.543
5/3/2004,32.55
5/4/2004,32.316
5/5/2004,32.188
5/6/2004,32.201
5/7/2004,32.208
5/10/2004,32.213
5/11/2004,32.178
5/12/2004,32.098
5/13/2004,31.899
5/14/2004,31.947
5/17/2004,31.881
5/18/2004,31.905
5/19/2004,31.896
5/20/2004,31.901
5/21/2004,31.827
5/24/2004,31.755
5/25/2004,31.649
5/26/2004,31.628
5/27/2004,31.863
5/28/2004,31.77
5/31/2004,31.625
6/1/2004,31.6
6/2/2004,31.462
6/3/2004,31.401
6/4/2004,31.319
6/7/2004,31.27
6/8/2004,31.243
6/9/2004,31.335
6/10/2004,31.33
6/11/2004,31.407
6/14/2004,31.447
6/15/2004,31.75
6/16/2004,31.84
6/17/2004,31.739
6/18/2004,31.843
6/21/2004,31.878
6/22/2004,31.935
6/23/2004,31.89
6/24/2004,31.613
6/25/2004,31.662
6/28/2004,31.82
6/29/2004,31.96
6/30/2004,31.755
7/1/2004,31.875
7/2/2004,31.84
7/5/2004,31.811
7/6/2004,31.766
7/7/2004,31.528
7/8/2004,31.457
7/9/2004,31.491
7/12/2004,31.498
7/13/2004,31.483
7/14/2004,31.501
7/15/2004,31.394
7/16/2004,31.355
7/19/2004,31.181
7/20/2004,31.305
7/21/2004,31.438
7/22/2004,31.414
7/23/2004,31.4
7/26/2004,31.557
7/27/2004,31.599
7/28/2004,31.653
7/29/2004,31.745
7/30/2004,31.693
8/2/2004,31.618
8/3/2004,31.747
8/4/2004,31.769
8/5/2004,31.73
8/6/2004,31.611
8/9/2004,31.502
8/10/2004,31.37
8/11/2004,31.463
8/12/2004,31.489
8/13/2004,31.484
8/16/2004,31.461
8/17/2004,31.483
8/18/2004,31.488
8/19/2004,31.655
8/20/2004,31.66
8/23/2004,31.719
8/24/2004,31.683
8/25/2004,31.705
8/26/2004,31.747
8/27/2004,31.84
8/30/2004,31.835
8/31/2004,31.878
9/1/2004,31.835
9/2/2004,31.739
9/3/2004,31.655
9/6/2004,31.69
9/7/2004,31.713
9/8/2004,31.746
9/9/2004,31.705
9/10/2004,31.768
9/13/2004,31.649
9/14/2004,31.525
9/15/2004,31.397
9/16/2004,31.423
9/17/2004,31.452
9/20/2004,31.363
9/21/2004,31.478
9/22/2004,31.488
9/23/2004,31.543
9/24/2004,31.57
9/27/2004,31.588
9/28/2004,31.609
9/29/2004,31.628
9/30/2004,31.66
10/1/2004,31.618
10/4/2004,31.528
10/5/2004,31.463
10/6/2004,31.425
10/7/2004,31.379
10/8/2004,31.36
10/11/2004,31.383
10/12/2004,31.387
10/13/2004,31.47
10/14/2004,31.445
10/15/2004,31.468
10/18/2004,31.398
10/19/2004,31.43
10/20/2004,31.488
10/21/2004,31.533
10/22/2004,31.581
10/25/2004,31.567
10/26/2004,31.648
10/27/2004,31.595
10/28/2004,31.617
10/29/2004,31.535
11/1/2004,31.467
11/2/2004,31.466
11/3/2004,31.461
11/4/2004,31.481
11/5/2004,31.455
11/8/2004,31.421
11/9/2004,31.42
11/10/2004,31.425
11/11/2004,31.483
11/12/2004,31.51
11/15/2004,31.46
11/16/2004,31.395
11/17/2004,31.328
11/18/2004,31.267
11/19/2004,31.133
11/22/2004,31.09
11/23/2004,31.018
11/24/2004,31.021
11/25/2004,30.992
11/26/2004,30.995
11/29/2004,31.02
11/30/2004,30.988
12/1/2004,30.984
12/2/2004,30.895
12/3/2004,30.788
12/6/2004,30.786
12/7/2004,30.727
12/8/2004,30.884
12/9/2004,30.784
12/10/2004,30.868
12/13/2004,30.61
12/14/2004,30.608
12/15/2004,30.608
12/16/2004,30.62
12/17/2004,30.445
12/20/2004,30.46
12/21/2004,30.493
12/22/2004,30.563
12/23/2004,30.6
12/24/2004,30.433
12/27/2004,30.555
12/28/2004,30.563
12/29/2004,30.495
12/30/2004,30.395
12/31/2004,30.464
1/3/2005,30.361
1/4/2005,30.366
1/5/2005,30.429
1/6/2005,30.438
1/7/2005,30.303
1/10/2005,30.245
1/11/2005,30.264
1/12/2005,30.485
1/13/2005,30.389
1/14/2005,30.365
1/17/2005,30.375
1/18/2005,30.378
1/19/2005,30.275
1/20/2005,30.373
1/21/2005,30.373
1/24/2005,30.278
1/25/2005,30.105
1/26/2005,30.02
1/27/2005,30.203
1/28/2005,30.223
1/31/2005,30.14
2/1/2005,30.028
2/2/2005,30.08
2/3/2005,30.065
2/4/2005,29.963
2/7/2005,29.95
2/8/2005,29.951
2/9/2005,29.93
2/10/2005,29.99
2/11/2005,30.065
2/14/2005,30.069
2/15/2005,30.081
2/16/2005,30.062
2/17/2005,29.985
2/18/2005,29.893
2/21/2005,29.922
2/22/2005,29.845
2/23/2005,29.935
2/24/2005,29.86
2/25/2005,29.723
2/28/2005,29.743
3/1/2005,29.63
3/2/2005,29.647
3/3/2005,29.585
3/4/2005,29.665
3/7/2005,29.55
3/8/2005,29.523
3/9/2005,29.331
3/10/2005,29.503
3/11/2005,29.475
3/14/2005,29.615
3/15/2005,29.625
3/16/2005,29.85
3/17/2005,29.978
3/18/2005,29.749
3/21/2005,30.144
3/22/2005,29.905
3/23/2005,30.078
3/24/2005,30.097
3/29/2005,30.205
3/30/2005,30.085
3/31/2005,29.955
4/1/2005,30.031
4/4/2005,30.02
4/5/2005,29.995
4/6/2005,29.956
4/7/2005,29.958
4/8/2005,29.945
4/11/2005,29.897
4/12/2005,29.893
4/13/2005,29.912
4/14/2005,29.963
4/15/2005,30.096
4/18/2005,30.19
4/19/2005,30.429
4/20/2005,30.205
4/21/2005,30.196
4/22/2005,30.278
4/25/2005,30.355
4/26/2005,30.247
4/27/2005,30.225
4/28/2005,30.52
4/29/2005,30.499
5/2/2005,30.385
5/3/2005,30.323
5/4/2005,30.148
5/5/2005,29.961
5/6/2005,29.899
5/9/2005,29.85
5/10/2005,30.035
5/11/2005,30.05
5/12/2005,29.93
5/13/2005,30
5/16/2005,30.155
5/17/2005,30.27
5/18/2005,30.268
5/19/2005,30.205
5/20/2005,30.24
5/23/2005,30.354
5/24/2005,30.351
5/25/2005,30.546
5/26/2005,30.495
5/27/2005,30.516
5/30/2005,30.477
5/31/2005,30.372
6/1/2005,30.405
6/2/2005,30.355
6/3/2005,30.174
6/6/2005,30.163
6/7/2005,30.093
6/8/2005,30.094
6/9/2005,30.07
6/10/2005,30.003
6/13/2005,29.998
6/14/2005,30.05
6/15/2005,29.948
6/16/2005,29.96
6/17/2005,29.883
6/20/2005,29.968
6/21/2005,29.913
6/22/2005,29.871
6/23/2005,29.792
6/24/2005,29.938
6/27/2005,29.974
6/28/2005,30.038
6/29/2005,30.03
6/30/2005,30.03
7/1/2005,29.99
7/4/2005,30.013
7/5/2005,30.074
7/6/2005,30.043
7/7/2005,30.278
7/8/2005,30.248
7/11/2005,30.166
7/12/2005,30.211
7/13/2005,30.286
7/14/2005,30.245
7/15/2005,30.241
7/18/2005,30.158
7/19/2005,30.203
7/20/2005,30.224
7/21/2005,30.17
7/22/2005,30.208
7/25/2005,30.191
7/26/2005,30.243
7/27/2005,30.242
7/28/2005,30.186
7/29/2005,30.15
8/1/2005,30.073
8/2/2005,30.005
8/3/2005,29.844
8/4/2005,29.89
8/5/2005,29.759
8/8/2005,29.533
8/9/2005,29.465
8/10/2005,29.362
8/11/2005,29.369
8/12/2005,29.468
8/15/2005,29.418
8/16/2005,29.354
8/17/2005,29.444
8/18/2005,29.41
8/19/2005,29.41
8/22/2005,29.453
8/23/2005,29.664
8/24/2005,29.66
8/25/2005,29.698
8/26/2005,29.634
8/29/2005,29.617
8/30/2005,29.566
8/31/2005,29.568
9/1/2005,29.34
9/2/2005,29.285
9/5/2005,29.058
9/6/2005,29.14
9/7/2005,29.251
9/8/2005,29.172
9/9/2005,29.17
9/12/2005,29.19
9/13/2005,29.31
9/14/2005,29.242
9/15/2005,29.283
9/16/2005,29.073
9/19/2005,29.175
9/20/2005,29.363
9/21/2005,29.393
9/22/2005,29.455
9/23/2005,29.502
9/26/2005,29.518
9/27/2005,29.381
9/28/2005,29.517
9/29/2005,29.61
9/30/2005,29.553
10/3/2005,29.597
10/4/2005,29.608
10/5/2005,29.581
10/6/2005,29.749
10/7/2005,29.638
10/10/2005,29.571
10/11/2005,29.54
10/12/2005,29.566
10/13/2005,29.72
10/14/2005,29.674
10/17/2005,29.695
10/18/2005,29.764
10/19/2005,29.742
10/20/2005,29.74
10/21/2005,29.783
10/24/2005,29.773
10/25/2005,29.672
10/26/2005,29.788
10/27/2005,29.683
10/28/2005,29.69
10/31/2005,29.595
11/1/2005,29.648
11/2/2005,29.551
11/3/2005,29.446
11/4/2005,29.357
11/7/2005,29.332
11/8/2005,29.244
11/9/2005,29.278
11/10/2005,29.37
11/11/2005,29.232
11/14/2005,29.254
11/15/2005,29.285
11/16/2005,29.283
11/17/2005,29.344
11/18/2005,29.347
11/21/2005,29.25
11/22/2005,29.27
11/23/2005,29.24
11/24/2005,29.159
11/25/2005,29.084
11/28/2005,28.963
11/29/2005,28.99
11/30/2005,28.933
12/1/2005,28.958
12/2/2005,28.924
12/5/2005,28.954
12/6/2005,28.941
12/7/2005,28.986
12/8/2005,29.098
12/9/2005,29.038
12/12/2005,29.09
12/13/2005,29.007
12/14/2005,28.986
12/15/2005,28.952
12/16/2005,29.025
12/19/2005,28.932
12/20/2005,28.945
12/21/2005,28.954
12/22/2005,28.857
12/23/2005,28.927
12/27/2005,28.915
12/28/2005,28.92
12/29/2005,29.01
12/30/2005,29
1/2/2006,29.03
1/3/2006,28.981
1/4/2006,28.998
1/5/2006,28.933
1/6/2006,28.93
1/9/2006,28.827
1/10/2006,28.8
1/11/2006,28.753
1/12/2006,28.798
1/13/2006,28.84
1/16/2006,28.796
1/17/2006,28.826
1/18/2006,28.862
1/19/2006,28.726
1/20/2006,28.605
1/23/2006,28.608
1/24/2006,28.58
1/25/2006,28.408
1/26/2006,28.395
1/27/2006,28.387
1/30/2006,28.393
1/31/2006,28.408
2/1/2006,28.384
2/2/2006,28.513
2/3/2006,28.524
2/6/2006,28.335
2/7/2006,28.43
2/8/2006,28.473
2/9/2006,28.359
2/10/2006,28.263
2/13/2006,28.418
2/14/2006,28.475
2/15/2006,28.395
2/16/2006,28.36
2/17/2006,28.365
2/20/2006,28.41
2/21/2006,28.455
2/22/2006,28.553
2/23/2006,28.405
2/24/2006,28.36
2/27/2006,28.34
2/28/2006,28.32
3/1/2006,28.265
3/2/2006,28.33
3/3/2006,28.523
3/6/2006,28.546
3/7/2006,28.767
3/8/2006,28.805
3/9/2006,28.7
3/10/2006,28.78
3/13/2006,28.84
3/14/2006,28.795
3/15/2006,28.745
3/16/2006,28.738
3/17/2006,28.543
3/20/2006,28.59
3/21/2006,28.578
3/22/2006,28.67
3/23/2006,28.683
3/24/2006,28.7
3/27/2006,28.67
3/28/2006,28.733
3/29/2006,28.728
3/30/2006,28.615
3/31/2006,28.595
4/3/2006,28.429
4/4/2006,28.513
4/5/2006,28.568
4/6/2006,28.55
4/7/2006,28.51
4/10/2006,28.623
4/11/2006,28.55
4/12/2006,28.572
4/13/2006,28.645
4/18/2006,28.565
4/19/2006,28.525
4/20/2006,28.46
4/21/2006,28.443
4/24/2006,28.385
4/25/2006,28.395
4/26/2006,28.417
4/27/2006,28.445
4/28/2006,28.42
5/2/2006,28.415
5/3/2006,28.283
5/4/2006,28.338
5/5/2006,28.292
5/8/2006,28.238
5/9/2006,28.29
5/10/2006,28.278
5/11/2006,28.233
5/12/2006,28.263
5/15/2006,28.42
5/16/2006,28.312
5/17/2006,28.194
5/18/2006,28.375
5/19/2006,28.288
5/22/2006,28.29
5/23/2006,28.223
5/24/2006,28.21
5/25/2006,28.228
5/26/2006,28.174
5/29/2006,28.203
5/30/2006,28.203
5/31/2006,28.208
6/1/2006,28.254
6/2/2006,28.238
6/5/2006,28.338
6/6/2006,28.283
6/7/2006,28.195
6/8/2006,28.245
6/9/2006,28.225
6/12/2006,28.303
6/13/2006,28.333
6/14/2006,28.355
6/15/2006,28.323
6/16/2006,28.391
6/19/2006,28.515
6/20/2006,28.48
6/21/2006,28.563
6/22/2006,28.525
6/23/2006,28.498
6/26/2006,28.528
6/27/2006,28.462
6/28/2006,28.433
6/29/2006,28.503
6/30/2006,28.493
7/3/2006,28.46
7/4/2006,28.443
7/5/2006,28.475
7/6/2006,28.499
7/7/2006,28.473
7/10/2006,28.448
7/11/2006,28.428
7/12/2006,28.49
7/13/2006,28.52
7/14/2006,28.495
7/17/2006,28.445
7/18/2006,28.445
7/19/2006,28.461
7/20/2006,28.348
7/21/2006,28.413
7/24/2006,28.435
7/25/2006,28.36
7/26/2006,28.373
7/27/2006,28.403
7/28/2006,28.465
7/31/2006,28.528
8/1/2006,28.48
8/2/2006,28.493
8/3/2006,28.435
8/4/2006,28.358
8/7/2006,28.273
8/8/2006,28.245
8/9/2006,28.093
8/10/2006,28.055
8/11/2006,28
8/14/2006,28.118
8/15/2006,28.093
8/16/2006,28.085
8/17/2006,28.024
8/18/2006,28.089
8/21/2006,28.137
8/22/2006,28.168
8/23/2006,28.106
8/24/2006,28.203
8/25/2006,28.175
8/28/2006,28.155
8/29/2006,28.209
8/30/2006,28.249
8/31/2006,28.214
9/1/2006,28.253
9/4/2006,28.19
9/5/2006,28.199
9/6/2006,28.238
9/7/2006,28.287
9/8/2006,28.305
9/11/2006,28.343
9/12/2006,28.423
9/13/2006,28.541
9/14/2006,28.468
9/15/2006,28.485
9/18/2006,28.423
9/19/2006,28.488
9/20/2006,28.437
9/21/2006,28.419
9/22/2006,28.483
9/25/2006,28.453
9/26/2006,28.444
9/27/2006,28.413
9/28/2006,28.428
9/29/2006,28.326
10/2/2006,28.288
10/3/2006,28.23
10/4/2006,28.287
10/5/2006,28.211
10/6/2006,28.2
10/9/2006,28.192
10/10/2006,28.195
10/11/2006,28.205
10/12/2006,28.288
10/13/2006,28.256
10/16/2006,28.291
10/17/2006,28.323
10/18/2006,28.333
10/19/2006,28.363
10/20/2006,28.335
10/23/2006,28.324
10/24/2006,28.395
10/25/2006,28.383
10/26/2006,28.299
10/27/2006,28.41
10/30/2006,28.35
10/31/2006,28.219
11/1/2006,28.066
11/2/2006,28.061
11/3/2006,28.079
11/6/2006,27.931
11/7/2006,27.985
11/8/2006,28.02
11/9/2006,28.038
11/10/2006,28.196
11/13/2006,28.11
11/14/2006,28.067
11/15/2006,28.106
11/16/2006,28.065
11/17/2006,27.988
11/20/2006,28.005
11/21/2006,27.949
11/22/2006,27.942
11/23/2006,27.95
11/24/2006,28.025
11/27/2006,28.04
11/28/2006,28.06
11/29/2006,27.988
11/30/2006,27.972
12/1/2006,27.95
12/4/2006,28.003
12/5/2006,28.019
12/6/2006,28.015
12/7/2006,27.968
12/8/2006,27.963
12/11/2006,27.898
12/12/2006,27.905
12/13/2006,27.88
12/14/2006,27.843
12/15/2006,27.755
12/18/2006,27.7
12/19/2006,27.745
12/20/2006,27.418
12/21/2006,27.525
12/22/2006,27.573
12/27/2006,27.59
12/28/2006,27.54
12/29/2006,27.485
1/2/2007,27.525
1/3/2007,27.455
1/4/2007,27.605
1/5/2007,27.635
1/8/2007,27.649
1/9/2007,27.6
1/10/2007,27.735
1/11/2007,27.774
1/12/2007,27.755
1/15/2007,27.765
1/16/2007,27.763
1/17/2007,27.868
1/18/2007,27.855
1/19/2007,27.768
1/22/2007,27.805
1/23/2007,27.914
1/24/2007,28.063
1/25/2007,28.148
1/26/2007,28.125
1/29/2007,28.215
1/30/2007,28.3
1/31/2007,28.163
2/1/2007,28.095
2/2/2007,28.202
2/5/2007,28.138
2/6/2007,28.125
2/7/2007,28.128
2/8/2007,28.212
2/9/2007,28.245
2/12/2007,28.31
2/13/2007,28.233
2/14/2007,28.268
2/15/2007,28.28
2/16/2007,28.249
2/19/2007,28.16
2/20/2007,28.125
2/21/2007,28.167
2/22/2007,28.237
2/23/2007,28.325
2/26/2007,28.404
2/27/2007,28.463
2/28/2007,28.295
3/1/2007,28.225
3/2/2007,28.158
3/5/2007,28.188
3/6/2007,28.176
3/7/2007,28.153
3/8/2007,28.145
3/9/2007,28.168
3/12/2007,28.238
3/13/2007,28.202
3/14/2007,28.148
3/15/2007,28.056
3/16/2007,27.868
3/19/2007,27.778
3/20/2007,27.808
3/21/2007,27.938
3/22/2007,27.986
3/23/2007,27.973
3/26/2007,27.935
3/27/2007,27.986
3/28/2007,28.075
3/29/2007,28.035
3/30/2007,28.01
4/2/2007,27.94
4/3/2007,28.011
4/4/2007,27.933
4/5/2007,27.943
4/10/2007,27.95
4/11/2007,28.003
4/12/2007,27.963
4/13/2007,27.965
4/16/2007,27.963
4/17/2007,27.964
4/18/2007,27.992
4/19/2007,28.02
4/20/2007,28.033
4/23/2007,28.026
4/24/2007,28.065
4/25/2007,28.106
4/26/2007,28.115
4/27/2007,28.166
4/30/2007,28.123
5/2/2007,28.127
5/3/2007,28.137
5/4/2007,28.118
5/7/2007,28.167
5/8/2007,28.232
5/9/2007,28.236
5/10/2007,28.257
5/11/2007,28.272
5/14/2007,28.288
5/15/2007,28.273
5/16/2007,28.235
5/17/2007,28.11
5/18/2007,28.2
5/21/2007,28.164
5/22/2007,28.186
5/23/2007,28.247
5/24/2007,28.252
5/25/2007,28.308
5/28/2007,28.325
5/29/2007,28.288
5/30/2007,28.34
5/31/2007,28.324
6/1/2007,28.285
6/4/2007,28.323
6/5/2007,28.399
6/6/2007,28.433
6/7/2007,28.412
6/8/2007,28.42
6/11/2007,28.442
6/12/2007,28.462
6/13/2007,28.511
6/14/2007,28.603
6/15/2007,28.586
6/18/2007,28.599
6/19/2007,28.597
6/20/2007,28.728
6/21/2007,28.605
6/22/2007,28.65
6/25/2007,28.718
6/26/2007,28.696
6/27/2007,28.648
6/28/2007,28.633
6/29/2007,28.718
7/2/2007,28.737
7/3/2007,28.777
7/4/2007,28.699
7/5/2007,28.65
7/6/2007,28.624
7/9/2007,28.675
7/10/2007,28.629
7/11/2007,28.475
7/12/2007,28.353
7/13/2007,28.318
7/16/2007,28.205
7/17/2007,28.271
7/18/2007,28.248
7/19/2007,28.281
7/20/2007,28.253
7/23/2007,28.192
7/24/2007,28.183
7/25/2007,28.121
7/26/2007,28.124
7/27/2007,28.027
7/30/2007,28.025
7/31/2007,28.037
8/1/2007,28
8/2/2007,28.017
8/3/2007,28.043
8/6/2007,28.067
8/7/2007,28.149
8/8/2007,28.183
8/9/2007,28.119
8/10/2007,28.044
8/13/2007,28.046
8/14/2007,27.978
8/15/2007,27.935
8/16/2007,27.51
8/17/2007,27.663
8/20/2007,27.699
8/21/2007,27.668
8/22/2007,27.749
8/23/2007,27.734
8/24/2007,27.693
8/27/2007,27.808
8/28/2007,27.716
8/29/2007,27.628
8/30/2007,27.594
8/31/2007,27.726
9/3/2007,27.67
9/4/2007,27.645
9/5/2007,27.64
9/6/2007,27.608
9/7/2007,27.631
9/10/2007,27.6
9/11/2007,27.63
9/12/2007,27.515
9/13/2007,27.483
9/14/2007,27.508
9/17/2007,27.501
9/18/2007,27.499
9/19/2007,27.673
9/20/2007,27.487
9/21/2007,27.523
9/24/2007,27.568
9/25/2007,27.554
9/26/2007,27.59
9/27/2007,27.606
9/28/2007,27.532
10/1/2007,27.538
10/2/2007,27.495
10/3/2007,27.592
10/4/2007,27.535
10/5/2007,27.53
10/8/2007,27.513
10/9/2007,27.483
10/10/2007,27.49
10/11/2007,27.473
10/12/2007,27.482
10/15/2007,27.523
10/16/2007,27.526
10/17/2007,27.44
10/18/2007,27.447
10/19/2007,27.239
10/22/2007,27.215
10/23/2007,27.182
10/24/2007,27.178
10/25/2007,27.114
10/26/2007,26.962
10/29/2007,26.922
10/30/2007,26.86
10/31/2007,26.973
11/1/2007,27.026
11/2/2007,26.941
11/5/2007,26.975
11/6/2007,26.95
11/7/2007,26.934
11/8/2007,26.894
11/9/2007,26.73
11/12/2007,26.645
11/13/2007,26.691
11/14/2007,26.695
11/15/2007,26.624
11/16/2007,26.655
11/19/2007,26.693
11/20/2007,26.69
11/21/2007,26.781
11/22/2007,26.765
11/23/2007,26.759
11/26/2007,26.765
11/27/2007,26.767
11/28/2007,26.494
11/29/2007,26.38
11/30/2007,26.261
12/3/2007,26.242
12/4/2007,26.29
12/5/2007,26.237
12/6/2007,26.121
12/7/2007,26.164
12/10/2007,25.998
12/11/2007,26.04
12/12/2007,26.04
12/13/2007,26.248
12/14/2007,26.415
12/17/2007,26.395
12/18/2007,26.353
12/19/2007,26.3
12/20/2007,26.372
12/21/2007,26.448
12/24/2007,26.545
12/27/2007,26.608
12/28/2007,26.58
12/31/2007,26.628
1/2/2008,26.364
1/3/2008,26.175
1/4/2008,26.129
1/7/2008,26.145
1/8/2008,26.125
1/9/2008,25.98
1/10/2008,25.856
1/11/2008,25.908
1/14/2008,25.865
1/15/2008,25.905
1/16/2008,26.051
1/17/2008,26.128
1/18/2008,26.118
1/21/2008,26.319
1/22/2008,26.2
1/23/2008,26.07
1/24/2008,25.974
1/25/2008,25.912
1/28/2008,25.89
1/29/2008,25.903
1/30/2008,26.006
1/31/2008,26.07
2/1/2008,25.858
2/4/2008,25.751
2/5/2008,25.671
2/6/2008,25.635
2/7/2008,25.621
2/8/2008,25.658
2/11/2008,25.65
2/12/2008,25.605
2/13/2008,25.48
2/14/2008,25.346
2/15/2008,25.224
2/18/2008,25.234
2/19/2008,25.319
2/20/2008,25.29
2/21/2008,25.088
2/22/2008,25.046
2/25/2008,25
2/26/2008,25.02
2/27/2008,25.048
2/28/2008,25.143
2/29/2008,25.228
3/3/2008,25.068
3/4/2008,24.916
3/5/2008,25.048
3/6/2008,25.125
3/7/2008,25.17
3/10/2008,25.041
3/11/2008,25.125
3/12/2008,25.066
3/13/2008,25.12
3/14/2008,25.034
3/17/2008,25.017
3/18/2008,25.25
3/19/2008,25.463
3/20/2008,25.491
3/25/2008,25.455
3/26/2008,25.595
3/27/2008,25.383
3/28/2008,25.25
3/31/2008,25.335
4/1/2008,25.184
4/2/2008,25.07
4/3/2008,24.938
4/4/2008,25.035
4/7/2008,25.019
4/8/2008,24.985
4/9/2008,25.098
4/10/2008,25.129
4/11/2008,25.025
4/14/2008,24.94
4/15/2008,24.819
4/16/2008,24.848
4/17/2008,24.975
4/18/2008,25.12
4/21/2008,25.091
4/22/2008,25.055
4/23/2008,25.075
4/24/2008,25.128
4/25/2008,25.254
4/28/2008,25.161
4/29/2008,25.25
4/30/2008,25.205
5/2/2008,25.265
5/5/2008,25.227
5/6/2008,25.175
5/7/2008,25.142
5/8/2008,25.171
5/9/2008,25.147
5/12/2008,24.95
5/13/2008,24.939
5/14/2008,25.029
5/15/2008,25.04
5/16/2008,24.977
5/19/2008,25.056
5/20/2008,25.062
5/21/2008,25.085
5/22/2008,25.147
5/23/2008,25.103
5/26/2008,25.083
5/27/2008,25.143
5/28/2008,25.209
5/29/2008,25.06
5/30/2008,25.088
6/2/2008,25.03
6/3/2008,24.84
6/4/2008,24.67
6/5/2008,24.57
6/6/2008,24.583
6/9/2008,24.653
6/10/2008,24.433
6/11/2008,24.4
6/12/2008,24.331
6/13/2008,24.195
6/16/2008,24.211
6/17/2008,24.194
6/18/2008,24
6/19/2008,24.11
6/20/2008,24.17
6/23/2008,24.125
6/24/2008,24.075
6/25/2008,24.07
6/26/2008,24.086
6/27/2008,24.002
6/30/2008,23.893
7/1/2008,23.825
7/2/2008,23.865
7/3/2008,23.816
7/4/2008,23.694
7/7/2008,23.55
7/8/2008,23.608
7/9/2008,23.49
7/10/2008,23.465
7/11/2008,23.515
7/14/2008,23.31
7/15/2008,23.375
7/16/2008,23.213
7/17/2008,23.142
7/18/2008,23.063
7/21/2008,22.968
7/22/2008,23.013
7/23/2008,23.753
7/24/2008,23.58
7/25/2008,23.595
7/28/2008,23.695
7/29/2008,23.724
7/30/2008,23.941
7/31/2008,23.947
8/1/2008,24.003
8/4/2008,23.994
8/5/2008,23.928
8/6/2008,23.98
8/7/2008,24.105
8/8/2008,24.211
8/11/2008,24.101
8/12/2008,23.954
8/13/2008,23.942
8/14/2008,24.351
8/15/2008,24.485
8/18/2008,24.523
8/19/2008,24.398
8/20/2008,24.408
8/21/2008,24.385
8/22/2008,24.373
8/25/2008,24.402
8/26/2008,24.52
8/27/2008,24.533
8/28/2008,24.703
8/29/2008,24.735
9/1/2008,24.815
9/2/2008,24.848
9/3/2008,24.798
9/4/2008,24.782
9/5/2008,24.822
9/8/2008,24.938
9/9/2008,24.768
9/10/2008,24.85
9/11/2008,24.63
9/12/2008,24.436
9/15/2008,24.313
9/16/2008,24.07
9/17/2008,24.005
9/18/2008,23.965
9/19/2008,24.242
9/22/2008,24.075
9/23/2008,24.143
9/24/2008,24.329
9/25/2008,24.414
9/26/2008,24.436
9/29/2008,24.605
9/30/2008,24.66
10/1/2008,24.513
10/2/2008,24.764
10/3/2008,24.795
10/6/2008,24.675
10/7/2008,24.48
10/8/2008,24.568
10/9/2008,24.675
10/10/2008,24.935
10/13/2008,24.653
10/14/2008,24.611
10/15/2008,24.758
10/16/2008,24.813
10/17/2008,25.232
10/20/2008,24.986
10/21/2008,25.308
10/22/2008,25.485
10/23/2008,25.827
10/24/2008,24.995
10/27/2008,24.668
10/28/2008,24.34
10/29/2008,23.88
10/30/2008,24.48
10/31/2008,24.22
11/3/2008,24.28
11/4/2008,24.163
11/5/2008,24.3
11/6/2008,24.905
11/7/2008,25.092
11/10/2008,25.273
11/11/2008,25.35
11/12/2008,25.415
11/13/2008,25.293
11/14/2008,25.369
11/17/2008,25.395
11/18/2008,25.655
11/19/2008,25.718
11/20/2008,25.635
11/21/2008,25.7
11/24/2008,25.383
11/25/2008,25.458
11/26/2008,25.08
11/27/2008,25.18
11/28/2008,25.209
12/1/2008,25.613
12/2/2008,25.688
12/3/2008,25.636
12/4/2008,25.72
12/5/2008,25.765
12/8/2008,25.712
12/9/2008,25.738
12/10/2008,25.9
12/11/2008,25.965
12/12/2008,25.99
12/15/2008,26.157
12/16/2008,26.371
12/17/2008,26.255
12/18/2008,26.562
12/19/2008,26.335
12/22/2008,26.44
12/23/2008,26.314
12/24/2008,26.394
12/29/2008,26.455
12/30/2008,26.63
12/31/2008,26.875
1/2/2009,26.825
1/5/2009,26.76
1/6/2009,26.41
1/7/2009,26.117
1/8/2009,26.198
1/9/2009,26.46
1/12/2009,26.57
1/13/2009,26.765
1/14/2009,26.917
1/15/2009,27.308
1/16/2009,27.17
1/19/2009,27.708
1/20/2009,27.895
1/21/2009,27.584
1/22/2009,27.7
1/23/2009,28.106
1/26/2009,27.712
1/27/2009,27.638
1/28/2009,27.351
1/29/2009,27.48
1/30/2009,27.882
2/2/2009,28.132
2/3/2009,28.398
2/4/2009,28.38
2/5/2009,28.248
2/6/2009,28.02
2/9/2009,27.799
2/10/2009,28.02
2/11/2009,28.575
2/12/2009,28.62
2/13/2009,28.56
2/16/2009,29.15
2/17/2009,29.49
2/18/2009,28.847
2/19/2009,28.587
2/20/2009,28.81
2/23/2009,28.451
2/24/2009,28.363
2/25/2009,28.35
2/26/2009,28.333
2/27/2009,28.09
3/2/2009,28.291
3/3/2009,27.961
3/4/2009,27.736
3/5/2009,27.744
3/6/2009,28.038
3/9/2009,27.64
3/10/2009,27.213
3/11/2009,26.963
3/12/2009,27.015
3/13/2009,26.601
3/16/2009,26.523
3/17/2009,26.513
3/18/2009,26.988
3/19/2009,26.779
3/20/2009,26.628
3/23/2009,26.82
3/24/2009,27.015
3/25/2009,27.29
3/26/2009,27.233
3/27/2009,27.225
3/30/2009,27.469
3/31/2009,27.388
4/1/2009,27.151
4/2/2009,26.888
4/3/2009,26.593
4/6/2009,26.558
4/7/2009,26.569
4/8/2009,26.593
4/9/2009,26.51
4/14/2009,26.571
4/15/2009,26.883
4/16/2009,26.92
4/17/2009,26.797
4/20/2009,27.018
4/21/2009,27.035
4/22/2009,27.073
4/23/2009,26.831
4/24/2009,26.736
4/27/2009,26.636
4/28/2009,26.723
4/29/2009,26.69
4/30/2009,26.701
5/4/2009,26.637
5/5/2009,26.478
5/6/2009,26.805
5/7/2009,26.463
5/8/2009,26.65
5/11/2009,26.767
5/12/2009,26.744
5/13/2009,26.785
5/14/2009,26.94
5/15/2009,27.028
5/18/2009,26.92
5/19/2009,26.669
5/20/2009,26.615
5/21/2009,26.727
5/22/2009,26.708
5/25/2009,26.683
5/26/2009,26.699
5/27/2009,26.725
5/28/2009,26.761
5/29/2009,26.825
6/1/2009,26.783
6/2/2009,26.83
6/3/2009,26.816
6/4/2009,26.931
6/5/2009,27.003
6/8/2009,27
6/9/2009,26.796
6/10/2009,26.748
6/11/2009,26.745
6/12/2009,26.655
6/15/2009,26.839
6/16/2009,26.773
6/17/2009,26.695
6/18/2009,26.645
6/19/2009,26.357
6/22/2009,26.019
6/23/2009,26.207
6/24/2009,26.16
6/25/2009,26.08
6/26/2009,25.998
6/29/2009,26.02
6/30/2009,25.882
7/1/2009,25.77
7/2/2009,25.755
7/3/2009,25.865
7/6/2009,25.954
7/7/2009,25.882
7/8/2009,26.047
7/9/2009,25.933
7/10/2009,26.03
7/13/2009,26.028
7/14/2009,26.014
7/15/2009,25.9
7/16/2009,25.861
7/17/2009,25.918
7/20/2009,25.838
7/21/2009,25.815
7/22/2009,25.825
7/23/2009,25.625
7/24/2009,25.472
7/27/2009,25.517
7/28/2009,25.501
7/29/2009,25.54
7/30/2009,25.581
7/31/2009,25.573
8/3/2009,25.695
8/4/2009,25.863
8/5/2009,25.945
8/6/2009,25.944
8/7/2009,25.91
8/10/2009,25.678
8/11/2009,25.77
8/12/2009,25.768
8/13/2009,25.738
8/14/2009,25.733
8/17/2009,25.785
8/18/2009,25.568
8/19/2009,25.711
8/20/2009,25.585
8/21/2009,25.482
8/24/2009,25.44
8/25/2009,25.356
8/26/2009,25.4
8/27/2009,25.406
8/28/2009,25.42
8/31/2009,25.376
9/1/2009,25.567
9/2/2009,25.686
9/3/2009,25.615
9/4/2009,25.561
9/7/2009,25.488
9/8/2009,25.479
9/9/2009,25.522
9/10/2009,25.499
9/11/2009,25.488
9/14/2009,25.455
9/15/2009,25.351
9/16/2009,25.245
9/17/2009,25.094
9/18/2009,25.089
9/21/2009,25.167
9/22/2009,25.131
9/23/2009,25.244
9/24/2009,25.159
9/25/2009,25.18
9/28/2009,25.252
9/29/2009,25.18
9/30/2009,25.164
10/1/2009,25.42
10/2/2009,25.454
10/5/2009,25.462
10/6/2009,25.539
10/7/2009,25.68
10/8/2009,25.763
10/9/2009,25.866
10/12/2009,25.821
10/13/2009,25.923
10/14/2009,25.87
10/15/2009,25.872
10/16/2009,25.771
10/19/2009,25.785
10/20/2009,25.718
10/21/2009,25.879
10/22/2009,25.917
10/23/2009,25.909
10/26/2009,25.895
10/27/2009,26.084
10/28/2009,26.365
10/29/2009,26.495
10/30/2009,26.458
11/2/2009,26.462
11/3/2009,26.279
11/4/2009,26.085
11/5/2009,25.87
11/6/2009,25.676
11/9/2009,25.578
11/10/2009,25.524
11/11/2009,25.379
11/12/2009,25.505
11/13/2009,25.535
11/16/2009,25.51
11/17/2009,25.495
11/18/2009,25.443
11/19/2009,25.605
11/20/2009,25.887
11/23/2009,25.844
11/24/2009,25.894
11/25/2009,25.972
11/26/2009,26.188
11/27/2009,26.186
11/30/2009,26.135
12/1/2009,25.95
12/2/2009,25.972
12/3/2009,25.81
12/4/2009,25.842
12/7/2009,25.718
12/8/2009,25.757
12/9/2009,25.749
12/10/2009,25.705
12/11/2009,25.727
12/14/2009,25.734
12/15/2009,26.105
12/16/2009,26.35
12/17/2009,26.105
12/18/2009,26.285
12/21/2009,26.361
12/22/2009,26.266
12/23/2009,26.403
12/24/2009,26.424
12/28/2009,26.418
12/29/2009,26.413
12/30/2009,26.4
12/31/2009,26.473
1/4/2010,26.285
1/5/2010,26.231
1/6/2010,26.338
1/7/2010,26.37
1/8/2010,26.311
1/11/2010,26.192
1/12/2010,26.258
1/13/2010,26.168
1/14/2010,26.045
1/15/2010,25.947
1/18/2010,25.889
1/19/2010,25.905
1/20/2010,25.89
1/21/2010,25.979
1/22/2010,26.183
1/25/2010,26.011
1/26/2010,26.097
1/27/2010,26.113
1/28/2010,26.232
1/29/2010,26.223
2/1/2010,26.065
2/2/2010,25.998
2/3/2010,26.024
2/4/2010,26.12
2/5/2010,26.185
2/8/2010,26.168
2/9/2010,26.099
2/10/2010,26.108
2/11/2010,26.008
2/12/2010,26.025
2/15/2010,26.002
2/16/2010,26.028
2/17/2010,25.929
2/18/2010,25.72
2/19/2010,25.765
2/22/2010,25.75
2/23/2010,25.805
2/24/2010,25.88
2/25/2010,25.935
2/26/2010,25.97
3/1/2010,25.933
3/2/2010,25.77
3/3/2010,25.765
3/4/2010,25.818
3/5/2010,25.771
3/8/2010,25.578
3/9/2010,25.666
3/10/2010,25.616
3/11/2010,25.555
3/12/2010,25.517
3/15/2010,25.49
3/16/2010,25.504
3/17/2010,25.402
3/18/2010,25.284
3/19/2010,25.365
3/22/2010,25.465
3/23/2010,25.442
3/24/2010,25.378
3/25/2010,25.363
3/26/2010,25.418
3/29/2010,25.453
3/30/2010,25.443
3/31/2010,25.44
4/1/2010,25.385
4/6/2010,25.295
4/7/2010,25.24
4/8/2010,25.19
4/9/2010,25.232
4/12/2010,25.165
4/13/2010,25.155
4/14/2010,25.048
4/15/2010,25.085
4/16/2010,25.178
4/19/2010,25.25
4/20/2010,25.309
4/21/2010,25.286
4/22/2010,25.365
4/23/2010,25.405
4/26/2010,25.43
4/27/2010,25.514
4/28/2010,25.57
4/29/2010,25.54
4/30/2010,25.527
5/3/2010,25.57
5/4/2010,25.71
5/5/2010,25.878
5/6/2010,25.968
5/7/2010,25.976
5/10/2010,25.603
5/11/2010,25.59
5/12/2010,25.39
5/13/2010,25.416
5/14/2010,25.465
5/17/2010,25.56
5/18/2010,25.458
5/19/2010,25.727
5/20/2010,25.913
5/21/2010,25.917
5/24/2010,25.664
5/25/2010,25.647
5/26/2010,25.55
5/27/2010,25.629
5/28/2010,25.78
5/31/2010,25.505
6/1/2010,25.628
6/2/2010,25.779
6/3/2010,25.75
6/4/2010,26.055
6/7/2010,25.898
6/8/2010,25.92
6/9/2010,25.892
6/10/2010,25.965
6/11/2010,25.695
6/14/2010,25.681
6/15/2010,25.663
6/16/2010,25.741
6/17/2010,25.731
6/18/2010,25.733
6/21/2010,25.76
6/22/2010,25.788
6/23/2010,25.725
6/24/2010,25.773
6/25/2010,25.795
6/28/2010,25.745
6/29/2010,25.753
6/30/2010,25.691
7/1/2010,25.77
7/2/2010,25.753
7/5/2010,25.586
7/6/2010,25.485
7/7/2010,25.548
7/8/2010,25.448
7/9/2010,25.36
7/12/2010,25.325
7/13/2010,25.344
7/14/2010,25.47
7/15/2010,25.464
7/16/2010,25.428
7/19/2010,25.429
7/20/2010,25.35
7/21/2010,25.346
7/22/2010,25.179
7/23/2010,25.18
7/26/2010,25.125
7/27/2010,25.09
7/28/2010,24.985
7/29/2010,24.763
7/30/2010,24.777
8/2/2010,24.68
8/3/2010,24.714
8/4/2010,24.735
8/5/2010,24.75
8/6/2010,24.755
8/9/2010,24.768
8/10/2010,24.775
8/11/2010,24.82
8/12/2010,24.89
8/13/2010,24.885
8/16/2010,24.853
8/17/2010,24.805
8/18/2010,24.816
8/19/2010,24.793
8/20/2010,24.803
8/23/2010,24.805
8/24/2010,24.888
8/25/2010,24.92
8/26/2010,24.858
8/27/2010,24.755
8/30/2010,24.808
8/31/2010,24.85
9/1/2010,24.735
9/2/2010,24.71
9/3/2010,24.698
9/6/2010,24.703
9/7/2010,24.726
9/8/2010,24.718
9/9/2010,24.683
9/10/2010,24.681
9/13/2010,24.672
9/14/2010,24.563
9/15/2010,24.615
9/16/2010,24.616
9/17/2010,24.68
9/20/2010,24.675
9/21/2010,24.655
9/22/2010,24.578
9/23/2010,24.624
9/24/2010,24.633
9/27/2010,24.57
9/28/2010,24.618
9/29/2010,24.57
9/30/2010,24.6
10/1/2010,24.42
10/4/2010,24.469
10/5/2010,24.498
10/6/2010,24.53
10/7/2010,24.518
10/8/2010,24.49
10/11/2010,24.542
10/12/2010,24.524
10/13/2010,24.47
10/14/2010,24.44
10/15/2010,24.515
10/18/2010,24.536
10/19/2010,24.52
10/20/2010,24.503
10/21/2010,24.54
10/22/2010,24.626
10/25/2010,24.51
10/26/2010,24.618
10/27/2010,24.663
10/28/2010,24.63
10/29/2010,24.598
11/1/2010,24.533
11/2/2010,24.5
11/3/2010,24.497
11/4/2010,24.408
11/5/2010,24.585
11/8/2010,24.575
11/9/2010,24.583
11/10/2010,24.618
11/11/2010,24.634
11/12/2010,24.63
11/15/2010,24.627
11/16/2010,24.607
11/17/2010,24.595
11/18/2010,24.648
11/19/2010,24.719
11/22/2010,24.685
11/23/2010,24.68
11/24/2010,24.688
11/25/2010,24.72
11/26/2010,24.725
11/29/2010,24.758
11/30/2010,24.915
12/1/2010,24.961
12/2/2010,25.01
12/3/2010,25.018
12/6/2010,25.043
12/7/2010,25.069
12/8/2010,25.09
12/9/2010,25.073
12/10/2010,25.173
12/13/2010,25.168
12/14/2010,25.162
12/15/2010,25.155
12/16/2010,25.155
12/17/2010,25.218
12/20/2010,25.265
12/21/2010,25.258
12/22/2010,25.28
12/23/2010,25.305
12/24/2010,25.328
12/27/2010,25.35
12/28/2010,25.355
12/29/2010,25.263
12/30/2010,25.24
12/31/2010,25.061
1/3/2011,25.088
1/4/2011,24.888
1/5/2011,24.875
1/6/2011,24.71
1/7/2011,24.565
1/10/2011,24.648
1/11/2011,24.553
1/12/2011,24.39
1/13/2011,24.37
1/14/2011,24.384
1/17/2011,24.335
1/18/2011,24.285
1/19/2011,24.258
1/20/2011,24.42
1/21/2011,24.285
1/24/2011,24.219
1/25/2011,24.222
1/26/2011,24.219
1/27/2011,24.24
1/28/2011,24.248
1/31/2011,24.223
2/1/2011,24.111
2/2/2011,24.124
2/3/2011,24.088
2/4/2011,24.018
2/7/2011,24.07
2/8/2011,24.018
2/9/2011,24.212
2/10/2011,24.246
2/11/2011,24.25
2/14/2011,24.235
2/15/2011,24.293
2/16/2011,24.325
2/17/2011,24.325
2/18/2011,24.375
2/21/2011,24.458
2/22/2011,24.495
2/23/2011,24.527
2/24/2011,24.529
2/25/2011,24.479
2/28/2011,24.353
3/1/2011,24.355
3/2/2011,24.289
3/3/2011,24.208
3/4/2011,24.312
3/7/2011,24.226
3/8/2011,24.233
3/9/2011,24.29
3/10/2011,24.362
3/11/2011,24.335
3/14/2011,24.331
3/15/2011,24.394
3/16/2011,24.368
3/17/2011,24.396
3/18/2011,24.388
3/21/2011,24.473
3/22/2011,24.45
3/23/2011,24.417
3/24/2011,24.558
3/25/2011,24.529
3/28/2011,24.543
3/29/2011,24.511
3/30/2011,24.528
3/31/2011,24.543
4/1/2011,24.512
4/4/2011,24.466
4/5/2011,24.443
4/6/2011,24.426
4/7/2011,24.435
4/8/2011,24.43
4/11/2011,24.435
4/12/2011,24.448
4/13/2011,24.39
4/14/2011,24.269
4/15/2011,24.213
4/18/2011,24.188
4/19/2011,24.125
4/20/2011,24.174
4/21/2011,24.18
4/26/2011,24.1
4/27/2011,24.136
4/28/2011,24.124
4/29/2011,24.223
5/2/2011,24.175
5/3/2011,24.172
5/4/2011,24.209
5/5/2011,24.192
5/6/2011,24.093
5/9/2011,24.176
5/10/2011,24.227
5/11/2011,24.258
5/12/2011,24.277
5/13/2011,24.388
5/16/2011,24.373
5/17/2011,24.454
5/18/2011,24.505
5/19/2011,24.468
5/20/2011,24.476
5/23/2011,24.53
5/24/2011,24.58
5/25/2011,24.577
5/26/2011,24.618
5/27/2011,24.585
5/30/2011,24.509
5/31/2011,24.547
6/1/2011,24.501
6/2/2011,24.533
6/3/2011,24.45
6/6/2011,24.341
6/7/2011,24.219
6/8/2011,24.206
6/9/2011,24.138
6/10/2011,24.133
6/13/2011,24.132
6/14/2011,24.118
6/15/2011,24.215
6/16/2011,24.286
6/17/2011,24.13
6/20/2011,24.125
6/21/2011,24.213
6/22/2011,24.29
6/23/2011,24.35
6/24/2011,24.378
6/27/2011,24.442
6/28/2011,24.398
6/29/2011,24.342
6/30/2011,24.345
7/1/2011,24.31
7/4/2011,24.278
7/5/2011,24.32
7/6/2011,24.265
7/7/2011,24.28
7/8/2011,24.224
7/11/2011,24.18
7/12/2011,24.248
7/13/2011,24.366
7/14/2011,24.435
7/15/2011,24.49
7/18/2011,24.405
7/19/2011,24.48
7/20/2011,24.498
7/21/2011,24.411
7/22/2011,24.408
7/25/2011,24.388
7/26/2011,24.353
7/27/2011,24.285
7/28/2011,24.215
7/29/2011,24.188
8/1/2011,24.16
8/2/2011,24.231
8/3/2011,24.291
8/4/2011,24.308
8/5/2011,24.248
8/8/2011,24.196
8/9/2011,24.22
8/10/2011,24.088
8/11/2011,24.185
8/12/2011,24.186
8/15/2011,24.316
8/16/2011,24.384
8/17/2011,24.43
8/18/2011,24.423
8/19/2011,24.475
8/22/2011,24.493
8/23/2011,24.417
8/24/2011,24.488
8/25/2011,24.24
8/26/2011,24.166
8/29/2011,24.123
8/30/2011,24.098
8/31/2011,24.11
9/1/2011,24.154
9/2/2011,24.304
9/5/2011,24.462
9/6/2011,24.45
9/7/2011,24.456
9/8/2011,24.405
9/9/2011,24.43
9/12/2011,24.522
9/13/2011,24.551
9/14/2011,24.545
9/15/2011,24.535
9/16/2011,24.457
9/19/2011,24.63
9/20/2011,24.653
9/21/2011,24.93
9/22/2011,24.878
9/23/2011,24.87
9/26/2011,24.675
9/27/2011,24.478
9/28/2011,24.523
9/29/2011,24.563
9/30/2011,24.754
10/3/2011,24.878
10/4/2011,24.908
10/5/2011,24.811
10/6/2011,24.845
10/7/2011,24.784
10/10/2011,24.78
10/11/2011,24.779
10/12/2011,24.779
10/13/2011,24.746
10/14/2011,24.74
10/17/2011,24.762
10/18/2011,24.925
10/19/2011,24.873
10/20/2011,24.903
10/21/2011,24.993
10/24/2011,24.982
10/25/2011,24.906
10/26/2011,24.927
10/27/2011,24.833
10/28/2011,24.7
10/31/2011,24.801
11/1/2011,25.03
11/2/2011,25.145
11/3/2011,24.911
11/4/2011,24.992
11/7/2011,24.996
11/8/2011,25.172
11/9/2011,25.452
11/10/2011,25.496
11/11/2011,25.701
11/14/2011,25.743
11/15/2011,25.768
11/16/2011,25.606
11/17/2011,25.646
11/18/2011,25.475
11/21/2011,25.598
11/22/2011,25.485
11/23/2011,25.642
11/24/2011,25.693
11/25/2011,26.031
11/28/2011,25.757
11/29/2011,25.548
11/30/2011,25.321
12/1/2011,25.279
12/2/2011,25.202
12/5/2011,25.146
12/6/2011,25.23
12/7/2011,25.328
12/8/2011,25.23
12/9/2011,25.475
12/12/2011,25.578
12/13/2011,25.633
12/14/2011,25.649
12/15/2011,25.534
12/16/2011,25.343
12/19/2011,25.292
12/20/2011,25.491
12/21/2011,25.618
12/22/2011,25.625
12/23/2011,25.839
12/27/2011,25.785
12/28/2011,25.82
12/29/2011,25.91
12/30/2011,25.787
1/2/2012,25.505
1/3/2012,25.688
1/4/2012,25.761
1/5/2012,25.914
1/6/2012,25.851
1/9/2012,25.818
1/10/2012,25.785
1/11/2012,25.821
1/12/2012,25.581
1/13/2012,25.45
1/16/2012,25.595
1/17/2012,25.65
1/18/2012,25.545
1/19/2012,25.298
1/20/2012,25.466
1/23/2012,25.349
1/24/2012,25.422
1/25/2012,25.371
1/26/2012,25.193
1/27/2012,25.156
1/30/2012,25.27
1/31/2012,25.188
2/1/2012,25.157
2/2/2012,25.151
2/3/2012,25.064
2/6/2012,24.98
2/7/2012,25
2/8/2012,24.812
2/9/2012,24.985
2/10/2012,25.245
2/13/2012,25.045
2/14/2012,25.097
2/15/2012,25.17
2/16/2012,25.268
2/17/2012,25.001
2/20/2012,24.907
2/21/2012,24.912
2/22/2012,25.172
2/23/2012,25.075
2/24/2012,25.033
2/27/2012,25.068
2/28/2012,24.9
2/29/2012,24.843
3/1/2012,24.89
3/2/2012,24.715
3/5/2012,24.78
3/6/2012,24.866
3/7/2012,24.871
3/8/2012,24.767
3/9/2012,24.715
3/12/2012,24.563
3/13/2012,24.585
3/14/2012,24.615
3/15/2012,24.558
3/16/2012,24.511
3/19/2012,24.533
3/20/2012,24.464
3/21/2012,24.629
3/22/2012,24.736
3/23/2012,24.725
3/26/2012,24.63
3/27/2012,24.603
3/28/2012,24.603
3/29/2012,24.778
3/30/2012,24.73
4/2/2012,24.773
4/3/2012,24.621
4/4/2012,24.595
4/5/2012,24.704
4/10/2012,24.795
4/11/2012,24.823
4/12/2012,24.803
4/13/2012,24.75
4/16/2012,24.789
4/17/2012,24.799
4/18/2012,24.816
4/19/2012,24.842
4/20/2012,24.919
4/23/2012,25.043
4/24/2012,24.997
4/25/2012,24.804
4/26/2012,24.758
4/27/2012,24.87
4/30/2012,24.867
5/2/2012,24.903
5/3/2012,24.933
5/4/2012,25.023
5/7/2012,25.025
5/8/2012,25.133
5/9/2012,25.243
5/10/2012,25.162
5/11/2012,25.253
5/14/2012,25.395
5/15/2012,25.515
5/16/2012,25.46
5/17/2012,25.515
5/18/2012,25.333
5/21/2012,25.225
5/22/2012,25.294
5/23/2012,25.495
5/24/2012,25.39
5/25/2012,25.423
5/28/2012,25.309
5/29/2012,25.512
5/30/2012,25.658
5/31/2012,25.693
6/1/2012,25.787
6/4/2012,25.733
6/5/2012,25.72
6/6/2012,25.565
6/7/2012,25.325
6/8/2012,25.481
6/11/2012,25.395
6/12/2012,25.682
6/13/2012,25.578
6/14/2012,25.54
6/15/2012,25.592
6/18/2012,25.493
6/19/2012,25.495
6/20/2012,25.453
6/21/2012,25.683
6/22/2012,25.775
6/25/2012,25.813
6/26/2012,25.963
6/27/2012,25.916
6/28/2012,25.81
6/29/2012,25.64
7/2/2012,25.515
7/3/2012,25.555
7/4/2012,25.5
7/5/2012,25.457
7/6/2012,25.7
7/9/2012,25.536
7/10/2012,25.431
7/11/2012,25.395
7/12/2012,25.444
7/13/2012,25.395
7/16/2012,25.388
7/17/2012,25.34
7/18/2012,25.278
7/19/2012,25.331
7/20/2012,25.57
7/23/2012,25.579
7/24/2012,25.539
7/25/2012,25.56
7/26/2012,25.505
7/27/2012,25.31
7/30/2012,25.258
7/31/2012,25.255
8/1/2012,25.358
8/2/2012,25.26
8/3/2012,25.285
8/6/2012,25.158
8/7/2012,25.114
8/8/2012,25.173
8/9/2012,25.135
8/10/2012,25.205
8/13/2012,25.145
8/14/2012,25.04
8/15/2012,24.962
8/16/2012,24.912
8/17/2012,25.02
8/20/2012,24.905
8/21/2012,24.783
8/22/2012,24.968
8/23/2012,24.903
8/24/2012,24.906
8/27/2012,24.845
8/28/2012,24.828
8/29/2012,24.81
8/30/2012,24.917
8/31/2012,24.84
9/3/2012,24.894
9/4/2012,24.88
9/5/2012,24.794
9/6/2012,24.703
9/7/2012,24.587
9/10/2012,24.53
9/11/2012,24.548
9/12/2012,24.44
9/13/2012,24.482
9/14/2012,24.433
9/17/2012,24.505
9/18/2012,24.815
9/19/2012,24.87
9/20/2012,24.904
9/21/2012,24.803
9/24/2012,24.94
9/25/2012,24.921
9/26/2012,24.983
9/27/2012,24.859
9/28/2012,25.141
10/1/2012,25.08
10/2/2012,25.06
10/3/2012,25.033
10/4/2012,24.957
10/5/2012,24.915
10/8/2012,24.9
10/9/2012,24.936
10/10/2012,24.95
10/11/2012,24.94
10/12/2012,24.95
10/15/2012,24.931
10/16/2012,24.875
10/17/2012,24.794
10/18/2012,24.756
10/19/2012,24.823
10/22/2012,24.899
10/23/2012,24.908
10/24/2012,24.973
10/25/2012,24.901
10/26/2012,24.9
10/29/2012,25.021
10/30/2012,25.022
10/31/2012,25.064
11/1/2012,25.226
11/2/2012,25.232
11/5/2012,25.234
11/6/2012,25.305
11/7/2012,25.395
11/8/2012,25.423
11/9/2012,25.396
11/12/2012,25.366
11/13/2012,25.445
11/14/2012,25.5
11/15/2012,25.566
11/16/2012,25.534
11/19/2012,25.418
11/20/2012,25.399
11/21/2012,25.484
11/22/2012,25.422
11/23/2012,25.339
11/26/2012,25.293
11/27/2012,25.304
11/28/2012,25.265
11/29/2012,25.226
11/30/2012,25.262
12/3/2012,25.256
12/4/2012,25.243
12/5/2012,25.218
12/6/2012,25.195
12/7/2012,25.208
12/10/2012,25.245
12/11/2012,25.29
12/12/2012,25.265
12/13/2012,25.289
12/14/2012,25.231
12/17/2012,25.222
12/18/2012,25.2
12/19/2012,25.254
12/20/2012,25.228
12/21/2012,25.189
12/24/2012,25.127
12/27/2012,25.115
12/28/2012,25.14
12/31/2012,25.151
1/2/2013,25.218
1/3/2013,25.26
1/4/2013,25.355
1/7/2013,25.539
1/8/2013,25.587
1/9/2013,25.529
1/10/2013,25.629
1/11/2013,25.613
1/14/2013,25.613
1/15/2013,25.613
1/16/2013,25.58
1/17/2013,25.546
1/18/2013,25.635
1/21/2013,25.626
1/22/2013,25.613
1/23/2013,25.597
1/24/2013,25.597
1/25/2013,25.605
1/28/2013,25.69
1/29/2013,25.659
1/30/2013,25.652
1/31/2013,25.619
2/1/2013,25.638
2/4/2013,25.669
2/5/2013,25.647
2/6/2013,25.732
2/7/2013,25.275
2/8/2013,25.243
2/11/2013,25.24
2/12/2013,25.315
2/13/2013,25.423
2/14/2013,25.383
2/15/2013,25.386
2/18/2013,25.388
2/19/2013,25.434
2/20/2013,25.393
2/21/2013,25.496
2/22/2013,25.492
2/25/2013,25.52
2/26/2013,25.561
2/27/2013,25.637
2/28/2013,25.637
3/1/2013,25.677
3/4/2013,25.66
3/5/2013,25.629
3/6/2013,25.565
3/7/2013,25.51
3/8/2013,25.443
3/11/2013,25.542
3/12/2013,25.662
3/13/2013,25.632
3/14/2013,25.615
3/15/2013,25.575
3/18/2013,25.62
3/19/2013,25.647
3/20/2013,25.67
3/21/2013,25.813
3/22/2013,25.832
3/25/2013,25.738
3/26/2013,25.806
3/27/2013,25.8
3/28/2013,25.74
4/2/2013,25.881
4/3/2013,25.828
4/4/2013,25.817
4/5/2013,25.763
4/8/2013,25.727
4/9/2013,25.762
4/10/2013,25.865
4/11/2013,25.942
4/12/2013,25.871
4/15/2013,25.864
4/16/2013,25.868
4/17/2013,25.854
4/18/2013,25.875
4/19/2013,25.857
4/22/2013,25.93
4/23/2013,25.909
4/24/2013,25.909
4/25/2013,25.899
4/26/2013,25.744
4/29/2013,25.697
4/30/2013,25.799
5/2/2013,25.65
5/3/2013,25.64
5/6/2013,25.693
5/7/2013,25.747
5/8/2013,25.862
5/9/2013,25.792
5/10/2013,25.808
5/13/2013,25.844
5/14/2013,25.887
5/15/2013,26.003
5/16/2013,25.98
5/17/2013,25.989
5/20/2013,26.121
5/21/2013,26.098
5/22/2013,26.069
5/23/2013,26.094
5/24/2013,25.993
5/27/2013,25.968
5/28/2013,25.889
5/29/2013,25.899
5/30/2013,25.795
5/31/2013,25.711
6/3/2013,25.753
6/4/2013,25.775
6/5/2013,25.846
6/6/2013,25.778
6/7/2013,25.569
6/10/2013,25.666
6/11/2013,25.613
6/12/2013,25.66
6/13/2013,25.728
6/14/2013,25.718
6/17/2013,25.724
6/18/2013,25.68
6/19/2013,25.686
6/20/2013,25.806
6/21/2013,25.825
6/24/2013,25.865
6/25/2013,25.788
6/26/2013,25.858
6/27/2013,25.89
6/28/2013,25.949
7/1/2013,25.98
7/2/2013,25.983
7/3/2013,26.02
7/4/2013,26.05
7/5/2013,25.875
7/8/2013,25.938
7/9/2013,25.875
7/10/2013,25.929
7/11/2013,25.898
7/12/2013,25.951
7/15/2013,26.01
7/16/2013,25.96
7/17/2013,25.968
7/18/2013,25.925
7/19/2013,25.931
7/22/2013,25.976
7/23/2013,25.977
7/24/2013,25.93
7/25/2013,25.959
7/26/2013,25.948
7/29/2013,25.914
7/30/2013,25.856
7/31/2013,25.857
8/1/2013,25.955
8/2/2013,25.959
8/5/2013,25.937
8/6/2013,25.92
8/7/2013,25.978
8/8/2013,25.816
8/9/2013,25.925
8/12/2013,25.88
8/13/2013,25.874
8/14/2013,25.822
8/15/2013,25.815
8/16/2013,25.8
8/19/2013,25.855
8/20/2013,25.773
8/21/2013,25.775
8/22/2013,25.738
8/23/2013,25.665
8/26/2013,25.626
8/27/2013,25.758
8/28/2013,25.713
8/29/2013,25.678
8/30/2013,25.735
9/2/2013,25.683
9/3/2013,25.725
9/4/2013,25.787
9/5/2013,25.737
9/6/2013,25.765
9/9/2013,25.833
9/10/2013,25.83
9/11/2013,25.783
9/12/2013,25.82
9/13/2013,25.775
9/16/2013,25.769
9/17/2013,25.718
9/18/2013,25.813
9/19/2013,25.735
9/20/2013,25.828
9/23/2013,25.925
9/24/2013,25.933
9/25/2013,25.88
9/26/2013,25.809
9/27/2013,25.69
9/30/2013,25.73
10/1/2013,25.647
10/2/2013,25.606
10/3/2013,25.558
10/4/2013,25.554
10/7/2013,25.513
10/8/2013,25.518
10/9/2013,25.598
10/10/2013,25.529
10/11/2013,25.534
10/14/2013,25.56
10/15/2013,25.615
10/16/2013,25.68
10/17/2013,25.704
10/18/2013,25.782
10/21/2013,25.803
10/22/2013,25.727
10/23/2013,25.817
10/24/2013,25.773
10/25/2013,25.75
10/28/2013,25.732
10/29/2013,25.762
10/30/2013,25.742
10/31/2013,25.729
11/1/2013,25.854
11/4/2013,25.835
11/5/2013,25.833
11/6/2013,25.784
11/7/2013,26.85
11/8/2013,26.966
11/11/2013,26.996
11/12/2013,27.01
11/13/2013,27.055
11/14/2013,27.176
11/15/2013,27.155
11/18/2013,27.117
11/19/2013,27.368
11/20/2013,27.329
11/21/2013,27.197
11/22/2013,27.258
11/25/2013,27.269
11/26/2013,27.329
11/27/2013,27.341
11/28/2013,27.35
11/29/2013,27.391
12/2/2013,27.407
12/3/2013,27.468
12/4/2013,27.458
12/5/2013,27.45
12/6/2013,27.48
12/9/2013,27.498
12/10/2013,27.453
12/11/2013,27.434
12/12/2013,27.475
12/13/2013,27.534
12/16/2013,27.6
12/17/2013,27.657
12/18/2013,27.734
12/19/2013,27.657
12/20/2013,27.66
12/23/2013,27.574
12/24/2013,27.536
12/27/2013,27.445
12/30/2013,27.48
12/31/2013,27.427
1/2/2014,27.481
1/3/2014,27.525
1/6/2014,27.485
1/7/2014,27.454
1/8/2014,27.448
1/9/2014,27.433
1/10/2014,27.392
1/13/2014,27.41
1/14/2014,27.409
1/15/2014,27.441
1/16/2014,27.491
1/17/2014,27.458
1/20/2014,27.524
1/21/2014,27.555
1/22/2014,27.535
1/23/2014,27.49
1/24/2014,27.525
1/27/2014,27.475
1/28/2014,27.507
1/29/2014,27.54
1/30/2014,27.594
1/31/2014,27.5
2/3/2014,27.527
2/4/2014,27.53
2/5/2014,27.535
2/6/2014,27.525
2/7/2014,27.503
2/10/2014,27.547
2/11/2014,27.53
2/12/2014,27.533
2/13/2014,27.53
2/14/2014,27.436
2/17/2014,27.396
2/18/2014,27.392
2/19/2014,27.43
2/20/2014,27.382
2/21/2014,27.368
2/24/2014,27.362
2/25/2014,27.346
2/26/2014,27.325
2/27/2014,27.339
2/28/2014,27.344
3/3/2014,27.354
3/4/2014,27.369
3/5/2014,27.353
3/6/2014,27.363
3/7/2014,27.333
3/10/2014,27.348
3/11/2014,27.35
3/12/2014,27.353
3/13/2014,27.355
3/14/2014,27.358
3/17/2014,27.411
3/18/2014,27.411
3/19/2014,27.46
3/20/2014,27.488
3/21/2014,27.458
3/24/2014,27.411
3/25/2014,27.395
3/26/2014,27.459
3/27/2014,27.41
3/28/2014,27.423
3/31/2014,27.442
4/1/2014,27.449
4/2/2014,27.463
4/3/2014,27.432
4/4/2014,27.429
4/7/2014,27.444
4/8/2014,27.415
4/9/2014,27.406
4/10/2014,27.427
4/11/2014,27.452
4/14/2014,27.466
4/15/2014,27.459
4/16/2014,27.463
4/17/2014,27.502
4/22/2014,27.481
4/23/2014,27.459
4/24/2014,27.443
4/25/2014,27.46
4/28/2014,27.458
4/29/2014,27.434
4/30/2014,27.454
5/2/2014,27.444
5/5/2014,27.436
5/6/2014,27.438
5/7/2014,27.412
5/8/2014,27.403
5/9/2014,27.392
5/12/2014,27.396
5/13/2014,27.404
5/14/2014,27.43
5/15/2014,27.44
5/16/2014,27.443
5/19/2014,27.474
5/20/2014,27.479
5/21/2014,27.467
5/22/2014,27.443
5/23/2014,27.438
5/26/2014,27.421
5/27/2014,27.433
5/28/2014,27.442
5/29/2014,27.474
5/30/2014,27.471
6/2/2014,27.482
6/3/2014,27.463
6/4/2014,27.46
6/5/2014,27.45
6/6/2014,27.461
6/9/2014,27.451
6/10/2014,27.451
6/11/2014,27.445
6/12/2014,27.42
6/13/2014,27.44
6/16/2014,27.438
6/17/2014,27.445
6/18/2014,27.481
6/19/2014,27.435
6/20/2014,27.433
6/23/2014,27.458
6/24/2014,27.443
6/25/2014,27.435
6/26/2014,27.447
6/27/2014,27.459
6/30/2014,27.453
7/1/2014,27.433
7/2/2014,27.432
7/3/2014,27.439
7/4/2014,27.444
7/7/2014,27.434
7/8/2014,27.437
7/9/2014,27.433
7/10/2014,27.44
7/11/2014,27.44
7/14/2014,27.439
7/15/2014,27.431
7/16/2014,27.446
7/17/2014,27.44
7/18/2014,27.433
7/21/2014,27.468
7/22/2014,27.485
7/23/2014,27.454
7/24/2014,27.48
7/25/2014,27.482
7/28/2014,27.481
7/29/2014,27.49
7/30/2014,27.509
7/31/2014,27.57
8/1/2014,27.638
8/4/2014,27.645
8/5/2014,27.668
8/6/2014,27.834
8/7/2014,27.853
8/8/2014,27.825
8/11/2014,27.852
8/12/2014,27.845
8/13/2014,27.839
8/14/2014,27.845
8/15/2014,27.882
8/18/2014,27.9
8/19/2014,28.004
8/20/2014,27.928
8/21/2014,27.814
8/22/2014,27.838
8/25/2014,27.833
8/26/2014,27.841
8/27/2014,27.75
8/28/2014,27.775
8/29/2014,27.725
9/1/2014,27.738
9/2/2014,27.784
9/3/2014,27.658
9/4/2014,27.662
9/5/2014,27.596
9/8/2014,27.637
9/9/2014,27.678
9/10/2014,27.724
9/11/2014,27.635
9/12/2014,27.6
9/15/2014,27.579
9/16/2014,27.555
9/17/2014,27.532
9/18/2014,27.518
9/19/2014,27.574
9/22/2014,27.543
9/23/2014,27.517
9/24/2014,27.497
9/25/2014,27.572
9/26/2014,27.534
9/29/2014,27.54
9/30/2014,27.5
10/1/2014,27.502
10/2/2014,27.495
10/3/2014,27.479
10/6/2014,27.481
10/7/2014,27.47
10/8/2014,27.48
10/9/2014,27.47
10/10/2014,27.493
10/13/2014,27.545
10/14/2014,27.545
10/15/2014,27.545
10/16/2014,27.546
10/17/2014,27.492
10/20/2014,27.562
10/21/2014,27.613
10/22/2014,27.683
10/23/2014,27.69
10/24/2014,27.695
10/27/2014,27.705
10/28/2014,27.749
10/29/2014,27.784
10/30/2014,27.729
10/31/2014,27.77
11/3/2014,27.788
11/4/2014,27.788
11/5/2014,27.823
11/6/2014,27.769
11/7/2014,27.705
11/10/2014,27.585
11/11/2014,27.592
11/12/2014,27.603
11/13/2014,27.644
11/14/2014,27.653
11/17/2014,27.701
11/18/2014,27.677
11/19/2014,27.683
11/20/2014,27.657
11/21/2014,27.66
11/24/2014,27.592
11/25/2014,27.583
11/26/2014,27.579
11/27/2014,27.609
11/28/2014,27.652
12/1/2014,27.626
12/2/2014,27.605
12/3/2014,27.623
12/4/2014,27.616
12/5/2014,27.635
12/8/2014,27.611
12/9/2014,27.618
12/10/2014,27.618
12/11/2014,27.633
12/12/2014,27.59
12/15/2014,27.565
12/16/2014,27.607
12/17/2014,27.626
12/18/2014,27.606
12/19/2014,27.636
12/22/2014,27.618
12/23/2014,27.66
12/24/2014,27.777
12/29/2014,27.717
12/30/2014,27.728
12/31/2014,27.735
1/2/2015,27.693
1/5/2015,27.676
1/6/2015,27.695
1/7/2015,27.783
1/8/2015,27.865
1/9/2015,28.062
1/12/2015,28.287
1/13/2015,28.405
1/14/2015,28.229
1/15/2015,27.841
1/16/2015,27.795
1/19/2015,27.881
1/20/2015,27.849
1/21/2015,27.939
1/22/2015,27.9
1/23/2015,27.831
1/26/2015,27.754
1/27/2015,27.872
1/28/2015,27.846
1/29/2015,27.792
1/30/2015,27.797
2/2/2015,27.749
2/3/2015,27.748
2/4/2015,27.77
2/5/2015,27.708
2/6/2015,27.698
2/9/2015,27.72
2/10/2015,27.727
2/11/2015,27.68
2/12/2015,27.702
2/13/2015,27.64
2/16/2015,27.638
2/17/2015,27.619
2/18/2015,27.583
2/19/2015,27.373
2/20/2015,27.508
2/23/2015,27.444
2/24/2015,27.487
2/25/2015,27.419
2/26/2015,27.515
2/27/2015,27.438
3/2/2015,27.488
3/3/2015,27.453
3/4/2015,27.464
3/5/2015,27.422
3/6/2015,27.297
3/9/2015,27.251
3/10/2015,27.285
3/11/2015,27.293
3/12/2015,27.303
3/13/2015,27.315
3/16/2015,27.308
3/17/2015,27.183
3/18/2015,27.318
3/19/2015,27.425
3/20/2015,27.479
3/23/2015,27.374
3/24/2015,27.39
3/25/2015,27.378
3/26/2015,27.376
3/27/2015,27.523
3/30/2015,27.473
3/31/2015,27.533
4/1/2015,27.543
4/2/2015,27.57
4/7/2015,27.455
4/8/2015,27.378
4/9/2015,27.378
4/10/2015,27.383
4/13/2015,27.392
4/14/2015,27.345
4/15/2015,27.415
4/16/2015,27.503
4/17/2015,27.486
4/20/2015,27.417
4/21/2015,27.418
4/22/2015,27.469
4/23/2015,27.399
4/24/2015,27.454
4/27/2015,27.441
4/28/2015,27.471
4/29/2015,27.435
4/30/2015,27.43
