Date,PHP,NEER
4/1/2005,70.944,102.6309
4/4/2005,70.631,102.1505
4/5/2005,70.231,102.3811
4/6/2005,70.376,102.0656
4/7/2005,70.398,102.5745
4/8/2005,69.985,102.4236
4/11/2005,70.4,102.5019
4/12/2005,70.346,102.6378
4/13/2005,69.876,103.0948
4/14/2005,69.773,103.117
4/15/2005,70.291,102.9287
4/18/2005,70.897,103.027
4/19/2005,70.731,103.1456
4/20/2005,70.954,103.152
4/21/2005,71.238,102.8687
4/22/2005,70.845,102.7404
4/25/2005,70.114,103.0685
4/26/2005,70.519,103.3958
4/27/2005,70.253,104.0795
4/28/2005,70.197,103.7037
4/29/2005,70.13,103.1715
5/2/2005,69.557,103.2567
5/3/2005,69.712,104.0164
5/4/2005,70.043,104.0699
5/5/2005,69.88,104.3658
5/6/2005,69.946,104.2725
5/9/2005,69.346,104.0669
5/10/2005,69.637,104.3026
5/11/2005,69.8,104.6602
5/12/2005,69.187,104.0769
5/13/2005,68.513,104.2755
5/16/2005,68.776,104.1212
5/17/2005,68.658,103.5674
5/18/2005,68.879,103.5374
5/19/2005,69.057,103.5795
5/20/2005,68.803,103.7627
5/23/2005,68.65,103.7967
5/24/2005,68.794,103.8059
5/25/2005,68.392,103.7007
5/26/2005,68.282,104.1365
5/27/2005,68.246,103.5037
5/30/2005,67.866,103.4236
5/31/2005,67.229,103.1204
6/1/2005,66.71,103.5442
6/2/2005,66.901,103.4635
6/3/2005,67.006,103.8085
6/6/2005,66.91,103.886
6/7/2005,66.953,103.6513
6/8/2005,67.418,103.8945
6/9/2005,67.315,103.9436
6/10/2005,67.412,103.7825
6/13/2005,66.552,103.6087
6/14/2005,66.938,103.4692
6/15/2005,66.699,103.2366
6/16/2005,67.026,103.484
6/17/2005,67.552,103.184
6/20/2005,68.04,103.3683
6/21/2005,67.298,102.8804
6/22/2005,67.355,102.5587
6/23/2005,67.28,102.5264
6/24/2005,67.242,103.1623
6/27/2005,67.601,102.8677
6/28/2005,67.339,102.6961
6/29/2005,67.472,103.1819
6/30/2005,67.685,102.6822
7/1/2005,67.482,102.813
7/4/2005,66.815,101.8788
7/5/2005,66.872,101.815
7/6/2005,66.915,101.5423
7/7/2005,67.127,101.0022
7/8/2005,66.752,101.5923
7/11/2005,67.51,101.4626
7/12/2005,68.19,101.3872
7/13/2005,68.413,100.6461
7/14/2005,67.467,100.0973
7/15/2005,67.428,100.2543
7/18/2005,66.99,99.3456
7/19/2005,66.777,99.044
7/20/2005,67.312,98.8563
7/21/2005,67.955,99.617
7/22/2005,67.788,98.9109
7/25/2005,67.262,99.0532
7/26/2005,67.175,98.6205
7/27/2005,67.294,98.4427
7/28/2005,67.899,98.0212
7/29/2005,67.848,97.6085
8/1/2005,68.579,97.6407
8/2/2005,68.409,98.4958
8/3/2005,69.017,97.4371
8/4/2005,68.9,97.2671
8/5/2005,69.207,97.0947
8/8/2005,69.179,97.2132
8/9/2005,69.101,97.2465
8/10/2005,69.095,97.1624
8/11/2005,69.096,96.7906
8/12/2005,69.292,96.722
8/15/2005,69.016,96.3903
8/16/2005,68.713,96.6249
8/17/2005,68.704,97.0643
8/18/2005,68.301,96.0955
8/19/2005,68.255,95.5744
8/22/2005,68.341,96.0961
8/23/2005,68.413,95.9686
8/24/2005,68.412,95.6741
8/25/2005,68.785,94.6304
8/26/2005,68.833,95.5885
8/29/2005,68.972,95.2963
8/30/2005,68.427,94.7209
8/31/2005,68.608,93.5329
9/1/2005,69.503,93.5822
9/2/2005,70.361,94.0534
9/5/2005,70.47,93.6532
9/6/2005,70.248,93.9093
9/7/2005,69.881,93.3446
9/8/2005,69.634,93.2615
9/9/2005,69.617,93.2772
9/12/2005,68.953,95.0676
9/13/2005,68.654,95.2822
9/14/2005,68.804,94.6066
9/15/2005,68.357,94.3539
9/16/2005,68.775,94.5962
9/19/2005,68.337,94.8298
9/20/2005,68.336,94.3654
9/21/2005,68.796,93.7771
9/22/2005,68.668,94.0389
9/23/2005,68.109,94.1578
9/26/2005,67.692,94.2587
9/27/2005,67.576,94.5696
9/28/2005,67.497,94.7395
9/29/2005,67.462,94.7611
9/30/2005,67.465,94.6125
10/3/2005,66.78,94.6464
10/4/2005,66.859,94.9097
10/5/2005,66.575,95.0027
10/6/2005,67.331,94.7192
10/7/2005,67.672,94.6867
10/10/2005,67.24,95.1248
10/11/2005,67.083,95.1887
10/12/2005,67.035,94.6623
10/13/2005,66.932,94.6936
10/14/2005,66.954,94.7643
10/17/2005,67.107,95.0027
10/18/2005,66.567,94.8947
10/19/2005,66.603,94.4164
10/20/2005,66.59,94.5163
10/21/2005,66.583,94.3079
10/24/2005,66.229,93.6841
10/25/2005,66.406,93.7507
10/26/2005,66.3,93.4282
10/27/2005,66.812,93.2955
10/28/2005,66.668,92.7742
10/31/2005,66,92.8805
11/1/2005,65.984,92.9929
11/2/2005,65.62,93.1613
11/3/2005,65.744,93.3043
11/4/2005,65.787,93.2357
11/7/2005,64.654,93.0873
11/8/2005,64.176,93.2262
11/9/2005,64.242,93.1023
11/10/2005,64.315,93.24
11/11/2005,63.638,93.6215
11/14/2005,63.965,93.7143
11/15/2005,63.789,93.5597
11/16/2005,63.721,93.0822
11/17/2005,63.581,93.7491
11/18/2005,63.721,93.5199
11/21/2005,64.642,93.8273
11/22/2005,63.63,94.2458
11/23/2005,63.967,94.2512
11/24/2005,63.973,94.1685
11/25/2005,63.567,93.95
11/28/2005,63.66,94.2725
11/29/2005,63.614,94.5202
11/30/2005,63.682,94.8143
12/1/2005,63.728,94.0846
12/2/2005,63.269,94.1529
12/5/2005,63.495,94.22
12/6/2005,63.534,93.4647
12/7/2005,63.222,93.6246
12/8/2005,63.108,93.6852
12/9/2005,62.985,93.6716
12/12/2005,63.936,94.0797
12/13/2005,63.984,93.7096
12/14/2005,64.181,93.7142
12/15/2005,63.853,93.4927
12/16/2005,64.019,94.0279
12/19/2005,63.975,94.2138
12/20/2005,64.001,94.1651
12/21/2005,63.343,94.6394
12/22/2005,63.088,94.638
12/23/2005,63.131,94.7144
12/27/2005,63.035,95.0854
12/28/2005,63.232,95.0528
12/29/2005,62.69,95.082
12/30/2005,62.719,94.761
1/2/2006,62.766,95.0686
1/3/2006,62.445,95.1092
1/4/2006,63.309,95.1036
1/5/2006,63.426,95.2627
1/6/2006,63.518,95.5345
1/9/2006,63.391,95.3858
1/10/2006,63.523,95.5374
1/11/2006,63.583,95.3771
1/12/2006,63.351,95.1168
1/13/2006,63.072,95.1852
1/16/2006,63.673,94.8894
1/17/2006,63.478,95.1944
1/18/2006,63.838,94.6831
1/19/2006,63.685,94.8218
1/20/2006,63.9,94.7264
1/23/2006,64.921,94.6846
1/24/2006,64.52,94.2661
1/25/2006,64.359,94.2579
1/26/2006,64.223,94.4961
1/27/2006,63.769,94.3935
1/30/2006,63.044,93.9422
1/31/2006,63.195,94.3205
2/1/2006,62.975,94.1525
2/2/2006,62.852,94.3106
2/3/2006,62.355,93.9381
2/6/2006,62.157,93.9254
2/7/2006,61.835,93.9709
2/8/2006,61.843,93.7403
2/9/2006,61.835,93.995
2/10/2006,61.586,94.1346
2/13/2006,61.295,94.024
2/14/2006,61.215,94.4729
2/15/2006,61.365,94.6269
2/16/2006,61.187,94.0794
2/17/2006,61.332,93.899
2/20/2006,61.927,93.9186
2/21/2006,61.697,93.8783
2/22/2006,61.513,93.6904
2/23/2006,61.734,93.0796
2/24/2006,62.038,93.439
2/27/2006,61.583,93.4116
2/28/2006,61.192,93.3249
3/1/2006,61.396,93.4851
3/2/2006,61.095,93.5643
3/3/2006,61.506,93.7386
3/6/2006,61.323,93.7735
3/7/2006,60.816,93.4413
3/8/2006,61,93.5242
3/9/2006,61.233,93.5703
3/10/2006,61.085,93.0755
3/13/2006,61.088,93.3147
3/14/2006,61.114,93.2295
3/15/2006,61.381,93.4936
3/16/2006,61.697,93.5805
3/17/2006,62.168,93.8793
3/20/2006,62.087,93.9787
3/21/2006,62.08,94.4438
3/22/2006,61.697,94.7369
3/23/2006,61.649,95.0269
3/24/2006,61.281,95.0874
3/27/2006,61.496,94.9205
3/28/2006,61.81,95.1536
3/29/2006,61.598,95.1707
3/30/2006,61.992,94.8053
3/31/2006,61.888,94.5349
4/3/2006,61.618,94.5665
4/4/2006,62.331,94.518
4/5/2006,62.64,94.4217
4/6/2006,62.902,94.7244
4/7/2006,62.253,94.542
4/10/2006,61.947,94.4774
4/11/2006,61.99,93.6835
4/12/2006,62.177,92.4542
4/13/2006,61.982,91.4013
4/18/2006,63.037,91.0928
4/19/2006,63.347,91.7489
4/20/2006,63.576,91.2345
4/21/2006,63.656,91.7553
4/24/2006,63.803,91.8406
4/25/2006,64.48,92.0372
4/26/2006,64.486,92.0863
4/27/2006,64.218,91.7089
4/28/2006,64.939,91.2766
5/2/2006,65.238,90.9012
5/3/2006,64.776,91.3839
5/4/2006,64.861,91.3757
5/5/2006,65.508,91.3532
5/8/2006,65.451,91.3311
5/9/2006,65.263,91.2216
5/10/2006,65.774,90.977
5/11/2006,65.665,90.7228
5/12/2006,66.74,90.6278
5/15/2006,67.003,90.4839
5/16/2006,67.11,90.285
5/17/2006,67.07,90.3514
5/18/2006,67.157,90.1568
5/19/2006,67.205,89.6971
5/22/2006,67.113,89.6575
5/23/2006,67.749,89.11
5/24/2006,67.956,88.9512
5/25/2006,67.57,88.3945
5/26/2006,67.549,88.5629
5/29/2006,67.337,87.7771
5/30/2006,67.514,86.7902
5/31/2006,68.072,87.1221
6/1/2006,67.348,87.2377
6/2/2006,67.714,87.7472
6/5/2006,68.328,87.7806
6/6/2006,67.877,87.8157
6/7/2006,67.679,88.1052
6/8/2006,67.782,88.1799
6/9/2006,67.257,88.1885
6/12/2006,66.72,87.8556
6/13/2006,67.029,87.5653
6/14/2006,66.873,86.8839
6/15/2006,67.003,87.2445
6/16/2006,67.208,87.3358
6/19/2006,67.085,87.4769
6/20/2006,66.807,87.6069
6/21/2006,67.202,87.8167
6/22/2006,66.949,88.0163
6/23/2006,66.586,88.1661
6/26/2006,67.076,87.7192
6/27/2006,67.202,87.7065
6/28/2006,67.35,87.9869
6/29/2006,67.093,87.7023
6/30/2006,67.519,87.4524
7/3/2006,67.774,87.6882
7/4/2006,67.357,87.2989
7/5/2006,67.591,87.375
7/6/2006,67.101,87.2923
7/7/2006,66.867,87.4023
7/10/2006,66.483,87.4437
7/11/2006,66.552,87.5349
7/12/2006,66.371,87.2497
7/13/2006,66.398,87.0928
7/14/2006,66.307,87.0231
7/17/2006,66.154,87.0615
7/18/2006,65.995,86.9871
7/19/2006,65.824,86.9044
7/20/2006,66.129,86.9496
7/21/2006,66.063,86.0763
7/24/2006,65.875,86.2967
7/25/2006,65.549,86.5128
7/26/2006,65.138,86.4612
7/27/2006,65.596,86.9538
7/28/2006,65.27,86.6382
7/31/2006,65.725,86.7328
8/1/2006,65.671,86.1989
8/2/2006,66.063,87.0104
8/3/2006,66.02,86.5806
8/4/2006,65.904,86.4575
8/7/2006,66.068,85.949
8/8/2006,65.928,85.8795
8/9/2006,66.134,85.6966
8/10/2006,65.892,85.5873
8/11/2006,65.408,85.6383
8/14/2006,65.243,85.908
8/15/2006,65.489,85.5212
8/16/2006,65.5,85.4753
8/17/2006,65.799,85.4706
8/18/2006,65.444,85.6922
8/21/2006,66.055,85.6591
8/22/2006,65.738,84.553
8/23/2006,65.751,83.8363
8/24/2006,66.182,83.6243
8/25/2006,65.581,81.9019
8/28/2006,65.555,82.1995
8/29/2006,65.366,82.7875
8/30/2006,65.308,82.708
8/31/2006,65.283,82.1578
9/1/2006,64.995,82.168
9/4/2006,64.838,81.9597
9/5/2006,64.498,81.4679
9/6/2006,64.31,80.9249
9/7/2006,63.986,79.4277
9/8/2006,64.137,78.6445
9/11/2006,64.252,77.7655
9/12/2006,64.091,78.7227
9/13/2006,63.816,78.4878
9/14/2006,64.06,77.9395
9/15/2006,63.654,83.017
9/18/2006,63.604,80.9745
9/19/2006,63.39,79.4747
9/20/2006,63.57,79.9229
9/21/2006,63.789,79.6728
9/22/2006,64.482,79.4821
9/25/2006,64.28,80.1292
9/26/2006,63.869,80.4236
9/27/2006,63.693,80.3702
9/28/2006,63.807,80.4555
9/29/2006,63.49,80.8065
10/2/2006,63.45,81.5841
10/3/2006,63.526,82.2692
10/4/2006,63.42,82.1288
10/5/2006,63.605,82.1979
10/6/2006,63.32,81.6208
10/9/2006,63.198,81.3778
10/10/2006,62.753,81.6317
10/11/2006,62.74,81.5008
10/12/2006,62.686,81.2016
10/13/2006,62.719,81.0781
10/16/2006,62.588,80.2514
10/17/2006,62.545,79.9707
10/18/2006,62.602,80.4425
10/19/2006,62.824,80.8178
10/20/2006,63.216,80.6991
10/23/2006,62.837,80.4519
10/24/2006,62.774,80.4201
10/25/2006,62.837,80.3856
10/26/2006,63.101,80.3551
10/27/2006,63.149,80.1615
10/30/2006,63.324,80.0502
10/31/2006,63.277,80.1731
11/1/2006,63.581,80.5314
11/2/2006,63.375,80.6909
11/3/2006,63.379,80.5544
11/6/2006,63.44,79.0121
11/7/2006,63.59,78.6031
11/8/2006,63.739,78.7297
11/9/2006,63.91,79.0126
11/10/2006,64.159,78.9289
11/13/2006,63.829,79.0132
11/14/2006,63.979,78.8426
11/15/2006,64.082,78.5882
11/16/2006,64.18,78.1876
11/17/2006,63.851,76.7519
11/20/2006,64,74.5221
11/21/2006,63.833,73.9724
11/22/2006,64.095,85.0587
11/23/2006,64.396,82.0169
11/24/2006,65.011,81.5325
11/27/2006,65.111,83.7166
11/28/2006,65.623,82.5135
11/29/2006,65.43,81.3986
11/30/2006,65.498,81.7662
12/1/2006,65.604,81.6107
12/4/2006,66.246,82.4621
12/5/2006,66.095,81.7966
12/6/2006,65.713,82.0025
12/7/2006,65.727,81.9227
12/8/2006,65.882,82.5855
12/11/2006,65.341,83.1636
12/12/2006,65.545,83.8495
12/13/2006,65.536,83.9428
12/14/2006,65.136,83.8997
12/15/2006,64.698,84.8798
12/18/2006,64.604,84.4982
12/19/2006,65.001,85.2821
12/20/2006,65.196,84.9344
12/21/2006,64.928,84.8974
12/22/2006,65.037,84.1957
12/27/2006,64.69,84.1061
12/28/2006,64.679,84.4666
12/29/2006,64.546,84.0727
1/2/2007,64.89,83.9439
1/3/2007,64.7,83.9428
1/4/2007,63.99,84.071
1/5/2007,63.915,83.8526
1/8/2007,63.443,84.7635
1/9/2007,63.294,85.3212
1/10/2007,63.446,84.6552
1/11/2007,63.589,85.0626
1/12/2007,63.176,84.773
1/15/2007,63.204,84.9493
1/16/2007,63.081,85.2758
1/17/2007,63.06,84.8473
1/18/2007,63.059,84.9786
1/19/2007,63.365,85.2888
1/22/2007,63.451,85.1895
1/23/2007,63.896,85.3214
1/24/2007,63.48,85.3338
1/25/2007,63.469,84.7802
1/26/2007,63.318,84.4217
1/29/2007,63.487,83.7721
1/30/2007,63.514,83.491
1/31/2007,63.319,84.1539
2/1/2007,63.407,84.6898
2/2/2007,63.407,84.3793
2/5/2007,62.9,84.2992
2/6/2007,62.832,84.128
2/7/2007,62.792,83.7815
2/8/2007,62.883,83.1302
2/9/2007,62.824,83.1968
2/12/2007,62.428,82.6318
2/13/2007,63.118,83.5292
2/14/2007,63.284,83.1
2/15/2007,63.373,83.2292
2/16/2007,62.938,82.9226
2/19/2007,63.165,83.0636
2/20/2007,63.122,82.8402
2/21/2007,63.162,82.6261
2/22/2007,63.302,82.188
2/23/2007,63.24,82.697
2/26/2007,63.247,82.0505
2/27/2007,63.769,81.5175
2/28/2007,64.139,81.8235
3/1/2007,64.009,81.0838
3/2/2007,63.873,81.7366
3/5/2007,63.845,82.5301
3/6/2007,63.699,82.0639
3/7/2007,63.705,82.0689
3/8/2007,63.689,82.2963
3/9/2007,63.762,82.0141
3/12/2007,63.478,81.7674
3/13/2007,64.074,82.7553
3/14/2007,64.023,82.8361
3/15/2007,64.259,83.027
3/16/2007,64.833,83.0218
3/19/2007,64.699,82.8292
3/20/2007,64.386,82.9198
3/21/2007,64.139,82.5582
3/22/2007,64.158,82.7593
3/23/2007,64.003,82.5396
3/26/2007,63.771,82.3164
3/27/2007,64.079,82.4324
3/28/2007,64.471,82.3149
3/29/2007,64.357,82.3381
3/30/2007,64.2,81.8834
4/2/2007,64.651,82.1243
4/3/2007,64.018,82.3038
4/4/2007,63.889,82.1475
4/5/2007,63.99,82.4131
4/10/2007,64.317,81.8826
4/11/2007,64.239,81.623
4/12/2007,64.568,81.6307
4/13/2007,64.818,81.6545
4/16/2007,64.532,80.7715
4/17/2007,64.595,81.4598
4/18/2007,64.525,80.4689
4/19/2007,64.666,80.563
4/20/2007,64.438,80.4511
4/23/2007,64.464,80.4957
4/24/2007,64.44,80.1747
4/25/2007,64.498,80.1753
4/26/2007,64.268,80.1872
4/27/2007,64.497,80.2529
4/30/2007,64.59,80.2234
5/2/2007,64.788,79.2921
5/3/2007,64.73,79.7301
5/4/2007,64.32,79.9087
5/7/2007,64.331,79.8828
5/8/2007,63.824,79.4912
5/9/2007,63.98,79.3322
5/10/2007,63.78,79.3415
5/11/2007,63.613,79.1826
5/14/2007,63.863,78.4265
5/15/2007,63.696,78.3105
5/16/2007,63.73,78.2478
5/17/2007,63.16,78.7805
5/18/2007,62.621,78.8136
5/21/2007,62.165,78.9553
5/22/2007,61.72,78.3758
5/23/2007,62.108,77.8318
5/24/2007,62.143,78.1586
5/25/2007,61.963,78.2399
5/28/2007,61.843,78.3304
5/29/2007,62.276,78.1828
5/30/2007,62.108,77.6827
5/31/2007,62.22,77.7122
6/1/2007,62.007,77.9362
6/4/2007,61.491,78.3198
6/5/2007,61.922,78.27
6/6/2007,62.092,78.433
6/7/2007,61.969,78.5102
6/8/2007,62.126,79.8797
6/11/2007,62.101,80.578
6/12/2007,61.614,80.8588
6/13/2007,62.05,80.3802
6/14/2007,62.09,80.2628
6/15/2007,61.71,80.0996
6/18/2007,61.484,80.07
6/19/2007,61.614,80.4121
6/20/2007,61.63,80.5048
6/21/2007,61.827,80.4789
6/22/2007,61.855,80.3156
6/25/2007,61.988,80.3445
6/26/2007,62.32,80.1083
6/27/2007,62.554,80.1657
6/28/2007,62.42,80.2486
6/29/2007,62.461,80.3142
7/2/2007,62.437,80.6131
7/3/2007,62.293,80.5229
7/4/2007,62.711,80.3824
7/5/2007,62.935,80.4232
7/6/2007,62.542,80.1666
7/9/2007,62.616,80.0973
7/10/2007,62.727,79.6351
7/11/2007,63.47,79.6385
7/12/2007,63.328,79.6527
7/13/2007,62.915,79.827
7/16/2007,62.635,79.995
7/17/2007,62.217,79.9338
7/18/2007,62.35,79.868
7/19/2007,61.983,80.0994
7/20/2007,61.837,80.0921
7/23/2007,61.78,80.2203
7/24/2007,61.972,80.0006
7/25/2007,61.912,80.0989
7/26/2007,62.174,80.1529
7/27/2007,62.249,80.0501
7/30/2007,62.012,79.7347
7/31/2007,62.093,79.7634
8/1/2007,62.508,79.9949
8/2/2007,62.649,79.9787
8/3/2007,62.102,80.0749
8/6/2007,62.734,80.1486
8/7/2007,62.666,80.1316
8/8/2007,62.28,80.0947
8/9/2007,62.192,80.0635
8/10/2007,62.312,80.2318
8/13/2007,62.249,80.2724
8/14/2007,62.247,80.4752
8/15/2007,62.259,80.0182
8/16/2007,62.199,80.0277
8/17/2007,63.039,79.8458
8/20/2007,63,79.9394
8/21/2007,63.217,79.8317
8/22/2007,62.635,80.1282
8/23/2007,63.119,79.8751
8/24/2007,63.596,79.8441
8/27/2007,63.715,79.9621
8/28/2007,63.845,79.742
8/29/2007,63.793,79.8529
8/30/2007,63.695,79.9165
8/31/2007,63.783,79.9693
9/3/2007,63.484,80.2061
9/4/2007,63.351,80.1078
9/5/2007,63.381,80.0519
9/6/2007,63.629,80.1598
9/7/2007,63.734,80.328
9/10/2007,64.278,80.4129
9/11/2007,65.056,80.2198
9/12/2007,64.912,80.1529
9/13/2007,64.357,80.0701
9/14/2007,63.978,80.1902
9/17/2007,64.195,80.0503
9/18/2007,63.941,80.1579
9/19/2007,63.726,80.1957
9/20/2007,63.556,80.2245
9/21/2007,63.6,80.273
9/24/2007,63.692,80.569
9/25/2007,63.724,80.4849
9/26/2007,63.875,80.2917
9/27/2007,63.916,80.2714
9/28/2007,63.841,80.4682
10/1/2007,63.781,80.317
10/2/2007,63.544,81.2819
10/3/2007,63.948,81.6265
10/4/2007,63.349,80.8144
10/5/2007,63.202,82.3271
10/8/2007,62.273,82.5238
10/9/2007,62.184,82.4182
10/10/2007,62.242,82.1961
10/11/2007,62.49,81.788
10/12/2007,61.865,81.9274
10/15/2007,62.452,81.7613
10/16/2007,62.755,82.1651
10/17/2007,62.764,82.0536
10/18/2007,62.844,82.1866
10/19/2007,63.01,82.5822
10/22/2007,62.472,82.5969
10/23/2007,62.86,82.4781
10/24/2007,62.79,82.4953
10/25/2007,63.031,82.684
10/26/2007,63.372,82.667
10/29/2007,63.069,82.8458
10/30/2007,63.167,83.1396
10/31/2007,63.104,82.5
11/1/2007,62.452,83.3044
11/2/2007,62.694,83.2906
11/5/2007,63.313,83.4474
11/6/2007,63.432,83.4135
11/7/2007,63.709,83.3012
11/8/2007,63.284,83.2036
11/9/2007,62.961,83.2868
11/12/2007,62.602,83.1149
11/13/2007,62.788,82.9574
11/14/2007,62.887,82.8401
11/15/2007,63.24,82.9135
11/16/2007,63.732,83.1002
11/19/2007,63.305,83.1615
11/20/2007,63.746,83.0609
11/21/2007,64.1,83.1688
11/22/2007,64.061,83.0661
11/23/2007,63.457,82.9802
11/26/2007,63.358,83.1906
11/27/2007,63.512,83.3197
11/28/2007,63.184,83.3818
11/29/2007,63.02,83.435
11/30/2007,63.133,83.3682
12/3/2007,62.045,83.1014
12/4/2007,62.015,83.1136
12/5/2007,61.861,82.7932
12/6/2007,60.981,82.2388
12/7/2007,61.086,82.7694
12/10/2007,61.109,83.033
12/11/2007,60.683,82.5753
12/12/2007,60.344,82.7136
12/13/2007,60.215,82.7049
12/14/2007,59.777,83.0572
12/17/2007,59.63,82.8673
12/18/2007,60.547,83.0315
12/19/2007,59.856,83.0646
12/20/2007,59.728,83.2019
12/21/2007,59.619,83.2069
12/24/2007,59.507,83.2005
12/27/2007,60.205,83.2987
12/28/2007,60.641,83.3131
12/31/2007,60.724,83.2638
1/2/2008,60.47,83.0656
1/3/2008,60.6,83.0032
1/4/2008,60.337,82.9853
1/7/2008,60.217,83.073
1/8/2008,59.945,83.1052
1/9/2008,59.546,83.0006
1/10/2008,59.733,83.1599
1/11/2008,60.24,83.1286
1/14/2008,60.392,83.1323
1/15/2008,60.288,83.0826
1/16/2008,60.233,82.7507
1/17/2008,59.866,82.7163
1/18/2008,59.723,82.9259
1/21/2008,59.593,82.6122
1/22/2008,59.947,82.6467
1/23/2008,59.87,82.4817
1/24/2008,60.309,82.4078
1/25/2008,60.018,82.6241
1/28/2008,60.237,82.7287
1/29/2008,59.86,83.2579
1/30/2008,60.084,83.2512
1/31/2008,60.224,83.686
2/1/2008,60.055,83.9189
2/4/2008,60.28,83.9565
2/5/2008,59.34,83.8329
2/6/2008,59.361,84.0903
2/7/2008,59.004,84.2906
2/8/2008,58.894,84.2505
2/11/2008,59.491,84.2152
2/12/2008,59.112,84.0742
2/13/2008,59.657,83.9643
2/14/2008,59.879,83.9995
2/15/2008,59.723,82.8838
2/18/2008,59.451,82.9348
2/19/2008,59.853,82.1187
2/20/2008,59.723,82.3561
2/21/2008,59.784,82.209
2/22/2008,60.268,81.979
2/25/2008,60.083,81.7911
2/26/2008,60.121,81.6778
2/27/2008,60.507,81.1973
2/28/2008,61.013,80.7842
2/29/2008,61.153,80.8027
3/3/2008,61.724,80.6769
3/4/2008,61.66,81.2597
3/5/2008,61.946,81.5688
3/6/2008,61.889,81.5775
3/7/2008,63.21,81.6317
3/10/2008,62.817,81.3443
3/11/2008,63.208,81.7932
3/12/2008,63.843,81.8451
3/13/2008,64.489,81.5496
3/14/2008,64.648,81.3532
3/17/2008,65.761,80.9334
3/18/2008,65.134,80.297
3/19/2008,65.122,80.7542
3/20/2008,63.697,80.0598
3/25/2008,64.425,80.2207
3/26/2008,65.322,79.7915
3/27/2008,66.017,80.0058
3/28/2008,65.964,79.6668
3/31/2008,65.715,79.7012
4/1/2008,64.911,79.7612
4/2/2008,64.638,79.4111
4/3/2008,64.355,79.8114
4/4/2008,65.325,79.9167
4/7/2008,65.471,79.6363
4/8/2008,65.287,79.3159
4/9/2008,65.499,79.0083
4/10/2008,65.961,78.7963
4/11/2008,65.549,79.1521
4/14/2008,66.015,79.1485
4/15/2008,66.003,78.8282
4/16/2008,66.778,78.9127
4/17/2008,66.559,79.1687
4/18/2008,66.158,78.8811
4/21/2008,66.621,78.7912
4/22/2008,66.512,78.1164
4/23/2008,66.836,78.4297
4/24/2008,66.19,78.8564
4/25/2008,65.378,78.8316
4/28/2008,66.036,79.0836
4/29/2008,65.686,78.5458
4/30/2008,65.61,78.3296
5/2/2008,65.233,78.526
5/5/2008,65.218,78.6159
5/6/2008,65.753,78.5809
5/7/2008,65.724,78.3575
5/8/2008,65.509,78.0929
5/9/2008,65.859,77.7505
5/12/2008,65.848,77.5032
5/13/2008,66.124,77.6166
5/14/2008,66.241,77.6881
5/15/2008,66.175,77.7155
5/16/2008,66.262,77.6095
5/19/2008,66.693,77.499
5/20/2008,67.318,77.4072
5/21/2008,68.029,77.6797
5/22/2008,68.542,77.3914
5/23/2008,68.454,77.6524
5/26/2008,68.623,77.7943
5/27/2008,68.792,77.7554
5/28/2008,68.393,77.7983
5/29/2008,68.191,77.5515
5/30/2008,67.824,77.647
6/2/2008,67.361,77.5589
6/3/2008,68.212,77.8356
6/4/2008,67.996,77.7974
6/5/2008,67.915,77.9708
6/6/2008,68.837,77.9745
6/9/2008,69.45,77.5504
6/10/2008,69.052,77.913
6/11/2008,68.941,78.0192
6/12/2008,68.552,78.1149
6/13/2008,68.268,78.0614
6/16/2008,68.638,78.0955
6/17/2008,68.199,78.1054
6/18/2008,68.58,77.9171
6/19/2008,68.898,77.9099
6/20/2008,69.191,77.676
6/23/2008,69.068,77.8242
6/24/2008,69.2,77.5843
6/25/2008,69.416,77.4942
6/26/2008,69.932,77.5275
6/27/2008,70.394,77.6071
6/30/2008,70.867,77.8882
7/1/2008,71.153,77.7281
7/2/2008,71.34,77.733
7/3/2008,72.118,77.7669
7/4/2008,71.162,77.5132
7/7/2008,71.369,77.4364
7/8/2008,71.823,77.4192
7/9/2008,71.346,77.152
7/10/2008,71.511,77.1493
7/11/2008,72.263,77.1559
7/14/2008,71.652,77.2782
7/15/2008,72.651,77.1848
7/16/2008,72.235,77.1425
7/17/2008,70.631,77.3189
7/18/2008,70.025,76.9278
7/21/2008,70.14,76.8456
7/22/2008,70.76,76.7619
7/23/2008,69.032,76.8075
7/24/2008,69.065,76.8136
7/25/2008,69.143,76.8274
7/28/2008,69.125,76.6414
7/29/2008,69.691,76.4322
7/30/2008,68.818,75.8195
7/31/2008,68.9,75.9138
8/1/2008,68.88,75.5926
8/4/2008,68.72,75.7973
8/5/2008,68.14,75.8127
8/6/2008,67.75,75.708
8/7/2008,67.76,75.7065
8/8/2008,66.7,75.9794
8/11/2008,66.53,75.4011
8/12/2008,66.58,75.6928
8/13/2008,66.56,75.7594
8/14/2008,66.86,75.6362
8/15/2008,66.5,75.9498
8/18/2008,66.63,76.3284
8/19/2008,66.71,76.2562
8/20/2008,67.34,76.1146
8/21/2008,67.35,76.338
8/22/2008,67.38,76.3998
8/25/2008,67.29,76.1355
8/26/2008,67.16,76.1628
8/27/2008,67.34,76.1131
8/28/2008,67.5,76.0063
8/29/2008,67.76,75.4057
9/1/2008,67.67,75.178
9/2/2008,67.43,74.8581
9/3/2008,67.21,75.0426
9/4/2008,67.48,74.9269
9/5/2008,66.77,74.9273
9/8/2008,66.13,75.3086
9/9/2008,66.06,75.3583
9/10/2008,66.32,75.3127
9/11/2008,65.82,75.1564
9/12/2008,65.88,74.8329
9/15/2008,66.51,75.0084
9/16/2008,67.35,74.8475
9/17/2008,66.95,74.879
9/18/2008,68.2,74.9947
9/19/2008,65.98,74.5215
9/22/2008,67.35,74.727
9/23/2008,68.26,74.646
9/24/2008,68.01,74.5849
9/25/2008,68.27,74.5339
9/26/2008,68.22,74.4091
9/29/2008,67.32,74.18
9/30/2008,67.3,74.1648
10/1/2008,66.67,74.1519
10/2/2008,65.35,74.067
10/3/2008,65.05,74.0866
10/6/2008,64.49,73.8195
10/7/2008,64.48,73.9559
10/8/2008,65.5,73.8036
10/9/2008,64.72,73.9988
10/10/2008,64.85,73.9012
10/13/2008,64.24,74.0678
10/14/2008,64.85,73.8543
10/15/2008,64.65,73.6304
10/16/2008,64.97,73.8066
10/17/2008,64.21,73.8009
10/20/2008,64.3,74.1587
10/21/2008,63.76,74.4614
10/22/2008,62.35,74.2732
10/23/2008,62.37,74.2296
10/24/2008,61.49,74.0883
10/27/2008,61.55,73.648
10/28/2008,61.59,73.5638
10/29/2008,62.57,73.4474
10/30/2008,63.09,73.3738
10/31/2008,62.19,73.1883
11/3/2008,62.21,73.0805
11/4/2008,61.92,73.1032
11/5/2008,61.71,72.8886
11/6/2008,62.04,72.9515
11/7/2008,62.06,72.811
11/10/2008,62.5,72.8049
11/11/2008,62.08,72.3608
11/12/2008,61.2,72.3271
11/13/2008,61.75,72.0723
11/14/2008,62.37,72.1032
11/17/2008,62.41,72.1088
11/18/2008,63.01,71.9654
11/19/2008,63.09,72.5216
11/20/2008,62.76,72.8736
11/21/2008,62.83,72.6419
11/24/2008,63.72,72.9108
11/25/2008,63.38,72.9831
11/26/2008,63.54,73.7515
11/27/2008,63.03,73.9077
11/28/2008,62.3,73.774
12/1/2008,61.72,73.8637
12/2/2008,62.75,74.7049
12/3/2008,62.23,75.1169
12/4/2008,62.36,74.9243
12/5/2008,62.12,74.5304
12/8/2008,62.47,74.7575
12/9/2008,62.32,75.1408
12/10/2008,62.47,75.5401
12/11/2008,63.13,75.3364
12/12/2008,64.23,75.5694
12/15/2008,64.38,76.0267
12/16/2008,65.16,76.2355
12/17/2008,65.94,76.1067
12/18/2008,68.26,76.4409
12/19/2008,65.38,76.2245
12/22/2008,66.1,76.394
12/23/2008,66.33,76.4123
12/24/2008,66.54,76.2547
12/29/2008,67.74,75.8307
12/30/2008,67.04,75.9782
12/31/2008,65.93,75.3969
1/2/2009,65.31,75.2835
1/5/2009,64.08,75.3285
1/6/2009,62.57,75.4056
1/7/2009,63.15,75.5561
1/8/2009,63.73,75.31
1/9/2009,64.52,75.5266
1/12/2009,63.69,75.318
1/13/2009,63.01,75.4539
1/14/2009,62.08,75.1966
1/15/2009,62.02,75.1128
1/16/2009,62.63,75.0916
1/19/2009,62.13,75.0573
1/20/2009,61.42,75.0319
1/21/2009,61.32,74.3363
1/22/2009,61.41,74.4583
1/23/2009,60.58,74.0375
1/26/2009,61.51,73.8113
1/27/2009,61.58,73.9812
1/28/2009,61.67,73.5773
1/29/2009,61.37,73.6964
1/30/2009,59.66,73.563
2/2/2009,59.82,73.4144
2/3/2009,61.22,73.5822
2/4/2009,60.35,73.6929
2/5/2009,60.72,73.5051
2/6/2009,60.4,73.2681
2/9/2009,61.14,73.3686
2/10/2009,60.54,73.2678
2/11/2009,60.8,73.3306
2/12/2009,60.6,73.0538
2/13/2009,60.35,72.8704
2/16/2009,60.59,72.9204
2/17/2009,60.45,72.9642
2/18/2009,60.11,73.1685
2/19/2009,60.87,73.4084
2/20/2009,60.76,73.2292
2/23/2009,61.37,73.3887
2/24/2009,61.45,73.2198
2/25/2009,61.61,73.2682
2/26/2009,61.9,73.6128
2/27/2009,61.58,73.4015
3/2/2009,61.74,73.7621
3/3/2009,61.56,73.5695
3/4/2009,60.95,73.5357
3/5/2009,60.92,73.5005
3/6/2009,61.23,73.4515
3/9/2009,60.95,73.4165
3/10/2009,61.69,73.4912
3/11/2009,61.76,73.4184
3/12/2009,62.06,73.5004
3/13/2009,62.52,73.3533
3/16/2009,63.05,73.1871
3/17/2009,62.41,73.5257
3/18/2009,63.48,73.4955
3/19/2009,65.83,73.474
3/20/2009,65.36,73.342
3/23/2009,65.06,73.135
3/24/2009,64.96,72.8483
3/25/2009,64.88,72.8913
3/26/2009,65.53,72.7074
3/27/2009,64.08,72.2809
3/30/2009,63.98,71.9824
3/31/2009,64.32,72.0469
4/1/2009,63.93,72.1254
4/2/2009,64.21,72.078
4/3/2009,64.25,72.0595
4/6/2009,64.46,72.0809
4/7/2009,63.33,72.0279
4/8/2009,63.34,72.1582
4/9/2009,63.63,71.9644
4/14/2009,63.08,71.7759
4/15/2009,62.79,71.7118
4/16/2009,62.81,71.8732
4/17/2009,62.37,71.839
4/20/2009,62.3,71.6694
4/21/2009,62.7,71.7514
4/22/2009,63.033,71.45
4/23/2009,63.28,71.2671
4/24/2009,63.874,71.4946
4/27/2009,63.734,71.1641
4/28/2009,63.485,71.2657
4/29/2009,64.713,71.4391
4/30/2009,63.924,71.9113
5/4/2009,63.574,71.777
5/5/2009,64.051,71.9845
5/6/2009,63.515,71.9955
5/7/2009,63.152,71.8073
5/8/2009,63.185,71.7808
5/11/2009,64.098,71.3108
5/12/2009,64.443,71.0997
5/13/2009,64.376,71.3798
5/14/2009,64.706,71.2776
5/15/2009,64.313,71.4114
5/18/2009,64.045,71.3634
5/19/2009,64.169,71.1372
5/20/2009,64.59,71.0415
5/21/2009,65.059,70.0228
5/22/2009,65.613,70.079
5/25/2009,65.674,69.9415
5/26/2009,65.721,69.8543
5/27/2009,65.698,70.0699
5/28/2009,65.504,70.2877
5/29/2009,66.516,69.8732
6/1/2009,66.779,70.0856
6/2/2009,67.291,69.7731
6/3/2009,66.967,69.7985
6/4/2009,66.481,69.7889
6/5/2009,67.016,69.4713
6/8/2009,65.877,69.438
6/9/2009,66.302,69.4863
6/10/2009,66.846,69.6228
6/11/2009,66.746,70.1704
6/12/2009,66.418,70.1681
6/15/2009,67.054,70.2334
6/16/2009,66.921,70.2048
6/17/2009,66.845,70.347
6/18/2009,67.322,70.0619
6/19/2009,67.36,69.3978
6/22/2009,66.871,69.3142
6/23/2009,67.5,69.233
6/24/2009,67.514,68.8967
6/25/2009,67.111,69.1341
6/26/2009,67.921,69.1654
6/29/2009,67.783,69.019
6/30/2009,67.865,69.2522
7/1/2009,67.623,69.2537
7/2/2009,67.569,69.58
7/3/2009,67.282,69.6236
7/6/2009,67.069,69.8696
7/7/2009,67.591,69.6797
7/8/2009,67.049,69.3001
7/9/2009,67.306,69.2829
7/10/2009,67.026,69.058
7/13/2009,67.508,68.8713
7/14/2009,67.362,68.9354
7/15/2009,67.5,68.9552
7/16/2009,67.739,68.8612
7/17/2009,67.567,69.0112
7/20/2009,68.141,68.6572
7/21/2009,68.161,68.819
7/22/2009,68.065,69.0623
7/23/2009,68.426,68.9331
7/24/2009,68.387,68.5249
7/27/2009,68.535,68.7384
7/28/2009,68.334,68.7365
7/29/2009,67.859,68.6427
7/30/2009,67.602,68.7768
7/31/2009,67.941,68.6742
8/3/2009,68.742,68.4223
8/4/2009,68.824,68.4527
8/5/2009,68.976,68.4365
8/6/2009,68.626,68.2632
8/7/2009,68.557,68.2689
8/10/2009,67.729,68.0916
8/11/2009,67.596,68.2261
8/12/2009,68.102,68.309
8/13/2009,68.495,68.1909
8/14/2009,68.695,68.0427
8/17/2009,68.076,68.0305
8/18/2009,68.047,68.0324
8/19/2009,68.442,68.3054
8/20/2009,68.964,67.8745
8/21/2009,69.378,67.6702
8/24/2009,69.28,67.8031
8/25/2009,69.3,67.8151
8/26/2009,69.543,67.865
8/27/2009,69.734,67.8083
8/28/2009,70.092,67.9073
8/31/2009,69.667,67.7047
9/1/2009,69.773,67.5797
9/2/2009,69.534,67.4902
9/3/2009,69.824,67.4346
9/4/2009,69.337,67.4697
9/7/2009,69.677,67.5747
9/8/2009,69.979,67.5469
9/9/2009,70.297,67.5595
9/10/2009,70.343,67.8372
9/11/2009,70.528,67.2916
9/14/2009,70.614,67.166
9/15/2009,70.622,67.1864
9/16/2009,70.492,66.9721
9/17/2009,70.247,66.9266
9/18/2009,70.143,67.1621
9/21/2009,69.903,66.8789
9/22/2009,70.238,66.5151
9/23/2009,70.131,66.5876
9/24/2009,69.859,66.8732
9/25/2009,69.412,67.0003
9/28/2009,69.758,66.7765
9/29/2009,69.24,66.7184
9/30/2009,69.318,66.6739
10/1/2009,68.414,66.4738
10/2/2009,68.368,66.2879
10/5/2009,68.257,66.2946
10/6/2009,68.592,66.2818
10/7/2009,68.474,66.1147
10/8/2009,68.591,66.5629
10/9/2009,68.528,66.8498
10/12/2009,68.786,66.8107
10/13/2009,69.055,66.8762
10/14/2009,69.12,67.0455
10/15/2009,68.85,67.0513
10/16/2009,69.384,67.0155
10/19/2009,69.624,67.1947
10/20/2009,69.88,67.5794
10/21/2009,69.994,67.5729
10/22/2009,70.59,67.5297
10/23/2009,70.564,67.592
10/26/2009,70.575,67.4986
10/27/2009,70.308,67.5112
10/28/2009,70.189,67.4605
10/29/2009,70.594,67.5986
10/30/2009,70.481,67.4545
11/2/2009,70.481,67.2377
11/3/2009,69.995,67.143
11/4/2009,70.157,66.9061
11/5/2009,70.787,66.6955
11/6/2009,70.149,66.6437
11/9/2009,70.271,66.7195
11/10/2009,70.186,66.8113
11/11/2009,70.256,66.7572
11/12/2009,69.935,66.6424
11/13/2009,69.389,66.7041
11/16/2009,69.704,66.6798
11/17/2009,69.471,66.5159
11/18/2009,69.944,66.3719
11/19/2009,69.973,66.2853
11/20/2009,69.779,66.578
11/23/2009,70.192,66.7472
11/24/2009,70.448,66.6933
11/25/2009,70.468,66.8799
11/26/2009,70.548,67.3887
11/27/2009,70.413,67.7165
11/30/2009,70.918,67.8514
12/1/2009,70.632,67.8149
12/2/2009,70.184,67.8073
12/3/2009,69.928,68.0061
12/4/2009,69.313,68.1712
12/7/2009,68.174,68.1336
12/8/2009,68.045,68.1497
12/9/2009,68.41,68.2515
12/10/2009,68.075,68.3637
12/11/2009,68.082,68.1418
12/14/2009,67.501,68.2854
12/15/2009,67.167,67.9943
12/16/2009,67.344,68.3599
12/17/2009,66.852,68.2091
12/18/2009,66.818,68.3788
12/21/2009,67.077,68.2013
12/22/2009,66.389,68.3803
12/23/2009,66.403,69.2294
12/24/2009,66.969,68.9898
12/28/2009,66.735,68.9121
12/29/2009,66.7,69.0341
12/30/2009,66.226,69.1515
12/31/2009,66.507,68.7088
1/4/2010,66.1,69.0009
1/5/2010,66.311,68.8571
1/6/2010,66.017,68.8595
1/7/2010,65.559,68.6121
1/8/2010,65.386,68.5235
1/11/2010,66.219,68.3396
1/12/2010,66.106,68.2763
1/13/2010,66.781,68.145
1/14/2010,66.276,68.036
1/15/2010,65.867,68.2557
1/18/2010,65.957,68.4088
1/19/2010,65.473,68.2828
1/20/2010,65.119,68.1648
1/21/2010,64.685,68.2914
1/22/2010,65.28,68.2758
1/25/2010,65.43,68.2923
1/26/2010,65.625,68.3651
1/27/2010,65.702,68.325
1/28/2010,65.232,67.8384
1/29/2010,64.922,67.625
2/1/2010,64.871,67.5168
2/2/2010,64.638,67.6327
2/3/2010,64.454,67.6563
2/4/2010,63.945,67.7173
2/5/2010,63.75,67.6903
2/8/2010,63.705,67.616
2/9/2010,63.836,67.57
2/10/2010,63.8,67.7606
2/11/2010,63.404,67.752
2/12/2010,62.779,67.9105
2/15/2010,62.973,67.7777
2/16/2010,62.934,67.5869
2/17/2010,63.112,67.6644
2/18/2010,62.641,67.7466
2/19/2010,62.55,67.6427
2/22/2010,62.89,67.7238
2/23/2010,62.516,67.7076
2/24/2010,62.532,67.6748
2/25/2010,62.422,67.7263
2/26/2010,62.596,67.5197
3/1/2010,62.379,67.6885
3/2/2010,62.435,67.8512
3/3/2010,62.765,67.853
3/4/2010,63.002,67.9722
3/5/2010,62.541,67.8571
3/8/2010,62.604,67.9914
3/9/2010,62.035,68.4277
3/10/2010,62.128,68.4789
3/11/2010,62.434,68.4592
3/12/2010,62.856,68.5687
3/15/2010,62.655,68.4953
3/16/2010,62.74,68.6137
3/17/2010,62.711,68.591
3/18/2010,62.416,68.6172
3/19/2010,61.698,68.421
3/22/2010,61.53,68.4256
3/23/2010,61.632,68.3037
3/24/2010,60.746,68.4699
3/25/2010,60.906,68.6494
3/26/2010,60.769,68.3343
3/29/2010,61.029,68.3055
3/30/2010,61.056,68.1876
3/31/2010,60.92,68.0819
4/1/2010,60.838,68.2126
4/6/2010,60.19,68.1655
4/7/2010,59.766,68.0284
4/8/2010,59.764,68.1034
4/9/2010,59.785,68.0649
4/12/2010,60.776,67.8462
4/13/2010,60.686,67.8998
4/14/2010,60.615,67.8963
4/15/2010,60.072,67.6405
4/16/2010,60.07,67.7677
4/19/2010,59.941,67.8198
4/20/2010,60.094,67.9405
4/21/2010,59.338,68.0028
4/22/2010,59.154,67.823
4/23/2010,59.006,67.7943
4/26/2010,58.918,67.6853
4/27/2010,59.038,67.638
4/28/2010,59.338,67.6792
4/29/2010,59.186,67.6593
4/30/2010,59.188,67.6278
5/3/2010,59.084,67.3348
5/4/2010,58.437,67.5258
5/5/2010,58.178,67.4265
5/6/2010,57.769,67.4314
5/7/2010,58.063,67.4856
5/10/2010,58.84,67.537
5/11/2010,57.15,67.5365
5/12/2010,57.14,67.4512
5/13/2010,56.389,67.3135
5/14/2010,55.924,67.5617
5/17/2010,55.814,67.5565
5/18/2010,56.224,67.5878
5/19/2010,56.152,67.4647
5/20/2010,56.72,67.4178
5/21/2010,58.111,67.2563
5/24/2010,57.547,67.3931
5/25/2010,57.591,67.0516
5/26/2010,57.496,67.0299
5/27/2010,56.951,66.999
5/28/2010,57.118,66.905
5/31/2010,56.918,66.8452
6/1/2010,56.709,66.7493
6/2/2010,57.089,66.7028
6/3/2010,56.846,66.3793
6/4/2010,55.84,66.3579
6/7/2010,56.01,66.2367
6/8/2010,55.725,65.9869
6/9/2010,55.947,66.258
6/10/2010,56.241,66.324
6/11/2010,56.556,66.2162
6/14/2010,56.881,66.0057
6/15/2010,57.053,65.9836
6/16/2010,56.76,65.9469
6/17/2010,57.102,66.0242
6/18/2010,56.783,65.8683
6/21/2010,56.35,65.8457
6/22/2010,55.998,65.727
6/23/2010,56.506,65.6282
6/24/2010,56.843,65.3745
6/25/2010,57.11,65.3683
6/28/2010,57.24,65.2766
6/29/2010,56.609,65.2281
6/30/2010,56.873,65.134
7/1/2010,57.301,64.9774
7/2/2010,58.385,65.01
7/5/2010,58.213,64.9434
7/6/2010,58.363,64.9216
7/7/2010,58.512,64.9565
7/8/2010,58.775,64.91
7/9/2010,58.359,65.0557
7/12/2010,58.178,64.7641
7/13/2010,58.376,64.8498
7/14/2010,58.756,65.3065
7/15/2010,59.405,65.4174
7/16/2010,60.177,65.1652
7/19/2010,60.15,65.1648
7/20/2010,59.657,64.9536
7/21/2010,59.557,64.8692
7/22/2010,59.756,65.1137
7/23/2010,59.715,65.1123
7/26/2010,59.667,65.1476
7/27/2010,59.676,65.1039
7/28/2010,59.526,64.9497
7/29/2010,59.729,64.9756
7/30/2010,59.343,64.9598
8/2/2010,59.214,64.4989
8/3/2010,59.654,64.5882
8/4/2010,59.742,64.6943
8/5/2010,59.361,64.661
8/6/2010,59.151,64.9708
8/9/2010,59.544,65.1821
8/10/2010,58.987,65.5648
8/11/2010,58.856,65.2837
8/12/2010,58.15,65.4185
8/13/2010,58.09,65.3195
8/16/2010,58.272,65.3863
8/17/2010,58.055,65.4181
8/18/2010,58.068,65.4088
8/19/2010,57.676,65.6365
8/20/2010,57.288,65.6501
8/23/2010,57.226,66.005
8/24/2010,57.411,66.0101
8/25/2010,57.105,65.917
8/26/2010,57.33,66.1194
8/27/2010,57.47,66.0962
8/30/2010,57.282,66.3187
8/31/2010,57.456,66.3204
9/1/2010,57.74,66.3435
9/2/2010,57.558,66.5004
9/3/2010,57.29,66.43
9/6/2010,57.138,66.6533
9/7/2010,56.789,66.9184
9/8/2010,56.299,67.2232
9/9/2010,56.095,66.9016
9/10/2010,55.95,67.2361
9/13/2010,56.512,67.387
9/14/2010,57.051,67.2418
9/15/2010,57.51,67.2353
9/16/2010,57.87,67.0012
9/17/2010,57.7,66.5674
9/20/2010,57.576,66.8777
9/21/2010,57.613,66.9816
9/22/2010,58.611,66.6684
9/23/2010,58.779,66.6801
9/24/2010,58.853,66.5854
9/27/2010,59.158,66.798
9/28/2010,59.26,66.5328
9/29/2010,59.752,66.4536
9/30/2010,59.869,66.5954
10/1/2010,60.066,66.3752
10/4/2010,59.916,66.4638
10/5/2010,60.27,66.7412
10/6/2010,60.275,66.6105
10/7/2010,60.67,66.7044
10/8/2010,60.328,66.8443
10/11/2010,60.605,66.9932
10/12/2010,60.477,67.3721
10/13/2010,60.733,67.0882
10/14/2010,60.944,67.4214
10/15/2010,60.847,67.2119
10/18/2010,60.142,67.054
10/19/2010,60.121,67.4769
10/20/2010,60.149,67.5083
10/21/2010,60.552,67.649
10/22/2010,60.375,67.841
10/25/2010,60.347,67.5656
10/26/2010,60.064,67.4181
10/27/2010,59.646,67.0364
10/28/2010,59.726,67.2963
10/29/2010,59.741,67.4494
11/1/2010,59.739,67.609
11/2/2010,59.847,67.6579
11/3/2010,59.472,67.8328
11/4/2010,60.217,67.8885
11/5/2010,60.043,67.97
11/8/2010,60.058,68.084
11/9/2010,60.236,68.1733
11/10/2010,59.62,68.0096
11/11/2010,60.089,67.7639
11/12/2010,59.976,67.5521
11/15/2010,59.565,67.7483
11/16/2010,59.566,67.6389
11/17/2010,59.299,67.5031
11/18/2010,59.35,67.7675
11/19/2010,59.848,67.9069
11/22/2010,60.097,67.5952
11/23/2010,59.848,67.6545
11/24/2010,58.8,67.5836
11/25/2010,58.708,67.7019
11/26/2010,58.626,67.8979
11/29/2010,58.31,67.7142
11/30/2010,57.361,67.655
12/1/2010,57.184,67.8083
12/2/2010,57.464,67.7641
12/3/2010,58.062,67.9555
12/6/2010,58.097,67.8068
12/7/2010,58.239,67.7146
12/8/2010,57.641,67.975
12/9/2010,57.748,68.175
12/10/2010,57.85,67.9953
12/13/2010,58.247,68.1333
12/14/2010,58.698,67.8499
12/15/2010,58.706,67.7391
12/16/2010,58.473,67.923
12/17/2010,58.737,67.8927
12/20/2010,58.467,68.1266
12/21/2010,58.342,68.1543
12/22/2010,57.958,68.2413
12/23/2010,57.703,68.3414
12/24/2010,57.713,68.503
12/27/2010,57.882,68.4025
12/28/2010,57.93,68.3204
12/29/2010,57.601,68.2152
12/30/2010,58.108,68.1359
12/31/2010,58.3,67.8832
1/3/2011,58.436,67.6877
1/4/2011,58.516,67.5624
1/5/2011,57.896,67.9569
1/6/2011,57.496,67.7937
1/7/2011,57.455,67.8463
1/10/2011,57.308,67.665
1/11/2011,57.19,67.3718
1/12/2011,57.017,67.0668
1/13/2011,58.275,67.3461
1/14/2011,59.202,67.2762
1/17/2011,59.227,67.0821
1/18/2011,59.527,67.3084
1/19/2011,59.736,67.4415
1/20/2011,60.043,67.2572
1/21/2011,60.127,67.266
1/24/2011,60.531,67.528
1/25/2011,60.624,67.4795
1/26/2011,60.606,67.5346
1/27/2011,60.499,67.5396
1/28/2011,60.457,67.8271
1/31/2011,60.7,67.3962
2/1/2011,60.722,67.3032
2/2/2011,60.583,67.1839
2/3/2011,60.383,67.6503
2/4/2011,59.575,67.745
2/7/2011,58.855,68.1079
2/8/2011,59.052,68.0321
2/9/2011,59.383,67.9783
2/10/2011,59.466,67.3557
2/11/2011,59.354,67.2503
2/14/2011,58.667,67.526
2/15/2011,58.919,67.3621
2/16/2011,58.818,67.3112
2/17/2011,58.783,67.1856
2/18/2011,58.974,67.1657
2/21/2011,59.328,66.9301
2/22/2011,59.704,66.9588
2/23/2011,59.849,66.7296
2/24/2011,60.318,66.918
2/25/2011,60.191,66.9319
2/28/2011,60.228,66.9161
3/1/2011,60.026,67.0537
3/2/2011,60.002,66.9216
3/3/2011,60.068,66.9631
3/4/2011,60.339,66.8782
3/7/2011,60.659,66.8513
3/8/2011,60.487,66.8438
3/9/2011,60.318,66.9833
3/10/2011,60.066,66.9513
3/11/2011,60.172,66.9403
3/14/2011,60.727,66.974
3/15/2011,60.818,66.9824
3/16/2011,61.117,66.83
3/17/2011,61.477,66.9005
3/18/2011,61.662,66.8786
3/21/2011,61.816,67.0981
3/22/2011,61.594,67.0118
3/23/2011,61.345,66.8192
3/24/2011,61.342,66.4889
3/25/2011,61.084,66.3074
3/28/2011,61.002,66.5788
3/29/2011,61.22,66.7327
3/30/2011,61.119,66.6678
3/31/2011,61.559,66.779
4/1/2011,61.348,67.0803
4/4/2011,61.723,66.9645
4/5/2011,61.459,67.0569
4/6/2011,61.641,66.8359
4/7/2011,61.531,66.9389
4/8/2011,61.908,66.7985
4/11/2011,62.282,66.9207
4/12/2011,62.424,67.0601
4/13/2011,62.654,67.2424
4/14/2011,62.41,67.3627
4/15/2011,62.493,67.5714
4/18/2011,61.758,67.6461
4/19/2011,61.973,67.612
4/20/2011,62.68,67.9266
4/21/2011,62.912,67.8753
4/26/2011,63.231,68.1287
4/27/2011,63.365,67.9127
4/28/2011,63.596,67.8921
4/29/2011,63.475,68.0205
5/2/2011,63.25,68.0874
5/3/2011,63.415,68.1482
5/4/2011,63.864,68.1984
5/5/2011,63.809,68.1576
5/6/2011,62.517,68.4766
5/9/2011,61.892,68.4759
5/10/2011,61.695,68.5005
5/11/2011,61.557,68.7721
5/12/2011,61.036,68.8667
5/13/2011,61.67,68.9657
5/16/2011,61.23,69.2791
5/17/2011,61.422,68.9978
5/18/2011,61.477,69.1974
5/19/2011,61.601,69.4278
5/20/2011,61.528,69.7987
5/23/2011,61.008,69.9037
5/24/2011,61.169,69.4769
5/25/2011,61.268,70.1864
5/26/2011,61.562,70.3126
5/27/2011,61.77,70.1275
5/30/2011,61.888,70.2022
5/31/2011,62.333,70.4232
6/1/2011,62.177,70.4623
6/2/2011,62.501,70.6333
6/3/2011,62.642,70.7711
6/6/2011,63.093,70.6325
6/7/2011,63.321,70.232
6/8/2011,63.321,70.8945
6/9/2011,63.297,70.7319
6/10/2011,62.729,71.2045
6/13/2011,62.324,70.9598
6/14/2011,62.499,71.2378
6/15/2011,62.18,71.0892
6/16/2011,61.608,70.9832
6/17/2011,62.426,71.3312
6/20/2011,62.193,71.3867
6/21/2011,62.568,71.4248
6/22/2011,62.432,71.3981
6/23/2011,61.794,71.9585
6/24/2011,61.765,71.5738
6/27/2011,61.935,71.4669
6/28/2011,62.098,71.4162
6/29/2011,62.77,71.3693
6/30/2011,62.619,71.1582
7/1/2011,62.511,71.1786
7/4/2011,62.444,71.0773
7/5/2011,62.229,71.5057
7/6/2011,61.526,71.5854
7/7/2011,61.078,71.5946
7/8/2011,60.892,71.697
7/11/2011,60.445,71.8236
7/12/2011,60.309,72.038
7/13/2011,60.493,71.7912
7/14/2011,60.961,72.3965
7/15/2011,60.709,72.1352
7/18/2011,60.463,71.9176
7/19/2011,60.61,71.847
7/20/2011,60.69,71.5143
7/21/2011,60.641,71.3756
7/22/2011,60.92,71.4225
7/25/2011,60.937,71.569
7/26/2011,61.114,71.7752
7/27/2011,60.902,71.5996
7/28/2011,60.176,71.4416
7/29/2011,60.127,71.332
8/1/2011,60.449,71.0467
8/2/2011,59.73,70.7479
8/3/2011,60.398,71.1724
8/4/2011,60.372,71.4139
8/5/2011,60.398,71.5004
8/8/2011,60.549,71.7676
8/9/2011,60.611,72.2627
8/10/2011,61.07,72.179
8/11/2011,60.146,72.3286
8/12/2011,60.621,72.526
8/15/2011,60.698,73.0917
8/16/2011,60.881,72.8864
8/17/2011,61.448,73.1812
8/18/2011,61.041,73.1866
8/19/2011,61.374,73.3069
8/22/2011,61.191,73.377
8/23/2011,61.206,73.4467
8/24/2011,61.186,73.4592
8/25/2011,61.318,73.3579
8/26/2011,61.045,73.4493
8/29/2011,61.516,73.3446
8/30/2011,60.944,73.1418
8/31/2011,61.04,73.2583
9/1/2011,60.503,73.0925
9/2/2011,60.082,72.4159
9/5/2011,59.655,72.625
9/6/2011,59.664,73.2105
9/7/2011,59.407,73.2459
9/8/2011,59.573,73.4828
9/9/2011,58.91,73.5456
9/12/2011,58.503,73.9196
9/13/2011,58.687,74.1458
9/14/2011,59.348,73.9853
9/15/2011,59.678,73.6784
9/16/2011,59.544,73.9506
9/19/2011,59.526,74.0685
9/20/2011,59.608,74.0301
9/21/2011,59.405,73.9419
9/22/2011,58.919,73.8209
9/23/2011,58.564,73.6025
9/26/2011,58.971,73.5887
9/27/2011,58.869,73.5792
9/28/2011,59.175,73.7638
9/29/2011,59.464,73.7349
9/30/2011,59.039,73.9681
10/3/2011,58.61,73.7127
10/4/2011,58.063,73.6728
10/5/2011,58.499,73.751
10/6/2011,58.072,73.5953
10/7/2011,58.458,73.7496
10/10/2011,58.948,73.9595
10/11/2011,59.111,73.7066
10/12/2011,59.782,73.4998
10/13/2011,59.552,73.3698
10/14/2011,59.807,73.497
10/17/2011,59.465,73.5376
10/18/2011,59.256,73.5799
10/19/2011,59.678,73.4152
10/20/2011,59.852,73.5592
10/21/2011,59.959,72.9418
10/24/2011,59.993,72.833
10/25/2011,60.063,72.6451
10/26/2011,60.158,72.3661
10/27/2011,60.146,72.0114
10/28/2011,60.423,71.4923
10/31/2011,59.749,71.6078
11/1/2011,58.289,71.8038
11/2/2011,59.097,71.4534
11/3/2011,59.421,71.4431
11/4/2011,59.064,71.7903
11/7/2011,58.924,71.6705
11/8/2011,59.435,71.3765
11/9/2011,58.797,71.2512
11/10/2011,58.989,71.2779
11/11/2011,59.107,70.91
11/14/2011,59.1,70.8876
11/15/2011,58.909,70.4261
11/16/2011,58.575,70.0734
11/17/2011,58.579,69.9507
11/18/2011,58.927,69.9874
11/21/2011,58.407,69.8359
11/22/2011,58.611,69.8824
11/23/2011,58.336,70.1434
11/24/2011,58.346,69.6119
11/25/2011,58.289,69.6333
11/28/2011,58.392,69.6287
11/29/2011,58.174,69.758
11/30/2011,58.568,69.9663
12/1/2011,58.391,69.5233
12/2/2011,58.293,69.8915
12/5/2011,58.158,69.779
12/6/2011,58.111,69.591
12/7/2011,57.977,69.7278
12/8/2011,58.083,69.8266
12/9/2011,58.318,69.7223
12/12/2011,57.842,69.8268
12/13/2011,57.795,69.8545
12/14/2011,57.435,70.0115
12/15/2011,57.398,69.9989
12/16/2011,57.234,69.9338
12/19/2011,57.273,69.9584
12/20/2011,57.256,69.9711
12/21/2011,56.977,69.9447
12/22/2011,56.989,70.0595
12/23/2011,56.794,70.2363
12/27/2011,57.202,69.8989
12/28/2011,57.484,69.7136
12/29/2011,56.511,69.8427
12/30/2011,56.754,69.8462
1/2/2012,56.703,69.8736
1/3/2012,56.914,70.0774
1/4/2012,56.766,70.4743
1/5/2012,56.579,70.7514
1/6/2012,56.364,70.8688
1/9/2012,56.257,70.8404
1/10/2012,56.335,71.1122
1/11/2012,55.881,70.9853
1/12/2012,56.076,71.0909
1/13/2012,55.904,70.8871
1/16/2012,55.51,70.9989
1/17/2012,55.78,71.0741
1/18/2012,55.612,71.2595
1/19/2012,56.147,71.3672
1/20/2012,55.94,71.4895
1/23/2012,56.344,71.8457
1/24/2012,56.125,72.0876
1/25/2012,55.825,72.0659
1/26/2012,56.178,72.1247
1/27/2012,56.313,71.8722
1/30/2012,56.525,72.0107
1/31/2012,56.506,71.8012
2/1/2012,56.457,71.7843
2/2/2012,55.915,72.0133
2/3/2012,55.986,71.9901
2/6/2012,55.533,72.0889
2/7/2012,55.715,72.0177
2/8/2012,56.109,72.0912
2/9/2012,56.132,72.4427
2/10/2012,56.086,72.4983
2/13/2012,56.28,72.5147
2/14/2012,56.26,72.403
2/15/2012,55.931,72.5213
2/16/2012,55.785,72.3373
2/17/2012,56.143,72.32
2/20/2012,56.485,72.2886
2/21/2012,56.421,71.9584
2/22/2012,56.481,72.4343
2/23/2012,56.893,72.6258
2/24/2012,57.431,72.7688
2/27/2012,57.575,72.9335
2/28/2012,57.753,73.1055
2/29/2012,57.438,73.2697
3/1/2012,57.026,73.5495
3/2/2012,56.482,73.8016
3/5/2012,56.659,73.854
3/6/2012,56.624,73.6385
3/7/2012,56.37,73.6748
3/8/2012,56.43,73.8844
3/9/2012,56.217,74.04
3/12/2012,55.911,73.9441
3/13/2012,55.828,74.1856
3/14/2012,56.025,74.254
3/15/2012,56.154,74.1303
3/16/2012,56.387,73.707
3/19/2012,56.417,73.7466
3/20/2012,56.768,73.847
3/21/2012,56.929,74.1122
3/22/2012,56.74,74.1737
3/23/2012,56.931,74.3626
3/26/2012,57.087,74.5855
3/27/2012,57.26,74.6298
3/28/2012,57.28,74.6022
3/29/2012,57.139,74.4568
3/30/2012,57.281,74.5708
4/2/2012,56.979,74.9121
4/3/2012,56.791,74.9613
4/4/2012,56.361,74.9512
4/5/2012,55.897,74.8894
4/10/2012,56.187,74.8644
4/11/2012,56.201,74.8667
4/12/2012,56.176,74.8735
4/13/2012,56.048,74.7085
4/16/2012,55.694,74.4402
4/17/2012,56.008,74.736
4/18/2012,55.876,74.7897
4/19/2012,55.857,74.8215
4/20/2012,56.21,74.7565
4/23/2012,56.103,74.7462
4/24/2012,56.235,74.4822
4/25/2012,56.314,74.5146
4/26/2012,56.192,74.5871
4/27/2012,55.923,74.5476
4/30/2012,55.699,74.4133
5/2/2012,55.495,74.3497
5/3/2012,55.365,74.24
5/4/2012,55.57,74.2112
5/7/2012,55.246,74.1208
5/8/2012,55.116,74.4014
5/9/2012,55.18,74.1728
5/10/2012,55.039,74.0166
5/11/2012,55.043,73.9327
5/14/2012,55.015,74.2483
5/15/2012,54.773,74.333
5/16/2012,54.786,74.3793
5/17/2012,54.55,74.2452
5/18/2012,54.833,73.8995
5/21/2012,55.089,73.9628
5/22/2012,55.094,73.5735
5/23/2012,55.015,73.7449
5/24/2012,54.789,73.8039
5/25/2012,54.962,73.8583
5/28/2012,54.662,73.3621
5/29/2012,54.305,73.3985
5/30/2012,54.116,73.5957
5/31/2012,53.922,73.6343
6/1/2012,53.661,73.918
6/4/2012,54.046,73.9117
6/5/2012,54.093,74.0242
6/6/2012,53.966,74.1917
6/7/2012,54.384,74.4203
6/8/2012,53.953,74.4792
6/11/2012,53.871,74.4159
6/12/2012,53.521,74.3024
6/13/2012,53.308,74.5483
6/14/2012,53.46,74.509
6/15/2012,53.288,74.7976
6/18/2012,53.412,74.8499
6/19/2012,53.437,74.9763
6/20/2012,53.592,74.9819
6/21/2012,53.753,75.0331
6/22/2012,53.295,75.3633
6/25/2012,53.256,75.2842
6/26/2012,52.951,75.5953
6/27/2012,52.774,75.8744
6/28/2012,52.63,75.6175
6/29/2012,53.055,75.507
7/2/2012,52.722,75.5813
7/3/2012,52.387,75.9214
7/4/2012,52.275,75.7194
7/5/2012,51.822,75.7895
7/6/2012,51.806,75.5831
7/9/2012,51.686,75.4575
7/10/2012,51.402,75.3378
7/11/2012,51.288,75.7019
7/12/2012,51.34,75.4364
7/13/2012,51.11,75.311
7/16/2012,50.968,75.3426
7/17/2012,51.295,75.553
7/18/2012,51.021,75.6685
7/19/2012,51.188,75.7374
7/20/2012,51.186,75.8023
7/23/2012,50.948,75.8678
7/24/2012,50.783,75.96
7/25/2012,51.096,76.2334
7/26/2012,51.485,76.2371
7/27/2012,51.639,76.3743
7/30/2012,51.262,76.6926
7/31/2012,51.244,76.1672
8/1/2012,51.298,76.1357
8/2/2012,51.564,76.1403
8/3/2012,51.104,76.4663
8/6/2012,51.732,76.4877
8/7/2012,51.888,76.5639
8/8/2012,51.507,76.2589
8/9/2012,51.414,76.4245
8/10/2012,51.261,76.4866
8/13/2012,51.701,76.0662
8/14/2012,51.834,75.4943
8/15/2012,51.882,75.6081
8/16/2012,51.999,75.4262
8/17/2012,52.344,74.975
8/20/2012,52.148,75.2378
8/21/2012,52.547,75.392
8/22/2012,52.692,75.553
8/23/2012,52.949,75.4787
8/24/2012,52.806,75.8585
8/27/2012,52.917,75.3728
8/28/2012,53.073,75.2974
8/29/2012,53.12,75.2886
8/30/2012,53.011,74.9865
8/31/2012,53.191,75.0973
9/3/2012,52.669,75.3769
9/4/2012,52.671,75.5612
9/5/2012,52.792,75.7252
9/6/2012,52.845,75.756
9/7/2012,52.87,75.9536
9/10/2012,53.072,75.9111
9/11/2012,53.125,75.3119
9/12/2012,53.583,75.5239
9/13/2012,53.834,75.6231
9/14/2012,54.078,75.2633
9/17/2012,54.401,76.072
9/18/2012,54.534,76.1877
9/19/2012,54.165,76.1393
9/20/2012,54.109,76.062
9/21/2012,54.109,76.0923
9/24/2012,53.931,75.9166
9/25/2012,54,75.8289
9/26/2012,53.91,76.3442
9/27/2012,53.928,76.2295
9/28/2012,53.961,76.2999
10/1/2012,53.731,76.1696
10/2/2012,53.758,76.5287
10/3/2012,53.63,76.2879
10/4/2012,53.779,76.456
10/5/2012,53.831,76.6307
10/8/2012,53.748,76.8055
10/9/2012,53.646,76.74
10/10/2012,53.47,76.5292
10/11/2012,53.548,76.2638
10/12/2012,53.744,76.4188
10/15/2012,53.71,76.7534
10/16/2012,53.896,77.0747
10/17/2012,53.896,76.7987
10/18/2012,54.078,77.0557
10/19/2012,53.921,77.074
10/22/2012,53.982,77.0972
10/23/2012,53.792,77.2734
10/24/2012,53.613,77.3967
10/25/2012,53.588,77.9265
10/26/2012,53.392,78.3996
10/29/2012,53.219,79.3841
10/30/2012,53.384,79.0703
10/31/2012,53.527,78.7943
11/1/2012,53.487,79.0054
11/2/2012,52.897,78.9092
11/5/2012,52.748,78.7205
11/6/2012,52.801,78.7079
11/7/2012,52.183,78.926
11/8/2012,52.413,79.7792
11/9/2012,52.275,79.4162
11/12/2012,52.272,79.103
11/13/2012,52.181,79.1014
11/14/2012,52.372,78.5049
11/15/2012,52.63,78.546
11/16/2012,52.728,79.0531
11/19/2012,52.489,78.3427
11/20/2012,52.766,78.4274
11/21/2012,52.716,78.9662
11/22/2012,53.012,79.6204
11/23/2012,53.048,79.4143
11/26/2012,53.146,79.476
11/27/2012,52.908,79.1156
11/28/2012,52.695,79.3129
11/29/2012,53.001,79.2001
11/30/2012,52.989,78.74
12/3/2012,53.445,78.2963
12/4/2012,53.449,78.5717
12/5/2012,53.378,78.6531
12/6/2012,53.525,79.1589
12/7/2012,52.876,78.4599
12/10/2012,52.908,78.9018
12/11/2012,53.091,78.9131
12/12/2012,53.502,78.8591
12/13/2012,53.727,78.1378
12/14/2012,53.734,78.5603
12/17/2012,54.048,78.9865
12/18/2012,54.068,79.7596
12/19/2012,54.493,79.6512
12/20/2012,54.424,80.2253
12/21/2012,54.3,80.291
12/24/2012,54.362,80.3049
12/27/2012,54.589,80.0556
12/28/2012,54.098,79.7338
12/31/2012,54.107,79.3075
1/2/2013,54.105,78.845
1/3/2013,53.411,79.1772
1/4/2013,53.24,79.3652
1/7/2013,53.308,78.6417
1/8/2013,53.401,78.5026
1/9/2013,53.302,79.3151
1/10/2013,53.227,78.9781
1/11/2013,53.95,79.1005
1/14/2013,54.227,79.6999
1/15/2013,54.101,79.4559
1/16/2013,53.989,78.9572
1/17/2013,54.308,79.1141
1/18/2013,54.107,78.8864
1/21/2013,54.23,78.0801
1/22/2013,54.096,77.1821
1/23/2013,54.201,77.3022
1/24/2013,54.205,77.1755
1/25/2013,54.821,77.8246
1/28/2013,55.091,77.6909
1/29/2013,54.836,77.2075
1/30/2013,55.044,77.2633
1/31/2013,55.116,77.0666
2/1/2013,55.502,76.9597
2/4/2013,55,77.0353
2/5/2013,55.022,77.3723
2/6/2013,54.973,77.3403
2/7/2013,55.058,77.2884
2/8/2013,54.431,77.304
2/11/2013,54.535,77.2969
2/12/2013,54.733,77.279
2/13/2013,54.82,76.8856
2/14/2013,54.251,76.086
2/15/2013,54.159,76.4591
2/18/2013,54.183,77.1976
2/19/2013,54.266,77.498
2/20/2013,54.426,78.6083
2/21/2013,53.829,78.6796
2/22/2013,53.717,78.7461
2/25/2013,54.092,78.647
2/26/2013,53.373,78.63
2/27/2013,53.307,78.7142
2/28/2013,53.427,78.7511
3/1/2013,52.867,79.0553
3/4/2013,53.085,79.0382
3/5/2013,53.115,78.715
3/6/2013,53.067,79.129
3/7/2013,53.02,79.3599
3/8/2013,53.221,80.3739
3/11/2013,52.938,80.2757
3/12/2013,52.995,80.6536
3/13/2013,52.627,80.58
3/14/2013,52.574,81.2852
3/15/2013,53.121,79.9905
3/18/2013,52.595,80.2311
3/19/2013,52.675,80.3832
3/20/2013,52.721,80.0715
3/21/2013,52.6,80.1249
3/22/2013,52.877,80.0628
3/25/2013,52.84,79.9796
3/26/2013,52.788,79.9466
3/27/2013,52.233,79.8389
3/28/2013,52.296,80.2046
4/2/2013,52.479,80.1409
4/3/2013,52.485,80.3964
4/4/2013,52.889,81.0926
4/5/2013,53.319,80.238
4/8/2013,53.787,80.3505
4/9/2013,53.688,80.5026
4/10/2013,53.673,80.8151
4/11/2013,53.825,81.0647
4/12/2013,53.903,81.0523
4/15/2013,53.879,81.3724
4/16/2013,54.309,80.7057
4/17/2013,54.217,80.1497
4/18/2013,53.781,80.6634
4/19/2013,53.95,80.6959
4/22/2013,53.888,80.2795
4/23/2013,53.633,80.4164
4/24/2013,53.657,80.9058
4/25/2013,53.916,81.2131
4/26/2013,53.612,81.0933
4/29/2013,53.95,81.1997
4/30/2013,53.797,81.3402
5/2/2013,53.94,81.3045
5/3/2013,53.564,82.2803
5/6/2013,53.551,82.5715
5/7/2013,53.587,82.6843
5/8/2013,53.52,83.247
5/9/2013,53.669,83.515
5/10/2013,53.44,83.8288
5/13/2013,53.387,84.2075
5/14/2013,53.43,84.6477
5/15/2013,53.086,84.9078
5/16/2013,53.231,84.9169
5/17/2013,52.964,84.7859
5/20/2013,52.982,83.6521
5/21/2013,53.134,84.4424
5/22/2013,53.254,84.4755
5/23/2013,53.778,84.744
5/24/2013,53.961,84.97
5/27/2013,53.811,84.5173
5/28/2013,54.176,84.4926
5/29/2013,54.946,84.4767
5/30/2013,54.811,84.1834
5/31/2013,55.031,84.4519
6/3/2013,54.709,84.6174
6/4/2013,54.816,84.9375
6/5/2013,54.872,85.3236
6/6/2013,55.21,85.0364
6/7/2013,56.172,84.814
6/10/2013,56.804,84.8801
6/11/2013,57.209,84.892
6/12/2013,57.14,84.4378
6/13/2013,57.224,84.6748
6/14/2013,56.895,84.9582
6/17/2013,57.233,83.821
6/18/2013,57.79,84.0922
6/19/2013,57.804,83.9861
6/20/2013,57.796,84.6147
6/21/2013,57.707,84.4365
6/24/2013,57.433,84.9871
6/25/2013,56.825,84.8338
6/26/2013,56.631,84.7607
6/27/2013,56.442,85.0576
6/28/2013,56.445,84.497
7/1/2013,56.239,85.211
7/2/2013,56.329,84.7656
7/3/2013,56.338,85.0807
7/4/2013,56.322,85.1165
7/5/2013,55.882,84.4037
7/8/2013,56.129,84.9774
7/9/2013,55.971,84.4212
7/10/2013,55.555,84.3299
7/11/2013,56.469,84.6434
7/12/2013,56.563,84.7372
7/15/2013,56.495,84.5802
7/16/2013,56.69,84.8024
7/17/2013,56.954,84.4418
7/18/2013,56.806,84.5938
7/19/2013,56.922,84.7469
7/22/2013,56.876,84.5479
7/23/2013,56.915,84.0984
7/24/2013,57.262,84.0215
7/25/2013,57.245,83.4124
7/26/2013,57.345,83.4403
7/29/2013,57.468,83.1085
7/30/2013,57.586,83.6263
7/31/2013,57.697,82.1997
8/1/2013,57.74,82.4583
8/2/2013,57.603,82.2122
8/5/2013,57.608,81.7066
8/6/2013,57.804,81.0624
8/7/2013,58.258,80.9571
8/8/2013,58.193,80.1056
8/9/2013,58.179,80.8815
8/12/2013,57.97,80.7385
8/13/2013,58.223,81.4433
8/14/2013,57.975,81.015
8/15/2013,58.205,80.3806
8/16/2013,58.313,79.8939
8/19/2013,58.457,80.1104
8/20/2013,58.775,80.4476
8/21/2013,58.808,80.8852
8/22/2013,58.852,81.2321
8/23/2013,59.013,81.3212
8/26/2013,59.104,80.8444
8/27/2013,59.508,80.5326
8/28/2013,59.659,80.7764
8/29/2013,59.111,80.6535
8/30/2013,58.996,80.2393
9/2/2013,58.572,80.6841
9/3/2013,58.601,80.2122
9/4/2013,58.353,80.1576
9/5/2013,58.697,79.6426
9/6/2013,58.328,79.8171
9/9/2013,58.098,80.1215
9/10/2013,57.924,79.9871
9/11/2013,57.957,80.216
9/12/2013,58.199,79.7987
9/13/2013,58.282,80.0016
9/16/2013,58.09,80.4778
9/17/2013,58.194,79.8051
9/18/2013,57.946,79.9026
9/19/2013,58.179,79.998
9/20/2013,58.339,80.1408
9/23/2013,58.443,80.2144
9/24/2013,58.538,79.7741
9/25/2013,58.61,79.6079
9/26/2013,58.497,79.6725
9/27/2013,58.651,79.4199
9/30/2013,58.765,79.5296
10/1/2013,58.692,79.3811
10/2/2013,58.699,79.4381
10/3/2013,58.57,79.6264
10/4/2013,58.659,79.373
10/7/2013,58.501,79.0538
10/8/2013,58.558,78.587
10/9/2013,58.346,77.4086
10/10/2013,58.429,77.5228
10/11/2013,58.401,77.3104
10/14/2013,58.442,77.4191
10/15/2013,58.084,77.267
10/16/2013,58.494,77.508
10/17/2013,58.812,77.9341
10/18/2013,58.863,77.1791
10/21/2013,59.034,77.007
10/22/2013,59.03,77.1397
10/23/2013,59.255,76.875
10/24/2013,59.478,76.9239
10/25/2013,59.243,76.455
10/28/2013,59.389,76.6092
10/29/2013,59.317,76.7681
10/30/2013,59.34,76.8528
10/31/2013,58.971,76.8815
11/1/2013,58.548,77.2873
11/4/2013,58.589,76.9517
11/5/2013,58.374,76.4999
11/6/2013,58.576,76.628
11/7/2013,57.815,76.5301
11/8/2013,57.976,76.5492
11/11/2013,58.42,76.43
11/12/2013,58.866,76.3148
11/13/2013,58.722,75.7184
11/14/2013,58.596,75.2128
11/15/2013,58.623,75.0016
11/18/2013,58.951,74.9809
11/19/2013,58.754,74.4443
11/20/2013,59.088,74.5129
11/21/2013,58.947,74.0468
11/22/2013,59.388,74.5401
11/25/2013,59.267,74.3018
11/26/2013,59.271,73.8948
11/27/2013,59.378,74.6134
11/28/2013,59.437,73.8024
11/29/2013,59.447,75.4765
12/2/2013,59.177,76.1638
12/3/2013,59.403,76.2204
12/4/2013,59.665,75.7272
12/5/2013,59.641,77.1311
12/6/2013,60.139,76.8134
12/9/2013,60.531,76.875
12/10/2013,60.837,77.0648
12/11/2013,60.78,76.2939
12/12/2013,60.832,76.8377
12/13/2013,60.62,76.8855
12/16/2013,60.7,76.7337
12/17/2013,60.838,76.996
12/18/2013,60.872,77.357
12/19/2013,60.793,77.8446
12/20/2013,60.83,77.9763
12/23/2013,60.825,77.8089
12/24/2013,60.79,77.7876
12/27/2013,61.264,77.3579
12/30/2013,61.211,77.2191
12/31/2013,61.289,77.0401
1/2/2014,60.725,76.6088
1/3/2014,60.892,76.4061
1/6/2014,60.653,75.921
1/7/2014,60.979,76.0086
1/8/2014,60.723,76.1275
1/9/2014,60.805,76.2521
1/10/2014,60.746,75.7809
1/13/2014,60.88,76.1024
1/14/2014,61.199,75.9794
1/15/2014,61.356,75.5398
1/16/2014,61.323,75.3912
1/17/2014,61.266,75.3791
1/20/2014,61.214,75.1001
1/21/2014,61.427,74.7627
1/22/2014,61.46,75.3565
1/23/2014,61.744,75.1685
1/24/2014,62.22,74.5787
1/27/2014,61.962,74.6102
1/28/2014,61.726,75.1219
1/29/2014,61.599,74.6132
1/30/2014,61.527,74.0903
1/31/2014,61.36,74.3892
2/3/2014,61.267,75.3519
2/4/2014,61.259,74.887
2/5/2014,61.341,75.1585
2/6/2014,60.959,74.9245
2/7/2014,61.081,74.8004
2/10/2014,61.404,74.8067
2/11/2014,61.61,74.5942
2/12/2014,60.827,74.4295
2/13/2014,61.476,75.2241
2/14/2014,61.102,75.3101
2/17/2014,60.768,75.2036
2/18/2014,61.239,75.2339
2/19/2014,61.318,74.7232
2/20/2014,61.379,75.2641
2/21/2014,61.092,74.5445
2/24/2014,61.336,75.0058
2/25/2014,61.369,74.8405
2/26/2014,61.227,74.3893
2/27/2014,61.041,74.7012
2/28/2014,61.674,74.7654
3/3/2014,61.604,74.3785
3/4/2014,61.639,74.5658
3/5/2014,61.498,74.4706
3/6/2014,61.246,74.1714
3/7/2014,61.57,73.4353
3/10/2014,61.769,73.9632
3/11/2014,61.547,73.9474
3/12/2014,61.997,74.0726
3/13/2014,62.099,74.123
3/14/2014,62.021,74.5343
3/17/2014,62.081,74.9201
3/18/2014,62.322,74.2264
3/19/2014,62.404,74.1766
3/20/2014,62.322,74.3893
3/21/2014,62.385,74.4734
3/24/2014,62.194,73.8367
3/25/2014,62.224,73.914
3/26/2014,61.857,73.8875
3/27/2014,61.839,73.2957
3/28/2014,61.574,73.1841
3/31/2014,61.726,73.2804
4/1/2014,61.744,73.4063
4/2/2014,61.904,73.2364
4/3/2014,62.021,73.8811
4/4/2014,61.579,73.9546
4/7/2014,61.616,74.4386
4/8/2014,61.604,74.6255
4/9/2014,61.534,73.7798
4/10/2014,61.506,73.9679
4/11/2014,61.64,73.8337
4/14/2014,61.543,74.228
4/15/2014,61.424,74.5328
4/16/2014,61.511,74.5871
4/17/2014,61.439,74.7841
4/22/2014,61.526,73.9916
4/23/2014,61.87,74.5929
4/24/2014,61.867,74.3444
4/25/2014,61.702,74.4961
4/28/2014,61.696,74.0471
4/29/2014,61.448,74.7451
4/30/2014,61.746,74.2283
5/2/2014,61.656,74.1442
5/5/2014,61.739,73.9268
5/6/2014,61.729,73.7018
5/7/2014,61.711,73.8706
5/8/2014,61.316,74.8722
5/9/2014,60.161,75.3547
5/12/2014,60.144,76.0681
5/13/2014,59.984,76.3064
5/14/2014,59.762,75.6934
5/15/2014,59.797,75.042
5/16/2014,60.057,74.7544
5/19/2014,59.862,74.9625
5/20/2014,59.921,75.5878
5/21/2014,59.919,75.4817
5/22/2014,59.575,75.5053
5/23/2014,59.592,75.7679
5/26/2014,59.568,75.6806
5/27/2014,59.748,75.7055
5/28/2014,59.825,76.0238
5/29/2014,59.717,75.7918
5/30/2014,59.641,76.5586
6/2/2014,59.669,76.7468
6/3/2014,59.856,76.55
6/4/2014,59.787,77.3877
6/5/2014,59.29,76.9918
6/6/2014,59.406,75.6263
6/9/2014,59.326,76.4583
6/10/2014,59.21,76.0418
6/11/2014,59.363,76.4632
6/12/2014,59.164,76.5592
6/13/2014,59.382,77.1298
6/16/2014,59.436,76.6677
6/17/2014,59.663,76.4954
6/18/2014,59.782,76.8859
6/19/2014,59.588,76.3848
6/20/2014,59.465,76.7877
6/23/2014,59.606,76.4393
6/24/2014,59.788,76.3359
6/25/2014,59.714,76.4608
6/26/2014,59.599,76.4969
6/27/2014,59.66,76.5576
6/30/2014,59.652,76.3719
7/1/2014,59.764,76.2324
7/2/2014,59.538,76.0402
7/3/2014,59.467,76.3186
7/4/2014,59.089,76.8856
7/7/2014,59.145,77.017
7/8/2014,58.971,76.7079
7/9/2014,58.945,76.9764
7/10/2014,59.204,76.757
7/11/2014,59.161,76.4987
7/14/2014,59.215,76.1025
7/15/2014,59.389,76.2011
7/16/2014,59.01,75.937
7/17/2014,58.899,76.2825
7/18/2014,58.792,75.7488
7/21/2014,58.687,74.7682
7/22/2014,58.495,74.9282
7/23/2014,58.183,75.338
7/24/2014,58.349,75.3529
7/25/2014,58.199,75.3502
7/28/2014,58.246,74.7937
7/29/2014,58.285,75.2764
7/30/2014,58.162,75.2623
7/31/2014,58.211,75.3692
8/1/2014,58.78,75.5037
8/4/2014,58.709,75.5959
8/5/2014,58.296,75.6939
8/6/2014,58.662,75.7019
8/7/2014,58.798,76.0354
8/8/2014,58.876,76.023
8/11/2014,58.816,75.7718
8/12/2014,58.62,76.1746
8/13/2014,58.69,76.074
8/14/2014,58.274,76.0473
8/15/2014,58.423,75.9994
8/18/2014,58.429,75.6898
8/19/2014,58.259,75.0743
8/20/2014,58.25,74.7127
8/21/2014,58.137,74.8855
8/22/2014,58.251,74.7229
8/25/2014,57.881,74.4232
8/26/2014,57.801,74.1521
8/27/2014,57.53,73.8572
8/28/2014,57.645,74.6171
8/29/2014,57.583,74.8745
9/1/2014,57.115,74.9379
9/2/2014,57.333,75.2282
9/3/2014,57.395,75.7513
9/4/2014,56.716,75.9441
9/5/2014,56.508,75.2882
9/8/2014,56.428,75.2676
9/9/2014,56.46,75.0096
9/10/2014,56.844,74.4387
9/11/2014,56.92,74.6027
9/12/2014,56.897,74.8498
9/15/2014,57.253,75.1059
9/16/2014,57.327,74.9059
9/17/2014,57.408,74.5949
9/18/2014,57.43,74.4715
9/19/2014,57.187,74.5025
9/22/2014,57.278,74.7132
9/23/2014,57.283,74.3761
9/24/2014,56.995,74.315
9/25/2014,56.965,73.9266
9/26/2014,57.134,74.1943
9/29/2014,57.248,74.4986
9/30/2014,56.597,74.272
10/1/2014,56.557,74.5472
10/2/2014,56.654,74.4025
10/3/2014,56.609,74.251
10/6/2014,56.276,73.9174
10/7/2014,56.472,74.3749
10/8/2014,56.673,73.1241
10/9/2014,57.021,73.2379
10/10/2014,56.611,73.1042
10/13/2014,56.741,72.9181
10/14/2014,56.747,72.9908
10/15/2014,56.878,73.1934
10/16/2014,57.327,73.0461
10/17/2014,57.513,73.1323
10/20/2014,57.306,73.3741
10/21/2014,57.147,72.938
10/22/2014,56.821,73.1125
10/23/2014,56.775,73.3467
10/24/2014,56.69,73.2126
10/27/2014,56.792,73.249
10/28/2014,57.08,73.0341
10/29/2014,56.982,72.9756
10/30/2014,56.541,73.0303
10/31/2014,56.355,72.9113
11/3/2014,56.215,72.8401
11/4/2014,56.27,72.8013
11/5/2014,56.288,72.9913
11/6/2014,56.37,73.1142
11/7/2014,55.813,73.0587
11/10/2014,56.044,72.8707
11/11/2014,55.827,72.8433
11/12/2014,55.93,72.74
11/13/2014,55.901,72.5724
11/14/2014,56.01,72.6455
11/17/2014,56.189,72.6284
11/18/2014,56.298,72.6888
11/19/2014,56.652,72.752
11/20/2014,56.51,72.7227
11/21/2014,55.792,72.3673
11/24/2014,55.817,72.5661
11/25/2014,55.862,72.6143
11/26/2014,56.1,72.8819
11/27/2014,55.994,72.9258
11/28/2014,56.146,73.3818
12/1/2014,55.869,73.42
12/2/2014,55.649,72.8782
12/3/2014,55.018,72.5191
12/4/2014,54.846,72.4091
12/5/2014,55.123,72.1184
12/8/2014,54.776,72.0294
12/9/2014,55.119,71.8326
12/10/2014,55.25,71.9898
12/11/2014,55.262,71.5344
12/12/2014,55.41,71.3013
12/15/2014,55.539,71.2792
12/16/2014,56.118,71.3447
12/17/2014,55.751,71.3539
12/18/2014,54.972,71.223
12/19/2014,54.937,71.3046
12/22/2014,54.723,71.531
12/23/2014,54.563,71.4861
12/24/2014,54.596,71.3626
12/29/2014,54.558,71.3684
12/30/2014,54.42,71.0097
12/31/2014,54.436,71.1987
1/2/2015,53.961,71.2883
1/5/2015,53.674,71.7891
1/6/2015,53.624,72.133
1/7/2015,53.363,72.0783
1/8/2015,52.908,72.1303
1/9/2015,53.09,72.276
1/12/2015,53.032,72.3507
1/13/2015,52.715,71.8639
1/14/2015,52.547,71.9981
1/15/2015,52.216,72.0785
1/16/2015,51.684,72.7146
1/19/2015,51.724,72.727
1/20/2015,51.632,73.1516
1/21/2015,51.444,72.9965
1/22/2015,51.373,72.9689
1/23/2015,49.359,72.9507
1/26/2015,49.574,73.0439
1/27/2015,49.839,73.0592
1/28/2015,50.046,72.9917
1/29/2015,49.862,73.2401
1/30/2015,49.934,72.906
2/2/2015,49.909,72.8074
2/3/2015,50.136,72.6412
2/4/2015,50.458,72.5065
2/5/2015,50.343,72.3186
2/6/2015,50.573,72.4351
2/9/2015,50.1,72.4261
2/10/2015,50.158,72.2476
2/11/2015,50.292,71.9969
2/12/2015,50.208,71.6012
2/13/2015,50.424,71.6394
2/16/2015,50.393,71.4582
2/17/2015,50.375,71.5719
2/18/2015,50.372,71.8064
2/19/2015,50.291,71.493
2/20/2015,50.016,72.0753
2/23/2015,50.063,72.2223
2/24/2015,50.137,72.2459
2/25/2015,49.988,72.3173
2/26/2015,49.767,72.5953
2/27/2015,49.486,72.5641
3/2/2015,49.528,72.409
3/3/2015,49.22,72.2021
3/4/2015,49.082,71.9209
3/5/2015,48.848,71.9683
3/6/2015,48.282,72.0559
3/9/2015,48.018,71.777
3/10/2015,47.554,71.9845
3/11/2015,46.852,71.4885
3/12/2015,46.976,71.2569
3/13/2015,46.909,71.7535
3/16/2015,46.899,72.2583
3/17/2015,47.47,72.7429
3/18/2015,47.496,73.2192
3/19/2015,47.979,73.6628
3/20/2015,48.439,73.0903
3/23/2015,48.845,73.3197
3/24/2015,49.011,73.4852
3/25/2015,49.163,73.622
3/26/2015,49.171,73.7326
3/27/2015,48.657,73.6557
3/30/2015,48.527,73.4651
3/31/2015,48.057,73.504
4/1/2015,47.917,73.3878
4/2/2015,48.092,73.9282
4/7/2015,48.3,73.9413
4/8/2015,48.255,73.7208
4/9/2015,47.904,73.987
4/10/2015,47.147,74.1662
4/13/2015,47.2,74.3307
4/14/2015,47.117,74.5816
4/15/2015,47.086,74.2963
4/16/2015,47.562,74.2951
4/17/2015,47.819,74.7233
4/20/2015,47.451,74.7856
4/21/2015,47.329,74.6037
4/22/2015,47.457,74.4583
4/23/2015,47.608,74.0347
4/24/2015,47.93,74.2697
4/27/2015,47.933,74.1425
4/28/2015,48.32,74.2048
4/29/2015,48.743,74.0963
4/30/2015,50.088,74.4371
