Date,HRK,NEER
4/1/2005,7.422,101.645
4/4/2005,7.425,101.5468
4/5/2005,7.419,101.5404
4/6/2005,7.415,101.6501
4/7/2005,7.411,101.7672
4/8/2005,7.402,101.7614
4/11/2005,7.395,102.023
4/12/2005,7.395,102.0263
4/13/2005,7.391,101.9711
4/14/2005,7.375,102.1185
4/15/2005,7.38,102.161
4/18/2005,7.382,102.2948
4/19/2005,7.365,102.5877
4/20/2005,7.383,102.3197
4/21/2005,7.38,102.4035
4/22/2005,7.386,102.3127
4/25/2005,7.394,102.028
4/26/2005,7.385,102.1704
4/27/2005,7.375,102.2414
4/28/2005,7.365,102.4056
4/29/2005,7.362,102.4947
5/2/2005,7.355,102.459
5/3/2005,7.355,102.4541
5/4/2005,7.35,102.5758
5/5/2005,7.346,102.5857
5/6/2005,7.344,102.6087
5/9/2005,7.325,102.7173
5/10/2005,7.325,102.8262
5/11/2005,7.332,102.7617
5/12/2005,7.325,102.7021
5/13/2005,7.309,102.7619
5/16/2005,7.31,102.8633
5/17/2005,7.315,102.8129
5/18/2005,7.33,102.5744
5/19/2005,7.322,102.6685
5/20/2005,7.321,102.668
5/23/2005,7.326,102.5239
5/24/2005,7.313,102.7991
5/25/2005,7.3151,102.7322
5/26/2005,7.318,102.6366
5/27/2005,7.315,102.6849
5/30/2005,7.32,102.4785
5/31/2005,7.327,102.1052
6/1/2005,7.3255,102.0003
6/2/2005,7.321,102.0713
6/3/2005,7.3248,101.9978
6/6/2005,7.332,101.8133
6/7/2005,7.3255,101.8581
6/8/2005,7.315,102.0894
6/9/2005,7.313,102.0171
6/10/2005,7.305,102.0853
6/13/2005,7.315,101.7629
6/14/2005,7.3052,101.9922
6/15/2005,7.295,102.0299
6/16/2005,7.303,101.9761
6/17/2005,7.31,101.959
6/20/2005,7.3257,101.8168
6/21/2005,7.324,101.6452
6/22/2005,7.3251,101.6315
6/23/2005,7.3202,101.6003
6/24/2005,7.323,101.6466
6/27/2005,7.325,101.7692
6/28/2005,7.316,101.8378
6/29/2005,7.3101,101.9113
6/30/2005,7.313,101.9657
7/1/2005,7.3045,102.1225
7/4/2005,7.325,101.5601
7/5/2005,7.3248,101.6017
7/6/2005,7.3295,101.5797
7/7/2005,7.325,101.8017
7/8/2005,7.317,101.8453
7/11/2005,7.3101,102.074
7/12/2005,7.3128,102.2478
7/13/2005,7.3068,102.3966
7/14/2005,7.3098,102.152
7/15/2005,7.31,102.1848
7/18/2005,7.303,102.2398
7/19/2005,7.3025,102.157
7/20/2005,7.2998,102.3934
7/21/2005,7.2995,102.3557
7/22/2005,7.3,102.259
7/25/2005,7.2998,102.1505
7/26/2005,7.2995,102.0508
7/27/2005,7.303,102.0047
7/28/2005,7.3028,102.1388
7/29/2005,7.303,102.0937
8/1/2005,7.3025,102.2588
8/2/2005,7.3048,102.1619
8/3/2005,7.3265,101.9798
8/4/2005,7.355,101.6107
8/5/2005,7.3599,101.6487
8/8/2005,7.3775,101.3317
8/9/2005,7.3625,101.5373
8/10/2005,7.368,101.4162
8/11/2005,7.3668,101.4368
8/12/2005,7.3535,101.6815
8/15/2005,7.3601,101.4636
8/16/2005,7.361,101.3238
8/17/2005,7.3645,101.2727
8/18/2005,7.3845,100.8694
8/19/2005,7.383,100.8872
8/22/2005,7.38,100.9659
8/23/2005,7.38,101.0443
8/24/2005,7.3802,101.0028
8/25/2005,7.3865,101.0018
8/26/2005,7.3845,101.076
8/29/2005,7.3915,100.9743
8/30/2005,7.413,100.5629
8/31/2005,7.4285,100.3691
9/1/2005,7.4352,100.4565
9/2/2005,7.438,100.5602
9/5/2005,7.4478,100.3393
9/6/2005,7.455,100.1809
9/7/2005,7.4425,100.3334
9/8/2005,7.435,100.3849
9/9/2005,7.4315,100.4139
9/12/2005,7.425,100.338
9/13/2005,7.43,100.2817
9/14/2005,7.4199,100.4232
9/15/2005,7.435,100.1006
9/16/2005,7.4345,100.1347
9/19/2005,7.4315,100.036
9/20/2005,7.441,99.9428
9/21/2005,7.4435,100.0352
9/22/2005,7.4448,100.0703
9/23/2005,7.4485,99.9
9/26/2005,7.45,99.7795
9/27/2005,7.4515,99.7479
9/28/2005,7.4375,100.0097
9/29/2005,7.4345,100.0965
9/30/2005,7.433,100.1057
10/3/2005,7.4235,100.0913
10/4/2005,7.4045,100.3566
10/5/2005,7.3908,100.5123
10/6/2005,7.3973,100.6748
10/7/2005,7.402,100.7274
10/10/2005,7.4,100.6703
10/11/2005,7.3805,100.8106
10/12/2005,7.3838,100.7717
10/13/2005,7.3685,101.0137
10/14/2005,7.37,101.0483
10/17/2005,7.3628,101.154
10/18/2005,7.3708,100.9599
10/19/2005,7.363,101.0676
10/20/2005,7.3625,101.0574
10/21/2005,7.3695,101.0543
10/24/2005,7.3698,100.9633
10/25/2005,7.385,100.8419
10/26/2005,7.3775,101.043
10/27/2005,7.385,101.0346
10/28/2005,7.3795,101.1257
10/31/2005,7.38,100.9224
11/1/2005,7.3788,100.9643
11/2/2005,7.393,100.7341
11/3/2005,7.3928,100.7811
11/4/2005,7.3828,100.7897
11/7/2005,7.375,100.7689
11/8/2005,7.365,100.728
11/9/2005,7.3645,100.7143
11/10/2005,7.362,100.8159
11/11/2005,7.365,100.6676
11/14/2005,7.3552,100.807
11/15/2005,7.3575,100.7405
11/16/2005,7.355,100.8214
11/17/2005,7.357,100.8276
11/18/2005,7.361,100.7753
11/21/2005,7.4049,100.4129
11/22/2005,7.403,100.2774
11/23/2005,7.402,100.3294
11/24/2005,7.384,100.5561
11/25/2005,7.3985,100.3256
11/28/2005,7.4018,100.2055
11/29/2005,7.399,100.3443
11/30/2005,7.383,100.5366
12/1/2005,7.3815,100.5241
12/2/2005,7.3665,100.6083
12/5/2005,7.371,100.6291
12/6/2005,7.3925,100.349
12/7/2005,7.375,100.4827
12/8/2005,7.3933,100.3372
12/9/2005,7.399,100.2708
12/12/2005,7.3933,100.5469
12/13/2005,7.405,100.3461
12/14/2005,7.3975,100.5457
12/15/2005,7.385,100.6135
12/16/2005,7.39,100.5831
12/19/2005,7.4075,100.3296
12/20/2005,7.4078,100.2664
12/21/2005,7.4045,100.2231
12/22/2005,7.3825,100.4587
12/23/2005,7.3825,100.5232
12/27/2005,7.386,100.4584
12/28/2005,7.3845,100.6119
12/29/2005,7.375,100.646
12/30/2005,7.3715,100.6059
1/2/2006,7.383,100.5258
1/3/2006,7.385,100.5073
1/4/2006,7.3845,100.7633
1/5/2006,7.3965,100.5504
1/6/2006,7.3895,100.6658
1/9/2006,7.3815,100.5965
1/10/2006,7.382,100.614
1/11/2006,7.3851,100.6202
1/12/2006,7.3795,100.6794
1/13/2006,7.375,100.6891
1/16/2006,7.3798,100.7492
1/17/2006,7.3795,100.7374
1/18/2006,7.3815,100.8215
1/19/2006,7.386,100.6696
1/20/2006,7.3835,100.6474
1/23/2006,7.3795,100.9616
1/24/2006,7.38,100.939
1/25/2006,7.3615,101.1661
1/26/2006,7.3645,101.1034
1/27/2006,7.355,101.1545
1/30/2006,7.3545,101.0362
1/31/2006,7.351,101.147
2/1/2006,7.3355,101.2687
2/2/2006,7.33,101.3581
2/3/2006,7.333,101.3181
2/6/2006,7.335,101.1532
2/7/2006,7.34,101.0872
2/8/2006,7.3502,100.9389
2/9/2006,7.3538,100.9157
2/10/2006,7.3295,101.1551
2/13/2006,7.3125,101.3396
2/14/2006,7.3098,101.385
2/15/2006,7.3018,101.4803
2/16/2006,7.29,101.6034
2/17/2006,7.2933,101.5751
2/20/2006,7.3035,101.5166
2/21/2006,7.308,101.4313
2/22/2006,7.3155,101.3303
2/23/2006,7.312,101.4144
2/24/2006,7.3098,101.3337
2/27/2006,7.315,101.1779
2/28/2006,7.3045,101.3691
3/1/2006,7.3105,101.3733
3/2/2006,7.3145,101.3063
3/3/2006,7.3215,101.4151
3/6/2006,7.328,101.3653
3/7/2006,7.3249,101.331
3/8/2006,7.323,101.401
3/9/2006,7.3178,101.4666
3/10/2006,7.325,101.4176
3/13/2006,7.3148,101.6491
3/14/2006,7.3245,101.5343
3/15/2006,7.3275,101.5349
3/16/2006,7.34,101.4363
3/17/2006,7.3575,101.2616
3/20/2006,7.3548,101.3141
3/21/2006,7.353,101.3564
3/22/2006,7.3405,101.4675
3/23/2006,7.3398,101.4112
3/24/2006,7.325,101.5586
3/27/2006,7.328,101.5156
3/28/2006,7.325,101.705
3/29/2006,7.322,101.7136
3/30/2006,7.3308,101.6739
3/31/2006,7.342,101.551
4/3/2006,7.336,101.5435
4/4/2006,7.3285,101.8693
4/5/2006,7.335,101.8628
4/6/2006,7.328,102.0231
4/7/2006,7.329,101.7793
4/10/2006,7.3245,101.7374
4/11/2006,7.3249,101.7012
4/12/2006,7.3115,101.8926
4/13/2006,7.3075,101.9579
4/18/2006,7.3048,102.1528
4/19/2006,7.2995,102.2891
4/20/2006,7.2975,102.3437
4/21/2006,7.295,102.3257
4/24/2006,7.2995,102.2095
4/25/2006,7.2995,102.3212
4/26/2006,7.299,102.3919
4/27/2006,7.2901,102.4938
4/28/2006,7.2901,102.6004
5/2/2006,7.2949,102.5943
5/3/2006,7.295,102.4798
5/4/2006,7.2828,102.6277
5/5/2006,7.275,102.8694
5/8/2006,7.2748,102.8451
5/9/2006,7.2795,102.7355
5/10/2006,7.2745,102.8936
5/11/2006,7.2715,102.8491
5/12/2006,7.268,103.1894
5/15/2006,7.2665,103.2173
5/16/2006,7.2698,103.1113
5/17/2006,7.2698,103.1036
5/18/2006,7.2695,103.1101
5/19/2006,7.273,103.053
5/22/2006,7.271,103.1188
5/23/2006,7.271,103.1513
5/24/2006,7.2668,103.2871
5/25/2006,7.267,103.1458
5/26/2006,7.267,103.1732
5/29/2006,7.2675,103.1198
5/30/2006,7.269,103.2051
5/31/2006,7.265,103.3121
6/1/2006,7.256,103.2973
6/2/2006,7.2575,103.3578
6/5/2006,7.2528,103.6169
6/6/2006,7.2548,103.4667
6/7/2006,7.257,103.3692
6/8/2006,7.26,103.3308
6/9/2006,7.2565,103.2273
6/12/2006,7.2578,103.1149
6/13/2006,7.2582,103.1876
6/14/2006,7.2588,103.1594
6/15/2006,7.258,103.2471
6/16/2006,7.2588,103.3209
6/19/2006,7.26,103.2881
6/20/2006,7.2675,103.1015
6/21/2006,7.255,103.4656
6/22/2006,7.268,103.2444
6/23/2006,7.2615,103.2712
6/26/2006,7.2578,103.4147
6/27/2006,7.2565,103.4216
6/28/2006,7.263,103.3282
6/29/2006,7.245,103.5769
6/30/2006,7.2445,103.7638
7/3/2006,7.2371,103.9574
7/4/2006,7.249,103.7355
7/5/2006,7.2425,103.8567
7/6/2006,7.253,103.6817
7/7/2006,7.2598,103.607
7/10/2006,7.2498,103.6726
7/11/2006,7.2525,103.5849
7/12/2006,7.253,103.5984
7/13/2006,7.2518,103.5877
7/14/2006,7.2478,103.6398
7/17/2006,7.2518,103.4273
7/18/2006,7.2452,103.4794
7/19/2006,7.242,103.4708
7/20/2006,7.2418,103.5685
7/21/2006,7.2451,103.5715
7/24/2006,7.254,103.3896
7/25/2006,7.2665,103.1735
7/26/2006,7.265,103.145
7/27/2006,7.2595,103.3859
7/28/2006,7.25,103.4112
7/31/2006,7.252,103.5062
8/1/2006,7.255,103.4672
8/2/2006,7.2595,103.4588
8/3/2006,7.265,103.3337
8/4/2006,7.2828,103.0932
8/7/2006,7.278,103.1341
8/8/2006,7.2928,102.9161
8/9/2006,7.2802,103.1278
8/10/2006,7.2845,103.0326
8/11/2006,7.275,103.083
8/14/2006,7.277,103.0617
8/15/2006,7.2758,103.1225
8/16/2006,7.283,103.1076
8/17/2006,7.2845,103.1441
8/18/2006,7.285,103.1008
8/21/2006,7.288,103.2275
8/22/2006,7.288,103.0708
8/23/2006,7.2895,103.0253
8/24/2006,7.2915,103.0888
8/25/2006,7.305,102.8081
8/28/2006,7.3218,102.6128
8/29/2006,7.322,102.5983
8/30/2006,7.329,102.5337
8/31/2006,7.3408,102.3852
9/1/2006,7.3485,102.284
9/4/2006,7.3485,102.2941
9/5/2006,7.3528,102.1652
9/6/2006,7.3616,102.0564
9/7/2006,7.355,102.0808
9/8/2006,7.364,101.9284
9/11/2006,7.3678,101.9183
9/12/2006,7.3868,101.6325
9/13/2006,7.382,101.6605
9/14/2006,7.4248,101.0976
9/15/2006,7.4348,100.8811
9/18/2006,7.4348,100.8461
9/19/2006,7.4175,101.0715
9/20/2006,7.435,100.8437
9/21/2006,7.43,100.9523
9/22/2006,7.435,101.0572
9/25/2006,7.435,100.9622
9/26/2006,7.4115,101.1285
9/27/2006,7.3945,101.3786
9/28/2006,7.375,101.7272
9/29/2006,7.3895,101.4674
10/2/2006,7.377,101.7083
10/3/2006,7.361,101.9461
10/4/2006,7.3775,101.6809
10/5/2006,7.3878,101.5539
10/6/2006,7.3997,101.2909
10/9/2006,7.4145,101.0499
10/10/2006,7.4238,100.8237
10/11/2006,7.4212,100.8471
10/12/2006,7.4225,100.8128
10/13/2006,7.4222,100.7844
10/16/2006,7.3925,101.1316
10/17/2006,7.388,101.2063
10/18/2006,7.3998,101.0706
10/19/2006,7.3925,101.1766
10/20/2006,7.3959,101.1377
10/23/2006,7.397,101.0858
10/24/2006,7.3893,101.1798
10/25/2006,7.385,101.2768
10/26/2006,7.375,101.474
10/27/2006,7.366,101.6273
10/30/2006,7.3573,101.735
10/31/2006,7.3631,101.6007
11/1/2006,7.3612,101.6478
11/2/2006,7.3544,101.7695
11/3/2006,7.351,101.8028
11/6/2006,7.353,101.7058
11/7/2006,7.341,101.9324
11/8/2006,7.332,102.0879
11/9/2006,7.3376,102.0388
11/10/2006,7.3225,102.3376
11/13/2006,7.3324,102.1644
11/14/2006,7.3295,102.1769
11/15/2006,7.3465,101.9352
11/16/2006,7.3645,101.6705
11/17/2006,7.3621,101.6727
11/20/2006,7.3681,101.6791
11/21/2006,7.3725,101.5376
11/22/2006,7.3688,101.657
11/23/2006,7.3433,102.0922
11/24/2006,7.339,102.3175
11/27/2006,7.322,102.6004
11/28/2006,7.3435,102.3579
11/29/2006,7.3532,102.19
11/30/2006,7.3615,102.1017
12/1/2006,7.3488,102.3131
12/4/2006,7.373,102.0665
12/5/2006,7.3617,102.2087
12/6/2006,7.3569,102.2057
12/7/2006,7.3495,102.3244
12/8/2006,7.3487,102.3708
12/11/2006,7.3415,102.3689
12/12/2006,7.3579,102.1948
12/13/2006,7.3579,102.194
12/14/2006,7.3535,102.1535
12/15/2006,7.3545,102.0322
12/18/2006,7.3655,101.8561
12/19/2006,7.3688,101.9248
12/20/2006,7.368,101.9129
12/21/2006,7.3594,102.0141
12/22/2006,7.3655,101.9741
12/27/2006,7.3414,102.3133
12/28/2006,7.3495,102.2054
12/29/2006,7.3504,102.1815
1/2/2007,7.3625,102.1697
1/3/2007,7.37,102.0098
1/4/2007,7.3595,102.0278
1/5/2007,7.371,101.8398
1/8/2007,7.3686,101.7663
1/9/2007,7.3675,101.7817
1/10/2007,7.3714,101.7732
1/11/2007,7.3703,101.746
1/12/2007,7.3686,101.5731
1/15/2007,7.3642,101.6613
1/16/2007,7.36,101.7476
1/17/2007,7.3625,101.6487
1/18/2007,7.3615,101.6797
1/19/2007,7.3735,101.5412
1/22/2007,7.3795,101.4301
1/23/2007,7.3915,101.4586
1/24/2007,7.3915,101.452
1/25/2007,7.38,101.5584
1/26/2007,7.3808,101.4896
1/29/2007,7.3727,101.6754
1/30/2007,7.369,101.8284
1/31/2007,7.3675,101.7962
2/1/2007,7.3641,101.8301
2/2/2007,7.371,101.7708
2/5/2007,7.385,101.3911
2/6/2007,7.388,101.3142
2/7/2007,7.386,101.411
2/8/2007,7.3811,101.5563
2/9/2007,7.375,101.7028
2/12/2007,7.3548,101.9604
2/13/2007,7.3561,102.0678
2/14/2007,7.357,102.1274
2/15/2007,7.3557,102.1963
2/16/2007,7.3545,102.1641
2/19/2007,7.3555,102.167
2/20/2007,7.3515,102.2614
2/21/2007,7.3467,102.3441
2/22/2007,7.3433,102.3368
2/23/2007,7.3504,102.278
2/26/2007,7.3499,102.3411
2/27/2007,7.3502,102.4463
2/28/2007,7.3488,102.4189
3/1/2007,7.34,102.5513
3/2/2007,7.3385,102.4514
3/5/2007,7.3375,102.3633
3/6/2007,7.3393,102.3299
3/7/2007,7.346,102.2955
3/8/2007,7.353,102.2184
3/9/2007,7.357,102.1731
3/12/2007,7.351,102.265
3/13/2007,7.353,102.3132
3/14/2007,7.368,102.0767
3/15/2007,7.3605,102.2233
3/16/2007,7.359,102.3523
3/19/2007,7.3665,102.172
3/20/2007,7.37,102.0976
3/21/2007,7.3775,102.0191
3/22/2007,7.3815,102.0233
3/23/2007,7.3815,101.9852
3/26/2007,7.3763,101.9876
3/27/2007,7.3765,102.1375
3/28/2007,7.3825,102.054
3/29/2007,7.3906,101.9356
3/30/2007,7.405,101.7032
4/2/2007,7.4195,101.5277
4/3/2007,7.4135,101.6266
4/4/2007,7.4051,101.7182
4/5/2007,7.4074,101.6935
4/10/2007,7.395,101.988
4/11/2007,7.3995,101.872
4/12/2007,7.4055,101.8808
4/13/2007,7.4055,101.9619
4/16/2007,7.3982,102.1005
4/17/2007,7.404,101.9836
4/18/2007,7.4061,101.9675
4/19/2007,7.4106,101.9397
4/20/2007,7.4045,102.0318
4/23/2007,7.4,102.0042
4/24/2007,7.3843,102.2847
4/25/2007,7.3745,102.5261
4/26/2007,7.3743,102.4661
4/27/2007,7.3675,102.6248
4/30/2007,7.3615,102.6699
5/2/2007,7.3555,102.7306
5/3/2007,7.349,102.8337
5/4/2007,7.3422,102.8489
5/7/2007,7.3458,102.8521
5/8/2007,7.3415,102.8095
5/9/2007,7.333,102.9157
5/10/2007,7.3272,103.0159
5/11/2007,7.3229,103.0005
5/14/2007,7.3185,103.1776
5/15/2007,7.326,103.0871
5/16/2007,7.3275,103.1208
5/17/2007,7.3292,102.999
5/18/2007,7.322,103.0675
5/21/2007,7.3225,102.9658
5/22/2007,7.3165,103.042
5/23/2007,7.3168,103.0859
5/24/2007,7.316,103.0308
5/25/2007,7.3128,103.0859
5/28/2007,7.3125,103.1123
5/29/2007,7.309,103.2621
5/30/2007,7.307,103.181
5/31/2007,7.314,103.1091
6/1/2007,7.3119,103.1184
6/4/2007,7.3472,102.6707
6/5/2007,7.341,102.8365
6/6/2007,7.343,102.8031
6/7/2007,7.3534,102.6162
6/8/2007,7.348,102.5619
6/11/2007,7.3399,102.6822
6/12/2007,7.3305,102.7544
6/13/2007,7.3405,102.5487
6/14/2007,7.3445,102.5341
6/15/2007,7.3475,102.4727
6/18/2007,7.3417,102.6882
6/19/2007,7.34,102.6708
6/20/2007,7.3305,102.7906
6/21/2007,7.3305,102.7349
6/22/2007,7.3248,102.8529
6/25/2007,7.3245,102.8972
6/26/2007,7.3085,103.1256
6/27/2007,7.3024,103.1615
6/28/2007,7.3042,103.1492
6/29/2007,7.3035,103.2085
7/2/2007,7.2995,103.3508
7/3/2007,7.3105,103.1953
7/4/2007,7.304,103.3096
7/5/2007,7.3064,103.3127
7/6/2007,7.298,103.3822
7/9/2007,7.293,103.4877
7/10/2007,7.2905,103.5764
7/11/2007,7.2885,103.6801
7/12/2007,7.296,103.6193
7/13/2007,7.29,103.6781
7/16/2007,7.2805,103.771
7/17/2007,7.2925,103.5756
7/18/2007,7.2885,103.6499
7/19/2007,7.2876,103.7358
7/20/2007,7.289,103.6877
7/23/2007,7.2889,103.6826
7/24/2007,7.2865,103.7161
7/25/2007,7.2904,103.5201
7/26/2007,7.2905,103.5497
7/27/2007,7.2898,103.455
7/30/2007,7.3135,103.1487
7/31/2007,7.3085,103.2749
8/1/2007,7.315,103.1451
8/2/2007,7.3095,103.2119
8/3/2007,7.3102,103.2269
8/6/2007,7.3022,103.5314
8/7/2007,7.3055,103.4906
8/8/2007,7.3055,103.4751
8/9/2007,7.3111,103.2716
8/10/2007,7.3058,103.2541
8/13/2007,7.3058,103.2805
8/14/2007,7.3068,103.2068
8/15/2007,7.3062,103.0963
8/16/2007,7.3062,102.9558
8/17/2007,7.333,102.6492
8/20/2007,7.3252,102.7851
8/21/2007,7.3292,102.8047
8/22/2007,7.3275,102.8093
8/23/2007,7.3268,102.9235
8/24/2007,7.3275,102.9559
8/27/2007,7.3255,103.0214
8/28/2007,7.3232,103.0525
8/29/2007,7.3212,103.0087
8/30/2007,7.3212,102.9616
8/31/2007,7.3207,103.1217
9/3/2007,7.3198,103.0073
9/4/2007,7.321,102.9251
9/5/2007,7.3216,102.9385
9/6/2007,7.3225,103.0136
9/7/2007,7.3209,103.054
9/10/2007,7.3252,103.1229
9/11/2007,7.3237,103.1491
9/12/2007,7.3222,103.2506
9/13/2007,7.3285,103.1786
9/14/2007,7.328,103.1833
9/17/2007,7.3276,103.2563
9/18/2007,7.3226,103.332
9/19/2007,7.3235,103.4601
9/20/2007,7.311,103.6449
9/21/2007,7.3057,103.7407
9/24/2007,7.2995,103.912
9/25/2007,7.2949,103.9847
9/26/2007,7.2871,104.1674
9/27/2007,7.2848,104.2622
9/28/2007,7.2773,104.3202
10/1/2007,7.3114,103.9244
10/2/2007,7.3045,103.906
10/3/2007,7.3066,103.9607
10/4/2007,7.2969,103.9666
10/5/2007,7.3255,103.5552
10/8/2007,7.3268,103.4544
10/9/2007,7.3395,103.2246
10/10/2007,7.3143,103.7267
10/11/2007,7.324,103.67
10/12/2007,7.3219,103.6973
10/15/2007,7.3197,103.7988
10/16/2007,7.3235,103.6261
10/17/2007,7.3225,103.6971
10/18/2007,7.3225,103.8134
10/19/2007,7.3404,103.4834
10/22/2007,7.3476,103.219
10/23/2007,7.3399,103.4052
10/24/2007,7.337,103.3859
10/25/2007,7.344,103.3587
10/26/2007,7.3449,103.4806
10/29/2007,7.3505,103.3532
10/30/2007,7.344,103.4538
10/31/2007,7.3463,103.4931
11/1/2007,7.3472,103.423
11/2/2007,7.3465,103.5397
11/5/2007,7.345,103.561
11/6/2007,7.3434,103.6608
11/7/2007,7.3315,104.0322
11/8/2007,7.3365,103.8497
11/9/2007,7.3385,103.7947
11/12/2007,7.344,103.5822
11/13/2007,7.3457,103.662
11/14/2007,7.349,103.7782
11/15/2007,7.3525,103.6885
11/16/2007,7.3472,103.8004
11/19/2007,7.3468,103.8105
11/20/2007,7.3378,104.162
11/21/2007,7.336,104.2483
11/22/2007,7.33,104.3846
11/23/2007,7.3223,104.4288
11/26/2007,7.329,104.3521
11/27/2007,7.316,104.5861
11/28/2007,7.319,104.3266
11/29/2007,7.3155,104.3381
11/30/2007,7.324,104.2208
12/3/2007,7.334,103.9367
12/4/2007,7.3317,104.0968
12/5/2007,7.3265,104.152
12/6/2007,7.326,103.9035
12/7/2007,7.3125,104.2477
12/10/2007,7.312,104.329
12/11/2007,7.3195,104.1363
12/12/2007,7.32,104.1506
12/13/2007,7.3174,104.2329
12/14/2007,7.3106,104.1487
12/17/2007,7.3131,103.9783
12/18/2007,7.303,104.1507
12/19/2007,7.302,104.1163
12/20/2007,7.302,104.0877
12/21/2007,7.306,104.0957
12/24/2007,7.3126,104.0166
12/27/2007,7.3278,103.9812
12/28/2007,7.3308,104.155
12/31/2007,7.3308,104.1505
1/2/2008,7.3363,104.0086
1/3/2008,7.3406,103.9377
1/4/2008,7.3444,103.8282
1/7/2008,7.35,103.7729
1/8/2008,7.3476,103.7653
1/9/2008,7.35,103.6964
1/10/2008,7.3465,103.7357
1/11/2008,7.35,103.8635
1/14/2008,7.3495,103.9905
1/15/2008,7.3449,103.9889
1/16/2008,7.3424,103.9005
1/17/2008,7.338,103.8263
1/18/2008,7.3367,103.8545
1/21/2008,7.3245,103.7646
1/22/2008,7.3123,103.9901
1/23/2008,7.3095,104.0867
1/24/2008,7.2675,104.7945
1/25/2008,7.275,104.7401
1/28/2008,7.2632,104.946
1/29/2008,7.2496,105.1428
1/30/2008,7.2344,105.4082
1/31/2008,7.2284,105.6025
2/1/2008,7.2294,105.5599
2/4/2008,7.2348,105.3678
2/5/2008,7.2545,104.8684
2/6/2008,7.265,104.6338
2/7/2008,7.272,104.5275
2/8/2008,7.2795,104.3268
2/11/2008,7.2799,104.3477
2/12/2008,7.2777,104.3504
2/13/2008,7.2661,104.5858
2/14/2008,7.261,104.6686
2/15/2008,7.2575,104.7882
2/18/2008,7.2836,104.3604
2/19/2008,7.2815,104.5529
2/20/2008,7.284,104.4193
2/21/2008,7.2839,104.4856
2/22/2008,7.2865,104.5836
2/25/2008,7.284,104.5718
2/26/2008,7.2812,104.6464
2/27/2008,7.277,104.8795
2/28/2008,7.2734,105.0317
2/29/2008,7.2715,105.1503
3/3/2008,7.2709,105.1586
3/4/2008,7.271,105.1286
3/5/2008,7.2795,105.0453
3/6/2008,7.2772,105.2256
3/7/2008,7.2775,105.4117
3/10/2008,7.2784,105.2318
3/11/2008,7.2715,105.3981
3/12/2008,7.2663,105.5915
3/13/2008,7.2555,105.8583
3/14/2008,7.2584,105.8039
3/17/2008,7.2591,106.1363
3/18/2008,7.255,106.1787
3/19/2008,7.2565,106.0988
3/20/2008,7.261,105.6341
3/25/2008,7.2602,105.7976
3/26/2008,7.2598,106.0195
3/27/2008,7.2586,106.0595
3/28/2008,7.2733,105.9236
3/31/2008,7.269,106.0512
4/1/2008,7.2745,105.7112
4/2/2008,7.2731,105.6775
4/3/2008,7.2754,105.4765
4/4/2008,7.2773,105.7175
4/7/2008,7.2725,105.7026
4/8/2008,7.2732,105.7259
4/9/2008,7.265,105.9032
4/10/2008,7.2605,106.0755
4/11/2008,7.2626,106.0132
4/14/2008,7.264,105.9769
4/15/2008,7.262,105.9893
4/16/2008,7.257,106.2492
4/17/2008,7.2582,106.1732
4/18/2008,7.2558,106.1196
4/21/2008,7.2555,106.2913
4/22/2008,7.2598,106.2402
4/23/2008,7.267,106.1438
4/24/2008,7.268,105.9305
4/25/2008,7.263,105.7991
4/28/2008,7.2631,105.8155
4/29/2008,7.2629,105.769
4/30/2008,7.2681,105.6788
5/2/2008,7.26,105.6355
5/5/2008,7.2569,105.7171
5/6/2008,7.257,105.8007
5/7/2008,7.2614,105.6244
5/8/2008,7.2573,105.5982
5/9/2008,7.2585,105.6723
5/12/2008,7.254,105.6645
5/13/2008,7.2537,105.7351
5/14/2008,7.2525,105.8109
5/15/2008,7.2524,105.8625
5/16/2008,7.2507,105.8282
5/19/2008,7.2491,105.9111
5/20/2008,7.2518,105.9574
5/21/2008,7.2503,106.0873
5/22/2008,7.2523,106.0605
5/23/2008,7.2539,106.0017
5/26/2008,7.2563,105.9847
5/27/2008,7.2513,106.0769
5/28/2008,7.2505,105.9541
5/29/2008,7.2528,105.6911
5/30/2008,7.2498,105.6737
6/2/2008,7.2468,105.7066
6/3/2008,7.252,105.6656
6/4/2008,7.2497,105.5421
6/5/2008,7.2506,105.4992
6/6/2008,7.2471,105.8769
6/9/2008,7.2488,106.1442
6/10/2008,7.2489,105.7595
6/11/2008,7.2492,105.7285
6/12/2008,7.248,105.6315
6/13/2008,7.246,105.5428
6/16/2008,7.2451,105.7082
6/17/2008,7.2442,105.7196
6/18/2008,7.246,105.6617
6/19/2008,7.2482,105.5384
6/20/2008,7.2477,105.721
6/23/2008,7.2499,105.6037
6/24/2008,7.2473,105.6763
6/25/2008,7.2425,105.7571
6/26/2008,7.2465,105.8705
6/27/2008,7.2438,105.8963
6/30/2008,7.2365,105.9655
7/1/2008,7.2388,105.9612
7/2/2008,7.2399,106.0203
7/3/2008,7.2459,106.0484
7/4/2008,7.2416,105.718
7/7/2008,7.242,105.7125
7/8/2008,7.245,105.6182
7/9/2008,7.2429,105.626
7/10/2008,7.237,105.6694
7/11/2008,7.2368,105.8658
7/14/2008,7.2325,105.9107
7/15/2008,7.2251,106.1408
7/16/2008,7.2259,105.8996
7/17/2008,7.2271,105.8415
7/18/2008,7.2231,105.8656
7/21/2008,7.2178,106.0293
7/22/2008,7.2175,106.1038
7/23/2008,7.2185,106.0165
7/24/2008,7.2208,105.8442
7/25/2008,7.2182,105.9125
7/28/2008,7.2203,105.9618
7/29/2008,7.224,105.8347
7/30/2008,7.215,105.8435
7/31/2008,7.2263,105.7207
8/1/2008,7.2271,105.6967
8/4/2008,7.225,105.7667
8/5/2008,7.2173,105.7895
8/6/2008,7.223,105.7226
8/7/2008,7.2126,105.9078
8/8/2008,7.2172,105.315
8/11/2008,7.2076,105.3655
8/12/2008,7.2065,105.2439
8/13/2008,7.2177,105.101
8/14/2008,7.1874,105.6435
8/15/2008,7.2177,105.0104
8/18/2008,7.2247,104.838
8/19/2008,7.1801,105.3989
8/20/2008,7.1682,105.6591
8/21/2008,7.17,105.6811
8/22/2008,7.1708,105.698
8/25/2008,7.1701,105.7108
8/26/2008,7.1663,105.5823
8/27/2008,7.1644,105.8281
8/28/2008,7.163,105.9456
8/29/2008,7.1515,106.0737
9/1/2008,7.14,106.1161
9/2/2008,7.1368,106.1238
9/3/2008,7.1552,105.7794
9/4/2008,7.138,106.055
9/5/2008,7.1345,105.7354
9/8/2008,7.136,105.6925
9/9/2008,7.1332,105.5538
9/10/2008,7.1253,105.615
9/11/2008,7.1161,105.4317
9/12/2008,7.1112,105.6659
9/15/2008,7.1102,105.747
9/16/2008,7.1145,105.9641
9/17/2008,7.1128,105.8168
9/18/2008,7.1169,106.1974
9/19/2008,7.1152,105.788
9/22/2008,7.1147,106.2558
9/23/2008,7.1292,106.2974
9/24/2008,7.111,106.5914
9/25/2008,7.122,106.4518
9/26/2008,7.1047,106.7064
9/29/2008,7.1075,106.3428
9/30/2008,7.1049,106.3316
10/1/2008,7.1123,105.8482
10/2/2008,7.1094,105.7
10/3/2008,7.1208,105.4424
10/6/2008,7.1245,105.1013
10/7/2008,7.1404,104.8251
10/8/2008,7.1331,105.2329
10/9/2008,7.135,105.133
10/10/2008,7.1466,104.9081
10/13/2008,7.142,104.8375
10/14/2008,7.1407,104.9214
10/15/2008,7.1545,104.7595
10/16/2008,7.1618,104.7382
10/17/2008,7.1664,104.4665
10/20/2008,7.1792,104.2752
10/21/2008,7.18,104.0527
10/22/2008,7.2259,103.0356
10/23/2008,7.2332,103.0932
10/24/2008,7.2377,102.4525
10/27/2008,7.2069,102.547
10/28/2008,7.2006,102.556
10/29/2008,7.1788,103.0764
10/30/2008,7.1699,103.4794
10/31/2008,7.1696,103.0829
11/3/2008,7.1566,103.326
11/4/2008,7.1531,103.4439
11/5/2008,7.139,103.701
11/6/2008,7.1461,103.6769
11/7/2008,7.1421,103.8591
11/10/2008,7.1446,104.0953
11/11/2008,7.1449,103.9339
11/12/2008,7.15,103.6458
11/13/2008,7.1255,104.0666
11/14/2008,7.1173,104.5323
11/17/2008,7.1307,104.3216
11/18/2008,7.134,104.4073
11/19/2008,7.1296,104.4535
11/20/2008,7.135,104.2969
11/21/2008,7.1317,104.4145
11/24/2008,7.1231,104.8408
11/25/2008,7.1296,104.8376
11/26/2008,7.14,104.6633
11/27/2008,7.1299,104.7342
11/28/2008,7.1288,104.4058
12/1/2008,7.1275,104.424
12/2/2008,7.1796,103.8575
12/3/2008,7.1913,103.5917
12/4/2008,7.191,103.6683
12/5/2008,7.1816,103.9598
12/8/2008,7.1948,104.0568
12/9/2008,7.1856,104.1671
12/10/2008,7.1923,104.2014
12/11/2008,7.1818,104.8579
12/12/2008,7.1805,105.0776
12/15/2008,7.1781,105.5448
12/16/2008,7.1865,105.7689
12/17/2008,7.2066,105.9503
12/18/2008,7.2353,106.5786
12/19/2008,7.2372,105.4076
12/22/2008,7.2387,105.5127
12/23/2008,7.2807,104.9528
12/24/2008,7.3116,104.5703
12/29/2008,7.3438,104.6076
12/30/2008,7.3348,104.5352
12/31/2008,7.3555,103.8225
1/2/2009,7.3346,104.0891
1/5/2009,7.3026,104.0502
1/6/2009,7.2835,103.7208
1/7/2009,7.3019,103.7114
1/8/2009,7.3096,103.7067
1/9/2009,7.3212,103.7487
1/12/2009,7.3413,103.0661
1/13/2009,7.3418,102.9872
1/14/2009,7.3347,102.9113
1/15/2009,7.3645,102.5018
1/16/2009,7.3821,102.3941
1/19/2009,7.3997,102.2927
1/20/2009,7.4106,101.9694
1/21/2009,7.42,101.712
1/22/2009,7.4417,101.5255
1/23/2009,7.3973,101.9845
1/26/2009,7.4157,101.904
1/27/2009,7.3608,102.9176
1/28/2009,7.3618,102.9635
1/29/2009,7.3711,102.6113
1/30/2009,7.37,102.2814
2/2/2009,7.3842,102.0454
2/3/2009,7.4047,102.0069
2/4/2009,7.3872,102.1503
2/5/2009,7.3952,101.9447
2/6/2009,7.4045,101.7078
2/9/2009,7.4361,101.4792
2/10/2009,7.438,101.4216
2/11/2009,7.43,101.8064
2/12/2009,7.466,101.2115
2/13/2009,7.4355,101.571
2/16/2009,7.4047,102.1935
2/17/2009,7.4736,101.165
2/18/2009,7.4323,101.5778
2/19/2009,7.4745,101.055
2/20/2009,7.4726,101.0853
2/23/2009,7.4617,101.3984
2/24/2009,7.505,100.8766
2/25/2009,7.3924,102.5127
2/26/2009,7.386,102.6625
2/27/2009,7.4334,101.833
3/2/2009,7.3759,102.7278
3/3/2009,7.3747,102.7176
3/4/2009,7.423,101.9317
3/5/2009,7.4211,101.9848
3/6/2009,7.4224,102.1332
3/9/2009,7.4498,101.6918
3/10/2009,7.4391,102.0381
3/11/2009,7.421,102.0937
3/12/2009,7.4404,101.934
3/13/2009,7.452,101.8051
3/16/2009,7.4347,102.109
3/17/2009,7.4543,101.7779
3/18/2009,7.4395,102.3842
3/19/2009,7.4555,102.7954
3/20/2009,7.4511,102.734
3/23/2009,7.4667,102.5746
3/24/2009,7.4484,102.6897
3/25/2009,7.475,102.3169
3/26/2009,7.4682,102.4965
3/27/2009,7.4705,102.1207
3/30/2009,7.485,102.0132
3/31/2009,7.4769,102.2172
4/1/2009,7.463,102.1302
4/2/2009,7.4707,102.0714
4/3/2009,7.4334,102.5358
4/6/2009,7.4364,102.5402
4/7/2009,7.431,102.3067
4/8/2009,7.4216,102.4091
4/9/2009,7.397,102.7077
4/14/2009,7.3808,102.7895
4/15/2009,7.3767,102.6613
4/16/2009,7.3733,102.7815
4/17/2009,7.3843,102.4155
4/20/2009,7.4049,102.14
4/21/2009,7.3839,102.4154
4/22/2009,7.4245,101.8346
4/23/2009,7.43,101.9213
4/24/2009,7.4241,102.2641
4/27/2009,7.4346,101.9484
4/28/2009,7.4403,101.6088
4/29/2009,7.4225,102.1683
4/30/2009,7.4101,102.2606
5/4/2009,7.4135,102.1211
5/5/2009,7.3979,102.4677
5/6/2009,7.3744,102.7705
5/7/2009,7.3629,102.771
5/8/2009,7.3582,103.0016
5/11/2009,7.3562,103.2675
5/12/2009,7.351,103.5073
5/13/2009,7.3476,103.5149
5/14/2009,7.3593,103.4288
5/15/2009,7.4026,102.6744
5/18/2009,7.3785,102.8963
5/19/2009,7.36,103.1606
5/20/2009,7.3634,103.2242
5/21/2009,7.3165,104.0114
5/22/2009,7.319,104.2365
5/25/2009,7.2929,104.7402
5/26/2009,7.2899,104.6755
5/27/2009,7.3055,104.4518
5/28/2009,7.3305,104.1282
5/29/2009,7.35,104.1496
6/1/2009,7.352,104.19
6/2/2009,7.3383,104.4446
6/3/2009,7.3396,104.4226
6/4/2009,7.358,104.1536
6/5/2009,7.355,104.438
6/8/2009,7.3164,104.5172
6/9/2009,7.304,104.6545
6/10/2009,7.2639,105.361
6/11/2009,7.26,105.2366
6/12/2009,7.2582,105.2788
6/15/2009,7.235,105.4573
6/16/2009,7.2676,104.9764
6/17/2009,7.278,104.8133
6/18/2009,7.292,104.7683
6/19/2009,7.278,104.8783
6/22/2009,7.2664,104.8967
6/23/2009,7.2725,105.1297
6/24/2009,7.3147,104.5048
6/25/2009,7.3105,104.5137
6/26/2009,7.286,104.9836
6/29/2009,7.2801,104.986
6/30/2009,7.273,105.1215
7/1/2009,7.2715,105.0619
7/2/2009,7.2992,104.5565
7/3/2009,7.3208,104.2118
7/6/2009,7.3296,103.9754
7/7/2009,7.3425,103.9768
7/8/2009,7.343,103.8861
7/9/2009,7.345,103.8238
7/10/2009,7.3315,103.9135
7/13/2009,7.331,104.1454
7/14/2009,7.332,104.0446
7/15/2009,7.324,104.1964
7/16/2009,7.327,104.2237
7/17/2009,7.336,104.1077
7/20/2009,7.3352,104.2291
7/21/2009,7.334,104.2021
7/22/2009,7.3362,104.0875
7/23/2009,7.319,104.3676
7/24/2009,7.332,104.0804
7/27/2009,7.327,104.1995
7/28/2009,7.333,104.0181
7/29/2009,7.342,103.761
7/30/2009,7.3615,103.3303
7/31/2009,7.3523,103.5469
8/3/2009,7.356,103.6328
8/4/2009,7.347,103.9154
8/5/2009,7.3383,104.088
8/6/2009,7.3359,104.1472
8/7/2009,7.335,104.212
8/10/2009,7.3269,104.0365
8/11/2009,7.3224,104.1874
8/12/2009,7.3259,104.1289
8/13/2009,7.3245,104.1903
8/14/2009,7.312,104.364
8/17/2009,7.3027,104.3191
8/18/2009,7.3093,104.171
8/19/2009,7.3185,104.1015
8/20/2009,7.332,104.0248
8/21/2009,7.3083,104.3978
8/24/2009,7.3228,104.202
8/25/2009,7.3203,104.2193
8/26/2009,7.32,104.1951
8/27/2009,7.323,104.1782
8/28/2009,7.358,103.7983
8/31/2009,7.364,103.6236
9/1/2009,7.35,103.8996
9/2/2009,7.3461,103.8832
9/3/2009,7.3455,103.982
9/4/2009,7.3334,104.0254
9/7/2009,7.3365,104.0312
9/8/2009,7.3414,104.1107
9/9/2009,7.3457,104.1919
9/10/2009,7.3256,104.526
9/11/2009,7.33,104.4968
9/14/2009,7.3276,104.5406
9/15/2009,7.3252,104.6228
9/16/2009,7.2965,105.0172
9/17/2009,7.2883,105.196
9/18/2009,7.291,105.201
9/21/2009,7.2915,105.2391
9/22/2009,7.2943,105.2982
9/23/2009,7.2682,105.655
9/24/2009,7.274,105.5462
9/25/2009,7.295,105.1468
9/28/2009,7.2898,105.2236
9/29/2009,7.2708,105.2906
9/30/2009,7.258,105.5666
10/1/2009,7.255,105.5338
10/2/2009,7.258,105.4946
10/5/2009,7.255,105.632
10/6/2009,7.2555,105.7569
10/7/2009,7.2855,105.3366
10/8/2009,7.2568,105.8416
10/9/2009,7.2518,105.9338
10/12/2009,7.2552,105.9792
10/13/2009,7.254,106.1562
10/14/2009,7.255,106.0676
10/15/2009,7.255,106.0102
10/16/2009,7.2445,106.2079
10/19/2009,7.225,106.5451
10/20/2009,7.223,106.5601
10/21/2009,7.221,106.5478
10/22/2009,7.2213,106.7232
10/23/2009,7.22,106.8097
10/26/2009,7.22,106.8194
10/27/2009,7.22,106.6457
10/28/2009,7.225,106.5388
10/29/2009,7.235,106.372
10/30/2009,7.2295,106.4253
11/2/2009,7.241,106.2588
11/3/2009,7.2473,106.0283
11/4/2009,7.2698,105.7852
11/5/2009,7.2655,105.9429
11/6/2009,7.2675,105.866
11/9/2009,7.269,105.9061
11/10/2009,7.2767,105.7653
11/11/2009,7.2853,105.6361
11/12/2009,7.2955,105.3769
11/13/2009,7.3025,105.1007
11/16/2009,7.3,105.2436
11/17/2009,7.32,104.7804
11/18/2009,7.317,104.9287
11/19/2009,7.3183,104.881
11/20/2009,7.3281,104.7789
11/23/2009,7.313,105.1498
11/24/2009,7.3105,105.1907
11/25/2009,7.3135,105.2714
11/26/2009,7.324,105.1986
11/27/2009,7.318,105.1358
11/30/2009,7.316,105.2887
12/1/2009,7.314,105.3184
12/2/2009,7.308,105.3722
12/3/2009,7.306,105.4628
12/4/2009,7.297,105.5075
12/7/2009,7.2692,105.5806
12/8/2009,7.263,105.6648
12/9/2009,7.264,105.6466
12/10/2009,7.2668,105.5286
12/11/2009,7.281,105.4076
12/14/2009,7.2801,105.2207
12/15/2009,7.28,105.1933
12/16/2009,7.29,105.0789
12/17/2009,7.2889,104.7896
12/18/2009,7.2887,104.7648
12/21/2009,7.285,104.8662
12/22/2009,7.283,104.7917
12/23/2009,7.294,104.6349
12/24/2009,7.31,104.5745
12/28/2009,7.314,104.5221
12/29/2009,7.305,104.6813
12/30/2009,7.3066,104.4994
12/31/2009,7.3,104.6025
1/4/2010,7.2936,104.6403
1/5/2010,7.293,104.6851
1/6/2010,7.295,104.4927
1/7/2010,7.2915,104.5357
1/8/2010,7.2738,104.6769
1/11/2010,7.2775,104.9315
1/12/2010,7.2753,104.9085
1/13/2010,7.285,104.8542
1/14/2010,7.288,104.6551
1/15/2010,7.289,104.3347
1/18/2010,7.2893,104.2962
1/19/2010,7.2925,104.1062
1/20/2010,7.293,103.8463
1/21/2010,7.2977,103.7329
1/22/2010,7.297,103.9649
1/25/2010,7.2955,103.9692
1/26/2010,7.2981,103.8651
1/27/2010,7.316,103.5262
1/28/2010,7.321,103.3018
1/29/2010,7.315,103.3455
2/1/2010,7.3152,103.2434
2/2/2010,7.318,103.1958
2/3/2010,7.318,103.2653
2/4/2010,7.321,103.0511
2/5/2010,7.32,102.8798
2/8/2010,7.3225,102.8082
2/9/2010,7.3225,102.9219
2/10/2010,7.323,102.8352
2/11/2010,7.3163,102.815
2/12/2010,7.3155,102.5138
2/15/2010,7.3093,102.653
2/16/2010,7.293,102.9678
2/17/2010,7.295,103.0178
2/18/2010,7.289,102.8356
2/19/2010,7.29,102.8386
2/22/2010,7.2875,102.953
2/23/2010,7.287,102.8732
2/24/2010,7.2699,103.0734
2/25/2010,7.27,102.9801
2/26/2010,7.2756,103.0557
3/1/2010,7.2568,103.2695
3/2/2010,7.27,103.028
3/3/2010,7.27,103.1691
3/4/2010,7.2653,103.2648
3/5/2010,7.2653,103.0946
3/8/2010,7.2618,103.252
3/9/2010,7.2628,103.1087
3/10/2010,7.266,103.1478
3/11/2010,7.258,103.3745
3/12/2010,7.258,103.534
3/15/2010,7.25,103.5296
3/16/2010,7.257,103.4285
3/17/2010,7.2577,103.3753
3/18/2010,7.258,103.1698
3/19/2010,7.26,102.9448
3/22/2010,7.26,102.9088
3/23/2010,7.2605,102.9573
3/24/2010,7.2625,102.5895
3/25/2010,7.263,102.6256
3/26/2010,7.2628,102.6922
3/29/2010,7.2627,102.9161
3/30/2010,7.264,102.8631
3/31/2010,7.2638,102.8501
4/1/2010,7.2638,102.7672
4/6/2010,7.2717,102.5012
4/7/2010,7.271,102.3807
4/8/2010,7.265,102.3899
4/9/2010,7.2618,102.6149
4/12/2010,7.2695,102.8906
4/13/2010,7.259,103.039
4/14/2010,7.257,103.0567
4/15/2010,7.259,102.8628
4/16/2010,7.2605,102.8334
4/19/2010,7.261,102.7205
4/20/2010,7.2542,102.8889
4/21/2010,7.2571,102.5538
4/22/2010,7.26,102.4572
4/23/2010,7.2588,102.4566
4/26/2010,7.2575,102.4437
4/27/2010,7.2508,102.5775
4/28/2010,7.251,102.5893
4/29/2010,7.246,102.6265
4/30/2010,7.253,102.6275
5/3/2010,7.2613,102.3899
5/4/2010,7.259,102.2201
5/5/2010,7.2545,102.0907
5/6/2010,7.2576,101.6786
5/7/2010,7.266,101.7832
5/10/2010,7.2695,101.9041
5/11/2010,7.2618,101.4834
5/12/2010,7.263,101.2936
5/13/2010,7.2536,101.1805
5/14/2010,7.255,101.0619
5/17/2010,7.253,100.9064
5/18/2010,7.255,101.0046
5/19/2010,7.263,100.7224
5/20/2010,7.268,101.0341
5/21/2010,7.2705,101.3665
5/24/2010,7.2715,100.9561
5/25/2010,7.2733,100.7263
5/26/2010,7.2715,100.7841
5/27/2010,7.2654,100.6831
5/28/2010,7.2665,100.8975
5/31/2010,7.2635,100.7862
6/1/2010,7.259,100.5474
6/2/2010,7.262,100.6493
6/3/2010,7.262,100.6778
6/4/2010,7.2633,100.4317
6/7/2010,7.2553,100.3306
6/8/2010,7.245,100.3771
6/9/2010,7.242,100.5241
6/10/2010,7.2335,100.7083
6/11/2010,7.2323,100.8517
6/14/2010,7.2215,101.1994
6/15/2010,7.213,101.3727
6/16/2010,7.213,101.3913
6/17/2010,7.205,101.6313
6/18/2010,7.201,101.6655
6/21/2010,7.201,101.5488
6/22/2010,7.201,101.3524
6/23/2010,7.195,101.4042
6/24/2010,7.2015,101.327
6/25/2010,7.1993,101.4821
6/28/2010,7.195,101.5833
6/29/2010,7.1973,101.268
6/30/2010,7.198,101.3957
7/1/2010,7.1925,101.6369
7/2/2010,7.1935,102.0275
7/5/2010,7.1929,101.9733
7/6/2010,7.1939,102.0347
7/7/2010,7.1913,102.0436
7/8/2010,7.189,102.1763
7/9/2010,7.2056,101.8459
7/12/2010,7.2158,101.5725
7/13/2010,7.198,101.7836
7/14/2010,7.2142,101.8436
7/15/2010,7.2153,102.0703
7/16/2010,7.2276,102.3035
7/19/2010,7.2225,102.4886
7/20/2010,7.2365,102.0326
7/21/2010,7.238,101.7995
7/22/2010,7.2485,101.6924
7/23/2010,7.245,101.8285
7/26/2010,7.243,101.8749
7/27/2010,7.247,101.9857
7/28/2010,7.2447,101.9225
7/29/2010,7.2447,102.0267
7/30/2010,7.2361,102.0291
8/2/2010,7.2367,101.9796
8/3/2010,7.2332,102.3169
8/4/2010,7.2317,102.3059
8/5/2010,7.226,102.3415
8/6/2010,7.2255,102.3099
8/9/2010,7.226,102.4311
8/10/2010,7.2205,102.3795
8/11/2010,7.22,102.1609
8/12/2010,7.2313,101.5901
8/13/2010,7.2311,101.6184
8/16/2010,7.235,101.5584
8/17/2010,7.2525,101.3085
8/18/2010,7.2735,101.0224
8/19/2010,7.2908,100.6418
8/20/2010,7.2873,100.5188
8/23/2010,7.277,100.6432
8/24/2010,7.2785,100.5317
8/25/2010,7.277,100.5433
8/26/2010,7.2755,100.673
8/27/2010,7.2786,100.6796
8/30/2010,7.274,100.6885
8/31/2010,7.2725,100.7822
9/1/2010,7.2774,100.8885
9/2/2010,7.2815,100.8237
9/3/2010,7.285,100.7956
9/6/2010,7.3,100.6203
9/7/2010,7.282,100.604
9/8/2010,7.2825,100.472
9/9/2010,7.2863,100.3855
9/10/2010,7.2843,100.3968
9/13/2010,7.285,100.5335
9/14/2010,7.283,100.5972
9/15/2010,7.282,100.9282
9/16/2010,7.2829,101.1087
9/17/2010,7.2845,101.082
9/20/2010,7.2843,101.0655
9/21/2010,7.284,101.136
9/22/2010,7.284,101.573
9/23/2010,7.289,101.4611
9/24/2010,7.294,101.5336
9/27/2010,7.2928,101.5753
9/28/2010,7.2953,101.5661
9/29/2010,7.2965,101.8037
9/30/2010,7.3058,101.7285
10/1/2010,7.3018,101.9048
10/4/2010,7.292,101.9808
10/5/2010,7.3048,101.9856
10/6/2010,7.3145,101.9471
10/7/2010,7.3188,102.0961
10/8/2010,7.3173,101.9911
10/11/2010,7.3203,101.9901
10/12/2010,7.3247,101.7467
10/13/2010,7.3308,101.8697
10/14/2010,7.3275,102.043
10/15/2010,7.3355,101.9061
10/18/2010,7.337,101.6167
10/19/2010,7.3295,101.7453
10/20/2010,7.332,101.7199
10/21/2010,7.3405,101.8883
10/22/2010,7.3365,101.8514
10/25/2010,7.3413,101.8607
10/26/2010,7.3423,101.6518
10/27/2010,7.3452,101.5139
10/28/2010,7.3422,101.6146
10/29/2010,7.347,101.5042
11/1/2010,7.3469,101.6177
11/2/2010,7.344,101.8054
11/3/2010,7.3432,101.7902
11/4/2010,7.3445,102.0919
11/5/2010,7.356,101.6426
11/8/2010,7.3495,101.455
11/9/2010,7.3558,101.3278
11/10/2010,7.3655,100.8658
11/11/2010,7.3727,100.6391
11/12/2010,7.3805,100.6308
11/15/2010,7.396,100.338
11/16/2010,7.3941,100.3424
11/17/2010,7.3926,100.2085
11/18/2010,7.3945,100.3971
11/19/2010,7.3953,100.4952
11/22/2010,7.396,100.4066
11/23/2010,7.397,100.1794
11/24/2010,7.411,99.6579
11/25/2010,7.415,99.5929
11/26/2010,7.4218,99.4632
11/29/2010,7.4275,99.2172
11/30/2010,7.426,98.9669
12/1/2010,7.4243,99.1511
12/2/2010,7.4225,99.2453
12/3/2010,7.3775,99.9604
12/6/2010,7.3753,100.0195
12/7/2010,7.3832,100.0031
12/8/2010,7.3836,99.8309
12/9/2010,7.386,99.7621
12/10/2010,7.39,99.7433
12/13/2010,7.4175,99.4789
12/14/2010,7.404,99.8733
12/15/2010,7.3898,99.9365
12/16/2010,7.3905,99.7057
12/17/2010,7.3878,99.7595
12/20/2010,7.3843,99.6256
12/21/2010,7.3864,99.5829
12/22/2010,7.3914,99.3918
12/23/2010,7.39,99.3273
12/24/2010,7.387,99.3922
12/27/2010,7.3878,99.4726
12/28/2010,7.3879,99.522
12/29/2010,7.3848,99.4279
12/30/2010,7.3855,99.6206
12/31/2010,7.383,99.745
1/3/2011,7.3845,99.6661
1/4/2011,7.3895,99.7549
1/5/2011,7.398,99.2311
1/6/2011,7.3995,98.9457
1/7/2011,7.4035,98.6358
1/10/2011,7.4023,98.5766
1/11/2011,7.4055,98.5434
1/12/2011,7.4015,98.521
1/13/2011,7.3985,99.0361
1/14/2011,7.3985,99.3879
1/17/2011,7.3955,99.2595
1/18/2011,7.3925,99.3477
1/19/2011,7.3915,99.6414
1/20/2011,7.3935,99.6672
1/21/2011,7.3945,99.739
1/24/2011,7.395,99.8247
1/25/2011,7.4093,99.6878
1/26/2011,7.4115,99.7874
1/27/2011,7.412,99.855
1/28/2011,7.423,99.7108
1/31/2011,7.4171,99.792
2/1/2011,7.418,99.7541
2/2/2011,7.4207,99.751
2/3/2011,7.4207,99.666
2/4/2011,7.422,99.4041
2/7/2011,7.4143,99.3328
2/8/2011,7.4148,99.5118
2/9/2011,7.4158,99.6345
2/10/2011,7.414,99.6519
2/11/2011,7.411,99.5689
2/14/2011,7.412,99.3643
2/15/2011,7.4068,99.5206
2/16/2011,7.408,99.491
2/17/2011,7.408,99.5225
2/18/2011,7.408,99.6069
2/21/2011,7.4085,99.7184
2/22/2011,7.4085,99.8018
2/23/2011,7.4105,99.8591
2/24/2011,7.4225,99.7966
2/25/2011,7.425,99.7281
2/28/2011,7.4279,99.7353
3/1/2011,7.4222,99.7934
3/2/2011,7.4225,99.7567
3/3/2011,7.4125,99.9589
3/4/2011,7.408,100.3207
3/7/2011,7.4072,100.3946
3/8/2011,7.4049,100.2516
3/9/2011,7.3939,100.4358
3/10/2011,7.3925,100.3091
3/11/2011,7.3928,100.2532
3/14/2011,7.3885,100.6227
3/15/2011,7.3835,100.6406
3/16/2011,7.375,100.8354
3/17/2011,7.3763,100.8657
3/18/2011,7.38,101.0919
3/21/2011,7.377,101.1928
3/22/2011,7.375,101.1854
3/23/2011,7.383,100.942
3/24/2011,7.3865,100.8851
3/25/2011,7.3918,100.8017
3/28/2011,7.388,100.7442
3/29/2011,7.3876,100.8437
3/30/2011,7.3775,100.98
3/31/2011,7.3778,101.1732
4/1/2011,7.3758,101.1387
4/4/2011,7.3723,101.3301
4/5/2011,7.371,101.1692
4/6/2011,7.372,101.3955
4/7/2011,7.372,101.3822
4/8/2011,7.3655,101.6436
4/11/2011,7.3666,101.7195
4/12/2011,7.367,101.804
4/13/2011,7.3671,101.785
4/14/2011,7.3628,101.6091
4/15/2011,7.3555,101.7664
4/18/2011,7.3593,101.3687
4/19/2011,7.358,101.4169
4/20/2011,7.3578,101.7765
4/21/2011,7.3588,101.7319
4/26/2011,7.3553,101.9106
4/27/2011,7.3552,101.9885
4/28/2011,7.3608,102.0944
4/29/2011,7.3615,102.1454
5/2/2011,7.367,102.0016
5/3/2011,7.3804,101.7935
5/4/2011,7.3815,101.9787
5/5/2011,7.3805,101.8761
5/6/2011,7.3801,101.2885
5/9/2011,7.3783,101.0946
5/10/2011,7.3775,101.0017
5/11/2011,7.378,100.9528
5/12/2011,7.3752,100.7207
5/13/2011,7.3884,100.8185
5/16/2011,7.398,100.4717
5/17/2011,7.415,100.3265
5/18/2011,7.4125,100.4695
5/19/2011,7.413,100.5304
5/20/2011,7.418,100.336
5/23/2011,7.4242,99.9343
5/24/2011,7.4328,99.9342
5/25/2011,7.445,99.7327
5/26/2011,7.438,99.9562
5/27/2011,7.4375,100.0618
5/30/2011,7.4465,99.8848
5/31/2011,7.446,100.1172
6/1/2011,7.4488,100.0892
6/2/2011,7.4603,100.0721
6/3/2011,7.453,100.2232
6/6/2011,7.4565,100.3489
6/7/2011,7.4408,100.6628
6/8/2011,7.4248,100.8214
6/9/2011,7.414,100.9416
6/10/2011,7.3948,100.9691
6/13/2011,7.4023,100.6302
6/14/2011,7.3995,100.8004
6/15/2011,7.3995,100.6034
6/16/2011,7.4108,100.1554
6/17/2011,7.4063,100.5127
6/20/2011,7.385,100.7618
6/21/2011,7.3833,100.9848
6/22/2011,7.374,101.178
6/23/2011,7.3795,100.8062
6/24/2011,7.374,100.8861
6/27/2011,7.3703,100.9649
6/28/2011,7.3793,100.9605
6/29/2011,7.3833,101.1546
6/30/2011,7.4018,100.9101
7/1/2011,7.3898,101.1459
7/4/2011,7.396,101.0264
7/5/2011,7.399,100.9136
7/6/2011,7.3993,100.632
7/7/2011,7.402,100.448
7/8/2011,7.391,100.5651
7/11/2011,7.3955,100.1258
7/12/2011,7.445,99.3854
7/13/2011,7.434,99.736
7/14/2011,7.438,99.8312
7/15/2011,7.4315,99.8358
7/18/2011,7.45,99.4222
7/19/2011,7.4433,99.7118
7/20/2011,7.4575,99.5282
7/21/2011,7.4552,99.5416
7/22/2011,7.462,99.6983
7/25/2011,7.4708,99.5552
7/26/2011,7.446,100.0064
7/27/2011,7.46,99.7591
7/28/2011,7.4604,99.3803
7/29/2011,7.4375,99.6837
8/1/2011,7.43,99.9341
8/2/2011,7.4435,99.3713
8/3/2011,7.4485,99.5523
8/4/2011,7.4492,99.5485
8/5/2011,7.447,99.4425
8/8/2011,7.4565,99.4273
8/9/2011,7.455,99.5144
8/10/2011,7.443,99.7543
8/11/2011,7.4515,99.3333
8/12/2011,7.4543,99.5055
8/15/2011,7.453,99.694
8/16/2011,7.461,99.6236
8/17/2011,7.461,99.7864
8/18/2011,7.4698,99.5301
8/19/2011,7.48,99.4676
8/22/2011,7.4848,99.4656
8/23/2011,7.474,99.6477
8/24/2011,7.4653,99.7335
8/25/2011,7.478,99.5684
8/26/2011,7.4833,99.4584
8/29/2011,7.474,99.7376
8/30/2011,7.478,99.5519
8/31/2011,7.4848,99.4665
9/1/2011,7.4845,99.146
9/2/2011,7.486,99.0737
9/5/2011,7.496,98.7823
9/6/2011,7.487,99.0835
9/7/2011,7.4923,98.8624
9/8/2011,7.4885,98.9275
9/9/2011,7.4921,98.5599
9/12/2011,7.491,98.3447
9/13/2011,7.4963,98.3509
9/14/2011,7.496,98.567
9/15/2011,7.5125,98.4689
9/16/2011,7.5125,98.372
9/19/2011,7.522,98.1572
9/20/2011,7.4784,98.8589
9/21/2011,7.4885,98.7525
9/22/2011,7.4845,98.6692
9/23/2011,7.487,98.5388
9/26/2011,7.4865,98.5701
9/27/2011,7.493,98.5246
9/28/2011,7.4925,98.7008
9/29/2011,7.493,98.7333
9/30/2011,7.4995,98.4471
10/3/2011,7.5038,98.0123
10/4/2011,7.507,97.7716
10/5/2011,7.511,98.0085
10/6/2011,7.4953,98.1038
10/7/2011,7.4933,98.3451
10/10/2011,7.4735,98.7823
10/11/2011,7.472,98.9185
10/12/2011,7.478,99.0358
10/13/2011,7.4808,98.9766
10/14/2011,7.4728,99.2367
10/17/2011,7.4685,99.1883
10/18/2011,7.4715,99.083
10/19/2011,7.465,99.3677
10/20/2011,7.4738,99.245
10/21/2011,7.4775,99.2046
10/24/2011,7.4888,99.0648
10/25/2011,7.4844,99.1735
10/26/2011,7.483,99.2021
10/27/2011,7.49,99.2637
10/28/2011,7.4955,99.3504
10/31/2011,7.497,99.1625
11/1/2011,7.501,98.6131
11/2/2011,7.499,98.8879
11/3/2011,7.4997,98.7297
11/4/2011,7.4948,98.8169
11/7/2011,7.4975,98.7812
11/8/2011,7.4913,98.9443
11/9/2011,7.492,98.7102
11/10/2011,7.48,98.8737
11/11/2011,7.4725,99.0799
11/14/2011,7.4793,99.0471
11/15/2011,7.4815,98.7899
11/16/2011,7.485,98.6731
11/17/2011,7.496,98.5366
11/18/2011,7.495,98.6464
11/21/2011,7.4925,98.5676
11/22/2011,7.4886,98.7544
11/23/2011,7.4958,98.4607
11/24/2011,7.495,98.4769
11/25/2011,7.4924,98.3694
11/28/2011,7.4985,98.4473
11/29/2011,7.501,98.2743
11/30/2011,7.5025,98.3512
12/1/2011,7.5085,98.3257
12/2/2011,7.5145,98.2217
12/5/2011,7.514,98.0836
12/6/2011,7.51,98.0232
12/7/2011,7.5115,98.0111
12/8/2011,7.498,98.2333
12/9/2011,7.5,98.2353
12/12/2011,7.4975,98.1077
12/13/2011,7.4986,97.9883
12/14/2011,7.503,97.5913
12/15/2011,7.5085,97.4619
12/16/2011,7.5135,97.4087
12/19/2011,7.516,97.3245
12/20/2011,7.5198,97.3068
12/21/2011,7.5168,97.2875
12/22/2011,7.5156,97.3314
12/23/2011,7.519,97.3092
12/27/2011,7.5173,97.2908
12/28/2011,7.528,97.152
12/29/2011,7.5375,96.7792
12/30/2011,7.537,96.8546
1/2/2012,7.5343,96.8377
1/3/2012,7.536,96.9476
1/4/2012,7.5489,96.6985
1/5/2012,7.533,96.7345
1/6/2012,7.535,96.6056
1/9/2012,7.5335,96.4803
1/10/2012,7.5325,96.5906
1/11/2012,7.539,96.3505
1/12/2012,7.545,96.257
1/13/2012,7.548,96.2579
1/16/2012,7.5513,96.0116
1/17/2012,7.5445,96.3099
1/18/2012,7.556,96.1817
1/19/2012,7.566,96.1114
1/20/2012,7.567,96.1592
1/23/2012,7.5703,96.2117
1/24/2012,7.5685,96.2501
1/25/2012,7.5728,96.0707
1/26/2012,7.584,96.1819
1/27/2012,7.5698,96.3296
1/30/2012,7.5818,96.176
1/31/2012,7.578,96.2405
2/1/2012,7.578,96.1854
2/2/2012,7.5845,95.9329
2/3/2012,7.5843,96.0552
2/6/2012,7.583,95.8501
2/7/2012,7.575,96.085
2/8/2012,7.5823,96.2366
2/9/2012,7.5857,96.2743
2/10/2012,7.589,96.1454
2/13/2012,7.587,96.2075
2/14/2012,7.5821,96.1524
2/15/2012,7.583,95.9873
2/16/2012,7.5823,95.9075
2/17/2012,7.578,96.1765
2/20/2012,7.5824,96.2766
2/21/2012,7.582,96.2456
2/22/2012,7.5865,96.2916
2/23/2012,7.58,96.4948
2/24/2012,7.5823,96.6499
2/27/2012,7.5798,96.682
2/28/2012,7.571,96.8438
2/29/2012,7.574,96.6955
3/1/2012,7.567,96.5516
3/2/2012,7.5673,96.371
3/5/2012,7.5645,96.4808
3/6/2012,7.5548,96.5496
3/7/2012,7.5588,96.4871
3/8/2012,7.5575,96.6638
3/9/2012,7.549,96.6463
3/12/2012,7.5475,96.6206
3/13/2012,7.5365,96.673
3/14/2012,7.5298,96.8064
3/15/2012,7.5118,97.0138
3/16/2012,7.5368,96.7326
3/19/2012,7.5307,96.8413
3/20/2012,7.5335,96.9256
3/21/2012,7.534,97.0414
3/22/2012,7.5283,97.0047
3/23/2012,7.5235,97.1983
3/26/2012,7.514,97.3439
3/27/2012,7.5125,97.4295
3/28/2012,7.506,97.5604
3/29/2012,7.5108,97.3988
3/30/2012,7.5125,97.4755
4/2/2012,7.4953,97.6148
4/3/2012,7.4933,97.5762
4/4/2012,7.484,97.4374
4/5/2012,7.482,97.3391
4/10/2012,7.4738,97.5626
4/11/2012,7.4705,97.6528
4/12/2012,7.4758,97.6042
4/13/2012,7.4743,97.5825
4/16/2012,7.4753,97.3905
4/17/2012,7.49,97.3491
4/18/2012,7.4898,97.2687
4/19/2012,7.508,97.0366
4/20/2012,7.517,97.1191
4/23/2012,7.533,96.8342
4/24/2012,7.5375,96.8082
4/25/2012,7.5325,96.8561
4/26/2012,7.533,96.791
4/27/2012,7.5155,97.0423
4/30/2012,7.503,97.1222
5/2/2012,7.4975,97.0165
5/3/2012,7.517,96.7562
5/4/2012,7.4978,97.1124
5/7/2012,7.5075,96.7836
5/8/2012,7.5075,96.7729
5/9/2012,7.505,96.7775
5/10/2012,7.5055,96.7687
5/11/2012,7.5027,96.8378
5/14/2012,7.5163,96.6018
5/15/2012,7.535,96.3624
5/16/2012,7.544,96.1447
5/17/2012,7.551,95.9959
5/18/2012,7.559,95.9285
5/21/2012,7.5615,95.951
5/22/2012,7.5568,96.0382
5/23/2012,7.571,95.755
5/24/2012,7.5758,95.4509
5/25/2012,7.5815,95.3915
5/28/2012,7.5576,95.6707
5/29/2012,7.57,95.4598
5/30/2012,7.5555,95.528
5/31/2012,7.5675,95.3917
6/1/2012,7.5548,95.4778
6/4/2012,7.556,95.6478
6/5/2012,7.567,95.4853
6/6/2012,7.563,95.5832
6/7/2012,7.5645,95.6457
6/8/2012,7.554,95.6275
6/11/2012,7.5445,95.7792
6/12/2012,7.5565,95.6289
6/13/2012,7.5514,95.7083
6/14/2012,7.5508,95.7049
6/15/2012,7.5501,95.8578
6/18/2012,7.5433,95.8838
6/19/2012,7.5425,95.82
6/20/2012,7.542,95.9609
6/21/2012,7.533,96.0898
6/22/2012,7.53,95.9157
6/25/2012,7.533,95.7737
6/26/2012,7.515,95.9442
6/27/2012,7.5255,95.8168
6/28/2012,7.517,95.8183
6/29/2012,7.5178,96.0857
7/2/2012,7.5165,96.0358
7/3/2012,7.494,96.2698
7/4/2012,7.4933,96.23
7/5/2012,7.4963,95.9188
7/6/2012,7.496,95.9193
7/9/2012,7.4958,95.7685
7/10/2012,7.496,95.6686
7/11/2012,7.4858,95.6649
7/12/2012,7.4886,95.5974
7/13/2012,7.486,95.6555
7/16/2012,7.484,95.609
7/17/2012,7.482,95.7943
7/18/2012,7.481,95.6663
7/19/2012,7.515,95.2888
7/20/2012,7.506,95.2638
7/23/2012,7.5028,95.2034
7/24/2012,7.502,95.1851
7/25/2012,7.5023,95.2811
7/26/2012,7.526,95.1303
7/27/2012,7.5252,95.1895
7/30/2012,7.522,94.9991
7/31/2012,7.5175,95.0857
8/1/2012,7.516,95.1723
8/2/2012,7.5267,95.1418
8/3/2012,7.5252,94.9508
8/6/2012,7.5135,95.2965
8/7/2012,7.5165,95.3493
8/8/2012,7.497,95.413
8/9/2012,7.5025,95.227
8/10/2012,7.4865,95.3862
8/13/2012,7.463,95.8208
8/14/2012,7.4575,95.9089
8/15/2012,7.457,95.7652
8/16/2012,7.4525,95.8328
8/17/2012,7.4623,95.8458
8/20/2012,7.4694,95.6513
8/21/2012,7.466,95.9016
8/22/2012,7.479,95.8291
8/23/2012,7.4922,95.8246
8/24/2012,7.4835,95.8636
8/27/2012,7.485,95.8819
8/28/2012,7.4905,95.8763
8/29/2012,7.4745,96.143
8/30/2012,7.4725,96.2061
8/31/2012,7.473,96.2984
9/3/2012,7.4733,96.2223
9/4/2012,7.4725,96.2698
9/5/2012,7.4628,96.4002
9/6/2012,7.445,96.7368
9/7/2012,7.4355,96.9807
9/10/2012,7.4303,97.1242
9/11/2012,7.4203,97.237
9/12/2012,7.407,97.5792
9/13/2012,7.408,97.6283
9/14/2012,7.416,97.8038
9/17/2012,7.4005,98.0796
9/18/2012,7.3985,98.0698
9/19/2012,7.4,97.9288
9/20/2012,7.391,97.962
9/21/2012,7.3932,97.9369
9/24/2012,7.4265,97.4063
9/25/2012,7.4475,97.1229
9/26/2012,7.4515,96.9443
9/27/2012,7.455,96.9006
9/28/2012,7.4468,97.0909
10/1/2012,7.4255,97.289
10/2/2012,7.446,97.218
10/3/2012,7.4625,97.0003
10/4/2012,7.482,96.8586
10/5/2012,7.481,96.8767
10/8/2012,7.48,96.7806
10/9/2012,7.4865,96.6785
10/10/2012,7.492,96.5038
10/11/2012,7.5225,96.1285
10/12/2012,7.5223,96.2087
10/15/2012,7.5085,96.3709
10/16/2012,7.5148,96.4205
10/17/2012,7.5405,96.2101
10/18/2012,7.543,96.1481
10/19/2012,7.5425,96.0434
10/22/2012,7.5605,95.9095
10/23/2012,7.563,95.8143
10/24/2012,7.564,95.6628
10/25/2012,7.553,95.8556
10/26/2012,7.538,95.9098
10/29/2012,7.5375,95.9179
10/30/2012,7.5295,96.0974
10/31/2012,7.527,96.1896
11/1/2012,7.523,96.2027
11/2/2012,7.5295,95.8758
11/5/2012,7.525,95.8129
11/6/2012,7.5325,95.7829
11/7/2012,7.5375,95.593
11/8/2012,7.5375,95.6129
11/9/2012,7.533,95.5671
11/12/2012,7.53,95.6655
11/13/2012,7.5363,95.5419
11/14/2012,7.537,95.6116
11/15/2012,7.5375,95.7253
11/16/2012,7.5375,95.6946
11/19/2012,7.5415,95.639
11/20/2012,7.5497,95.595
11/21/2012,7.56,95.4752
11/22/2012,7.5535,95.7031
11/23/2012,7.558,95.6799
11/26/2012,7.5625,95.6988
11/27/2012,7.5525,95.7895
11/28/2012,7.5505,95.7007
11/29/2012,7.5391,96.0247
11/30/2012,7.5385,96.0747
12/3/2012,7.532,96.2875
12/4/2012,7.5265,96.428
12/5/2012,7.52,96.4718
12/6/2012,7.532,96.3424
12/7/2012,7.5238,96.111
12/10/2012,7.5263,96.1238
12/11/2012,7.5245,96.2735
12/12/2012,7.5225,96.391
12/13/2012,7.5185,96.5699
12/14/2012,7.523,96.5106
12/17/2012,7.5335,96.527
12/18/2012,7.538,96.4901
12/19/2012,7.5355,96.7504
12/20/2012,7.5333,96.6538
12/21/2012,7.537,96.5178
12/24/2012,7.544,96.5043
12/27/2012,7.5558,96.4934
12/28/2012,7.55,96.3965
12/31/2012,7.5575,96.3216
1/2/2013,7.5625,96.3822
1/3/2013,7.5665,96.0398
1/4/2013,7.5755,95.8381
1/7/2013,7.5685,95.9708
1/8/2013,7.5725,96.0261
1/9/2013,7.5715,95.959
1/10/2013,7.572,96.0653
1/11/2013,7.5735,96.4215
1/14/2013,7.568,96.6928
1/15/2013,7.5605,96.7416
1/16/2013,7.5605,96.646
1/17/2013,7.5635,96.8076
1/18/2013,7.5638,96.7922
1/21/2013,7.5815,96.5959
1/22/2013,7.5833,96.5456
1/23/2013,7.579,96.616
1/24/2013,7.5743,96.798
1/25/2013,7.5813,97.0214
1/28/2013,7.5878,96.977
1/29/2013,7.587,96.9139
1/30/2013,7.594,97.0206
1/31/2013,7.594,96.9786
2/1/2013,7.5915,97.2396
2/4/2013,7.5915,97.0928
2/5/2013,7.591,97.0602
2/6/2013,7.5865,97.156
2/7/2013,7.579,97.2673
2/8/2013,7.579,96.8193
2/11/2013,7.5765,96.9306
2/12/2013,7.5795,97.0556
2/13/2013,7.584,97.0238
2/14/2013,7.5863,96.7012
2/15/2013,7.586,96.7062
2/18/2013,7.5863,96.8098
2/19/2013,7.589,96.7404
2/20/2013,7.5915,96.7658
2/21/2013,7.5905,96.4646
2/22/2013,7.5887,96.4596
2/25/2013,7.5885,96.7641
2/26/2013,7.5925,96.1985
2/27/2013,7.5928,96.2185
2/28/2013,7.5855,96.368
3/1/2013,7.5912,96.0874
3/4/2013,7.5955,96.0788
3/5/2013,7.593,96.1154
3/6/2013,7.5928,96.1378
3/7/2013,7.5905,96.1599
3/8/2013,7.5908,96.3463
3/11/2013,7.5875,96.3085
3/12/2013,7.5873,96.4285
3/13/2013,7.5865,96.283
3/14/2013,7.5846,96.2864
3/15/2013,7.5825,96.5329
3/18/2013,7.5875,96.1521
3/19/2013,7.5887,96.1544
3/20/2013,7.5928,96.121
3/21/2013,7.595,96.044
3/22/2013,7.5945,96.1364
3/25/2013,7.5935,96.0711
3/26/2013,7.5945,95.88
3/27/2013,7.595,95.6806
3/28/2013,7.594,95.7849
4/2/2013,7.6063,95.5851
4/3/2013,7.6095,95.5895
4/4/2013,7.6085,95.642
4/5/2013,7.61,95.864
4/8/2013,7.6104,96.0228
4/9/2013,7.6125,96.0399
4/10/2013,7.6125,96.1001
4/11/2013,7.6203,96.0503
4/12/2013,7.6125,95.9755
4/15/2013,7.613,95.9843
4/16/2013,7.6125,96.0859
4/17/2013,7.613,96.105
4/18/2013,7.6147,95.9762
4/19/2013,7.5968,96.334
4/22/2013,7.602,96.1834
4/23/2013,7.6055,96.0501
4/24/2013,7.6065,96.094
4/25/2013,7.607,96.166
4/26/2013,7.5985,96.0639
4/29/2013,7.597,96.2132
4/30/2013,7.5905,96.2373
5/2/2013,7.5822,96.511
5/3/2013,7.5827,96.332
5/6/2013,7.5721,96.5334
5/7/2013,7.5707,96.5307
5/8/2013,7.571,96.5145
5/9/2013,7.5713,96.481
5/10/2013,7.5713,96.3708
5/13/2013,7.5615,96.5023
5/14/2013,7.563,96.542
5/15/2013,7.5615,96.4009
5/16/2013,7.5695,96.3251
5/17/2013,7.571,96.2495
5/20/2013,7.571,96.2383
5/21/2013,7.5713,96.2679
5/22/2013,7.5745,96.3554
5/23/2013,7.5765,96.3115
5/24/2013,7.5685,96.4612
5/27/2013,7.562,96.4772
5/28/2013,7.5593,96.5089
5/29/2013,7.5635,96.5438
5/30/2013,7.5605,96.6427
5/31/2013,7.55,96.8592
6/3/2013,7.5415,96.951
6/4/2013,7.5365,97.1028
6/5/2013,7.5195,97.2889
6/6/2013,7.5225,97.3732
6/7/2013,7.5285,97.4662
6/10/2013,7.5115,97.7092
6/11/2013,7.4988,97.9838
6/12/2013,7.4705,98.2624
6/13/2013,7.4725,98.2479
6/14/2013,7.4718,98.1827
6/17/2013,7.468,98.2462
6/18/2013,7.4855,98.2268
6/19/2013,7.4805,98.3146
6/20/2013,7.486,98.1291
6/21/2013,7.4905,98.043
6/24/2013,7.4775,98.17
6/25/2013,7.4775,98.1053
6/26/2013,7.4595,98.1849
6/27/2013,7.454,98.2579
6/28/2013,7.4495,98.4379
7/1/2013,7.4438,98.4095
7/2/2013,7.449,98.3183
7/3/2013,7.4705,97.9039
7/4/2013,7.4928,97.6899
7/5/2013,7.4998,97.3971
7/8/2013,7.518,97.1989
7/9/2013,7.521,97.1558
7/10/2013,7.54,96.7866
7/11/2013,7.544,97.0983
7/12/2013,7.532,97.2476
7/15/2013,7.5315,97.228
7/16/2013,7.5235,97.463
7/17/2013,7.516,97.5789
7/18/2013,7.5125,97.5681
7/19/2013,7.5165,97.548
7/22/2013,7.5095,97.664
7/23/2013,7.5048,97.752
7/24/2013,7.4953,97.9817
7/25/2013,7.4955,97.9518
7/26/2013,7.5075,97.8357
7/29/2013,7.5055,97.8696
7/30/2013,7.5045,97.9462
7/31/2013,7.5065,97.9605
8/1/2013,7.519,97.7347
8/2/2013,7.521,97.7514
8/5/2013,7.52,97.7186
8/6/2013,7.5138,97.8127
8/7/2013,7.4975,98.0423
8/8/2013,7.5038,98.0035
8/9/2013,7.5165,97.837
8/12/2013,7.5355,97.4213
8/13/2013,7.5385,97.4506
8/14/2013,7.5415,97.3289
8/15/2013,7.541,97.4189
8/16/2013,7.5408,97.5028
8/19/2013,7.543,97.5461
8/20/2013,7.5395,97.639
8/21/2013,7.543,97.5922
8/22/2013,7.552,97.4151
8/23/2013,7.552,97.4807
8/26/2013,7.5518,97.456
8/27/2013,7.5565,97.371
8/28/2013,7.5583,97.4151
8/29/2013,7.5653,97.1371
8/30/2013,7.5683,97.0332
9/2/2013,7.5773,96.8199
9/3/2013,7.5795,96.7625
9/4/2013,7.578,96.7667
9/5/2013,7.5845,96.7848
9/6/2013,7.5878,96.5597
9/9/2013,7.5912,96.6205
9/10/2013,7.5875,96.7369
9/11/2013,7.5865,96.761
9/12/2013,7.5875,96.772
9/13/2013,7.5828,96.8372
9/16/2013,7.5955,96.7183
9/17/2013,7.6095,96.5636
9/18/2013,7.6078,96.5628
9/19/2013,7.6085,96.7975
9/20/2013,7.611,96.8381
9/23/2013,7.6175,96.7151
9/24/2013,7.6175,96.6882
9/25/2013,7.616,96.7532
9/26/2013,7.613,96.7739
9/27/2013,7.6153,96.7779
9/30/2013,7.6153,96.6672
10/1/2013,7.6158,96.7204
10/2/2013,7.62,96.5889
10/3/2013,7.625,96.6539
10/4/2013,7.624,96.6957
10/7/2013,7.6255,96.6132
10/8/2013,7.6255,96.6221
10/9/2013,7.6125,96.7446
10/10/2013,7.6085,96.836
10/11/2013,7.604,96.9427
10/14/2013,7.6165,96.7665
10/15/2013,7.6188,96.5898
10/16/2013,7.622,96.6775
10/17/2013,7.6208,96.8159
10/18/2013,7.616,96.9087
10/21/2013,7.6195,96.8522
10/22/2013,7.6165,96.9002
10/23/2013,7.6141,97.0218
10/24/2013,7.6245,96.9956
10/25/2013,7.6265,96.9226
10/28/2013,7.6255,96.9582
10/29/2013,7.6245,96.9904
10/30/2013,7.618,97.0482
10/31/2013,7.621,96.8039
11/1/2013,7.62,96.6137
11/4/2013,7.62,96.6012
11/5/2013,7.6223,96.5222
11/6/2013,7.6235,96.5309
11/7/2013,7.624,96.3048
11/8/2013,7.6213,96.5157
11/11/2013,7.6218,96.536
11/12/2013,7.6241,96.6539
11/13/2013,7.6255,96.6018
11/14/2013,7.6278,96.5947
11/15/2013,7.6315,96.5825
11/18/2013,7.639,96.5358
11/19/2013,7.6428,96.4971
11/20/2013,7.6453,96.4988
11/21/2013,7.6503,96.3605
11/22/2013,7.6453,96.5183
11/25/2013,7.6424,96.5663
11/26/2013,7.6455,96.6001
11/27/2013,7.6433,96.7223
11/28/2013,7.6275,96.919
11/29/2013,7.6405,96.8066
12/2/2013,7.6338,96.7471
12/3/2013,7.6358,96.8087
12/4/2013,7.641,96.7656
12/5/2013,7.64,96.7738
12/6/2013,7.6425,96.8717
12/9/2013,7.6445,96.9356
12/10/2013,7.6425,96.9847
12/11/2013,7.6415,97.0504
12/12/2013,7.6385,97.1386
12/13/2013,7.6283,97.2236
12/16/2013,7.6293,97.2529
12/17/2013,7.63,97.2157
12/18/2013,7.636,97.1078
12/19/2013,7.6358,97.0057
12/20/2013,7.6388,96.9433
12/23/2013,7.6395,96.9859
12/24/2013,7.6415,96.9086
12/27/2013,7.6385,97.1704
12/30/2013,7.625,97.2774
12/31/2013,7.6265,97.2113
1/2/2014,7.6283,96.9881
1/3/2014,7.628,96.9465
1/6/2014,7.6295,96.9093
1/7/2014,7.629,96.9977
1/8/2014,7.629,96.9182
1/9/2014,7.6294,96.9505
1/10/2014,7.629,96.9015
1/13/2014,7.6274,96.9676
1/14/2014,7.6255,97.01
1/15/2014,7.6215,96.9917
1/16/2014,7.626,96.9844
1/17/2014,7.6295,96.8573
1/20/2014,7.632,96.8034
1/21/2014,7.636,96.7252
1/22/2014,7.6385,96.7194
1/23/2014,7.644,96.7941
1/24/2014,7.6451,96.9188
1/27/2014,7.6455,96.8265
1/28/2014,7.6455,96.8112
1/29/2014,7.6465,96.7498
1/30/2014,7.6605,96.5964
1/31/2014,7.6515,96.6088
2/3/2014,7.6525,96.5468
2/4/2014,7.657,96.4747
2/5/2014,7.642,96.6774
2/6/2014,7.6505,96.4677
2/7/2014,7.6495,96.6792
2/10/2014,7.6485,96.7903
2/11/2014,7.6545,96.7591
2/12/2014,7.6545,96.5099
2/13/2014,7.6555,96.7009
2/14/2014,7.656,96.698
2/17/2014,7.6565,96.656
2/18/2014,7.6628,96.7173
2/19/2014,7.6678,96.7303
2/20/2014,7.6693,96.6896
2/21/2014,7.6685,96.7049
2/24/2014,7.6663,96.7675
2/25/2014,7.67,96.7773
2/26/2014,7.6595,96.8713
2/27/2014,7.6581,96.7614
2/28/2014,7.6493,97.168
3/3/2014,7.6515,97.0812
3/4/2014,7.6525,97.0719
3/5/2014,7.6545,96.9394
3/6/2014,7.6551,96.9371
3/7/2014,7.6565,97.2118
3/10/2014,7.6555,97.3076
3/11/2014,7.6585,97.2125
3/12/2014,7.6565,97.3423
3/13/2014,7.6595,97.347
3/14/2014,7.6556,97.3384
3/17/2014,7.6583,97.3734
3/18/2014,7.658,97.3861
3/19/2014,7.6598,97.3794
3/20/2014,7.6628,97.2239
3/21/2014,7.6625,97.2416
3/24/2014,7.6615,97.1697
3/25/2014,7.6625,97.1858
3/26/2014,7.6645,97.1736
3/27/2014,7.6625,97.0901
3/28/2014,7.654,97.1691
3/31/2014,7.6475,97.3241
4/1/2014,7.6485,97.2852
4/2/2014,7.6503,97.261
4/3/2014,7.648,97.2906
4/4/2014,7.6385,97.2629
4/7/2014,7.6333,97.3639
4/8/2014,7.638,97.2853
4/9/2014,7.6325,97.369
4/10/2014,7.6305,97.5547
4/11/2014,7.6188,97.7522
4/14/2014,7.6215,97.6646
4/15/2014,7.6207,97.6336
4/16/2014,7.6245,97.6683
4/17/2014,7.6245,97.6883
4/22/2014,7.6248,97.647
4/23/2014,7.6199,97.7526
4/24/2014,7.622,97.7242
4/25/2014,7.6139,97.8677
4/28/2014,7.6065,98.0043
4/29/2014,7.609,97.9052
4/30/2014,7.6078,97.9677
5/2/2014,7.6045,97.9916
5/5/2014,7.5965,98.0988
5/6/2014,7.5863,98.276
5/7/2014,7.5863,98.235
5/8/2014,7.588,98.2278
5/9/2014,7.5863,97.9164
5/12/2014,7.5803,97.9853
5/13/2014,7.589,97.7494
5/14/2014,7.5893,97.7948
5/15/2014,7.591,97.6477
5/16/2014,7.5938,97.7023
5/19/2014,7.61,97.5242
5/20/2014,7.6175,97.4168
5/21/2014,7.6153,97.3541
5/22/2014,7.608,97.4306
5/23/2014,7.5988,97.4876
5/26/2014,7.5915,97.5745
5/27/2014,7.594,97.584
5/28/2014,7.596,97.52
5/29/2014,7.591,97.5392
5/30/2014,7.586,97.619
6/2/2014,7.577,97.761
6/3/2014,7.5715,97.9427
6/4/2014,7.5698,97.9244
6/5/2014,7.5758,97.6848
6/6/2014,7.5808,97.739
6/9/2014,7.579,97.6578
6/10/2014,7.578,97.5285
6/11/2014,7.581,97.4986
6/12/2014,7.5875,97.3426
6/13/2014,7.5785,97.4422
6/16/2014,7.5805,97.4576
6/17/2014,7.577,97.5848
6/18/2014,7.578,97.5903
6/19/2014,7.5755,97.6976
6/20/2014,7.575,97.6685
6/23/2014,7.5766,97.6417
6/24/2014,7.5763,97.7118
6/25/2014,7.5765,97.7338
6/26/2014,7.5728,97.724
6/27/2014,7.573,97.7338
6/30/2014,7.576,97.7389
7/1/2014,7.58,97.7258
7/2/2014,7.5865,97.5851
7/3/2014,7.5875,97.6121
7/4/2014,7.589,97.4482
7/7/2014,7.5915,97.4281
7/8/2014,7.6018,97.2637
7/9/2014,7.6068,97.2187
7/10/2014,7.612,97.1635
7/11/2014,7.6155,97.1091
7/14/2014,7.613,97.2178
7/15/2014,7.621,97.0917
7/16/2014,7.622,96.9429
7/17/2014,7.6205,96.9533
7/18/2014,7.616,97.0112
7/21/2014,7.6165,97.0029
7/22/2014,7.617,96.914
7/23/2014,7.621,96.7712
7/24/2014,7.625,96.7586
7/25/2014,7.633,96.5964
7/28/2014,7.6372,96.5059
7/29/2014,7.645,96.4319
7/30/2014,7.6418,96.4319
7/31/2014,7.636,96.5472
8/1/2014,7.64,96.5946
8/4/2014,7.646,96.5402
8/5/2014,7.646,96.4448
8/6/2014,7.6463,96.4077
8/7/2014,7.652,96.3703
8/8/2014,7.647,96.4363
8/11/2014,7.6481,96.405
8/12/2014,7.6328,96.5282
8/13/2014,7.632,96.5701
8/14/2014,7.627,96.6188
8/15/2014,7.625,96.6683
8/18/2014,7.621,96.7031
8/19/2014,7.6076,96.8313
8/20/2014,7.6195,96.5475
8/21/2014,7.6243,96.491
8/22/2014,7.6285,96.4275
8/25/2014,7.6308,96.2543
8/26/2014,7.627,96.3033
8/27/2014,7.6308,96.1708
8/28/2014,7.6318,96.1839
8/29/2014,7.621,96.3489
9/1/2014,7.6135,96.3225
9/2/2014,7.6083,96.4308
9/3/2014,7.621,96.311
9/4/2014,7.62,96.0236
9/5/2014,7.6263,95.8685
9/8/2014,7.625,95.9153
9/9/2014,7.6153,96.024
9/10/2014,7.6188,96.0403
9/11/2014,7.622,95.9748
9/12/2014,7.6248,95.964
9/15/2014,7.62,96.0079
9/16/2014,7.62,96.0801
9/17/2014,7.6255,95.9885
9/18/2014,7.6273,95.8173
9/19/2014,7.625,95.7704
9/22/2014,7.6243,95.7813
9/23/2014,7.625,95.8162
9/24/2014,7.6248,95.6826
9/25/2014,7.6246,95.5053
9/26/2014,7.629,95.4783
9/29/2014,7.6365,95.4305
9/30/2014,7.6425,95.0681
10/1/2014,7.6425,95.1214
10/2/2014,7.6396,95.1866
10/3/2014,7.639,95.1834
10/6/2014,7.6415,95.077
10/7/2014,7.644,95.0935
10/8/2014,7.644,95.2051
10/9/2014,7.6461,95.3058
10/10/2014,7.6465,95.1271
10/13/2014,7.6515,95.0885
10/14/2014,7.6555,95.0329
10/15/2014,7.661,95.0239
10/16/2014,7.6648,95.141
10/17/2014,7.665,95.2431
10/20/2014,7.6663,95.1211
10/21/2014,7.6665,95.0812
10/22/2014,7.6698,94.9212
10/23/2014,7.6733,94.8666
10/24/2014,7.673,94.8502
10/27/2014,7.6747,94.8683
10/28/2014,7.663,95.1575
10/29/2014,7.665,95.1161
10/30/2014,7.6615,94.9128
10/31/2014,7.664,94.8333
11/3/2014,7.6655,94.7995
11/4/2014,7.6635,94.8822
11/5/2014,7.6628,94.8873
11/6/2014,7.6625,94.9412
11/7/2014,7.661,94.7672
11/10/2014,7.663,94.8186
11/11/2014,7.665,94.7489
11/12/2014,7.6676,94.8027
11/13/2014,7.6683,94.796
11/14/2014,7.6703,94.796
11/17/2014,7.674,94.8469
11/18/2014,7.6733,94.8824
11/19/2014,7.6775,94.9202
11/20/2014,7.6755,94.978
11/21/2014,7.6723,94.7383
11/24/2014,7.671,94.7647
11/25/2014,7.675,94.7379
11/26/2014,7.6772,94.7862
11/27/2014,7.677,94.7947
11/28/2014,7.6785,94.8582
12/1/2014,7.6758,94.8694
12/2/2014,7.6755,94.8088
12/3/2014,7.6755,94.5903
12/4/2014,7.6753,94.6018
12/5/2014,7.674,94.7418
12/8/2014,7.67,94.6344
12/9/2014,7.6655,94.9033
12/10/2014,7.668,94.8866
12/11/2014,7.674,94.9384
12/12/2014,7.674,94.9915
12/15/2014,7.666,95.0817
12/16/2014,7.667,95.2893
12/17/2014,7.67,95.1328
12/18/2014,7.6675,94.8991
12/19/2014,7.666,94.9576
12/22/2014,7.665,94.9475
12/23/2014,7.6651,94.885
12/24/2014,7.663,94.9618
12/29/2014,7.658,94.976
12/30/2014,7.6598,94.7997
12/31/2014,7.658,94.7322
1/2/2015,7.6713,94.4964
1/5/2015,7.6738,94.2582
1/6/2015,7.674,94.2147
1/7/2015,7.6753,94.0536
1/8/2015,7.6745,93.9154
1/9/2015,7.678,93.9332
1/12/2015,7.6785,93.9248
1/13/2015,7.6815,93.8183
1/14/2015,7.6845,93.7335
1/15/2015,7.6877,93.1515
1/16/2015,7.693,92.8242
1/19/2015,7.6935,92.9006
1/20/2015,7.7015,92.7655
1/21/2015,7.7065,92.674
1/22/2015,7.6985,92.8087
1/23/2015,7.7028,91.7708
1/26/2015,7.702,91.9653
1/27/2015,7.69,92.2429
1/28/2015,7.6918,92.322
1/29/2015,7.6975,92.2461
1/30/2015,7.6975,92.2696
2/2/2015,7.703,92.1958
2/3/2015,7.709,92.2307
2/4/2015,7.711,92.3071
2/5/2015,7.7128,92.1979
2/6/2015,7.717,92.1818
2/9/2015,7.7165,91.876
2/10/2015,7.7177,91.9303
2/11/2015,7.7218,91.9636
2/12/2015,7.723,91.9975
2/13/2015,7.7128,92.1575
2/16/2015,7.714,92.2318
2/17/2015,7.725,92.1333
2/18/2015,7.724,92.0786
2/19/2015,7.7253,92.0673
2/20/2015,7.7125,92.0101
2/23/2015,7.7115,92.0438
2/24/2015,7.702,92.2175
2/25/2015,7.684,92.4184
2/26/2015,7.6965,92.1525
2/27/2015,7.6885,92.0936
3/2/2015,7.6755,92.2797
3/3/2015,7.672,92.1862
3/4/2015,7.66,92.2375
3/5/2015,7.6585,92.1102
3/6/2015,7.6205,92.2771
3/9/2015,7.6325,91.972
3/10/2015,7.6153,91.9669
3/11/2015,7.631,91.3703
3/12/2015,7.645,91.2602
3/13/2015,7.6548,91.1672
3/16/2015,7.6435,91.2211
3/17/2015,7.6466,91.3637
3/18/2015,7.646,91.309
3/19/2015,7.65,91.2819
3/20/2015,7.6405,91.6582
3/23/2015,7.646,91.8462
3/24/2015,7.648,91.8445
3/25/2015,7.6518,91.8446
3/26/2015,7.6498,91.8518
3/27/2015,7.65,91.6207
3/30/2015,7.6448,91.6645
3/31/2015,7.645,91.4553
4/1/2015,7.6483,91.3677
4/2/2015,7.6303,91.7373
4/7/2015,7.619,91.8978
4/8/2015,7.6085,91.977
4/9/2015,7.5955,91.9715
4/10/2015,7.574,91.8203
4/13/2015,7.568,91.8513
4/14/2015,7.583,91.6475
4/15/2015,7.5798,91.6845
4/16/2015,7.5748,92.0037
4/17/2015,7.569,92.2561
4/20/2015,7.565,92.1006
4/21/2015,7.577,91.8792
4/22/2015,7.576,91.9947
4/23/2015,7.5883,91.995
4/24/2015,7.6075,91.8174
4/27/2015,7.5943,92.0022
4/28/2015,7.586,92.2766
4/29/2015,7.5763,92.5525
4/30/2015,7.5715,93.107
