Date,SEK
1/4/1999,9.4696
1/5/1999,9.4025
1/6/1999,9.305
1/7/1999,9.18
1/8/1999,9.165
1/11/1999,9.0985
1/12/1999,9.0955
1/13/1999,9.14
1/14/1999,9.135
1/15/1999,9.157
1/18/1999,9.093
1/19/1999,9.0045
1/20/1999,8.9645
1/21/1999,8.943
1/22/1999,9.011
1/25/1999,8.94
1/26/1999,8.921
1/27/1999,8.882
1/28/1999,8.865
1/29/1999,8.88
2/1/1999,8.86
2/2/1999,8.8775
2/3/1999,8.915
2/4/1999,8.899
2/5/1999,8.872
2/8/1999,8.857
2/9/1999,8.907
2/10/1999,8.933
2/11/1999,8.919
2/12/1999,8.9305
2/15/1999,8.8815
2/16/1999,8.853
2/17/1999,8.907
2/18/1999,8.9275
2/19/1999,8.911
2/22/1999,8.9075
2/23/1999,8.9085
2/24/1999,8.9115
2/25/1999,8.974
2/26/1999,9.0025
3/1/1999,9.0005
3/2/1999,8.985
3/3/1999,8.99
3/4/1999,8.96
3/5/1999,8.9355
3/8/1999,8.948
3/9/1999,8.938
3/10/1999,8.8925
3/11/1999,8.831
3/12/1999,8.8615
3/15/1999,8.8785
3/16/1999,8.969
3/17/1999,8.978
3/18/1999,8.938
3/19/1999,8.937
3/22/1999,8.9325
3/23/1999,8.932
3/24/1999,8.9695
3/25/1999,9.007
3/26/1999,8.95
3/29/1999,8.955
3/30/1999,8.9525
3/31/1999,8.887
4/1/1999,8.889
4/2/1999,8.8811
4/5/1999,8.8846
4/6/1999,8.8705
4/7/1999,8.929
4/8/1999,8.964
4/9/1999,8.944
4/12/1999,9.02
4/13/1999,8.9575
4/14/1999,8.938
4/15/1999,8.929
4/16/1999,8.8825
4/19/1999,8.883
4/20/1999,8.899
4/21/1999,8.905
4/22/1999,8.909
4/23/1999,8.8945
4/26/1999,8.8945
4/27/1999,8.903
4/28/1999,8.913
4/29/1999,8.911
4/30/1999,8.9075
5/3/1999,8.9185
5/4/1999,8.9485
5/5/1999,8.9845
5/6/1999,9.005
5/7/1999,8.9575
5/10/1999,8.9445
5/11/1999,8.942
5/12/1999,8.944
5/13/1999,8.9634
5/14/1999,8.949
5/17/1999,8.9775
5/18/1999,9.003
5/19/1999,9.028
5/20/1999,8.9965
5/21/1999,8.962
5/24/1999,8.9754
5/25/1999,8.9895
5/26/1999,8.987
5/27/1999,8.978
5/28/1999,8.995
5/31/1999,8.968
6/1/1999,8.9675
6/2/1999,8.983
6/3/1999,8.934
6/4/1999,8.9115
6/7/1999,8.8965
6/8/1999,8.9035
6/9/1999,8.9285
6/10/1999,8.902
6/11/1999,8.8785
6/14/1999,8.853
6/15/1999,8.863
6/16/1999,8.81
6/17/1999,8.7945
6/18/1999,8.7485
6/21/1999,8.7295
6/22/1999,8.6655
6/23/1999,8.7165
6/24/1999,8.7315
6/25/1999,8.7572
6/28/1999,8.7545
6/29/1999,8.7485
6/30/1999,8.747
7/1/1999,8.7215
7/2/1999,8.7005
7/5/1999,8.7015
7/6/1999,8.7015
7/7/1999,8.695
7/8/1999,8.6905
7/9/1999,8.7075
7/12/1999,8.717
7/13/1999,8.7315
7/14/1999,8.75
7/15/1999,8.7775
7/16/1999,8.737
7/19/1999,8.7135
7/20/1999,8.7175
7/21/1999,8.764
7/22/1999,8.7795
7/23/1999,8.775
7/26/1999,8.82
7/27/1999,8.8055
7/28/1999,8.814
7/29/1999,8.788
7/30/1999,8.7735
8/2/1999,8.7575
8/3/1999,8.749
8/4/1999,8.7555
8/5/1999,8.777
8/6/1999,8.796
8/9/1999,8.782
8/10/1999,8.811
8/11/1999,8.797
8/12/1999,8.7735
8/13/1999,8.7925
8/16/1999,8.7675
8/17/1999,8.737
8/18/1999,8.742
8/19/1999,8.7485
8/20/1999,8.777
8/23/1999,8.761
8/24/1999,8.7215
8/25/1999,8.683
8/26/1999,8.713
8/27/1999,8.693
8/30/1999,8.7155
8/31/1999,8.691
9/1/1999,8.701
9/2/1999,8.699
9/3/1999,8.7165
9/6/1999,8.656
9/7/1999,8.63
9/8/1999,8.617
9/9/1999,8.6125
9/10/1999,8.6075
9/13/1999,8.5815
9/14/1999,8.596
9/15/1999,8.6245
9/16/1999,8.638
9/17/1999,8.622
9/20/1999,8.5785
9/21/1999,8.577
9/22/1999,8.628
9/23/1999,8.5935
9/24/1999,8.6215
9/27/1999,8.6155
9/28/1999,8.627
9/29/1999,8.6755
9/30/1999,8.7235
10/1/1999,8.7425
10/4/1999,8.757
10/5/1999,8.6855
10/6/1999,8.718
10/7/1999,8.727
10/8/1999,8.696
10/11/1999,8.671
10/12/1999,8.687
10/13/1999,8.7225
10/14/1999,8.745
10/15/1999,8.779
10/18/1999,8.8645
10/19/1999,8.83
10/20/1999,8.7945
10/21/1999,8.805
10/22/1999,8.7405
10/25/1999,8.6925
10/26/1999,8.6815
10/27/1999,8.638
10/28/1999,8.635
10/29/1999,8.66
11/1/1999,8.6795
11/2/1999,8.6705
11/3/1999,8.6625
11/4/1999,8.7215
11/5/1999,8.6725
11/8/1999,8.6705
11/9/1999,8.6595
11/10/1999,8.6575
11/11/1999,8.6475
11/12/1999,8.635
11/15/1999,8.6165
11/16/1999,8.643
11/17/1999,8.669
11/18/1999,8.625
11/19/1999,8.602
11/22/1999,8.613
11/23/1999,8.5975
11/24/1999,8.593
11/25/1999,8.587
11/26/1999,8.567
11/29/1999,8.58
11/30/1999,8.556
12/1/1999,8.606
12/2/1999,8.6185
12/3/1999,8.608
12/6/1999,8.6055
12/7/1999,8.6175
12/8/1999,8.573
12/9/1999,8.57
12/10/1999,8.5775
12/13/1999,8.571
12/14/1999,8.587
12/15/1999,8.6085
12/16/1999,8.6125
12/17/1999,8.596
12/20/1999,8.588
12/21/1999,8.599
12/22/1999,8.568
12/23/1999,8.55
12/24/1999,8.5754
12/27/1999,8.57
12/28/1999,8.575
12/29/1999,8.564
12/30/1999,8.5625
1/3/2000,8.552
1/4/2000,8.6215
1/5/2000,8.6415
1/6/2000,8.6445
1/7/2000,8.645
1/10/2000,8.657
1/11/2000,8.662
1/12/2000,8.6725
1/13/2000,8.6475
1/14/2000,8.623
1/17/2000,8.564
1/18/2000,8.5705
1/19/2000,8.5835
1/20/2000,8.591
1/21/2000,8.5865
1/24/2000,8.559
1/25/2000,8.5125
1/26/2000,8.5395
1/27/2000,8.5355
1/28/2000,8.524
1/31/2000,8.6
2/1/2000,8.586
2/2/2000,8.518
2/3/2000,8.4845
2/4/2000,8.4715
2/7/2000,8.463
2/8/2000,8.475
2/9/2000,8.4955
2/10/2000,8.48
2/11/2000,8.4425
2/14/2000,8.485
2/15/2000,8.494
2/16/2000,8.547
2/17/2000,8.577
2/18/2000,8.5375
2/21/2000,8.572
2/22/2000,8.5855
2/23/2000,8.5935
2/24/2000,8.557
2/25/2000,8.5255
2/28/2000,8.417
2/29/2000,8.432
3/1/2000,8.425
3/2/2000,8.4415
3/3/2000,8.47
3/6/2000,8.4425
3/7/2000,8.4345
3/8/2000,8.431
3/9/2000,8.448
3/10/2000,8.4415
3/13/2000,8.421
3/14/2000,8.398
3/15/2000,8.415
3/16/2000,8.4325
3/17/2000,8.417
3/20/2000,8.4225
3/21/2000,8.3925
3/22/2000,8.364
3/23/2000,8.3725
3/24/2000,8.375
3/27/2000,8.34
3/28/2000,8.271
3/29/2000,8.2455
3/30/2000,8.25
3/31/2000,8.2825
4/3/2000,8.295
4/4/2000,8.3005
4/5/2000,8.329
4/6/2000,8.3015
4/7/2000,8.2728
4/10/2000,8.277
4/11/2000,8.268
4/12/2000,8.2915
4/13/2000,8.2895
4/14/2000,8.2965
4/17/2000,8.3295
4/18/2000,8.297
4/19/2000,8.263
4/20/2000,8.2442
4/25/2000,8.243
4/26/2000,8.1825
4/27/2000,8.188
4/28/2000,8.14
5/2/2000,8.1435
5/3/2000,8.055
5/4/2000,8.117
5/5/2000,8.1465
5/8/2000,8.1415
5/9/2000,8.1645
5/10/2000,8.2055
5/11/2000,8.23
5/12/2000,8.2375
5/15/2000,8.27
5/16/2000,8.251
5/17/2000,8.18
5/18/2000,8.187
5/19/2000,8.1585
5/22/2000,8.302
5/23/2000,8.3195
5/24/2000,8.332
5/25/2000,8.3075
5/26/2000,8.354
5/29/2000,8.404
5/30/2000,8.412
5/31/2000,8.3845
6/1/2000,8.356
6/2/2000,8.3615
6/5/2000,8.328
6/6/2000,8.339
6/7/2000,8.3325
6/8/2000,8.357
6/9/2000,8.3515
6/12/2000,8.317
6/13/2000,8.2895
6/14/2000,8.2185
6/15/2000,8.236
6/16/2000,8.28
6/19/2000,8.3065
6/20/2000,8.249
6/21/2000,8.254
6/22/2000,8.2705
6/23/2000,8.2765
6/26/2000,8.284
6/27/2000,8.3715
6/28/2000,8.386
6/29/2000,8.404
6/30/2000,8.421
7/3/2000,8.3885
7/4/2000,8.3835
7/5/2000,8.408
7/6/2000,8.44
7/7/2000,8.431
7/10/2000,8.446
7/11/2000,8.421
7/12/2000,8.392
7/13/2000,8.3485
7/14/2000,8.3485
7/17/2000,8.3585
7/18/2000,8.387
7/19/2000,8.399
7/20/2000,8.409
7/21/2000,8.388
7/24/2000,8.422
7/25/2000,8.388
7/26/2000,8.394
7/27/2000,8.4415
7/28/2000,8.4585
7/31/2000,8.495
8/1/2000,8.474
8/2/2000,8.4575
8/3/2000,8.439
8/4/2000,8.411
8/7/2000,8.3725
8/8/2000,8.3535
8/9/2000,8.3125
8/10/2000,8.3295
8/11/2000,8.363
8/14/2000,8.3065
8/15/2000,8.3455
8/16/2000,8.3915
8/17/2000,8.428
8/18/2000,8.3955
8/21/2000,8.412
8/22/2000,8.383
8/23/2000,8.356
8/24/2000,8.364
8/25/2000,8.38
8/28/2000,8.428
8/29/2000,8.4545
8/30/2000,8.4355
8/31/2000,8.416
9/1/2000,8.3795
9/4/2000,8.395
9/5/2000,8.3775
9/6/2000,8.411
9/7/2000,8.35
9/8/2000,8.3655
9/11/2000,8.378
9/12/2000,8.388
9/13/2000,8.417
9/14/2000,8.4145
9/15/2000,8.3915
9/18/2000,8.393
9/19/2000,8.378
9/20/2000,8.3725
9/21/2000,8.384
9/22/2000,8.428
9/25/2000,8.453
9/26/2000,8.4693
9/27/2000,8.509
9/28/2000,8.5245
9/29/2000,8.5265
10/2/2000,8.527
10/3/2000,8.535
10/4/2000,8.5723
10/5/2000,8.565
10/6/2000,8.5283
10/9/2000,8.5545
10/10/2000,8.5925
10/11/2000,8.6185
10/12/2000,8.573
10/13/2000,8.5303
10/16/2000,8.525
10/17/2000,8.5045
10/18/2000,8.535
10/19/2000,8.505
10/20/2000,8.535
10/23/2000,8.4904
10/24/2000,8.4507
10/25/2000,8.4602
10/26/2000,8.4888
10/27/2000,8.4735
10/30/2000,8.4898
10/31/2000,8.4843
11/1/2000,8.474
11/2/2000,8.521
11/3/2000,8.5408
11/6/2000,8.5668
11/7/2000,8.595
11/8/2000,8.5845
11/9/2000,8.57
11/10/2000,8.5978
11/13/2000,8.6168
11/14/2000,8.6548
11/15/2000,8.6443
11/16/2000,8.65
11/17/2000,8.67
11/20/2000,8.6485
11/21/2000,8.698
11/22/2000,8.67
11/23/2000,8.6545
11/24/2000,8.6883
11/27/2000,8.6914
11/28/2000,8.7012
11/29/2000,8.683
11/30/2000,8.715
12/1/2000,8.6825
12/4/2000,8.63
12/5/2000,8.5805
12/6/2000,8.566
12/7/2000,8.6275
12/8/2000,8.621
12/11/2000,8.5513
12/12/2000,8.5003
12/13/2000,8.5538
12/14/2000,8.575
12/15/2000,8.582
12/18/2000,8.641
12/19/2000,8.698
12/20/2000,8.7025
12/21/2000,8.7275
12/22/2000,8.8089
12/27/2000,8.86
12/28/2000,8.8428
12/29/2000,8.8313
1/2/2001,8.888
1/3/2001,8.9467
1/4/2001,8.9153
1/5/2001,8.932
1/8/2001,8.9286
1/9/2001,8.95
1/10/2001,8.9233
1/11/2001,8.8875
1/12/2001,8.857
1/15/2001,8.8695
1/16/2001,8.9295
1/17/2001,8.932
1/18/2001,8.927
1/19/2001,8.887
1/22/2001,8.9325
1/23/2001,8.959
1/24/2001,8.91
1/25/2001,8.9
1/26/2001,8.9068
1/29/2001,8.86
1/30/2001,8.8408
1/31/2001,8.8395
2/1/2001,8.8968
2/2/2001,8.914
2/5/2001,8.9363
2/6/2001,8.9165
2/7/2001,8.9125
2/8/2001,8.8795
2/9/2001,8.9115
2/12/2001,8.949
2/13/2001,8.993
2/14/2001,9.0355
2/15/2001,9.018
2/16/2001,8.9615
2/19/2001,8.993
2/20/2001,8.9645
2/21/2001,9.005
2/22/2001,9.0528
2/23/2001,9.0818
2/26/2001,9.023
2/27/2001,9.036
2/28/2001,9.0588
3/1/2001,9.0477
3/2/2001,9.041
3/5/2001,9.0663
3/6/2001,9.0347
3/7/2001,9.054
3/8/2001,9.0513
3/9/2001,9.086
3/12/2001,9.1128
3/13/2001,9.176
3/14/2001,9.1797
3/15/2001,9.147
3/16/2001,9.145
3/19/2001,9.1373
3/20/2001,9.144
3/21/2001,9.1875
3/22/2001,9.2393
3/23/2001,9.1833
3/26/2001,9.138
3/27/2001,9.121
3/28/2001,9.1378
3/29/2001,9.1935
3/30/2001,9.157
4/2/2001,9.147
4/3/2001,9.169
4/4/2001,9.227
4/5/2001,9.191
4/6/2001,9.1405
4/9/2001,9.0969
4/10/2001,9.069
4/11/2001,9.0125
4/12/2001,9.001
4/17/2001,9.055
4/18/2001,9.0455
4/19/2001,9.022
4/20/2001,9.095
4/23/2001,9.1345
4/24/2001,9.166
4/25/2001,9.166
4/26/2001,9.1572
4/27/2001,9.1195
4/30/2001,9.1135
5/2/2001,9.1478
5/3/2001,9.118
5/4/2001,9.1353
5/7/2001,9.1089
5/8/2001,9.1069
5/9/2001,9.116
5/10/2001,9.0725
5/11/2001,8.9695
5/14/2001,9.0025
5/15/2001,8.9995
5/16/2001,9.0712
5/17/2001,9.0317
5/18/2001,9.012
5/21/2001,8.98
5/22/2001,8.9725
5/23/2001,9.0515
5/24/2001,9.0195
5/25/2001,9.0525
5/28/2001,9.0595
5/29/2001,9.035
5/30/2001,9.08
5/31/2001,9.125
6/1/2001,9.1725
6/4/2001,9.24
6/5/2001,9.2412
6/6/2001,9.2275
6/7/2001,9.3182
6/8/2001,9.3229
6/11/2001,9.311
6/12/2001,9.32
6/13/2001,9.2605
6/14/2001,9.2511
6/15/2001,9.16
6/18/2001,9.1
6/19/2001,9.0719
6/20/2001,9.1139
6/21/2001,9.1475
6/22/2001,9.151
6/25/2001,9.1495
6/26/2001,9.2192
6/27/2001,9.24
6/28/2001,9.1925
6/29/2001,9.2125
7/2/2001,9.2326
7/3/2001,9.2416
7/4/2001,9.2032
7/5/2001,9.222
7/6/2001,9.2575
7/9/2001,9.3005
7/10/2001,9.2882
7/11/2001,9.3164
7/12/2001,9.262
7/13/2001,9.232
7/16/2001,9.2107
7/17/2001,9.2152
7/18/2001,9.2314
7/19/2001,9.2565
7/20/2001,9.2631
7/23/2001,9.2907
7/24/2001,9.3118
7/25/2001,9.3472
7/26/2001,9.3009
7/27/2001,9.2825
7/30/2001,9.256
7/31/2001,9.2785
8/1/2001,9.3092
8/2/2001,9.229
8/3/2001,9.1721
8/6/2001,9.1637
8/7/2001,9.1885
8/8/2001,9.1509
8/9/2001,9.1734
8/10/2001,9.1795
8/13/2001,9.2049
8/14/2001,9.211
8/15/2001,9.2593
8/16/2001,9.2581
8/17/2001,9.335
8/20/2001,9.4235
8/21/2001,9.431
8/22/2001,9.4707
8/23/2001,9.424
8/24/2001,9.3873
8/27/2001,9.3829
8/28/2001,9.366
8/29/2001,9.425
8/30/2001,9.4669
8/31/2001,9.5345
9/3/2001,9.5099
9/4/2001,9.5517
9/5/2001,9.5165
9/6/2001,9.452
9/7/2001,9.495
9/10/2001,9.5406
9/11/2001,9.4974
9/12/2001,9.5769
9/13/2001,9.5832
9/14/2001,9.5911
9/17/2001,9.7095
9/18/2001,9.7209
9/19/2001,9.7215
9/20/2001,9.7783
9/21/2001,9.9631
9/24/2001,9.9185
9/25/2001,9.8338
9/26/2001,9.92
9/27/2001,9.8752
9/28/2001,9.7321
10/1/2001,9.7331
10/2/2001,9.7785
10/3/2001,9.7392
10/4/2001,9.6897
10/5/2001,9.7341
10/8/2001,9.7397
10/9/2001,9.6785
10/10/2001,9.6509
10/11/2001,9.5635
10/12/2001,9.521
10/15/2001,9.5033
10/16/2001,9.4865
10/17/2001,9.4515
10/18/2001,9.4936
10/19/2001,9.4715
10/22/2001,9.5069
10/23/2001,9.5085
10/24/2001,9.4942
10/25/2001,9.4482
10/26/2001,9.4315
10/29/2001,9.4742
10/30/2001,9.5832
10/31/2001,9.6122
11/1/2001,9.585
11/2/2001,9.5336
11/5/2001,9.5117
11/6/2001,9.48
11/7/2001,9.474
11/8/2001,9.38
11/9/2001,9.4244
11/12/2001,9.4107
11/13/2001,9.3595
11/14/2001,9.334
11/15/2001,9.3345
11/16/2001,9.377
11/19/2001,9.3665
11/20/2001,9.366
11/21/2001,9.4082
11/22/2001,9.3868
11/23/2001,9.3611
11/26/2001,9.3641
11/27/2001,9.3412
11/28/2001,9.4084
11/29/2001,9.468
11/30/2001,9.491
12/3/2001,9.5736
12/4/2001,9.4739
12/5/2001,9.4457
12/6/2001,9.3619
12/7/2001,9.3573
12/10/2001,9.3443
12/11/2001,9.3669
12/12/2001,9.3833
12/13/2001,9.3588
12/14/2001,9.4642
12/17/2001,9.4817
12/18/2001,9.4648
12/19/2001,9.5029
12/20/2001,9.512
12/21/2001,9.5065
12/24/2001,9.505
12/27/2001,9.4413
12/28/2001,9.3012
1/2/2002,9.2825
1/3/2002,9.2337
1/4/2002,9.2353
1/7/2002,9.211
1/8/2002,9.2353
1/9/2002,9.246
1/10/2002,9.1795
1/11/2002,9.1505
1/14/2002,9.2021
1/15/2002,9.2287
1/16/2002,9.2141
1/17/2002,9.2802
1/18/2002,9.2458
1/21/2002,9.2175
1/22/2002,9.2422
1/23/2002,9.2868
1/24/2002,9.2355
1/25/2002,9.2463
1/28/2002,9.2275
1/29/2002,9.2251
1/30/2002,9.209
1/31/2002,9.17
2/1/2002,9.188
2/4/2002,9.2148
2/5/2002,9.2574
2/6/2002,9.213
2/7/2002,9.229
2/8/2002,9.2601
2/11/2002,9.2598
2/12/2002,9.25
2/13/2002,9.2303
2/14/2002,9.1915
2/15/2002,9.1788
2/18/2002,9.1955
2/19/2002,9.1922
2/20/2002,9.194
2/21/2002,9.1314
2/22/2002,9.1548
2/25/2002,9.11
2/26/2002,9.0649
2/27/2002,9.0779
2/28/2002,9.0625
3/1/2002,9.089
3/4/2002,9.065
3/5/2002,9.041
3/6/2002,9.04
3/7/2002,9.0665
3/8/2002,9.0675
3/11/2002,9.084
3/12/2002,9.0852
3/13/2002,9.12
3/14/2002,9.1335
3/15/2002,9.133
3/18/2002,9.0771
3/19/2002,9.0689
3/20/2002,9.0284
3/21/2002,9.0139
3/22/2002,9.0175
3/25/2002,9.0038
3/26/2002,9.0015
3/27/2002,9.0221
3/28/2002,9.0304
4/2/2002,9.0231
4/3/2002,9.0632
4/4/2002,9.0752
4/5/2002,9.0311
4/8/2002,9.0561
4/9/2002,9.0806
4/10/2002,9.0922
4/11/2002,9.0867
4/12/2002,9.098
4/15/2002,9.1096
4/16/2002,9.1453
4/17/2002,9.1438
4/18/2002,9.1535
4/19/2002,9.1671
4/22/2002,9.208
4/23/2002,9.1913
4/24/2002,9.1707
4/25/2002,9.2307
4/26/2002,9.231
4/29/2002,9.24
4/30/2002,9.254
5/2/2002,9.2685
5/3/2002,9.2645
5/6/2002,9.2753
5/7/2002,9.3725
5/8/2002,9.312
5/9/2002,9.3086
5/10/2002,9.3055
5/13/2002,9.343
5/14/2002,9.2895
5/15/2002,9.213
5/16/2002,9.2315
5/17/2002,9.219
5/20/2002,9.2125
5/21/2002,9.1733
5/22/2002,9.1694
5/23/2002,9.1273
5/24/2002,9.1128
5/27/2002,9.1416
5/28/2002,9.1392
5/29/2002,9.1575
5/30/2002,9.1133
5/31/2002,9.107
6/3/2002,9.0748
6/4/2002,9.1451
6/5/2002,9.1268
6/6/2002,9.152
6/7/2002,9.2247
6/10/2002,9.2104
6/11/2002,9.1515
6/12/2002,9.1678
6/13/2002,9.1413
6/14/2002,9.1664
6/17/2002,9.0785
6/18/2002,9.0588
6/19/2002,9.078
6/20/2002,9.0585
6/21/2002,9.0445
6/24/2002,9.0978
6/25/2002,9.0245
6/26/2002,9.0965
6/27/2002,9.0736
6/28/2002,9.1015
7/1/2002,9.079
7/2/2002,9.0441
7/3/2002,9.1293
7/4/2002,9.1285
7/5/2002,9.1253
7/8/2002,9.1587
7/9/2002,9.185
7/10/2002,9.2402
7/11/2002,9.2757
7/12/2002,9.228
7/15/2002,9.24
7/16/2002,9.304
7/17/2002,9.3234
7/18/2002,9.278
7/19/2002,9.3665
7/22/2002,9.4794
7/23/2002,9.4645
7/24/2002,9.5451
7/25/2002,9.4182
7/26/2002,9.4421
7/29/2002,9.262
7/30/2002,9.2235
7/31/2002,9.2445
8/1/2002,9.3205
8/2/2002,9.4737
8/5/2002,9.4471
8/6/2002,9.3565
8/7/2002,9.3125
8/8/2002,9.2955
8/9/2002,9.312
8/12/2002,9.282
8/13/2002,9.259
8/14/2002,9.2853
8/15/2002,9.2153
8/16/2002,9.2356
8/19/2002,9.2218
8/20/2002,9.1985
8/21/2002,9.1671
8/22/2002,9.152
8/23/2002,9.1999
8/26/2002,9.1325
8/27/2002,9.134
8/28/2002,9.1425
8/29/2002,9.1585
8/30/2002,9.1731
9/2/2002,9.2303
9/3/2002,9.2835
9/4/2002,9.344
9/5/2002,9.2951
9/6/2002,9.2255
9/9/2002,9.2039
9/10/2002,9.2085
9/11/2002,9.1675
9/12/2002,9.1761
9/13/2002,9.2475
9/16/2002,9.1035
9/17/2002,9.0978
9/18/2002,9.1281
9/19/2002,9.0955
9/20/2002,9.0937
9/23/2002,9.058
9/24/2002,9.089
9/25/2002,9.1035
9/26/2002,9.1176
9/27/2002,9.106
9/30/2002,9.1516
10/1/2002,9.108
10/2/2002,9.07
10/3/2002,9.096
10/4/2002,9.0906
10/7/2002,9.0918
10/8/2002,9.1565
10/9/2002,9.1561
10/10/2002,9.172
10/11/2002,9.111
10/14/2002,9.095
10/15/2002,9.0695
10/16/2002,9.0681
10/17/2002,9.0947
10/18/2002,9.096
10/21/2002,9.0678
10/22/2002,9.109
10/23/2002,9.14
10/24/2002,9.135
10/25/2002,9.1286
10/28/2002,9.082
10/29/2002,9.1056
10/30/2002,9.0834
10/31/2002,9.09
11/1/2002,9.0888
11/4/2002,9.1424
11/5/2002,9.1423
11/6/2002,9.1275
11/7/2002,9.1393
11/8/2002,9.1215
11/11/2002,9.097
11/12/2002,9.0833
11/13/2002,9.0728
11/14/2002,9.0973
11/15/2002,9.0835
11/18/2002,9.0725
11/19/2002,9.0723
11/20/2002,9.078
11/21/2002,9.0633
11/22/2002,9.0181
11/25/2002,9.0117
11/26/2002,9.0354
11/27/2002,9.0608
11/28/2002,9.0654
11/29/2002,9.0453
12/2/2002,9.0071
12/3/2002,9.0365
12/4/2002,9.0543
12/5/2002,9.0582
12/6/2002,9.0525
12/9/2002,9.0655
12/10/2002,9.1095
12/11/2002,9.0695
12/12/2002,9.107
12/13/2002,9.1205
12/16/2002,9.1288
12/17/2002,9.094
12/18/2002,9.09
12/19/2002,9.097
12/20/2002,9.0975
12/23/2002,9.138
12/24/2002,9.1326
12/27/2002,9.155
12/30/2002,9.1558
12/31/2002,9.1528
1/2/2003,9.127
1/3/2003,9.106
1/6/2003,9.0913
1/7/2003,9.067
1/8/2003,9.0702
1/9/2003,9.111
1/10/2003,9.1385
1/13/2003,9.1722
1/14/2003,9.1705
1/15/2003,9.172
1/16/2003,9.18
1/17/2003,9.175
1/20/2003,9.1968
1/21/2003,9.1887
1/22/2003,9.2535
1/23/2003,9.2458
1/24/2003,9.2503
1/27/2003,9.246
1/28/2003,9.2228
1/29/2003,9.2135
1/30/2003,9.187
1/31/2003,9.2285
2/3/2003,9.2334
2/4/2003,9.2427
2/5/2003,9.2489
2/6/2003,9.1989
2/7/2003,9.1617
2/10/2003,9.1594
2/11/2003,9.145
2/12/2003,9.1338
2/13/2003,9.1065
2/14/2003,9.1066
2/17/2003,9.1045
2/18/2003,9.1215
2/19/2003,9.1013
2/20/2003,9.1073
2/21/2003,9.13
2/24/2003,9.1248
2/25/2003,9.118
2/26/2003,9.0996
2/27/2003,9.1203
2/28/2003,9.1458
3/3/2003,9.193
3/4/2003,9.1925
3/5/2003,9.189
3/6/2003,9.2155
3/7/2003,9.2395
3/10/2003,9.2517
3/11/2003,9.2955
3/12/2003,9.3133
3/13/2003,9.2735
3/14/2003,9.2055
3/17/2003,9.2223
3/18/2003,9.2367
3/19/2003,9.196
3/20/2003,9.1857
3/21/2003,9.164
3/24/2003,9.1875
3/25/2003,9.238
3/26/2003,9.217
3/27/2003,9.2527
3/28/2003,9.2271
3/31/2003,9.2608
4/1/2003,9.2284
4/2/2003,9.2468
4/3/2003,9.2017
4/4/2003,9.1982
4/7/2003,9.1755
4/8/2003,9.1691
4/9/2003,9.1377
4/10/2003,9.1458
4/11/2003,9.138
4/14/2003,9.1275
4/15/2003,9.137
4/16/2003,9.1572
4/17/2003,9.1655
4/22/2003,9.141
4/23/2003,9.1115
4/24/2003,9.1102
4/25/2003,9.1095
4/28/2003,9.1337
4/29/2003,9.1305
4/30/2003,9.1175
5/2/2003,9.1168
5/5/2003,9.0833
5/6/2003,9.0968
5/7/2003,9.108
5/8/2003,9.116
5/9/2003,9.1748
5/12/2003,9.194
5/13/2003,9.185
5/14/2003,9.1785
5/15/2003,9.1578
5/16/2003,9.149
5/19/2003,9.1869
5/20/2003,9.17
5/21/2003,9.183
5/22/2003,9.1478
5/23/2003,9.1679
5/26/2003,9.1984
5/27/2003,9.193
5/28/2003,9.1535
5/29/2003,9.1625
5/30/2003,9.15
6/2/2003,9.1128
6/3/2003,9.125
6/4/2003,9.1055
6/5/2003,9.126
6/6/2003,9.1254
6/9/2003,9.1152
6/10/2003,9.1157
6/11/2003,9.106
6/12/2003,9.0914
6/13/2003,9.068
6/16/2003,9.094
6/17/2003,9.072
6/18/2003,9.068
6/19/2003,9.0773
6/20/2003,9.0675
6/23/2003,9.0965
6/24/2003,9.145
6/25/2003,9.1535
6/26/2003,9.1855
6/27/2003,9.1828
6/30/2003,9.2488
7/1/2003,9.197
7/2/2003,9.1831
7/3/2003,9.1745
7/4/2003,9.1783
7/7/2003,9.202
7/8/2003,9.1575
7/9/2003,9.143
7/10/2003,9.1255
7/11/2003,9.135
7/14/2003,9.1323
7/15/2003,9.1465
7/16/2003,9.1542
7/17/2003,9.2037
7/18/2003,9.2374
7/21/2003,9.2763
7/22/2003,9.2718
7/23/2003,9.244
7/24/2003,9.1977
7/25/2003,9.1925
7/28/2003,9.1666
7/29/2003,9.184
7/30/2003,9.178
7/31/2003,9.188
8/1/2003,9.2302
8/4/2003,9.2597
8/5/2003,9.22
8/6/2003,9.1997
8/7/2003,9.2085
8/8/2003,9.202
8/11/2003,9.2355
8/12/2003,9.2671
8/13/2003,9.2467
8/14/2003,9.2273
8/15/2003,9.2322
8/18/2003,9.2411
8/19/2003,9.3148
8/20/2003,9.2533
8/21/2003,9.2093
8/22/2003,9.2089
8/25/2003,9.2435
8/26/2003,9.278
8/27/2003,9.267
8/28/2003,9.22
8/29/2003,9.23
9/1/2003,9.1713
9/2/2003,9.181
9/3/2003,9.149
9/4/2003,9.13
9/5/2003,9.12
9/8/2003,9.1285
9/9/2003,9.1328
9/10/2003,9.1555
9/11/2003,9.084
9/12/2003,9.095
9/15/2003,9.142
9/16/2003,9.1464
9/17/2003,9.0783
9/18/2003,9.0318
9/19/2003,9.0375
9/22/2003,9.063
9/23/2003,9.03
9/24/2003,8.9385
9/25/2003,8.8848
9/26/2003,8.934
9/29/2003,8.9038
9/30/2003,8.9625
10/1/2003,9.085
10/2/2003,8.988
10/3/2003,8.9883
10/6/2003,8.971
10/7/2003,8.9682
10/8/2003,8.9845
10/9/2003,8.9784
10/10/2003,9.002
10/13/2003,9.006
10/14/2003,8.959
10/15/2003,8.9634
10/16/2003,8.942
10/17/2003,8.986
10/20/2003,9.0645
10/21/2003,9.0435
10/22/2003,9.0255
10/23/2003,9.0355
10/24/2003,9.0505
10/27/2003,9.0705
10/28/2003,9.0377
10/29/2003,9.0285
10/30/2003,9.0152
10/31/2003,9.0474
11/3/2003,9.073
11/4/2003,9.0548
11/5/2003,9.0338
11/6/2003,9.003
11/7/2003,8.969
11/10/2003,8.9757
11/11/2003,8.988
11/12/2003,8.9777
11/13/2003,8.9525
11/14/2003,8.957
11/17/2003,8.9665
11/18/2003,8.9665
11/19/2003,8.9969
11/20/2003,8.974
11/21/2003,8.9625
11/24/2003,8.962
11/25/2003,8.9847
11/26/2003,8.9955
11/27/2003,9.0373
11/28/2003,9.0475
12/1/2003,9.0187
12/2/2003,9.0117
12/3/2003,8.987
12/4/2003,8.963
12/5/2003,8.9523
12/8/2003,8.9327
12/9/2003,8.9398
12/10/2003,8.937
12/11/2003,8.9817
12/12/2003,8.9655
12/15/2003,8.992
12/16/2003,9.04
12/17/2003,9.033
12/18/2003,9.0825
12/19/2003,9.1085
12/22/2003,9.0927
12/23/2003,9.1036
12/24/2003,9.0905
12/29/2003,9.0891
12/30/2003,9.077
12/31/2003,9.08
1/2/2004,9.05
1/5/2004,9.068
1/6/2004,9.1278
1/7/2004,9.1053
1/8/2004,9.08725
1/9/2004,9.1119
1/12/2004,9.1115
1/13/2004,9.1342
1/14/2004,9.1755
1/15/2004,9.164
1/16/2004,9.1902
1/19/2004,9.176
1/20/2004,9.1631
1/21/2004,9.1639
1/22/2004,9.106
1/23/2004,9.1436
1/26/2004,9.1513
1/27/2004,9.1591
1/28/2004,9.1255
1/29/2004,9.164
1/30/2004,9.194
2/2/2004,9.2182
2/3/2004,9.1767
2/4/2004,9.1838
2/5/2004,9.1759
2/6/2004,9.1175
2/9/2004,9.1062
2/10/2004,9.126
2/11/2004,9.1118
2/12/2004,9.1567
2/13/2004,9.1462
2/16/2004,9.1719
2/17/2004,9.1935
2/18/2004,9.1956
2/19/2004,9.18
2/20/2004,9.1866
2/23/2004,9.1975
2/24/2004,9.1983
2/25/2004,9.2337
2/26/2004,9.2191
2/27/2004,9.2315
3/1/2004,9.251
3/2/2004,9.2481
3/3/2004,9.255
3/4/2004,9.2151
3/5/2004,9.2
3/8/2004,9.1652
3/9/2004,9.1653
3/10/2004,9.1748
3/11/2004,9.207
3/12/2004,9.2376
3/15/2004,9.2563
3/16/2004,9.238
3/17/2004,9.2438
3/18/2004,9.2493
3/19/2004,9.2713
3/22/2004,9.2185
3/23/2004,9.2272
3/24/2004,9.2414
3/25/2004,9.281
3/26/2004,9.2665
3/29/2004,9.2665
3/30/2004,9.2596
3/31/2004,9.2581
4/1/2004,9.234
4/2/2004,9.2231
4/5/2004,9.193
4/6/2004,9.2018
4/7/2004,9.1615
4/8/2004,9.1645
4/13/2004,9.1363
4/14/2004,9.1755
4/15/2004,9.1868
4/16/2004,9.2072
4/19/2004,9.2088
4/20/2004,9.1688
4/21/2004,9.1585
4/22/2004,9.1432
4/23/2004,9.1375
4/26/2004,9.1083
4/27/2004,9.1142
4/28/2004,9.1163
4/29/2004,9.1188
4/30/2004,9.1483
5/3/2004,9.1425
5/4/2004,9.1383
5/5/2004,9.1389
5/6/2004,9.106
5/7/2004,9.1028
5/10/2004,9.1259
5/11/2004,9.1703
5/12/2004,9.1698
5/13/2004,9.1415
5/14/2004,9.164
5/17/2004,9.192
5/18/2004,9.162
5/19/2004,9.1243
5/20/2004,9.0735
5/21/2004,9.1051
5/24/2004,9.097
5/25/2004,9.1262
5/26/2004,9.1106
5/27/2004,9.087
5/28/2004,9.115
5/31/2004,9.0893
6/1/2004,9.102
6/2/2004,9.131
6/3/2004,9.1475
6/4/2004,9.1467
6/7/2004,9.1333
6/8/2004,9.104
6/9/2004,9.0925
6/10/2004,9.1475
6/11/2004,9.1589
6/14/2004,9.1794
6/15/2004,9.1495
6/16/2004,9.1458
6/17/2004,9.1495
6/18/2004,9.1485
6/21/2004,9.1453
6/22/2004,9.162
6/23/2004,9.1635
6/24/2004,9.1688
6/25/2004,9.1488
6/28/2004,9.1493
6/29/2004,9.1275
6/30/2004,9.1451
7/1/2004,9.1615
7/2/2004,9.1785
7/5/2004,9.1859
7/6/2004,9.1885
7/7/2004,9.1813
7/8/2004,9.1755
7/9/2004,9.1845
7/12/2004,9.2002
7/13/2004,9.2048
7/14/2004,9.212
7/15/2004,9.1955
7/16/2004,9.1981
7/19/2004,9.1975
7/20/2004,9.2091
7/21/2004,9.1815
7/22/2004,9.1923
7/23/2004,9.1906
7/26/2004,9.203
7/27/2004,9.2033
7/28/2004,9.2105
7/29/2004,9.2274
7/30/2004,9.2357
8/2/2004,9.214
8/3/2004,9.2092
8/4/2004,9.1938
8/5/2004,9.1803
8/6/2004,9.1821
8/9/2004,9.1978
8/10/2004,9.1823
8/11/2004,9.2
8/12/2004,9.202
8/13/2004,9.2198
8/16/2004,9.2389
8/17/2004,9.2324
8/18/2004,9.2187
8/19/2004,9.2185
8/20/2004,9.1985
8/23/2004,9.1783
8/24/2004,9.1613
8/25/2004,9.1546
8/26/2004,9.1405
8/27/2004,9.1226
8/30/2004,9.1222
8/31/2004,9.1263
9/1/2004,9.137
9/2/2004,9.1211
9/3/2004,9.137
9/6/2004,9.1318
9/7/2004,9.1335
9/8/2004,9.101
9/9/2004,9.1171
9/10/2004,9.0981
9/13/2004,9.0915
9/14/2004,9.1003
9/15/2004,9.1175
9/16/2004,9.127
9/17/2004,9.1091
9/20/2004,9.0816
9/21/2004,9.0573
9/22/2004,9.0536
9/23/2004,9.0539
9/24/2004,9.039
9/27/2004,9.0484
9/28/2004,9.0558
9/29/2004,9.0526
9/30/2004,9.0588
10/1/2004,9.0288
10/4/2004,9.0448
10/5/2004,9.04
10/6/2004,9.0353
10/7/2004,9.0463
10/8/2004,9.068
10/11/2004,9.0515
10/12/2004,9.0578
10/13/2004,9.0633
10/14/2004,9.0916
10/15/2004,9.1078
10/18/2004,9.0985
10/19/2004,9.0817
10/20/2004,9.0734
10/21/2004,9.0789
10/22/2004,9.094
10/25/2004,9.0775
10/26/2004,9.0427
10/27/2004,9.0238
10/28/2004,9.0426
10/29/2004,9.053
11/1/2004,9.0525
11/2/2004,9.0422
11/3/2004,9.063
11/4/2004,9.0793
11/5/2004,9.108
11/8/2004,9.0886
11/9/2004,9.116
11/10/2004,9.0665
11/11/2004,9.0233
11/12/2004,8.9663
11/15/2004,8.9613
11/16/2004,8.9625
11/17/2004,8.971
11/18/2004,8.9645
11/19/2004,8.9695
11/22/2004,8.9569
11/23/2004,8.9465
11/24/2004,8.927
11/25/2004,8.926
11/26/2004,8.9214
11/29/2004,8.921
11/30/2004,8.9238
12/1/2004,8.9396
12/2/2004,8.9755
12/3/2004,8.951
12/6/2004,8.8992
12/7/2004,8.9065
12/8/2004,8.9627
12/9/2004,8.994
12/10/2004,9.014
12/13/2004,8.9675
12/14/2004,8.9573
12/15/2004,8.9963
12/16/2004,8.9615
12/17/2004,8.998
12/20/2004,8.963
12/21/2004,8.9695
12/22/2004,9.0245
12/23/2004,9.0275
12/24/2004,9.035
12/27/2004,9.0292
12/28/2004,8.987
12/29/2004,8.9883
12/30/2004,9.0155
12/31/2004,9.0206
1/3/2005,8.9758
1/4/2005,9.0385
1/5/2005,9.0373
1/6/2005,9.0339
1/7/2005,9.0298
1/10/2005,9.043
1/11/2005,9.028
1/12/2005,9.055
1/13/2005,9.0481
1/14/2005,9.0483
1/17/2005,9.0432
1/18/2005,9.035
1/19/2005,9.0295
1/20/2005,9.0217
1/21/2005,9.057
1/24/2005,9.0615
1/25/2005,9.0701
1/26/2005,9.0725
1/27/2005,9.078
1/28/2005,9.0875
1/31/2005,9.1057
2/1/2005,9.0945
2/2/2005,9.0763
2/3/2005,9.0633
2/4/2005,9.0853
2/7/2005,9.0723
2/8/2005,9.0883
2/9/2005,9.0755
2/10/2005,9.091
2/11/2005,9.0975
2/14/2005,9.0972
2/15/2005,9.0706
2/16/2005,9.0761
2/17/2005,9.1048
2/18/2005,9.0914
2/21/2005,9.12
2/22/2005,9.0993
2/23/2005,9.098
2/24/2005,9.0734
2/25/2005,9.0724
2/28/2005,9.0576
3/1/2005,9.0517
3/2/2005,9.0627
3/3/2005,9.0464
3/4/2005,9.0555
3/7/2005,9.0365
3/8/2005,9.0499
3/9/2005,9.053
3/10/2005,9.0693
3/11/2005,9.063
3/14/2005,9.075
3/15/2005,9.0958
3/16/2005,9.09
3/17/2005,9.1023
3/18/2005,9.1144
3/21/2005,9.1371
3/22/2005,9.1392
3/23/2005,9.1114
3/24/2005,9.1087
3/29/2005,9.1197
3/30/2005,9.1325
3/31/2005,9.143
4/1/2005,9.1687
4/4/2005,9.1818
4/5/2005,9.1765
4/6/2005,9.1612
4/7/2005,9.1478
4/8/2005,9.1597
4/11/2005,9.1703
4/12/2005,9.1578
4/13/2005,9.1515
4/14/2005,9.168
4/15/2005,9.1785
4/18/2005,9.177
4/19/2005,9.2005
4/20/2005,9.1923
4/21/2005,9.1855
4/22/2005,9.1704
4/25/2005,9.1523
4/26/2005,9.1453
4/27/2005,9.1403
4/28/2005,9.1413
4/29/2005,9.1805
5/2/2005,9.1994
5/3/2005,9.2249
5/4/2005,9.1718
5/5/2005,9.168
5/6/2005,9.1633
5/9/2005,9.1823
5/10/2005,9.2005
5/11/2005,9.2008
5/12/2005,9.2105
5/13/2005,9.2067
5/16/2005,9.224
5/17/2005,9.226
5/18/2005,9.2162
5/19/2005,9.191
5/20/2005,9.1885
5/23/2005,9.18
5/24/2005,9.1812
5/25/2005,9.1783
5/26/2005,9.2
5/27/2005,9.1975
5/30/2005,9.1768
5/31/2005,9.1608
6/1/2005,9.14
6/2/2005,9.1528
6/3/2005,9.141
6/6/2005,9.1357
6/7/2005,9.1304
6/8/2005,9.193
6/9/2005,9.201
6/10/2005,9.2228
6/13/2005,9.2665
6/14/2005,9.2835
6/15/2005,9.264
6/16/2005,9.275
6/17/2005,9.2403
6/20/2005,9.2273
6/21/2005,9.2373
6/22/2005,9.2711
6/23/2005,9.3735
6/24/2005,9.4015
6/27/2005,9.3723
6/28/2005,9.393
6/29/2005,9.4333
6/30/2005,9.4259
7/1/2005,9.4866
7/4/2005,9.474
7/5/2005,9.4352
7/6/2005,9.3693
7/7/2005,9.4287
7/8/2005,9.4296
7/11/2005,9.4744
7/12/2005,9.456
7/13/2005,9.3855
7/14/2005,9.3809
7/15/2005,9.4148
7/18/2005,9.373
7/19/2005,9.4254
7/20/2005,9.422
7/21/2005,9.457
7/22/2005,9.4528
7/25/2005,9.421
7/26/2005,9.4493
7/27/2005,9.4385
7/28/2005,9.4
7/29/2005,9.4048
8/1/2005,9.393
8/2/2005,9.3721
8/3/2005,9.3803
8/4/2005,9.3385
8/5/2005,9.3338
8/8/2005,9.3242
8/9/2005,9.359
8/10/2005,9.3545
8/11/2005,9.3223
8/12/2005,9.3016
8/15/2005,9.3064
8/16/2005,9.3084
8/17/2005,9.3309
8/18/2005,9.3233
8/19/2005,9.3425
8/22/2005,9.3658
8/23/2005,9.3674
8/24/2005,9.3333
8/25/2005,9.3313
8/26/2005,9.3291
8/29/2005,9.3193
8/30/2005,9.3386
8/31/2005,9.3401
9/1/2005,9.3325
9/2/2005,9.2905
9/5/2005,9.294
9/6/2005,9.3124
9/7/2005,9.328
9/8/2005,9.32
9/9/2005,9.337
9/12/2005,9.2834
9/13/2005,9.309
9/14/2005,9.333
9/15/2005,9.316
9/16/2005,9.3305
9/19/2005,9.33
9/20/2005,9.3393
9/21/2005,9.3345
9/22/2005,9.3615
9/23/2005,9.3683
9/26/2005,9.357
9/27/2005,9.3875
9/28/2005,9.3887
9/29/2005,9.3715
9/30/2005,9.3267
10/3/2005,9.3086
10/4/2005,9.321
10/5/2005,9.3014
10/6/2005,9.3108
10/7/2005,9.3375
10/10/2005,9.3537
10/11/2005,9.3353
10/12/2005,9.3507
10/13/2005,9.372
10/14/2005,9.4369
10/17/2005,9.463
10/18/2005,9.4712
10/19/2005,9.4695
10/20/2005,9.465
10/21/2005,9.49
10/24/2005,9.5297
10/25/2005,9.488
10/26/2005,9.493
10/27/2005,9.5045
10/28/2005,9.5295
10/31/2005,9.536
11/1/2005,9.578
11/2/2005,9.5973
11/3/2005,9.6148
11/4/2005,9.5915
11/7/2005,9.6045
11/8/2005,9.5525
11/9/2005,9.5645
11/10/2005,9.5918
11/11/2005,9.5888
11/14/2005,9.5458
11/15/2005,9.6325
11/16/2005,9.6126
11/17/2005,9.6133
11/18/2005,9.5675
11/21/2005,9.5722
11/22/2005,9.5426
11/23/2005,9.5162
11/24/2005,9.511
11/25/2005,9.4647
11/28/2005,9.4585
11/29/2005,9.502
11/30/2005,9.5272
12/1/2005,9.5163
12/2/2005,9.426
12/5/2005,9.4243
12/6/2005,9.3862
12/7/2005,9.3949
12/8/2005,9.4217
12/9/2005,9.4224
12/12/2005,9.4405
12/13/2005,9.4415
12/14/2005,9.44
12/15/2005,9.418
12/16/2005,9.479
12/19/2005,9.4295
12/20/2005,9.3887
12/21/2005,9.43
12/22/2005,9.4327
12/23/2005,9.46
12/27/2005,9.4753
12/28/2005,9.4367
12/29/2005,9.4104
12/30/2005,9.3885
1/2/2006,9.3977
1/3/2006,9.355
1/4/2006,9.3521
1/5/2006,9.3263
1/6/2006,9.3139
1/9/2006,9.338
1/10/2006,9.353
1/11/2006,9.3499
1/12/2006,9.3322
1/13/2006,9.3063
1/16/2006,9.3293
1/17/2006,9.3325
1/18/2006,9.3297
1/19/2006,9.3395
1/20/2006,9.3035
1/23/2006,9.26
1/24/2006,9.2698
1/25/2006,9.2687
1/26/2006,9.2512
1/27/2006,9.2584
1/30/2006,9.2265
1/31/2006,9.2503
2/1/2006,9.2352
2/2/2006,9.2835
2/3/2006,9.278
2/6/2006,9.2972
2/7/2006,9.307
2/8/2006,9.2713
2/9/2006,9.2617
2/10/2006,9.2623
2/13/2006,9.3379
2/14/2006,9.335
2/15/2006,9.3325
2/16/2006,9.394
2/17/2006,9.381
2/20/2006,9.3635
2/21/2006,9.3887
2/22/2006,9.3762
2/23/2006,9.4103
2/24/2006,9.42
2/27/2006,9.444
2/28/2006,9.449
3/1/2006,9.4475
3/2/2006,9.4623
3/3/2006,9.4603
3/6/2006,9.4543
3/7/2006,9.4733
3/8/2006,9.472
3/9/2006,9.4299
3/10/2006,9.3925
3/13/2006,9.3786
3/14/2006,9.382
3/15/2006,9.3875
3/16/2006,9.3637
3/17/2006,9.3396
3/20/2006,9.334
3/21/2006,9.373
3/22/2006,9.3775
3/23/2006,9.3525
3/24/2006,9.373
3/27/2006,9.355
3/28/2006,9.3677
3/29/2006,9.4148
3/30/2006,9.4163
3/31/2006,9.4315
4/3/2006,9.4195
4/4/2006,9.382
4/5/2006,9.3584
4/6/2006,9.322
4/7/2006,9.3415
4/10/2006,9.3669
4/11/2006,9.3345
4/12/2006,9.3285
4/13/2006,9.326
4/18/2006,9.3068
4/19/2006,9.322
4/20/2006,9.2882
4/21/2006,9.308
4/24/2006,9.342
4/25/2006,9.3326
4/26/2006,9.3135
4/27/2006,9.3328
4/28/2006,9.297
5/2/2006,9.3173
5/3/2006,9.309
5/4/2006,9.3255
5/5/2006,9.322
5/8/2006,9.2985
5/9/2006,9.321
5/10/2006,9.3266
5/11/2006,9.3379
5/12/2006,9.37
5/15/2006,9.3865
5/16/2006,9.3985
5/17/2006,9.3777
5/18/2006,9.3755
5/19/2006,9.3705
5/22/2006,9.3513
5/23/2006,9.3095
5/24/2006,9.3189
5/25/2006,9.3156
5/26/2006,9.3065
5/29/2006,9.2955
5/30/2006,9.2726
5/31/2006,9.2757
6/1/2006,9.2655
6/2/2006,9.2315
6/5/2006,9.1893
6/6/2006,9.2095
6/7/2006,9.223
6/8/2006,9.2123
6/9/2006,9.2243
6/12/2006,9.208
6/13/2006,9.2553
6/14/2006,9.2708
6/15/2006,9.2765
6/16/2006,9.2689
6/19/2006,9.2809
6/20/2006,9.2345
6/21/2006,9.2023
6/22/2006,9.2349
6/23/2006,9.2213
6/26/2006,9.2182
6/27/2006,9.2313
6/28/2006,9.2337
6/29/2006,9.2373
6/30/2006,9.2385
7/3/2006,9.2165
7/4/2006,9.1883
7/5/2006,9.1776
7/6/2006,9.1818
7/7/2006,9.1693
7/10/2006,9.1716
7/11/2006,9.1891
7/12/2006,9.1625
7/13/2006,9.1818
7/14/2006,9.2043
7/17/2006,9.2365
7/18/2006,9.2527
7/19/2006,9.2585
7/20/2006,9.2305
7/21/2006,9.2441
7/24/2006,9.2595
7/25/2006,9.2655
7/26/2006,9.2452
7/27/2006,9.2495
7/28/2006,9.24
7/31/2006,9.233
8/1/2006,9.2103
8/2/2006,9.1991
8/3/2006,9.2035
8/4/2006,9.2287
8/7/2006,9.185
8/8/2006,9.183
8/9/2006,9.1655
8/10/2006,9.189
8/11/2006,9.1948
8/14/2006,9.2005
8/15/2006,9.216
8/16/2006,9.2107
8/17/2006,9.194
8/18/2006,9.2085
8/21/2006,9.2095
8/22/2006,9.1973
8/23/2006,9.201
8/24/2006,9.1906
8/25/2006,9.2231
8/28/2006,9.2465
8/29/2006,9.2493
8/30/2006,9.252
8/31/2006,9.2667
9/1/2006,9.316
9/4/2006,9.3177
9/5/2006,9.3225
9/6/2006,9.3013
9/7/2006,9.3285
9/8/2006,9.3195
9/11/2006,9.2685
9/12/2006,9.229
9/13/2006,9.2478
9/14/2006,9.2488
9/15/2006,9.225
9/18/2006,9.1928
9/19/2006,9.174
9/20/2006,9.2168
9/21/2006,9.2193
9/22/2006,9.258
9/25/2006,9.3019
9/26/2006,9.2895
9/27/2006,9.277
9/28/2006,9.2623
9/29/2006,9.2797
10/2/2006,9.3317
10/3/2006,9.326
10/4/2006,9.3225
10/5/2006,9.2895
10/6/2006,9.2778
10/9/2006,9.28
10/10/2006,9.274
10/11/2006,9.256
10/12/2006,9.24
10/13/2006,9.2564
10/16/2006,9.243
10/17/2006,9.2694
10/18/2006,9.263
10/19/2006,9.2485
10/20/2006,9.2108
10/23/2006,9.2045
10/24/2006,9.2002
10/25/2006,9.2125
10/26/2006,9.2265
10/27/2006,9.2215
10/30/2006,9.2073
10/31/2006,9.212
11/1/2006,9.2017
11/2/2006,9.1966
11/3/2006,9.1685
11/6/2006,9.1465
11/7/2006,9.1445
11/8/2006,9.1465
11/9/2006,9.1195
11/10/2006,9.0888
11/13/2006,9.0936
11/14/2006,9.0723
11/15/2006,9.087
11/16/2006,9.0705
11/17/2006,9.0621
11/20/2006,9.0823
11/21/2006,9.087
11/22/2006,9.0965
11/23/2006,9.0595
11/24/2006,9.0375
11/27/2006,9.0423
11/28/2006,9.0683
11/29/2006,9.0801
11/30/2006,9.0661
12/1/2006,9.036
12/4/2006,9.033
12/5/2006,9.0495
12/6/2006,9.0757
12/7/2006,9.0345
12/8/2006,9.0555
12/11/2006,9.0585
12/12/2006,9.0605
12/13/2006,9.0407
12/14/2006,9.0602
12/15/2006,9.0633
12/18/2006,9.0555
12/19/2006,9.0252
12/20/2006,9.0038
12/21/2006,8.9661
12/22/2006,8.9888
12/27/2006,9.023
12/28/2006,9.0463
12/29/2006,9.0404
1/2/2007,9.0245
1/3/2007,9.019
1/4/2007,9.0696
1/5/2007,9.0726
1/8/2007,9.061
1/9/2007,9.096
1/10/2007,9.1198
1/11/2007,9.1431
1/12/2007,9.1115
1/15/2007,9.0829
1/16/2007,9.0621
1/17/2007,9.0776
1/18/2007,9.0995
1/19/2007,9.1195
1/22/2007,9.1249
1/23/2007,9.0855
1/24/2007,9.0595
1/25/2007,9.075
1/26/2007,9.0835
1/29/2007,9.0725
1/30/2007,9.0383
1/31/2007,9.052
2/1/2007,9.0395
2/2/2007,9.0575
2/5/2007,9.1163
2/6/2007,9.1365
2/7/2007,9.1175
2/8/2007,9.0947
2/9/2007,9.0933
2/12/2007,9.105
2/13/2007,9.166
2/14/2007,9.141
2/15/2007,9.2235
2/16/2007,9.2701
2/19/2007,9.2425
2/20/2007,9.253
2/21/2007,9.3099
2/22/2007,9.3155
2/23/2007,9.306
2/26/2007,9.2815
2/27/2007,9.246
2/28/2007,9.2763
3/1/2007,9.2777
3/2/2007,9.2927
3/5/2007,9.3308
3/6/2007,9.2785
3/7/2007,9.2648
3/8/2007,9.285
3/9/2007,9.2933
3/12/2007,9.293
3/13/2007,9.291
3/14/2007,9.3068
3/15/2007,9.268
3/16/2007,9.2625
3/19/2007,9.2916
3/20/2007,9.3019
3/21/2007,9.3034
3/22/2007,9.2983
3/23/2007,9.3135
3/26/2007,9.3083
3/27/2007,9.3182
3/28/2007,9.319
3/29/2007,9.337
3/30/2007,9.3462
4/2/2007,9.367
4/3/2007,9.3631
4/4/2007,9.3355
4/5/2007,9.2715
4/10/2007,9.2826
4/11/2007,9.257
4/12/2007,9.258
4/13/2007,9.2823
4/16/2007,9.224
4/17/2007,9.2204
4/18/2007,9.2176
4/19/2007,9.2195
4/20/2007,9.1953
4/23/2007,9.1979
4/24/2007,9.193
4/25/2007,9.1746
4/26/2007,9.152
4/27/2007,9.1435
4/30/2007,9.1523
5/2/2007,9.165
5/3/2007,9.1413
5/4/2007,9.1575
5/7/2007,9.1655
5/8/2007,9.189
5/9/2007,9.1935
5/10/2007,9.2065
5/11/2007,9.226
5/14/2007,9.2313
5/15/2007,9.196
5/16/2007,9.1985
5/17/2007,9.2065
5/18/2007,9.219
5/21/2007,9.2187
5/22/2007,9.192
5/23/2007,9.1909
5/24/2007,9.1957
5/25/2007,9.1912
5/28/2007,9.2032
5/29/2007,9.2555
5/30/2007,9.2965
5/31/2007,9.2945
6/1/2007,9.316
6/4/2007,9.3243
6/5/2007,9.325
6/6/2007,9.34
6/7/2007,9.3205
6/8/2007,9.3425
6/11/2007,9.3367
6/12/2007,9.3923
6/13/2007,9.4157
6/14/2007,9.4166
6/15/2007,9.427
6/18/2007,9.4345
6/19/2007,9.4172
6/20/2007,9.299
6/21/2007,9.2543
6/22/2007,9.2448
6/25/2007,9.2452
6/26/2007,9.2816
6/27/2007,9.2815
6/28/2007,9.2415
6/29/2007,9.2525
7/2/2007,9.2655
7/3/2007,9.2373
7/4/2007,9.173
7/5/2007,9.157
7/6/2007,9.1585
7/9/2007,9.1677
7/10/2007,9.1873
7/11/2007,9.1663
7/12/2007,9.1448
7/13/2007,9.156
7/16/2007,9.1503
7/17/2007,9.1613
7/18/2007,9.172
7/19/2007,9.1757
7/20/2007,9.1677
7/23/2007,9.1855
7/24/2007,9.1775
7/25/2007,9.2103
7/26/2007,9.2266
7/27/2007,9.2272
7/30/2007,9.1945
7/31/2007,9.19
8/1/2007,9.2597
8/2/2007,9.2325
8/3/2007,9.2137
8/6/2007,9.2192
8/7/2007,9.2162
8/8/2007,9.2347
8/9/2007,9.2788
8/10/2007,9.2924
8/13/2007,9.3143
8/14/2007,9.315
8/15/2007,9.3633
8/16/2007,9.413
8/17/2007,9.359
8/20/2007,9.3296
8/21/2007,9.3645
8/22/2007,9.3852
8/23/2007,9.369
8/24/2007,9.378
8/27/2007,9.372
8/28/2007,9.3721
8/29/2007,9.3987
8/30/2007,9.3832
8/31/2007,9.3662
9/3/2007,9.382
9/4/2007,9.389
9/5/2007,9.3948
9/6/2007,9.345
9/7/2007,9.326
9/10/2007,9.3725
9/11/2007,9.32
9/12/2007,9.2903
9/13/2007,9.2766
9/14/2007,9.2735
9/17/2007,9.2845
9/18/2007,9.2953
9/19/2007,9.2565
9/20/2007,9.214
9/21/2007,9.206
9/24/2007,9.1815
9/25/2007,9.2181
9/26/2007,9.2095
9/27/2007,9.2207
9/28/2007,9.2147
10/1/2007,9.194
10/2/2007,9.2163
10/3/2007,9.2037
10/4/2007,9.1755
10/5/2007,9.1848
10/8/2007,9.1665
10/9/2007,9.163
10/10/2007,9.1532
10/11/2007,9.1093
10/12/2007,9.1145
10/15/2007,9.0923
10/16/2007,9.1538
10/17/2007,9.1456
10/18/2007,9.153
10/19/2007,9.1677
10/22/2007,9.2145
10/23/2007,9.19
10/24/2007,9.2127
10/25/2007,9.2103
10/26/2007,9.18
10/29/2007,9.192
10/30/2007,9.1782
10/31/2007,9.2191
11/1/2007,9.2225
11/2/2007,9.253
11/5/2007,9.258
11/6/2007,9.25
11/7/2007,9.2535
11/8/2007,9.262
11/9/2007,9.2908
11/12/2007,9.3214
11/13/2007,9.2805
11/14/2007,9.247
11/15/2007,9.248
11/16/2007,9.2587
11/19/2007,9.2829
11/20/2007,9.2823
11/21/2007,9.317
11/22/2007,9.329
11/23/2007,9.3188
11/26/2007,9.289
11/27/2007,9.3135
11/28/2007,9.3367
11/29/2007,9.3689
11/30/2007,9.3715
12/3/2007,9.3775
12/4/2007,9.42
12/5/2007,9.3985
12/6/2007,9.3905
12/7/2007,9.401
12/10/2007,9.4182
12/11/2007,9.405
12/12/2007,9.4289
12/13/2007,9.4398
12/14/2007,9.4217
12/17/2007,9.4593
12/18/2007,9.4381
12/19/2007,9.4754
12/20/2007,9.461
12/21/2007,9.4453
12/24/2007,9.4685
12/27/2007,9.4685
12/28/2007,9.4483
12/31/2007,9.4415
1/2/2008,9.4257
1/3/2008,9.4078
1/4/2008,9.3755
1/7/2008,9.3625
1/8/2008,9.3806
1/9/2008,9.403
1/10/2008,9.4087
1/11/2008,9.398
1/14/2008,9.3987
1/15/2008,9.3965
1/16/2008,9.4194
1/17/2008,9.4097
1/18/2008,9.4283
1/21/2008,9.4752
1/22/2008,9.4995
1/23/2008,9.5105
1/24/2008,9.486
1/25/2008,9.4603
1/28/2008,9.483
1/29/2008,9.4487
1/30/2008,9.4399
1/31/2008,9.4725
2/1/2008,9.451
2/4/2008,9.41
2/5/2008,9.4074
2/6/2008,9.4288
2/7/2008,9.4403
2/8/2008,9.4125
2/11/2008,9.4202
2/12/2008,9.4163
2/13/2008,9.3493
2/14/2008,9.3288
2/15/2008,9.314
2/18/2008,9.3001
2/19/2008,9.3164
2/20/2008,9.3196
2/21/2008,9.3136
2/22/2008,9.304
2/25/2008,9.3154
2/26/2008,9.3005
2/27/2008,9.3356
2/28/2008,9.3686
2/29/2008,9.3948
3/3/2008,9.3655
3/4/2008,9.361
3/5/2008,9.3627
3/6/2008,9.3581
3/7/2008,9.3911
3/10/2008,9.3918
3/11/2008,9.3765
3/12/2008,9.3978
3/13/2008,9.451
3/14/2008,9.4361
3/17/2008,9.473
3/18/2008,9.455
3/19/2008,9.4241
3/20/2008,9.4121
3/25/2008,9.419
3/26/2008,9.3964
3/27/2008,9.3937
3/28/2008,9.3769
3/31/2008,9.397
4/1/2008,9.3945
4/2/2008,9.3697
4/3/2008,9.342
4/4/2008,9.368
4/7/2008,9.3687
4/8/2008,9.361
4/9/2008,9.3622
4/10/2008,9.386
4/11/2008,9.412
4/14/2008,9.406
4/15/2008,9.419
4/16/2008,9.4038
4/17/2008,9.3845
4/18/2008,9.394
4/21/2008,9.3805
4/22/2008,9.3605
4/23/2008,9.3185
4/24/2008,9.302
4/25/2008,9.338
4/28/2008,9.3514
4/29/2008,9.3578
4/30/2008,9.3575
5/2/2008,9.3555
5/5/2008,9.3485
5/6/2008,9.336
5/7/2008,9.2953
5/8/2008,9.302
5/9/2008,9.2904
5/12/2008,9.2873
5/13/2008,9.294
5/14/2008,9.3078
5/15/2008,9.322
5/16/2008,9.337
5/19/2008,9.2875
5/20/2008,9.279
5/21/2008,9.2993
5/22/2008,9.3045
5/23/2008,9.3024
5/26/2008,9.309
5/27/2008,9.2845
5/28/2008,9.322
5/29/2008,9.33
5/30/2008,9.328
6/2/2008,9.3454
6/3/2008,9.3408
6/4/2008,9.3448
6/5/2008,9.3118
6/6/2008,9.3338
6/9/2008,9.348
6/10/2008,9.3145
6/11/2008,9.3571
6/12/2008,9.3805
6/13/2008,9.365
6/16/2008,9.3458
6/17/2008,9.3581
6/18/2008,9.3838
6/19/2008,9.403
6/20/2008,9.398
6/23/2008,9.3931
6/24/2008,9.4026
6/25/2008,9.4128
6/26/2008,9.4162
6/27/2008,9.4263
6/30/2008,9.4703
7/1/2008,9.4578
7/2/2008,9.4538
7/3/2008,9.4538
7/4/2008,9.3935
7/7/2008,9.4065
7/8/2008,9.4185
7/9/2008,9.4484
7/10/2008,9.44
7/11/2008,9.4795
7/14/2008,9.4674
7/15/2008,9.4932
7/16/2008,9.5163
7/17/2008,9.4778
7/18/2008,9.4496
7/21/2008,9.4539
7/22/2008,9.4763
7/23/2008,9.47
7/24/2008,9.4665
7/25/2008,9.461
7/28/2008,9.4538
7/29/2008,9.45
7/30/2008,9.449
7/31/2008,9.4649
8/1/2008,9.4451
8/4/2008,9.456
8/5/2008,9.4622
8/6/2008,9.4458
8/7/2008,9.4127
8/8/2008,9.3945
8/11/2008,9.3977
8/12/2008,9.3889
8/13/2008,9.3771
8/14/2008,9.3838
8/15/2008,9.355
8/18/2008,9.3475
8/19/2008,9.36
8/20/2008,9.3895
8/21/2008,9.3825
8/22/2008,9.3777
8/25/2008,9.351
8/26/2008,9.3755
8/27/2008,9.3877
8/28/2008,9.438
8/29/2008,9.4381
9/1/2008,9.4608
9/2/2008,9.462
9/3/2008,9.4661
9/4/2008,9.4839
9/5/2008,9.4789
9/8/2008,9.4591
9/9/2008,9.4684
9/10/2008,9.5115
9/11/2008,9.5135
9/12/2008,9.5173
9/15/2008,9.5519
9/16/2008,9.6408
9/17/2008,9.6125
9/18/2008,9.5995
9/19/2008,9.5383
9/22/2008,9.536
9/23/2008,9.5924
9/24/2008,9.6435
9/25/2008,9.6829
9/26/2008,9.687
9/29/2008,9.7009
9/30/2008,9.7943
10/1/2008,9.7268
10/2/2008,9.7273
10/3/2008,9.7017
10/6/2008,9.766
10/7/2008,9.6586
10/8/2008,9.68
10/9/2008,9.6575
10/10/2008,9.651
10/13/2008,9.6689
10/14/2008,9.677
10/15/2008,9.8413
10/16/2008,10.0475
10/17/2008,10.0191
10/20/2008,9.919
10/21/2008,9.992
10/22/2008,10.1225
10/23/2008,10.0615
10/24/2008,9.9815
10/27/2008,10.096
10/28/2008,9.9473
10/29/2008,9.9045
10/30/2008,9.811
10/31/2008,9.906
11/3/2008,9.8512
11/4/2008,9.8978
11/5/2008,9.9369
11/6/2008,10.0075
11/7/2008,10.0545
11/10/2008,9.9747
11/11/2008,10.039
11/12/2008,10.1065
11/13/2008,10.118
11/14/2008,9.9948
11/17/2008,10.0126
11/18/2008,10.1845
11/19/2008,10.1375
11/20/2008,10.2395
11/21/2008,10.371
11/24/2008,10.4025
11/25/2008,10.3445
11/26/2008,10.3173
11/27/2008,10.2543
11/28/2008,10.3057
12/1/2008,10.3588
12/2/2008,10.534
12/3/2008,10.4545
12/4/2008,10.5315
12/5/2008,10.5788
12/8/2008,10.415
12/9/2008,10.5063
12/10/2008,10.567
12/11/2008,10.58
12/12/2008,10.6625
12/15/2008,10.865
12/16/2008,11.044
12/17/2008,11.0075
12/18/2008,11.0475
12/19/2008,10.8585
12/22/2008,10.8335
12/23/2008,10.9555
12/24/2008,11.2305
12/29/2008,10.9795
12/30/2008,10.95
12/31/2008,10.87
1/2/2009,10.8425
1/5/2009,10.7075
1/6/2009,10.5675
1/7/2009,10.5763
1/8/2009,10.712
1/9/2009,10.7215
1/12/2009,10.7605
1/13/2009,10.9242
1/14/2009,10.9475
1/15/2009,10.9925
1/16/2009,10.7665
1/19/2009,10.787
1/20/2009,10.8895
1/21/2009,10.768
1/22/2009,10.6905
1/23/2009,10.7058
1/26/2009,10.6
1/27/2009,10.5375
1/28/2009,10.6145
1/29/2009,10.5341
1/30/2009,10.609
2/2/2009,10.6765
2/3/2009,10.7506
2/4/2009,10.6693
2/5/2009,10.6265
2/6/2009,10.5655
2/9/2009,10.4375
2/10/2009,10.5205
2/11/2009,10.8175
2/12/2009,10.7945
2/13/2009,10.7455
2/16/2009,10.923
2/17/2009,10.978
2/18/2009,11.1088
2/19/2009,10.8987
2/20/2009,11.0728
2/23/2009,11.135
2/24/2009,11.3423
2/25/2009,11.306
2/26/2009,11.3175
2/27/2009,11.4524
3/2/2009,11.5755
3/3/2009,11.4853
3/4/2009,11.5175
3/5/2009,11.4825
3/6/2009,11.7135
3/9/2009,11.5655
3/10/2009,11.4625
3/11/2009,11.2475
3/12/2009,11.2122
3/13/2009,11.1025
3/16/2009,10.9869
3/17/2009,11.0265
3/18/2009,10.963
3/19/2009,10.8663
3/20/2009,11.056
3/23/2009,11.076
3/24/2009,10.9165
3/25/2009,10.9565
3/26/2009,10.8765
3/27/2009,10.8935
3/30/2009,10.9662
3/31/2009,10.94
4/1/2009,10.9303
4/2/2009,10.8215
4/3/2009,10.7751
4/6/2009,10.74
4/7/2009,10.878
4/8/2009,10.8975
4/9/2009,10.859
4/14/2009,10.846
4/15/2009,10.865
4/16/2009,10.934
4/17/2009,11.0405
4/20/2009,11.118
4/21/2009,11.176
4/22/2009,11.0375
4/23/2009,10.9158
4/24/2009,10.831
4/27/2009,10.7273
4/28/2009,10.7475
4/29/2009,10.7597
4/30/2009,10.6915
5/4/2009,10.6665
5/5/2009,10.5865
5/6/2009,10.616
5/7/2009,10.477
5/8/2009,10.512
5/11/2009,10.5205
5/12/2009,10.6218
5/13/2009,10.6525
5/14/2009,10.771
5/15/2009,10.6372
5/18/2009,10.6049
5/19/2009,10.4705
5/20/2009,10.4915
5/21/2009,10.4476
5/22/2009,10.48
5/25/2009,10.472
5/26/2009,10.5545
5/27/2009,10.654
5/28/2009,10.7353
5/29/2009,10.6678
6/1/2009,10.5965
6/2/2009,10.6375
6/3/2009,10.7766
6/4/2009,10.8115
6/5/2009,10.925
6/8/2009,10.8925
6/9/2009,10.7995
6/10/2009,10.7296
6/11/2009,10.8025
6/12/2009,10.7555
6/15/2009,10.8345
6/16/2009,10.8595
6/17/2009,10.8932
6/18/2009,10.966
6/19/2009,10.9725
6/22/2009,11.0785
6/23/2009,11.1025
6/24/2009,11.026
6/25/2009,11.0718
6/26/2009,10.9595
6/29/2009,10.8658
6/30/2009,10.8125
7/1/2009,10.72
7/2/2009,10.84
7/3/2009,10.9135
7/6/2009,10.9205
7/7/2009,10.965
7/8/2009,11.06
7/9/2009,10.9785
7/10/2009,11.0022
7/13/2009,11.0518
7/14/2009,10.9725
7/15/2009,10.9746
7/16/2009,11.0135
7/17/2009,11.0476
7/20/2009,11.0023
7/21/2009,10.8925
7/22/2009,10.8073
7/23/2009,10.7567
7/24/2009,10.5995
7/27/2009,10.5265
7/28/2009,10.585
7/29/2009,10.5849
7/30/2009,10.4515
7/31/2009,10.3358
8/3/2009,10.2983
8/4/2009,10.3043
8/5/2009,10.2683
8/6/2009,10.2707
8/7/2009,10.3008
8/10/2009,10.2129
8/11/2009,10.3486
8/12/2009,10.2656
8/13/2009,10.196
8/14/2009,10.1835
8/17/2009,10.288
8/18/2009,10.2375
8/19/2009,10.2585
8/20/2009,10.1977
8/21/2009,10.1432
8/24/2009,10.1046
8/25/2009,10.0895
8/26/2009,10.1445
8/27/2009,10.1615
8/28/2009,10.148
8/31/2009,10.2191
9/1/2009,10.22
9/2/2009,10.3186
9/3/2009,10.3138
9/4/2009,10.2844
9/7/2009,10.1955
9/8/2009,10.1867
9/9/2009,10.2308
9/10/2009,10.2425
9/11/2009,10.2128
9/14/2009,10.2627
9/15/2009,10.2438
9/16/2009,10.1396
9/17/2009,10.1134
9/18/2009,10.1125
9/21/2009,10.139
9/22/2009,10.094
9/23/2009,10.0778
9/24/2009,10.1105
9/25/2009,10.1538
9/28/2009,10.2295
9/29/2009,10.233
9/30/2009,10.232
10/1/2009,10.189
10/2/2009,10.249
10/5/2009,10.303
10/6/2009,10.257
10/7/2009,10.361
10/8/2009,10.3134
10/9/2009,10.2763
10/12/2009,10.2978
10/13/2009,10.339
10/14/2009,10.3029
10/15/2009,10.3355
10/16/2009,10.3907
10/19/2009,10.3978
10/20/2009,10.369
10/21/2009,10.3155
10/22/2009,10.3234
10/23/2009,10.2338
10/26/2009,10.2
10/27/2009,10.2595
10/28/2009,10.3912
10/29/2009,10.3359
10/30/2009,10.3845
11/2/2009,10.3936
11/3/2009,10.4635
11/4/2009,10.4384
11/5/2009,10.4402
11/6/2009,10.387
11/9/2009,10.3005
11/10/2009,10.285
11/11/2009,10.2233
11/12/2009,10.248
11/13/2009,10.2375
11/16/2009,10.1943
11/17/2009,10.222
11/18/2009,10.212
11/19/2009,10.2855
11/20/2009,10.3543
11/23/2009,10.2985
11/24/2009,10.3145
11/25/2009,10.357
11/26/2009,10.4548
11/27/2009,10.4323
11/30/2009,10.4533
12/1/2009,10.4185
12/2/2009,10.3413
12/3/2009,10.3159
12/4/2009,10.3716
12/7/2009,10.4306
12/8/2009,10.4841
12/9/2009,10.4995
12/10/2009,10.4367
12/11/2009,10.449
12/14/2009,10.4225
12/15/2009,10.4635
12/16/2009,10.4208
12/17/2009,10.438
12/18/2009,10.458
12/21/2009,10.4035
12/22/2009,10.4295
12/23/2009,10.4511
12/24/2009,10.4543
12/28/2009,10.3965
12/29/2009,10.355
12/30/2009,10.2953
12/31/2009,10.252
1/4/2010,10.193
1/5/2010,10.212
1/6/2010,10.187
1/7/2010,10.212
1/8/2010,10.2255
1/11/2010,10.1995
1/12/2010,10.2215
1/13/2010,10.1978
1/14/2010,10.1715
1/15/2010,10.143
1/18/2010,10.1295
1/19/2010,10.1518
1/20/2010,10.1165
1/21/2010,10.1375
1/22/2010,10.2136
1/25/2010,10.2075
1/26/2010,10.2723
1/27/2010,10.2446
1/28/2010,10.2021
1/29/2010,10.2388
2/1/2010,10.1417
2/2/2010,10.1229
2/3/2010,10.106
2/4/2010,10.133
2/5/2010,10.2405
2/8/2010,10.1616
2/9/2010,10.1217
2/10/2010,10.0335
2/11/2010,9.9598
2/12/2010,9.9144
2/15/2010,9.8805
2/16/2010,9.877
2/17/2010,9.8183
2/18/2010,9.7913
2/19/2010,9.846
2/22/2010,9.809
2/23/2010,9.7913
2/24/2010,9.785
2/25/2010,9.7496
2/26/2010,9.726
3/1/2010,9.7649
3/2/2010,9.7316
3/3/2010,9.7945
3/4/2010,9.743
3/5/2010,9.7178
3/8/2010,9.6794
3/9/2010,9.728
3/10/2010,9.718
3/11/2010,9.7285
3/12/2010,9.7288
3/15/2010,9.7143
3/16/2010,9.7242
3/17/2010,9.7403
3/18/2010,9.7243
3/19/2010,9.6775
3/22/2010,9.7585
3/23/2010,9.7285
3/24/2010,9.6922
3/25/2010,9.665
3/26/2010,9.7083
3/29/2010,9.776
3/30/2010,9.7803
3/31/2010,9.7135
4/1/2010,9.7288
4/6/2010,9.663
4/7/2010,9.6755
4/8/2010,9.6785
4/9/2010,9.6941
4/12/2010,9.746
4/13/2010,9.7575
4/14/2010,9.7327
4/15/2010,9.7069
4/16/2010,9.687
4/19/2010,9.698
4/20/2010,9.645
4/21/2010,9.5954
4/22/2010,9.6152
4/23/2010,9.591
4/26/2010,9.568
4/27/2010,9.577
4/28/2010,9.6258
4/29/2010,9.6267
4/30/2010,9.6217
5/3/2010,9.6095
5/4/2010,9.5896
5/5/2010,9.6419
5/6/2010,9.712
5/7/2010,9.7633
5/10/2010,9.6861
5/11/2010,9.6563
5/12/2010,9.5781
5/13/2010,9.5306
5/14/2010,9.5745
5/17/2010,9.6035
5/18/2010,9.5545
5/19/2010,9.6075
5/20/2010,9.7388
5/21/2010,9.831
5/24/2010,9.796
5/25/2010,9.8275
5/26/2010,9.699
5/27/2010,9.666
5/28/2010,9.658
5/31/2010,9.623
6/1/2010,9.6163
6/2/2010,9.5668
6/3/2010,9.521
6/4/2010,9.5495
6/7/2010,9.6449
6/8/2010,9.6597
6/9/2010,9.6177
6/10/2010,9.5775
6/11/2010,9.581
6/14/2010,9.567
6/15/2010,9.6215
6/16/2010,9.6014
6/17/2010,9.574
6/18/2010,9.5599
6/21/2010,9.5178
6/22/2010,9.558
6/23/2010,9.512
6/24/2010,9.5741
6/25/2010,9.561
6/28/2010,9.5584
6/29/2010,9.5241
6/30/2010,9.5259
7/1/2010,9.6018
7/2/2010,9.552
7/5/2010,9.5995
7/6/2010,9.625
7/7/2010,9.616
7/8/2010,9.5474
7/9/2010,9.4767
7/12/2010,9.456
7/13/2010,9.4033
7/14/2010,9.4118
7/15/2010,9.4162
7/16/2010,9.481
7/19/2010,9.5312
7/20/2010,9.5007
7/21/2010,9.4595
7/22/2010,9.4495
7/23/2010,9.441
7/26/2010,9.4862
7/27/2010,9.4615
7/28/2010,9.4795
7/29/2010,9.4705
7/30/2010,9.4333
8/2/2010,9.357
8/3/2010,9.365
8/4/2010,9.3843
8/5/2010,9.3823
8/6/2010,9.38
8/9/2010,9.394
8/10/2010,9.4029
8/11/2010,9.479
8/12/2010,9.478
8/13/2010,9.5021
8/16/2010,9.4943
8/17/2010,9.433
8/18/2010,9.4453
8/19/2010,9.4389
8/20/2010,9.4761
8/23/2010,9.394
8/24/2010,9.4165
8/25/2010,9.471
8/26/2010,9.4297
8/27/2010,9.3745
8/30/2010,9.3872
8/31/2010,9.389
9/1/2010,9.349
9/2/2010,9.3185
9/3/2010,9.3131
9/6/2010,9.3013
9/7/2010,9.3185
9/8/2010,9.271
9/9/2010,9.2488
9/10/2010,9.2019
9/13/2010,9.184
9/14/2010,9.226
9/15/2010,9.195
9/16/2010,9.218
9/17/2010,9.2295
9/20/2010,9.178
9/21/2010,9.1459
9/22/2010,9.1276
9/23/2010,9.2054
9/24/2010,9.207
9/27/2010,9.171
9/28/2010,9.224
9/29/2010,9.1545
9/30/2010,9.1421
10/1/2010,9.2183
10/4/2010,9.2398
10/5/2010,9.2626
10/6/2010,9.2993
10/7/2010,9.3208
10/8/2010,9.317
10/11/2010,9.2715
10/12/2010,9.246
10/13/2010,9.2662
10/14/2010,9.234
10/15/2010,9.223
10/18/2010,9.2871
10/19/2010,9.335
10/20/2010,9.3115
10/21/2010,9.2675
10/22/2010,9.2565
10/25/2010,9.199
10/26/2010,9.3028
10/27/2010,9.3317
10/28/2010,9.3164
10/29/2010,9.361
11/1/2010,9.2765
11/2/2010,9.323
11/3/2010,9.324
11/4/2010,9.255
11/5/2010,9.291
11/8/2010,9.294
11/9/2010,9.3083
11/10/2010,9.2975
11/11/2010,9.3102
11/12/2010,9.3582
11/15/2010,9.369
11/16/2010,9.3753
11/17/2010,9.398
11/18/2010,9.3573
11/19/2010,9.3945
11/22/2010,9.3855
11/23/2010,9.3865
11/24/2010,9.2923
11/25/2010,9.2705
11/26/2010,9.307
11/29/2010,9.2205
11/30/2010,9.1715
12/1/2010,9.154
12/2/2010,9.1531
12/3/2010,9.1265
12/6/2010,9.1115
12/7/2010,9.098
12/8/2010,9.1484
12/9/2010,9.131
12/10/2010,9.1077
12/13/2010,9.1464
12/14/2010,9.1284
12/15/2010,9.0798
12/16/2010,9.0381
12/17/2010,9.0223
12/20/2010,8.986
12/21/2010,8.9795
12/22/2010,8.9812
12/23/2010,8.963
12/24/2010,8.9885
12/27/2010,8.9771
12/28/2010,8.9968
12/29/2010,8.9885
12/30/2010,9.0133
12/31/2010,8.9655
1/3/2011,8.937
1/4/2011,8.9545
1/5/2011,8.9295
1/6/2011,8.921
1/7/2011,8.9378
1/10/2011,8.9205
1/11/2011,8.874
1/12/2011,8.8435
1/13/2011,8.9005
1/14/2011,8.9765
1/17/2011,8.916
1/18/2011,8.9203
1/19/2011,8.9325
1/20/2011,8.949
1/21/2011,8.959
1/24/2011,8.953
1/25/2011,8.9074
1/26/2011,8.8585
1/27/2011,8.8452
1/28/2011,8.853
1/31/2011,8.867
2/1/2011,8.805
2/2/2011,8.8615
2/3/2011,8.88
2/4/2011,8.8185
2/7/2011,8.805
2/8/2011,8.7715
2/9/2011,8.7885
2/10/2011,8.8234
2/11/2011,8.8022
2/14/2011,8.7562
2/15/2011,8.7255
2/16/2011,8.7325
2/17/2011,8.743
2/18/2011,8.7328
2/21/2011,8.762
2/22/2011,8.787
2/23/2011,8.7935
2/24/2011,8.7985
2/25/2011,8.832
2/28/2011,8.7445
3/1/2011,8.709
3/2/2011,8.733
3/3/2011,8.7576
3/4/2011,8.835
3/7/2011,8.8755
3/8/2011,8.847
3/9/2011,8.8055
3/10/2011,8.8115
3/11/2011,8.813
3/14/2011,8.8405
3/15/2011,8.979
3/16/2011,8.973
3/17/2011,8.9905
3/18/2011,8.9065
3/21/2011,8.9006
3/22/2011,8.932
3/23/2011,8.931
3/24/2011,8.9455
3/25/2011,8.9922
3/28/2011,8.9729
3/29/2011,8.985
3/30/2011,8.9185
3/31/2011,8.9329
4/1/2011,8.9382
4/4/2011,8.988
4/5/2011,8.9895
4/6/2011,9.0124
4/7/2011,9.0455
4/8/2011,8.9895
4/11/2011,9.0125
4/12/2011,9.0822
4/13/2011,9.03
4/14/2011,9.0293
4/15/2011,8.966
4/18/2011,8.9352
4/19/2011,8.921
4/20/2011,8.9011
4/21/2011,8.8885
4/26/2011,8.9257
4/27/2011,8.9364
4/28/2011,8.928
4/29/2011,8.914
5/2/2011,8.9267
5/3/2011,8.9581
5/4/2011,9.0105
5/5/2011,9.0682
5/6/2011,9.0215
5/9/2011,8.9791
5/10/2011,8.9565
5/11/2011,8.946
5/12/2011,8.9566
5/13/2011,8.9951
5/16/2011,9.009
5/17/2011,9.0015
5/18/2011,8.984
5/19/2011,8.964
5/20/2011,8.9324
5/23/2011,8.9155
5/24/2011,8.92
5/25/2011,8.915
5/26/2011,8.901
5/27/2011,8.9108
5/30/2011,8.8914
5/31/2011,8.8932
6/1/2011,8.889
6/2/2011,8.9607
6/3/2011,8.997
6/6/2011,8.9965
6/7/2011,9.0082
6/8/2011,9.0442
6/9/2011,9.0605
6/10/2011,9.0885
6/13/2011,9.1244
6/14/2011,9.1183
6/15/2011,9.1482
6/16/2011,9.2034
6/17/2011,9.1887
6/20/2011,9.1708
6/21/2011,9.1564
6/22/2011,9.155
6/23/2011,9.165
6/24/2011,9.1802
6/27/2011,9.1929
6/28/2011,9.2475
6/29/2011,9.2047
6/30/2011,9.1739
7/1/2011,9.128
7/4/2011,9.0992
7/5/2011,9.0806
7/6/2011,9.0902
7/7/2011,9.095
7/8/2011,9.0838
7/11/2011,9.172
7/12/2011,9.209
7/13/2011,9.2264
7/14/2011,9.1975
7/15/2011,9.2121
7/18/2011,9.2534
7/19/2011,9.23
7/20/2011,9.1713
7/21/2011,9.1008
7/22/2011,9.0787
7/25/2011,9.1083
7/26/2011,9.0728
7/27/2011,9.0632
7/28/2011,9.0735
7/29/2011,9.0689
8/1/2011,9.007
8/2/2011,9.013
8/3/2011,9.0875
8/4/2011,9.1494
8/5/2011,9.207
8/8/2011,9.2259
8/9/2011,9.2127
8/10/2011,9.2323
8/11/2011,9.2947
8/12/2011,9.2376
8/15/2011,9.285
8/16/2011,9.2498
8/17/2011,9.1685
8/18/2011,9.159
8/19/2011,9.2204
8/22/2011,9.1403
8/23/2011,9.1046
8/24/2011,9.1234
8/25/2011,9.1099
8/26/2011,9.1082
8/29/2011,9.1157
8/30/2011,9.19
8/31/2011,9.164
9/1/2011,9.096
9/2/2011,9.1237
9/5/2011,9.0975
9/6/2011,9.0888
9/7/2011,8.9729
9/8/2011,8.9556
9/9/2011,8.8945
9/12/2011,8.9905
9/13/2011,9.126
9/14/2011,9.172
9/15/2011,9.194
9/16/2011,9.161
9/19/2011,9.1684
9/20/2011,9.1198
9/21/2011,9.117
9/22/2011,9.2762
9/23/2011,9.3127
9/26/2011,9.2475
9/27/2011,9.1774
9/28/2011,9.193
9/29/2011,9.2116
9/30/2011,9.258
10/3/2011,9.1592
10/4/2011,9.1628
10/5/2011,9.119
10/6/2011,9.165
10/7/2011,9.133
10/10/2011,9.1249
10/11/2011,9.1202
10/12/2011,9.1171
10/13/2011,9.1374
10/14/2011,9.1395
10/17/2011,9.1582
10/18/2011,9.1589
10/19/2011,9.1245
10/20/2011,9.0978
10/21/2011,9.1031
10/24/2011,9.1065
10/25/2011,9.111
10/26/2011,9.0967
10/27/2011,9.028
10/28/2011,9.0182
10/31/2011,9.009
11/1/2011,9.0625
11/2/2011,9.073
11/3/2011,9.0272
11/4/2011,9.1113
11/7/2011,9.0845
11/8/2011,9.0355
11/9/2011,9.0753
11/10/2011,9.0643
11/11/2011,9.0935
11/14/2011,9.1146
11/15/2011,9.1238
11/16/2011,9.1313
11/17/2011,9.1747
11/18/2011,9.1606
11/21/2011,9.1795
11/22/2011,9.2035
11/23/2011,9.2157
11/24/2011,9.244
11/25/2011,9.2505
11/28/2011,9.2597
11/29/2011,9.2195
11/30/2011,9.146
12/1/2011,9.1258
12/2/2011,9.0834
12/5/2011,9.046
12/6/2011,9.0552
12/7/2011,9.0149
12/8/2011,9.014
12/9/2011,9.0185
12/12/2011,9.0525
12/13/2011,9.0605
12/14/2011,9.0852
12/15/2011,9.0708
12/16/2011,9.0337
12/19/2011,8.9898
12/20/2011,8.978
12/21/2011,9.0021
12/22/2011,8.9952
12/23/2011,8.9648
12/27/2011,8.9735
12/28/2011,8.9685
12/29/2011,8.9414
12/30/2011,8.912
1/2/2012,8.9275
1/3/2012,8.9283
1/4/2012,8.8985
1/5/2012,8.8461
1/6/2012,8.8388
1/9/2012,8.8343
1/10/2012,8.812
1/11/2012,8.8087
1/12/2012,8.8515
1/13/2012,8.8892
1/16/2012,8.8748
1/17/2012,8.8376
1/18/2012,8.8236
1/19/2012,8.7605
1/20/2012,8.7804
1/23/2012,8.7791
1/24/2012,8.794
1/25/2012,8.8506
1/26/2012,8.8775
1/27/2012,8.8966
1/30/2012,8.8996
1/31/2012,8.8967
2/1/2012,8.8896
2/2/2012,8.8565
2/3/2012,8.848
2/6/2012,8.8025
2/7/2012,8.8215
2/8/2012,8.8285
2/9/2012,8.8045
2/10/2012,8.8065
2/13/2012,8.8098
2/14/2012,8.7814
2/15/2012,8.7861
2/16/2012,8.8065
2/17/2012,8.8316
2/20/2012,8.811
2/21/2012,8.8107
2/22/2012,8.808
2/23/2012,8.8175
2/24/2012,8.8225
2/27/2012,8.8334
2/28/2012,8.8275
2/29/2012,8.8088
3/1/2012,8.8135
3/2/2012,8.8316
3/5/2012,8.8382
3/6/2012,8.8906
3/7/2012,8.924
3/8/2012,8.8894
3/9/2012,8.9075
3/12/2012,8.9312
3/13/2012,8.8889
3/14/2012,8.883
3/15/2012,8.916
3/16/2012,8.856
3/19/2012,8.877
3/20/2012,8.912
3/21/2012,8.9185
3/22/2012,8.9265
3/23/2012,8.924
3/26/2012,8.9277
3/27/2012,8.8935
3/28/2012,8.88
3/29/2012,8.845
3/30/2012,8.8455
4/2/2012,8.8052
4/3/2012,8.7938
4/4/2012,8.8185
4/5/2012,8.8134
4/10/2012,8.873
4/11/2012,8.907
4/12/2012,8.8912
4/13/2012,8.8945
4/16/2012,8.8822
4/17/2012,8.8822
4/18/2012,8.85
4/19/2012,8.8416
4/20/2012,8.8396
4/23/2012,8.8618
4/24/2012,8.888
4/25/2012,8.8958
4/26/2012,8.876
4/27/2012,8.9024
4/30/2012,8.9185
5/2/2012,8.8884
5/3/2012,8.8713
5/4/2012,8.9041
5/7/2012,8.9105
5/8/2012,8.8885
5/9/2012,8.9097
5/10/2012,8.9448
5/11/2012,8.984
5/14/2012,9.002
5/15/2012,9.0437
5/16/2012,9.097
5/17/2012,9.1356
5/18/2012,9.0996
5/21/2012,9.1191
5/22/2012,9.089
5/23/2012,9.0605
5/24/2012,8.976
5/25/2012,8.993
5/28/2012,8.9982
5/29/2012,8.9865
5/30/2012,8.9555
5/31/2012,8.9752
6/1/2012,8.9947
6/4/2012,9.007
6/5/2012,8.969
6/6/2012,9.0165
6/7/2012,8.9664
6/8/2012,8.9781
6/11/2012,8.864
6/12/2012,8.864
6/13/2012,8.832
6/14/2012,8.8373
6/15/2012,8.8353
6/18/2012,8.8412
6/19/2012,8.8398
6/20/2012,8.8434
6/21/2012,8.836
6/22/2012,8.8008
6/25/2012,8.8165
6/26/2012,8.8204
6/27/2012,8.8242
6/28/2012,8.8009
6/29/2012,8.7728
7/2/2012,8.744
7/3/2012,8.7305
7/4/2012,8.6876
7/5/2012,8.6177
7/6/2012,8.6576
7/9/2012,8.6225
7/10/2012,8.5734
7/11/2012,8.5384
7/12/2012,8.5808
7/13/2012,8.5746
7/16/2012,8.6185
7/17/2012,8.6046
7/18/2012,8.4927
7/19/2012,8.5045
7/20/2012,8.454
7/23/2012,8.4508
7/24/2012,8.4215
7/25/2012,8.4592
7/26/2012,8.4505
7/27/2012,8.5008
7/30/2012,8.3488
7/31/2012,8.359
8/1/2012,8.3189
8/2/2012,8.334
8/3/2012,8.2797
8/6/2012,8.3401
8/7/2012,8.322
8/8/2012,8.277
8/9/2012,8.2669
8/10/2012,8.2077
8/13/2012,8.2312
8/14/2012,8.2483
8/15/2012,8.225
8/16/2012,8.2347
8/17/2012,8.2766
8/20/2012,8.2339
8/21/2012,8.2595
8/22/2012,8.3412
8/23/2012,8.3087
8/24/2012,8.2441
8/27/2012,8.2397
8/28/2012,8.2405
8/29/2012,8.3375
8/30/2012,8.3478
8/31/2012,8.3362
9/3/2012,8.4161
9/4/2012,8.4075
9/5/2012,8.4415
9/6/2012,8.5026
9/7/2012,8.4865
9/10/2012,8.4935
9/11/2012,8.4773
9/12/2012,8.4735
9/13/2012,8.5088
9/14/2012,8.5884
9/17/2012,8.6243
9/18/2012,8.5685
9/19/2012,8.5214
9/20/2012,8.4885
9/21/2012,8.4956
9/24/2012,8.4928
9/25/2012,8.4725
9/26/2012,8.4998
9/27/2012,8.45
9/28/2012,8.4498
10/1/2012,8.4731
10/2/2012,8.5326
10/3/2012,8.609
10/4/2012,8.6099
10/5/2012,8.5728
10/8/2012,8.6057
10/9/2012,8.6117
10/10/2012,8.6068
10/11/2012,8.6627
10/12/2012,8.683
10/15/2012,8.6591
10/16/2012,8.6274
10/17/2012,8.6587
10/18/2012,8.5843
10/19/2012,8.5717
10/22/2012,8.5924
10/23/2012,8.6174
10/24/2012,8.6558
10/25/2012,8.6883
10/26/2012,8.673
10/29/2012,8.6219
10/30/2012,8.6155
10/31/2012,8.6
11/1/2012,8.6398
11/2/2012,8.5955
11/5/2012,8.569
11/6/2012,8.5721
11/7/2012,8.5547
11/8/2012,8.5105
11/9/2012,8.5745
11/12/2012,8.5809
11/13/2012,8.6077
11/14/2012,8.626
11/15/2012,8.648
11/16/2012,8.6493
11/19/2012,8.6419
11/20/2012,8.6463
11/21/2012,8.622
11/22/2012,8.6065
11/23/2012,8.5879
11/26/2012,8.5763
11/27/2012,8.642
11/28/2012,8.6174
11/29/2012,8.6371
11/30/2012,8.6625
12/3/2012,8.6558
12/4/2012,8.6265
12/5/2012,8.651
12/6/2012,8.6294
12/7/2012,8.618
12/10/2012,8.6336
12/11/2012,8.6449
12/12/2012,8.6275
12/13/2012,8.7215
12/14/2012,8.7743
12/17/2012,8.754
12/18/2012,8.7378
12/19/2012,8.6662
12/20/2012,8.6349
12/21/2012,8.5945
12/24/2012,8.6323
12/27/2012,8.6273
12/28/2012,8.5615
12/31/2012,8.582
1/2/2013,8.5704
1/3/2013,8.5398
1/4/2013,8.531
1/7/2013,8.5144
1/8/2013,8.5766
1/9/2013,8.5954
1/10/2013,8.5666
1/11/2013,8.6248
1/14/2013,8.6178
1/15/2013,8.6338
1/16/2013,8.6341
1/17/2013,8.643
1/18/2013,8.6642
1/21/2013,8.6936
1/22/2013,8.6909
1/23/2013,8.6909
1/24/2013,8.6879
1/25/2013,8.6889
1/28/2013,8.6583
1/29/2013,8.611
1/30/2013,8.6117
1/31/2013,8.6325
2/1/2013,8.6022
2/4/2013,8.5823
2/5/2013,8.5632
2/6/2013,8.5895
2/7/2013,8.6339
2/8/2013,8.595
2/11/2013,8.5754
2/12/2013,8.5701
2/13/2013,8.4768
2/14/2013,8.4492
2/15/2013,8.4557
2/18/2013,8.4598
2/19/2013,8.4483
2/20/2013,8.4297
2/21/2013,8.4615
2/22/2013,8.4572
2/25/2013,8.474
2/26/2013,8.4594
2/27/2013,8.4352
2/28/2013,8.4475
3/1/2013,8.366
3/4/2013,8.3801
3/5/2013,8.3384
3/6/2013,8.3159
3/7/2013,8.294
3/8/2013,8.3239
3/11/2013,8.326
3/12/2013,8.3182
3/13/2013,8.2931
3/14/2013,8.3784
3/15/2013,8.3515
3/18/2013,8.337
3/19/2013,8.3421
3/20/2013,8.3374
3/21/2013,8.3654
3/22/2013,8.4232
3/25/2013,8.4361
3/26/2013,8.3561
3/27/2013,8.302
3/28/2013,8.3553
4/2/2013,8.311
4/3/2013,8.3258
4/4/2013,8.4064
4/5/2013,8.3984
4/8/2013,8.3591
4/9/2013,8.3765
4/10/2013,8.3353
4/11/2013,8.3138
4/12/2013,8.3373
4/15/2013,8.3704
4/16/2013,8.3823
4/17/2013,8.4727
4/18/2013,8.5008
4/19/2013,8.511
4/22/2013,8.5139
4/23/2013,8.5926
4/24/2013,8.5885
4/25/2013,8.5961
4/26/2013,8.5579
4/29/2013,8.5503
4/30/2013,8.542
5/2/2013,8.5503
5/3/2013,8.5307
5/6/2013,8.5543
5/7/2013,8.5287
5/8/2013,8.5402
5/9/2013,8.5395
5/10/2013,8.5511
5/13/2013,8.5702
5/14/2013,8.6333
5/15/2013,8.596
5/16/2013,8.5893
5/17/2013,8.5922
5/20/2013,8.5754
5/21/2013,8.56
5/22/2013,8.5451
5/23/2013,8.5943
5/24/2013,8.598
5/27/2013,8.5964
5/28/2013,8.5874
5/29/2013,8.6082
5/30/2013,8.572
5/31/2013,8.5828
6/3/2013,8.5723
6/4/2013,8.5704
6/5/2013,8.6255
6/6/2013,8.6072
6/7/2013,8.6912
6/10/2013,8.7144
6/11/2013,8.7454
6/12/2013,8.6808
6/13/2013,8.6765
6/14/2013,8.6096
6/17/2013,8.6122
6/18/2013,8.6753
6/19/2013,8.575
6/20/2013,8.6724
6/21/2013,8.6927
6/24/2013,8.8884
6/25/2013,8.7683
6/26/2013,8.7615
6/27/2013,8.756
6/28/2013,8.7773
7/1/2013,8.6958
7/2/2013,8.7008
7/3/2013,8.7083
7/4/2013,8.708
7/5/2013,8.6562
7/8/2013,8.7898
7/9/2013,8.7194
7/10/2013,8.6767
7/11/2013,8.7055
7/12/2013,8.705
7/15/2013,8.7359
7/16/2013,8.6974
7/17/2013,8.6295
7/18/2013,8.6212
7/19/2013,8.5933
7/22/2013,8.5577
7/23/2013,8.5525
7/24/2013,8.5521
7/25/2013,8.6085
7/26/2013,8.6118
7/29/2013,8.5812
7/30/2013,8.6818
7/31/2013,8.7128
8/1/2013,8.6914
8/2/2013,8.7714
8/5/2013,8.7618
8/6/2013,8.7112
8/7/2013,8.7261
8/8/2013,8.6828
8/9/2013,8.6747
8/12/2013,8.6792
8/13/2013,8.6624
8/14/2013,8.6393
8/15/2013,8.6455
8/16/2013,8.707
8/19/2013,8.712
8/20/2013,8.7061
8/21/2013,8.7277
8/22/2013,8.689
8/23/2013,8.714
8/26/2013,8.7281
8/27/2013,8.6894
8/28/2013,8.6875
8/29/2013,8.7178
8/30/2013,8.7503
9/2/2013,8.7222
9/3/2013,8.7031
9/4/2013,8.7165
9/5/2013,8.7751
9/6/2013,8.7248
9/9/2013,8.7492
9/10/2013,8.6887
9/11/2013,8.6717
9/12/2013,8.6924
9/13/2013,8.7048
9/16/2013,8.6943
9/17/2013,8.6352
9/18/2013,8.6263
9/19/2013,8.5702
9/20/2013,8.5969
9/23/2013,8.6007
9/24/2013,8.6315
9/25/2013,8.6881
9/26/2013,8.6554
9/27/2013,8.6863
9/30/2013,8.6575
10/1/2013,8.6329
10/2/2013,8.655
10/3/2013,8.6214
10/4/2013,8.6732
10/7/2013,8.7425
10/8/2013,8.7023
10/9/2013,8.7445
10/10/2013,8.8217
10/11/2013,8.7659
10/14/2013,8.7988
10/15/2013,8.7617
10/16/2013,8.8116
10/17/2013,8.7781
10/18/2013,8.7686
10/21/2013,8.785
10/22/2013,8.7626
10/23/2013,8.7756
10/24/2013,8.7626
10/25/2013,8.7351
10/28/2013,8.7464
10/29/2013,8.7695
10/30/2013,8.782
10/31/2013,8.8052
11/1/2013,8.8055
11/4/2013,8.7722
11/5/2013,8.794
11/6/2013,8.7874
11/7/2013,8.711
11/8/2013,8.8375
11/11/2013,8.7967
11/12/2013,8.9103
11/13/2013,8.9928
11/14/2013,8.974
11/15/2013,8.9438
11/18/2013,8.9156
11/19/2013,8.9613
11/20/2013,8.9195
11/21/2013,8.9353
11/22/2013,8.8948
11/25/2013,8.8915
11/26/2013,8.8942
11/27/2013,8.91
11/28/2013,8.9301
11/29/2013,8.9075
12/2/2013,8.8904
12/3/2013,8.8677
12/4/2013,8.8382
12/5/2013,8.8631
12/6/2013,8.9261
12/9/2013,8.9554
12/10/2013,8.9897
12/11/2013,9.0124
12/12/2013,9.0604
12/13/2013,9.0351
12/16/2013,9.0266
12/17/2013,9.0412
12/18/2013,8.9892
12/19/2013,8.9539
12/20/2013,8.9905
12/23/2013,8.9873
12/24/2013,9.0015
12/27/2013,8.9785
12/30/2013,8.9283
12/31/2013,8.8591
1/2/2014,8.8832
1/3/2014,8.8561
1/6/2014,8.8687
1/7/2014,8.8573
1/8/2014,8.8964
1/9/2014,8.926
1/10/2014,8.882
1/13/2014,8.8713
1/14/2014,8.8198
1/15/2014,8.7955
1/16/2014,8.8174
1/17/2014,8.7937
1/20/2014,8.783
1/21/2014,8.8071
1/22/2014,8.7958
1/23/2014,8.7661
1/24/2014,8.8197
1/27/2014,8.8057
1/28/2014,8.8158
1/29/2014,8.8005
1/30/2014,8.8347
1/31/2014,8.8509
2/3/2014,8.8318
2/4/2014,8.8231
2/5/2014,8.829
2/6/2014,8.7883
2/7/2014,8.8595
2/10/2014,8.8457
2/11/2014,8.82
2/12/2014,8.7718
2/13/2014,8.8106
2/14/2014,8.8486
2/17/2014,8.8286
2/18/2014,8.922
2/19/2014,8.9382
2/20/2014,8.9606
2/21/2014,8.9953
2/24/2014,8.9372
2/25/2014,8.9313
2/26/2014,8.9287
2/27/2014,8.9184
2/28/2014,8.8525
3/3/2014,8.8652
3/4/2014,8.8603
3/5/2014,8.8519
3/6/2014,8.83
3/7/2014,8.859
3/10/2014,8.8735
3/11/2014,8.8287
3/12/2014,8.8619
3/13/2014,8.8495
3/14/2014,8.8676
3/17/2014,8.8604
3/18/2014,8.8226
3/19/2014,8.8339
3/20/2014,8.8576
3/21/2014,8.8541
3/24/2014,8.8624
3/25/2014,8.8576
3/26/2014,8.9032
3/27/2014,8.9191
3/28/2014,8.9312
3/31/2014,8.9483
4/1/2014,8.9002
4/2/2014,8.9049
4/3/2014,8.9554
4/4/2014,8.9598
4/7/2014,8.9733
4/8/2014,8.9653
4/9/2014,8.9953
4/10/2014,9.0518
4/11/2014,9.0754
4/14/2014,9.0688
4/15/2014,9.0902
4/16/2014,9.092
4/17/2014,9.1091
4/22/2014,9.0925
4/23/2014,9.0829
4/24/2014,9.069
4/25/2014,9.0927
4/28/2014,9.052
4/29/2014,9.0555
4/30/2014,9.0723
5/2/2014,9.0246
5/5/2014,9.0844
5/6/2014,9.0666
5/7/2014,9.0497
5/8/2014,9.0439
5/9/2014,9.0189
5/12/2014,9.0155
5/13/2014,8.991
5/14/2014,8.999
5/15/2014,8.974
5/16/2014,9.0122
5/19/2014,9.0461
5/20/2014,9.0294
5/21/2014,9.0008
5/22/2014,8.9944
5/23/2014,9.06
5/26/2014,9.0371
5/27/2014,9.0393
5/28/2014,9.032
5/29/2014,9.0255
5/30/2014,9.0823
6/2/2014,9.1027
6/3/2014,9.1044
6/4/2014,9.074
6/5/2014,9.0285
6/6/2014,9.0674
6/9/2014,9.0795
6/10/2014,9.0686
6/11/2014,9.0467
6/12/2014,9.0637
6/13/2014,9.0232
6/16/2014,9.0005
6/17/2014,9.0058
6/18/2014,9.007
6/19/2014,9.0885
6/20/2014,9.149
6/23/2014,9.1283
6/24/2014,9.1516
6/25/2014,9.1734
6/26/2014,9.1841
6/27/2014,9.1962
6/30/2014,9.1762
7/1/2014,9.16
7/2/2014,9.1574
7/3/2014,9.3286
7/4/2014,9.3129
7/7/2014,9.3098
7/8/2014,9.2977
7/9/2014,9.2585
7/10/2014,9.2168
7/11/2014,9.2176
7/14/2014,9.2482
7/15/2014,9.2564
7/16/2014,9.2495
7/17/2014,9.247
7/18/2014,9.2282
7/21/2014,9.2592
7/22/2014,9.2414
7/23/2014,9.2016
7/24/2014,9.2102
7/25/2014,9.1661
7/28/2014,9.1523
7/29/2014,9.1801
7/30/2014,9.2272
7/31/2014,9.2261
8/1/2014,9.2205
8/4/2014,9.2563
8/5/2014,9.2066
8/6/2014,9.2454
8/7/2014,9.2334
8/8/2014,9.244
8/11/2014,9.1941
8/12/2014,9.1817
8/13/2014,9.1884
8/14/2014,9.1842
8/15/2014,9.1542
8/18/2014,9.1633
8/19/2014,9.1529
8/20/2014,9.1651
8/21/2014,9.1695
8/22/2014,9.1532
8/25/2014,9.1489
8/26/2014,9.1563
8/27/2014,9.1608
8/28/2014,9.199
8/29/2014,9.1658
9/1/2014,9.1921
9/2/2014,9.2018
9/3/2014,9.1969
9/4/2014,9.157
9/5/2014,9.1813
9/8/2014,9.1732
9/9/2014,9.1708
9/10/2014,9.1819
9/11/2014,9.1945
9/12/2014,9.2308
9/15/2014,9.2329
9/16/2014,9.2376
9/17/2014,9.2634
9/18/2014,9.1928
9/19/2014,9.165
9/22/2014,9.1715
9/23/2014,9.1725
9/24/2014,9.1825
9/25/2014,9.1836
9/26/2014,9.2132
9/29/2014,9.2018
9/30/2014,9.1465
10/1/2014,9.0932
10/2/2014,9.0894
10/3/2014,9.1122
10/6/2014,9.0773
10/7/2014,9.0668
10/8/2014,9.1322
10/9/2014,9.1262
10/10/2014,9.1506
10/13/2014,9.1103
10/14/2014,9.1585
10/15/2014,9.2003
10/16/2014,9.1931
10/17/2014,9.1532
10/20/2014,9.1969
10/21/2014,9.2004
10/22/2014,9.2118
10/23/2014,9.1869
10/24/2014,9.1881
10/27/2014,9.2568
10/28/2014,9.363
10/29/2014,9.3294
10/30/2014,9.271
10/31/2014,9.2664
11/3/2014,9.23
11/4/2014,9.2623
11/5/2014,9.2164
11/6/2014,9.2027
11/7/2014,9.2125
11/10/2014,9.2074
11/11/2014,9.1908
11/12/2014,9.2283
11/13/2014,9.2442
11/14/2014,9.2376
11/17/2014,9.2449
11/18/2014,9.2388
11/19/2014,9.2598
11/20/2014,9.279
11/21/2014,9.2295
11/24/2014,9.2396
11/25/2014,9.2662
11/26/2014,9.2514
11/27/2014,9.2613
11/28/2014,9.266
12/1/2014,9.2562
12/2/2014,9.2795
12/3/2014,9.2713
12/4/2014,9.2747
12/5/2014,9.299
12/8/2014,9.3058
12/9/2014,9.3004
12/10/2014,9.3276
12/11/2014,9.3575
12/12/2014,9.37
12/15/2014,9.4096
12/16/2014,9.551
12/17/2014,9.5019
12/18/2014,9.4361
12/19/2014,9.4624
12/22/2014,9.5536
12/23/2014,9.5031
12/24/2014,9.54
12/29/2014,9.6234
12/30/2014,9.4746
12/31/2014,9.393
1/2/2015,9.4702
1/5/2015,9.4882
1/6/2015,9.4208
1/7/2015,9.3989
1/8/2015,9.434
1/9/2015,9.4883
1/12/2015,9.541
1/13/2015,9.4564
1/14/2015,9.5011
1/15/2015,9.4611
1/16/2015,9.4085
1/19/2015,9.4076
1/20/2015,9.4297
1/21/2015,9.4238
1/22/2015,9.4405
1/23/2015,9.3327
1/26/2015,9.3628
1/27/2015,9.3089
1/28/2015,9.2895
1/29/2015,9.3245
1/30/2015,9.3612
2/2/2015,9.3672
2/3/2015,9.4118
2/4/2015,9.4281
2/5/2015,9.4579
2/6/2015,9.4565
2/9/2015,9.4685
2/10/2015,9.4264
2/11/2015,9.4585
2/12/2015,9.6298
2/13/2015,9.5887
2/16/2015,9.5838
2/17/2015,9.5235
2/18/2015,9.5489
2/19/2015,9.5713
2/20/2015,9.5213
2/23/2015,9.5656
2/24/2015,9.5199
2/25/2015,9.491
2/26/2015,9.4146
2/27/2015,9.3693
3/2/2015,9.3436
3/3/2015,9.2765
3/4/2015,9.2379
3/5/2015,9.214
3/6/2015,9.1893
3/9/2015,9.1865
3/10/2015,9.1849
3/11/2015,9.1204
3/12/2015,9.1141
3/13/2015,9.1518
3/16/2015,9.1532
3/17/2015,9.1769
3/18/2015,9.3325
3/19/2015,9.2797
3/20/2015,9.3006
3/23/2015,9.2804
3/24/2015,9.2889
3/25/2015,9.3026
3/26/2015,9.325
3/27/2015,9.3178
3/30/2015,9.3207
3/31/2015,9.2901
4/1/2015,9.2541
4/2/2015,9.3445
4/7/2015,9.374
4/8/2015,9.3595
4/9/2015,9.3421
4/10/2015,9.3331
4/13/2015,9.3309
4/14/2015,9.3235
4/15/2015,9.3115
4/16/2015,9.2606
4/17/2015,9.2921
4/20/2015,9.3018
4/21/2015,9.2863
4/22/2015,9.2985
4/23/2015,9.379
4/24/2015,9.3816
4/27/2015,9.3562
4/28/2015,9.3808
4/29/2015,9.2723
4/30/2015,9.3261
